Player,Nation,Squad,Comp,Age,90s,Tkl,TklW,Def 3rd,Mid 3rd,Att 3rd,Tkl,Att,Tkl%,Lost,Blocks,Sh,Pass,Int,Tkl+Int,Clr,Err,Position 1,Position 2
Max Aarons,ENG,Bournemouth,eng Premier League,23 years,13.7,29.0,19,20,7,2,20.0,34,58.8,14,9,5,4,8,37,27,0,Defender,
Brenden Aaronson,USA,Union Berlin,de Bundesliga,22 years,14.1,32.0,18,13,13,6,16.0,32,50.0,16,26,1,25,2,34,4,0,Midfielder,Forward
Paxten Aaronson,USA,Eintracht Frankfurt,de Bundesliga,19 years,1.1,2.0,2,1,1,0,1.0,1,100.0,0,2,0,2,0,2,0,0,Midfielder,
Keyliane Abdallah,FRA,Marseille,fr Ligue 1,17 years,0.0,0.0,0,0,0,0,0.0,0,,0,0,0,0,0,0,0,0,Forward,
Yunis Abdelhamid,MAR,Reims,fr Ligue 1,35 years,30.9,64.0,35,36,23,5,26.0,45,57.8,19,51,32,19,39,103,109,2,Defender,
Salis Abdul Samed,GHA,Lens,fr Ligue 1,23 years,16.9,21.0,14,8,10,3,8.0,18,44.4,10,12,1,11,12,33,18,0,Midfielder,
Nabil Aberdin,FRA,Getafe,es La Liga,20 years,2.0,0.0,0,0,0,0,0.0,1,0.0,1,0,0,0,0,0,4,0,Defender,
Laurent Abergel,FRA,Lorient,fr Ligue 1,30 years,31.8,85.0,52,43,34,8,38.0,96,39.6,58,29,6,23,61,146,61,3,Midfielder,
Matthis Abline,FRA,Nantes,fr Ligue 1,20 years,11.6,9.0,4,4,3,2,3.0,8,37.5,5,3,0,3,3,12,5,0,Forward,
Abner,BRA,Betis,es La Liga,23 years,15.6,25.0,19,15,9,1,17.0,34,50.0,17,23,5,18,15,40,62,0,Defender,
Zakaria Aboukhlal,MAR,Toulouse,fr Ligue 1,23 years,8.4,9.0,8,1,5,3,3.0,12,25.0,9,9,1,8,1,10,2,0,Midfielder,Forward
Abdel Abqar,MAR,Alavés,es La Liga,24 years,25.7,35.0,19,28,5,2,21.0,35,60.0,14,31,26,5,23,58,115,0,Defender,
Tammy Abraham,ENG,Roma,it Serie A,25 years,2.7,3.0,1,0,1,2,0.0,0,,0,1,0,1,0,3,4,0,Forward,
Francesco Acerbi,ITA,Inter,it Serie A,35 years,26.5,22.0,13,16,6,0,11.0,14,78.6,3,20,13,7,32,54,77,1,Defender,
Joshua Acheampong,ENG,Chelsea,eng Premier League,17 years,0.1,0.0,0,0,0,0,0.0,0,,0,3,3,0,0,0,0,0,Defender,
Marcos Acuña,ARG,Sevilla,es La Liga,31 years,14.4,33.0,21,20,12,1,9.0,14,64.3,5,12,2,10,4,37,25,0,Defender,
Akor Adams,NGA,Montpellier,fr Ligue 1,23 years,25.0,12.0,4,3,4,5,3.0,7,42.9,4,9,2,7,5,17,11,0,Forward,
Tyler Adams,USA,Bournemouth,eng Premier League,24 years,1.3,4.0,3,1,3,0,2.0,3,66.7,1,2,0,2,4,8,2,0,Midfielder,
Junior Adamu,AUT,Freiburg,de Bundesliga,22 years,1.2,5.0,1,1,2,2,1.0,2,50.0,1,1,0,1,0,5,2,0,Forward,Midfielder
Sargis Adamyan,ARM,Köln,de Bundesliga,30 years,8.9,14.0,9,2,9,3,6.0,11,54.5,5,16,1,15,5,19,7,0,Forward,Midfielder
Tosin Adarabioyo,ENG,Fulham,eng Premier League,25 years,18.0,21.0,11,16,5,0,12.0,21,57.1,9,16,11,5,25,46,80,0,Defender,
Elijah Adebayo,ENG,Luton Town,eng Premier League,25 years,15.8,4.0,1,1,0,3,1.0,12,8.3,11,13,2,11,6,10,25,0,Forward,
Karim Adeyemi,GER,Dortmund,de Bundesliga,21 years,10.1,16.0,14,9,4,3,8.0,20,40.0,12,11,0,11,3,19,5,0,Forward,Midfielder
Simon Adingra,CIV,Brighton,eng Premier League,21 years,24.7,45.0,20,23,11,11,19.0,42,45.2,23,31,1,30,19,64,22,0,Forward,
Nathaniel Adjei,GHA,Lorient,fr Ligue 1,20 years,13.8,13.0,9,8,3,2,6.0,7,85.7,1,15,8,7,18,31,64,1,Defender,
Amine Adli,MAR,Leverkusen,de Bundesliga,23 years,10.0,16.0,7,2,10,4,7.0,17,41.2,10,10,2,8,6,22,5,0,Midfielder,Forward
Yacine Adli,FRA,Milan,it Serie A,23 years,15.6,34.0,17,17,13,4,13.0,35,37.1,22,22,8,14,20,54,15,1,Midfielder,
Adryelson,BRA,Lyon,fr Ligue 1,25 years,0.1,0.0,0,0,0,0,0.0,0,,0,0,0,0,1,1,3,0,Defender,Forward
Adson,BRA,Nantes,fr Ligue 1,22 years,2.6,7.0,6,1,6,0,2.0,2,100.0,0,5,0,5,2,9,2,0,Midfielder,Forward
Michel Aebischer,SUI,Bologna,it Serie A,26 years,24.8,35.0,20,9,20,6,15.0,34,44.1,19,28,6,22,12,47,22,0,Midfielder,
Emmanuel Agbadou,CIV,Reims,fr Ligue 1,26 years,28.8,65.0,41,38,23,4,44.0,64,68.8,20,47,25,22,55,120,116,1,Defender,
Julen Agirrezabala,ESP,Athletic Club,es La Liga,22 years,2.6,0.0,0,0,0,0,0.0,0,,0,0,0,0,0,0,0,0,Goalkeeper,
Lucien Agoume,FRA,Inter,it Serie A,21 years,0.1,0.0,0,0,0,0,0.0,0,,0,0,0,0,0,0,0,0,Midfielder,
Lucien Agoume,FRA,Sevilla,es La Liga,21 years,8.6,23.0,18,7,14,2,9.0,12,75.0,3,6,1,5,7,30,8,0,Midfielder,
Felix Agu,GER,Werder Bremen,de Bundesliga,23 years,17.9,45.0,29,28,13,4,29.0,41,70.7,12,27,7,20,13,58,41,0,Defender,Midfielder
Nayef Aguerd,MAR,West Ham,eng Premier League,27 years,20.6,26.0,14,19,7,0,16.0,22,72.7,6,33,24,9,17,43,85,2,Defender,
Ruben Aguilar,FRA,Lens,fr Ligue 1,30 years,21.4,53.0,31,27,23,3,27.0,45,60.0,18,35,5,30,26,79,46,0,Defender,
Brandon Aguilera,CRC,Nottingham Forest,eng Premier League,20 years,0.1,0.0,0,0,0,0,0.0,0,,0,0,0,0,0,0,0,0,Forward,
Naouirou Ahamada,FRA,Crystal Palace,eng Premier League,21 years,3.9,13.0,9,5,6,2,8.0,17,47.1,9,3,0,3,2,15,4,0,Midfielder,Forward
Anel Ahmedhodžić,BIH,Sheffield Utd,eng Premier League,24 years,29.4,64.0,36,48,14,2,30.0,49,61.2,19,43,26,17,34,98,137,2,Defender,
Joseph Aidoo,GHA,Celta Vigo,es La Liga,27 years,4.5,8.0,3,6,2,0,4.0,8,50.0,4,3,1,2,4,12,28,0,Defender,
Ola Aina,NGA,Nottingham Forest,eng Premier League,26 years,18.8,47.0,31,31,12,4,29.0,40,72.5,11,19,3,16,18,65,51,1,Defender,
Rayan Aït-Nouri,ALG,Wolves,eng Premier League,22 years,25.9,71.0,44,41,23,7,28.0,49,57.1,21,32,6,26,15,86,38,0,Defender,Midfielder
Tosin Aiyegun,BEN,Lorient,fr Ligue 1,25 years,10.0,6.0,4,2,3,1,3.0,9,33.3,6,4,1,3,2,8,8,0,Midfielder,Forward
Kristoffer Ajer,NOR,Brentford,eng Premier League,25 years,20.4,38.0,21,25,9,4,23.0,36,63.9,13,26,11,15,25,63,79,1,Defender,
Ludovic Ajorque,FRA,Mainz 05,de Bundesliga,29 years,15.1,3.0,2,1,2,0,2.0,11,18.2,9,6,2,4,4,7,11,0,Forward,
Manuel Akanji,SUI,Manchester City,eng Premier League,28 years,27.9,42.0,28,16,18,8,22.0,39,56.4,17,28,12,16,23,65,70,3,Defender,Midfielder
Marley Aké,FRA,Udinese,it Serie A,22 years,0.1,0.0,0,0,0,0,0.0,0,,0,0,0,0,0,0,0,0,Forward,
Nathan Aké,NED,Manchester City,eng Premier League,28 years,22.7,26.0,16,15,8,3,13.0,20,65.0,7,17,2,15,14,40,54,0,Defender,
Ilias Akhomach,MAR,Villarreal,es La Liga,19 years,16.8,36.0,21,11,16,9,10.0,20,50.0,10,10,2,8,13,49,13,0,Midfielder,Forward
Sergio Akieme,ESP,Almería,es La Liga,25 years,18.6,27.0,15,18,7,2,13.0,16,81.3,3,14,4,10,10,37,34,0,Defender,
Sergio Akieme,ESP,Reims,fr Ligue 1,25 years,9.1,11.0,5,6,3,2,8.0,11,72.7,3,9,3,6,10,21,25,0,Defender,
Ebenezer Akinsanmiro,NGA,Inter,it Serie A,18 years,0.2,0.0,0,0,0,0,0.0,1,0.0,1,0,0,0,0,0,0,0,Midfielder,
Maghnes Akliouche,FRA,Monaco,fr Ligue 1,21 years,17.9,37.0,23,12,20,5,12.0,36,33.3,24,21,0,21,9,46,3,0,Midfielder,Forward
Paul Akouokou,CIV,Betis,es La Liga,25 years,0.3,5.0,3,0,2,3,3.0,3,100.0,0,3,1,2,1,6,1,0,Midfielder,
Paul Akouokou,CIV,Lyon,fr Ligue 1,25 years,3.4,14.0,9,2,10,2,6.0,7,85.7,1,5,1,4,6,20,11,0,Midfielder,
Jean-Daniel Akpa-Akpro,CIV,Monza,it Serie A,30 years,7.8,20.0,11,14,4,2,3.0,9,33.3,6,10,4,6,12,32,15,1,Midfielder,
David Akpan Ankeye,NGA,Genoa,it Serie A,21 years,0.6,1.0,0,0,1,0,0.0,1,0.0,1,1,0,1,0,1,0,0,Forward,
Kevin Akpoguma,NGA,Hoffenheim,de Bundesliga,28 years,12.2,35.0,18,22,12,1,26.0,35,74.3,9,28,8,20,18,53,32,0,Defender,
David Alaba,AUT,Real Madrid,es La Liga,31 years,12.8,13.0,9,7,5,1,4.0,8,50.0,4,10,7,3,15,28,34,0,Defender,
Luis Alberto,ESP,Lazio,it Serie A,30 years,25.7,35.0,20,16,12,7,15.0,53,28.3,38,34,4,30,7,42,13,0,Midfielder,
Raúl Albiol,ESP,Villarreal,es La Liga,37 years,22.6,25.0,14,15,9,1,18.0,27,66.7,9,31,24,7,16,41,102,0,Defender,
Thiago Alcántara,ESP,Liverpool,eng Premier League,32 years,0.1,0.0,0,0,0,0,0.0,0,,0,0,0,0,0,0,0,0,Midfielder,
Carlos Alcaraz,ARG,Juventus,it Serie A,20 years,4.2,6.0,6,0,6,0,5.0,10,50.0,5,5,2,3,5,11,4,0,Midfielder,
Rubén Alcaraz,ESP,Cádiz,es La Liga,32 years,34.8,97.0,59,39,52,6,50.0,121,41.3,71,60,14,46,33,130,55,2,Midfielder,
Omar Alderete,PAR,Getafe,es La Liga,26 years,24.4,28.0,21,15,13,0,19.0,35,54.3,16,30,18,12,13,41,111,0,Defender,
Iván Alejo,ESP,Cádiz,es La Liga,28 years,18.8,40.0,23,23,11,6,17.0,57,29.8,40,20,0,20,7,47,17,0,Midfielder,
Carles Aleñá,ESP,Getafe,es La Liga,25 years,11.3,24.0,8,7,14,3,10.0,24,41.7,14,14,3,11,4,28,13,0,Midfielder,
Trent Alexander-Arnold,ENG,Liverpool,eng Premier League,24 years,23.9,39.0,26,26,11,2,27.0,87,31.0,60,22,2,20,31,70,48,5,Defender,
Aboubacar Ali,COM,Strasbourg,fr Ligue 1,17 years,1.4,2.0,0,0,2,0,0.0,0,,0,1,0,1,1,3,2,0,Midfielder,Forward
Mohamed Ali Cho,FRA,Real Sociedad,es La Liga,19 years,2.8,4.0,3,3,1,0,2.0,7,28.6,5,6,0,6,1,5,1,0,Forward,Midfielder
Mohamed Ali Cho,FRA,Nice,fr Ligue 1,19 years,9.6,12.0,9,4,7,1,3.0,11,27.3,8,10,0,10,3,15,6,0,Forward,
Faride Alidou,GER,Köln,de Bundesliga,22 years,14.2,10.0,4,3,6,1,4.0,18,22.2,14,23,2,21,8,18,15,1,Forward,Midfielder
Nabil Alioui,FRA,Le Havre,fr Ligue 1,24 years,11.2,3.0,2,2,1,0,2.0,4,50.0,2,6,1,5,3,6,4,0,Midfielder,Forward
Alisson,BRA,Liverpool,eng Premier League,30 years,28.0,0.0,0,0,0,0,0.0,1,0.0,1,0,0,0,0,0,11,4,Goalkeeper,
Tadeo Allende,ARG,Celta Vigo,es La Liga,24 years,3.7,6.0,1,3,2,1,4.0,6,66.7,2,3,0,3,3,9,3,0,Midfielder,Forward
Jim Allevinah,GAB,Clermont Foot,fr Ligue 1,28 years,20.7,30.0,18,11,14,5,14.0,35,40.0,21,20,3,17,13,43,30,0,Midfielder,Defender
Domingos André Ribeiro Almeida,POR,Valencia,es La Liga,23 years,10.7,25.0,15,9,12,4,9.0,19,47.4,10,13,1,12,6,31,5,0,Forward,Midfielder
Miguel Almirón,PAR,Newcastle Utd,eng Premier League,29 years,21.5,36.0,24,13,15,8,11.0,29,37.9,18,29,2,27,10,46,13,0,Forward,
Pontus Almqvist,SWE,Lecce,it Serie A,24 years,23.4,45.0,29,16,22,7,23.0,51,45.1,28,21,2,19,14,59,10,0,Forward,Midfielder
Marcos Alonso,ESP,Barcelona,es La Liga,32 years,2.8,5.0,3,2,3,0,3.0,4,75.0,1,2,0,2,4,9,6,0,Defender,
Adrià Altimira,ESP,Villarreal,es La Liga,22 years,8.6,16.0,7,9,6,1,9.0,24,37.5,15,18,5,13,5,21,18,0,Defender,Midfielder
Sergi Altimira,ESP,Betis,es La Liga,21 years,6.3,15.0,8,8,6,1,11.0,23,47.8,12,12,1,11,9,24,10,0,Midfielder,
Edson Álvarez,MEX,West Ham,eng Premier League,25 years,26.4,80.0,39,47,26,7,31.0,66,47.0,35,59,20,39,42,122,81,0,Midfielder,
Gastón Álvarez,URU,Getafe,es La Liga,23 years,28.2,68.0,37,43,20,5,37.0,57,64.9,20,40,11,29,35,103,80,0,Defender,
Hugo Álvarez,ESP,Celta Vigo,es La Liga,20 years,8.5,14.0,9,8,3,3,9.0,20,45.0,11,4,1,3,5,19,9,0,Midfielder,Defender
Julián Álvarez,ARG,Manchester City,eng Premier League,23 years,29.4,24.0,13,5,8,11,8.0,32,25.0,24,30,0,30,2,26,14,1,Midfielder,Forward
Yeray Álvarez,ESP,Athletic Club,es La Liga,28 years,12.8,18.0,9,15,3,0,12.0,19,63.2,7,8,5,3,11,29,34,1,Defender,
Skelly Alvero,FRA,Lyon,fr Ligue 1,21 years,4.7,8.0,7,5,2,1,2.0,9,22.2,7,5,1,4,2,10,5,0,Midfielder,
Skelly Alvero,FRA,Werder Bremen,de Bundesliga,21 years,1.4,6.0,4,1,5,0,3.0,3,100.0,0,3,1,2,1,7,1,0,Midfielder,
Papa Amadou Diallo,SEN,Metz,fr Ligue 1,19 years,9.9,18.0,8,10,7,1,7.0,21,33.3,14,11,1,10,11,29,16,0,Forward,
Selim Amallah,MAR,Valencia,es La Liga,26 years,6.7,17.0,12,7,7,3,3.0,9,33.3,6,13,0,13,11,28,6,0,Forward,Midfielder
Amath,SEN,Mallorca,es La Liga,27 years,4.4,9.0,6,7,2,0,2.0,10,20.0,8,2,0,2,3,12,6,0,Forward,Midfielder
Lorenzo Amatucci,ITA,Fiorentina,it Serie A,19 years,0.2,0.0,0,0,0,0,0.0,0,,0,0,0,0,0,0,0,0,Midfielder,
Jordan Amavi,FRA,Brest,fr Ligue 1,29 years,1.0,1.0,1,0,1,0,1.0,3,33.3,2,2,1,1,3,4,2,0,Defender,
Zeki Amdouni,SUI,Burnley,eng Premier League,22 years,21.7,27.0,18,1,15,11,7.0,25,28.0,18,23,10,13,9,36,10,0,Forward,
Kelvin Amian,FRA,Nantes,fr Ligue 1,25 years,8.9,16.0,7,12,4,0,11.0,15,73.3,4,6,0,6,7,23,28,0,Defender,
Bruno Amione,ARG,Hellas Verona,it Serie A,21 years,6.4,11.0,3,9,2,0,4.0,5,80.0,1,4,2,2,9,20,19,2,Defender,
Michael Amir Murillo,PAN,Marseille,fr Ligue 1,27 years,11.1,23.0,11,13,6,4,15.0,23,65.2,8,9,2,7,11,34,34,2,Defender,
Nadiem Amiri,GER,Mainz 05,de Bundesliga,26 years,14.6,22.0,14,8,10,4,13.0,19,68.4,6,16,2,14,14,36,18,0,Midfielder,
Nadiem Amiri,GER,Leverkusen,de Bundesliga,26 years,1.0,4.0,2,0,3,1,0.0,3,0.0,3,0,0,0,0,4,1,0,Midfielder,
Kofi Amoako,GER,Wolfsburg,de Bundesliga,18 years,0.0,0.0,0,0,0,0,0.0,0,,0,0,0,0,0,0,0,0,Midfielder,
Sofyan Amrabat,MAR,Manchester Utd,eng Premier League,26 years,10.4,27.0,16,17,8,2,17.0,31,54.8,14,20,7,13,8,35,19,2,Midfielder,Defender
Joachim Andersen,DEN,Crystal Palace,eng Premier League,27 years,37.9,56.0,35,33,21,2,29.0,39,74.4,10,33,18,15,41,97,207,1,Defender,
Elliot Anderson,ENG,Newcastle Utd,eng Premier League,20 years,11.4,24.0,18,12,9,3,15.0,29,51.7,14,23,4,19,8,32,23,0,Midfielder,Forward
Felipe Anderson,BRA,Lazio,it Serie A,30 years,30.8,78.0,45,32,33,13,34.0,90,37.8,56,45,3,42,27,105,23,0,Forward,Midfielder
Benjamin André,FRA,Lille,fr Ligue 1,32 years,28.6,89.0,49,39,45,5,43.0,81,53.1,38,34,5,29,35,124,60,0,Midfielder,
Komnen Andrić,SRB,Clermont Foot,fr Ligue 1,28 years,1.9,2.0,1,0,1,1,0.0,4,0.0,4,2,0,2,0,2,1,0,Forward,
Robert Andrich,GER,Leverkusen,de Bundesliga,28 years,18.8,30.0,18,8,14,8,13.0,24,54.2,11,15,4,11,20,50,17,0,Midfielder,Defender
Miguel Ángel Rubio,ESP,Granada,es La Liga,25 years,17.3,20.0,12,14,6,0,14.0,21,66.7,7,31,18,13,28,48,74,2,Defender,
Angeliño,ESP,Roma,it Serie A,26 years,12.7,21.0,11,12,6,3,11.0,19,57.9,8,11,5,6,12,33,37,1,Defender,
Ângelo,BRA,Strasbourg,fr Ligue 1,18 years,12.2,24.0,11,9,7,8,11.0,31,35.5,20,18,0,18,9,33,2,0,Forward,Midfielder
Fabrizio Angileri,ARG,Getafe,es La Liga,29 years,1.8,1.0,1,1,0,0,1.0,3,33.3,2,0,0,0,4,5,8,0,Defender,Midfielder
Jaidon Anthony,ENG,Bournemouth,eng Premier League,23 years,1.7,3.0,1,1,0,2,1.0,7,14.3,6,3,0,3,1,4,3,0,Forward,
Waldemar Anton,GER,Stuttgart,de Bundesliga,27 years,32.1,39.0,25,21,16,2,23.0,42,54.8,19,33,20,13,40,79,150,1,Defender,
Michail Antonio,JAM,West Ham,eng Premier League,33 years,18.8,15.0,8,5,6,4,3.0,11,27.3,8,16,3,13,4,19,4,0,Forward,
Antony,BRA,Manchester Utd,eng Premier League,23 years,14.7,40.0,21,15,19,6,20.0,40,50.0,20,29,1,28,12,52,9,0,Forward,
Christopher Antwi-Adjei,GHA,Bochum,de Bundesliga,29 years,13.5,21.0,12,10,6,5,12.0,22,54.5,10,13,2,11,2,23,11,1,Forward,Midfielder
Houssem Aouar,ALG,Roma,it Serie A,25 years,8.4,16.0,11,4,10,2,3.0,12,25.0,9,5,0,5,4,20,2,1,Midfielder,Forward
Stredair Appuah,FRA,Nantes,fr Ligue 1,19 years,0.9,0.0,0,0,0,0,0.0,3,0.0,3,0,0,0,1,1,1,0,Forward,Midfielder
Mauro Arambarri,URU,Getafe,es La Liga,27 years,3.8,6.0,2,3,2,1,1.0,6,16.7,5,1,0,1,2,8,7,0,Midfielder,
Jon Aramburu,VEN,Real Sociedad,es La Liga,21 years,6.0,24.0,15,12,10,2,15.0,25,60.0,10,8,3,5,7,31,17,0,Defender,
Asaf Arania,ISR,Darmstadt 98,de Bundesliga,17 years,0.1,0.0,0,0,0,0,0.0,0,,0,0,0,0,0,0,0,0,Midfielder,
Julian Araujo,MEX,Las Palmas,es La Liga,21 years,16.2,41.0,22,29,7,5,23.0,33,69.7,10,23,16,7,10,51,52,1,Defender,
Ronald Araújo,URU,Barcelona,es La Liga,24 years,22.2,27.0,22,11,15,1,12.0,17,70.6,5,20,11,9,12,39,66,2,Defender,
Oliver Arblaster,ENG,Sheffield Utd,eng Premier League,19 years,10.5,23.0,14,11,8,4,7.0,15,46.7,8,17,7,10,16,39,9,0,Midfielder,
Cameron Archer,ENG,Sheffield Utd,eng Premier League,22 years,20.4,18.0,13,6,6,6,8.0,18,44.4,10,22,3,19,1,19,11,0,Forward,Midfielder
Cameron Archer,ENG,Aston Villa,eng Premier League,22 years,0.1,0.0,0,0,0,0,0.0,0,,0,0,0,0,0,0,0,0,Midfielder,
Alphonse Areola,FRA,West Ham,eng Premier League,30 years,30.0,1.0,1,1,0,0,1.0,3,33.3,2,0,0,0,1,2,16,0,Goalkeeper,
Adu Ares,ESP,Athletic Club,es La Liga,21 years,2.9,8.0,4,4,2,2,2.0,3,66.7,1,1,0,1,1,9,0,0,Forward,
Jesús Areso,ESP,Osasuna,es La Liga,24 years,29.6,45.0,24,25,13,7,31.0,38,81.6,7,36,15,21,18,63,58,0,Defender,
Simone Aresti,ITA,Cagliari,it Serie A,37 years,0.0,0.0,0,0,0,0,0.0,0,,0,0,0,0,0,0,0,0,Goalkeeper,
Matias Arezo,URU,Granada,es La Liga,20 years,4.1,7.0,3,2,5,0,1.0,5,20.0,4,4,1,3,1,8,4,0,Forward,
Iñigo Arguibide,ESP,Osasuna,es La Liga,18 years,0.2,1.0,0,0,1,0,0.0,0,,0,0,0,0,0,1,1,0,Defender,
Yoël Armougom,FRA,Clermont Foot,fr Ligue 1,25 years,2.6,3.0,3,2,0,1,2.0,3,66.7,1,1,0,1,1,4,3,0,Defender,Midfielder
José Arnaiz,ESP,Osasuna,es La Liga,28 years,10.3,14.0,8,6,4,4,6.0,21,28.6,15,11,2,9,3,17,2,0,Forward,Midfielder
Hákon Arnar Haraldsson,ISL,Lille,fr Ligue 1,20 years,14.3,12.0,8,4,7,1,5.0,21,23.8,16,7,2,5,3,15,5,0,Forward,Midfielder
Marko Arnautović,AUT,Inter,it Serie A,34 years,8.9,10.0,4,3,5,2,4.0,7,57.1,3,8,1,7,5,15,5,0,Forward,
Maximilian Arnold,GER,Wolfsburg,de Bundesliga,29 years,27.8,51.0,31,15,27,9,28.0,57,49.1,29,23,4,19,24,75,60,0,Midfielder,
Mohamed El Arouch,FRA,Lyon,fr Ligue 1,19 years,0.0,0.0,0,0,0,0,0.0,0,,0,0,0,0,0,0,0,0,Forward,
Sergio Arribas,ESP,Almería,es La Liga,21 years,22.7,34.0,17,16,17,1,14.0,31,45.2,17,20,1,19,16,50,8,1,Midfielder,Forward
Kepa Arrizabalaga,ESP,Real Madrid,es La Liga,28 years,13.3,0.0,0,0,0,0,0.0,1,0.0,1,0,0,0,0,0,4,0,Goalkeeper,
Arthur,BRA,Leverkusen,de Bundesliga,20 years,2.0,4.0,3,2,0,2,2.0,2,100.0,0,1,1,0,0,4,7,0,Defender,
Takuma Asano,JPN,Bochum,de Bundesliga,28 years,22.1,17.0,6,2,9,6,7.0,23,30.4,16,17,3,14,4,21,11,0,Forward,Midfielder
Marco Asensio,ESP,Paris S-G,fr Ligue 1,27 years,12.4,12.0,10,4,7,1,4.0,13,30.8,9,7,0,7,5,17,2,0,Midfielder,Forward
Kristjan Asllani,ALB,Inter,it Serie A,21 years,8.7,7.0,2,3,4,0,2.0,11,18.2,9,9,3,6,11,18,8,0,Midfielder,
Joel Asoro,SWE,Metz,fr Ligue 1,24 years,9.4,13.0,9,7,6,0,3.0,10,30.0,7,7,1,6,6,19,9,0,Forward,Midfielder
Jonathan Asp Jensen,DEN,Bayern Munich,de Bundesliga,17 years,0.0,0.0,0,0,0,0,0.0,0,,0,0,0,0,0,0,1,0,Forward,
Iago Aspas,ESP,Celta Vigo,es La Liga,35 years,30.1,11.0,6,4,6,1,1.0,15,6.7,14,23,3,20,10,21,8,0,Forward,
Lorenz Assignon,TOG,Burnley,eng Premier League,23 years,13.7,35.0,17,18,13,4,14.0,27,51.9,13,22,7,15,19,54,43,1,Defender,
Lorenz Assignon,TOG,Rennes,fr Ligue 1,23 years,11.2,24.0,12,12,8,4,9.0,24,37.5,15,9,4,5,9,33,27,1,Defender,
Youcef Atal,ALG,Nice,fr Ligue 1,27 years,4.0,9.0,3,6,2,1,6.0,8,75.0,2,7,1,6,4,13,1,0,Defender,
Valentin Atangana Edoa,FRA,Reims,fr Ligue 1,17 years,6.2,19.0,13,6,9,4,5.0,13,38.5,8,5,1,4,6,25,9,0,Midfielder,
Arthur Atta,FRA,Metz,fr Ligue 1,20 years,10.3,18.0,14,8,7,3,8.0,19,42.1,11,13,3,10,10,28,23,0,Midfielder,Forward
Noah Atubolu,GER,Freiburg,de Bundesliga,21 years,34.0,0.0,0,0,0,0,0.0,1,0.0,1,0,0,0,0,0,8,1,Goalkeeper,
Pierre-Emerick Aubameyang,GAB,Marseille,fr Ligue 1,34 years,29.1,22.0,14,4,11,7,7.0,26,26.9,19,30,5,25,9,31,26,0,Forward,
Emil Audero,IDN,Inter,it Serie A,26 years,3.7,0.0,0,0,0,0,0.0,0,,0,0,0,0,0,0,1,0,Goalkeeper,
Tommaso Augello,ITA,Cagliari,it Serie A,28 years,26.9,26.0,19,18,6,2,16.0,25,64.0,9,21,10,11,17,43,89,0,Defender,
Carlos Augusto,BRA,Inter,it Serie A,24 years,19.2,29.0,21,20,9,0,15.0,22,68.2,7,20,8,12,16,45,52,0,Defender,
Yann Aurel Bisseck,GER,Inter,it Serie A,22 years,10.0,14.0,6,10,3,1,6.0,9,66.7,3,10,7,3,5,19,23,0,Defender,
Serge Aurier,CIV,Nottingham Forest,eng Premier League,30 years,9.3,20.0,14,9,11,0,5.0,11,45.5,6,10,3,7,9,29,36,1,Defender,Midfielder
Ezequiel Ávila,ARG,Osasuna,es La Liga,29 years,9.6,3.0,2,1,1,1,3.0,11,27.3,8,14,0,14,4,7,8,0,Forward,Midfielder
Ezequiel Ávila,ARG,Betis,es La Liga,29 years,3.3,2.0,1,0,2,0,1.0,3,33.3,2,2,0,2,1,3,4,0,Forward,
Taiwo Awoniyi,NGA,Nottingham Forest,eng Premier League,25 years,11.6,9.0,7,1,4,4,1.0,2,50.0,1,7,2,5,1,10,9,0,Forward,
André Ayew,GHA,Le Havre,fr Ligue 1,33 years,12.3,15.0,11,7,6,2,6.0,9,66.7,3,8,3,5,2,17,11,0,Forward,
Jordan Ayew,GHA,Crystal Palace,eng Premier League,31 years,28.3,65.0,36,23,28,14,21.0,42,50.0,21,43,2,41,16,81,15,0,Forward,Midfielder
Neil El Aynaoui,FRA,Lens,fr Ligue 1,22 years,17.4,37.0,20,13,20,4,20.0,46,43.5,26,20,6,14,32,69,21,1,Midfielder,
Sardar Azmoun,IRN,Roma,it Serie A,28 years,6.5,8.0,5,2,5,1,4.0,8,50.0,4,4,1,3,3,11,6,1,Forward,Midfielder
César Azpilicueta,ESP,Atlético Madrid,es La Liga,33 years,15.8,25.0,14,15,9,1,12.0,19,63.2,7,25,6,19,16,41,46,0,Defender,
Paulo Azzi,BRA,Cagliari,it Serie A,29 years,10.6,19.0,11,10,6,3,9.0,18,50.0,9,11,2,9,16,35,23,0,Defender,Midfielder
Oussama El Azzouzi,MAR,Bologna,it Serie A,22 years,6.1,12.0,7,4,5,3,7.0,14,50.0,7,8,2,6,6,18,12,0,Midfielder,
Abdellah Baallal,MAR,Clermont Foot,fr Ligue 1,18 years,0.0,0.0,0,0,0,0,0.0,0,,0,1,0,1,0,0,0,0,Midfielder,
Iddrisu Baba,GHA,Almería,es La Liga,27 years,15.9,46.0,26,27,18,1,17.0,39,43.6,22,20,6,14,11,57,27,2,Midfielder,
Srđan Babić,SRB,Almería,es La Liga,27 years,1.0,2.0,2,0,2,0,1.0,1,100.0,0,1,1,0,0,2,2,0,Defender,
Shavy Babicka,GAB,Toulouse,fr Ligue 1,23 years,4.1,11.0,8,2,7,2,2.0,5,40.0,3,6,1,5,0,11,2,0,Forward,Midfielder
Aliou Badara Baldé,GUI,Nice,fr Ligue 1,20 years,0.8,4.0,1,0,3,1,1.0,1,100.0,0,2,1,1,3,7,0,0,Forward,Defender
Loïc Bade,FRA,Sevilla,es La Liga,23 years,25.3,65.0,41,53,12,0,30.0,49,61.2,19,23,15,8,38,103,116,2,Defender,
Milan Badelj,CRO,Genoa,it Serie A,34 years,28.2,51.0,27,23,24,4,24.0,61,39.3,37,45,13,32,50,101,54,1,Midfielder,
Matthias Bader,GER,Darmstadt 98,de Bundesliga,26 years,20.0,51.0,25,32,11,8,33.0,65,50.8,32,22,4,18,25,76,20,0,Defender,Midfielder
Benoît Badiashile,FRA,Chelsea,eng Premier League,22 years,14.9,21.0,15,12,9,0,9.0,14,64.3,5,21,14,7,18,39,66,2,Defender,
Alex Baena,ESP,Villarreal,es La Liga,22 years,28.7,34.0,21,10,16,8,20.0,47,42.6,27,23,2,21,13,47,17,1,Midfielder,Forward
Jaime Báez,URU,Frosinone,it Serie A,28 years,5.6,4.0,1,0,2,2,0.0,7,0.0,7,5,0,5,4,8,1,0,Forward,Midfielder
Nicola Bagnolini,ITA,Bologna,it Serie A,19 years,0.1,0.0,0,0,0,0,0.0,0,,0,0,0,0,0,0,0,0,Goalkeeper,
Leon Bailey,JAM,Aston Villa,eng Premier League,25 years,23.0,13.0,7,7,4,2,5.0,20,25.0,15,18,1,17,9,22,6,0,Midfielder,Forward
Eric Bailly,CIV,Villarreal,es La Liga,29 years,9.3,5.0,3,4,1,0,2.0,2,100.0,0,8,8,0,9,14,38,2,Defender,
Stefan Bajcetic,ESP,Liverpool,eng Premier League,18 years,0.3,4.0,1,3,1,0,3.0,5,60.0,2,0,0,0,0,4,0,0,Midfielder,
Nedim Bajrami,ALB,Sassuolo,it Serie A,24 years,14.6,13.0,6,6,3,4,5.0,13,38.5,8,5,1,4,6,19,8,0,Midfielder,Forward
Cédric Bakambu,COD,Betis,es La Liga,32 years,2.2,1.0,0,0,1,0,0.0,0,,0,2,0,2,0,1,0,0,Forward,
Tiemoué Bakayoko,FRA,Lorient,fr Ligue 1,28 years,14.6,34.0,17,14,17,3,15.0,28,53.6,13,10,4,6,26,60,15,1,Midfielder,
Mitchel Bakker,NED,Atalanta,it Serie A,23 years,4.2,7.0,3,6,1,0,2.0,12,16.7,10,5,0,5,3,10,6,0,Defender,
Ridle Baku,GER,Wolfsburg,de Bundesliga,25 years,22.4,37.0,20,24,7,6,21.0,46,45.7,25,27,1,26,21,58,45,1,Defender,Midfielder
Dilane Bakwa,FRA,Strasbourg,fr Ligue 1,20 years,24.2,30.0,22,12,13,5,11.0,40,27.5,29,26,1,25,20,50,11,0,Forward,Midfielder
Tommaso Baldanzi,ITA,Empoli,it Serie A,20 years,8.3,4.0,2,1,1,2,3.0,10,30.0,7,7,0,7,2,6,0,0,Midfielder,Forward
Tommaso Baldanzi,ITA,Roma,it Serie A,20 years,5.8,9.0,5,3,4,2,1.0,1,100.0,0,2,0,2,0,9,4,0,Forward,Midfielder
Alejandro Balde,ESP,Barcelona,es La Liga,19 years,15.3,20.0,11,11,6,3,7.0,11,63.6,4,14,1,13,5,25,21,1,Defender,
George Baldock,GRE,Sheffield Utd,eng Premier League,30 years,10.8,18.0,10,10,7,1,6.0,15,40.0,9,14,8,6,10,28,33,0,Defender,
Carlos Baleba,CMR,Brighton,eng Premier League,19 years,14.7,40.0,20,17,19,4,23.0,46,50.0,23,35,7,28,18,58,30,3,Midfielder,
Carlos Baleba,CMR,Lille,fr Ligue 1,19 years,0.7,6.0,2,1,4,1,3.0,4,75.0,1,0,0,0,2,8,0,0,Midfielder,
Leonardo Balerdi,ARG,Marseille,fr Ligue 1,24 years,25.2,79.0,50,55,23,1,49.0,67,73.1,18,38,15,23,51,130,91,0,Defender,
Iván Balliu,ALB,Rayo Vallecano,es La Liga,31 years,31.9,44.0,31,20,24,0,22.0,39,56.4,17,27,11,16,29,73,66,1,Defender,
Fodé Ballo-Touré,SEN,Fulham,eng Premier League,26 years,0.8,4.0,2,1,3,0,1.0,2,50.0,1,1,0,1,3,7,2,0,Defender,Midfielder
Folarin Balogun,USA,Monaco,fr Ligue 1,22 years,18.8,12.0,4,3,8,1,5.0,13,38.5,8,10,0,10,3,15,4,0,Forward,
Jonathan Bamba,CIV,Celta Vigo,es La Liga,27 years,22.0,14.0,9,4,8,2,2.0,17,11.8,15,20,0,20,18,32,12,0,Midfielder,Forward
Mohamed Bamba,CIV,Lorient,fr Ligue 1,21 years,12.6,14.0,9,3,8,3,4.0,10,40.0,6,7,1,6,2,16,3,0,Forward,
Samuel Bamba,GER,Dortmund,de Bundesliga,19 years,0.5,1.0,1,1,0,0,1.0,2,50.0,1,0,0,0,0,1,1,0,Forward,
Lameck Banda,ZAM,Lecce,it Serie A,22 years,15.0,27.0,23,11,12,4,7.0,21,33.3,14,18,0,18,3,30,7,0,Forward,
Daniel Bandeira,POR,Hellas Verona,it Serie A,23 years,5.0,6.0,5,1,4,1,3.0,7,42.9,4,3,0,3,3,9,9,0,Midfielder,
Mamady Bangré,BFA,Toulouse,fr Ligue 1,22 years,1.1,4.0,2,2,2,0,3.0,4,75.0,1,0,0,0,4,8,3,0,Forward,Midfielder
Mattia Bani,ITA,Genoa,it Serie A,29 years,25.6,26.0,10,18,7,1,11.0,22,50.0,11,51,31,20,22,48,116,1,Defender,
Léo Baptistão,BRA,Almería,es La Liga,30 years,20.4,25.0,16,12,8,5,9.0,25,36.0,16,13,1,12,11,36,22,0,Forward,
Shandon Baptiste,GRN,Brentford,eng Premier League,25 years,2.5,4.0,4,2,2,0,1.0,5,20.0,4,5,1,4,3,7,6,0,Midfielder,
Antonín Barák,CZE,Fiorentina,it Serie A,28 years,9.0,6.0,2,1,3,2,3.0,7,42.9,4,5,0,5,2,8,4,0,Midfielder,Forward
Valentín Barco,ARG,Brighton,eng Premier League,19 years,3.4,11.0,5,4,5,2,6.0,8,75.0,2,3,0,3,4,15,3,1,Defender,Forward
Bradley Barcola,FRA,Lyon,fr Ligue 1,20 years,3.0,5.0,2,0,2,3,1.0,7,14.3,6,4,0,4,2,7,0,0,Forward,
Bradley Barcola,FRA,Paris S-G,fr Ligue 1,20 years,15.2,34.0,16,12,13,9,7.0,25,28.0,18,27,2,25,10,44,13,1,Forward,Midfielder
Melvin Bard,FRA,Nice,fr Ligue 1,22 years,29.5,69.0,38,28,30,11,37.0,63,58.7,26,46,12,34,42,111,46,0,Defender,
Nicolò Barella,ITA,Inter,it Serie A,26 years,31.6,46.0,30,17,20,9,19.0,63,30.2,44,31,1,30,10,56,12,1,Midfielder,
Kike Barja,ESP,Osasuna,es La Liga,26 years,3.4,6.0,2,2,2,2,3.0,8,37.5,5,2,1,1,2,8,2,0,Forward,Midfielder
Ross Barkley,ENG,Luton Town,eng Premier League,29 years,29.1,47.0,19,16,21,10,11.0,48,22.9,37,25,9,16,25,72,51,2,Midfielder,
Aymen Barkok,MAR,Mainz 05,de Bundesliga,25 years,3.6,9.0,5,2,6,1,3.0,6,50.0,3,7,0,7,2,11,1,0,Midfielder,Forward
Harvey Barnes,ENG,Newcastle Utd,eng Premier League,25 years,8.9,6.0,1,3,2,1,1.0,2,50.0,1,1,0,1,5,11,3,0,Forward,Midfielder
Leandro Barreiro Martins,LUX,Mainz 05,de Bundesliga,23 years,29.0,65.0,40,19,37,9,30.0,50,60.0,20,45,16,29,36,101,53,0,Midfielder,
Enzo Barrenechea,ARG,Frosinone,it Serie A,22 years,31.2,65.0,42,28,29,8,28.0,70,40.0,42,47,12,35,27,92,61,2,Midfielder,
Ander Barrenetxea,ESP,Real Sociedad,es La Liga,21 years,15.9,32.0,21,7,16,9,10.0,26,38.5,16,18,1,17,6,38,5,0,Forward,Midfielder
Pablo Barrios,ESP,Atlético Madrid,es La Liga,20 years,17.3,45.0,25,15,29,1,19.0,40,47.5,21,20,3,17,28,73,24,2,Midfielder,
Davide Bartesaghi,ITA,Milan,it Serie A,17 years,0.9,2.0,0,1,1,0,2.0,4,50.0,2,1,1,0,0,2,7,0,Defender,Midfielder
Marc Bartra,ESP,Betis,es La Liga,32 years,2.5,4.0,3,3,1,0,4.0,5,80.0,1,3,1,2,3,7,10,0,Defender,
Federico Baschirotto,ITA,Lecce,it Serie A,26 years,36.6,21.0,12,16,5,0,8.0,15,53.3,7,42,26,16,23,44,144,1,Defender,
Steven Baseya,FRA,Strasbourg,fr Ligue 1,18 years,0.1,2.0,1,1,1,0,1.0,1,100.0,0,0,0,0,0,2,1,0,Defender,
Chris Basham,ENG,Sheffield Utd,eng Premier League,35 years,3.6,7.0,2,4,3,0,2.0,9,22.2,7,9,4,5,5,12,17,0,Defender,Midfielder
Toma Bašić,CRO,Salernitana,it Serie A,26 years,12.9,20.0,13,10,9,1,10.0,27,37.0,17,18,6,12,14,34,29,0,Midfielder,
Calvin Bassey,NGA,Fulham,eng Premier League,23 years,25.6,49.0,29,33,15,1,21.0,29,72.4,8,32,11,21,28,77,84,4,Defender,
Alessandro Bastoni,ITA,Inter,it Serie A,24 years,25.2,46.0,33,31,12,3,26.0,40,65.0,14,25,11,14,23,69,48,1,Defender,
Simone Bastoni,ITA,Empoli,it Serie A,26 years,8.3,22.0,13,12,7,3,11.0,22,50.0,11,8,0,8,11,33,18,0,Midfielder,Defender
Augusto Batalla,ARG,Granada,es La Liga,27 years,17.0,0.0,0,0,0,0,0.0,1,0.0,1,0,0,0,0,0,10,2,Goalkeeper,
Daniel Batz,GER,Mainz 05,de Bundesliga,32 years,4.0,0.0,0,0,0,0,0.0,0,,0,0,0,0,0,0,3,0,Goalkeeper,
Maximilian Bauer,GER,Augsburg,de Bundesliga,23 years,9.0,19.0,12,13,4,2,9.0,17,52.9,8,14,8,6,11,30,30,1,Defender,
Elias Baum,GER,Eintracht Frankfurt,de Bundesliga,17 years,0.3,1.0,0,0,0,1,0.0,0,,0,3,2,1,0,1,1,0,Defender,Midfielder
Oliver Baumann,GER,Hoffenheim,de Bundesliga,33 years,34.0,1.0,1,1,0,0,1.0,2,50.0,1,0,0,0,0,1,19,2,Goalkeeper,
Christoph Baumgartner,AUT,RB Leipzig,de Bundesliga,23 years,12.9,26.0,13,10,12,4,14.0,38,36.8,24,20,1,19,5,31,14,0,Midfielder,Forward
Bebé,CPV,Rayo Vallecano,es La Liga,33 years,2.4,2.0,2,1,1,0,1.0,5,20.0,4,1,0,1,0,2,0,0,Midfielder,Forward
Ihlas Bebou,TOG,Hoffenheim,de Bundesliga,29 years,18.2,22.0,12,10,8,4,8.0,16,50.0,8,13,2,11,14,36,15,0,Forward,Defender
Mohamed Bechikh,FRA,Strasbourg,fr Ligue 1,18 years,0.2,0.0,0,0,0,0,0.0,0,,0,0,0,0,0,0,0,0,Forward,Midfielder
Adrian Beck,GER,Heidenheim,de Bundesliga,26 years,10.8,22.0,13,8,12,2,9.0,24,37.5,15,17,0,17,4,26,15,0,Midfielder,Forward
Owen Beck,WAL,Liverpool,eng Premier League,20 years,0.1,2.0,1,1,1,0,0.0,0,,0,0,0,0,0,2,1,0,Defender,
Sheraldo Becker,SUR,Real Sociedad,es La Liga,28 years,8.6,2.0,2,0,2,0,0.0,1,0.0,1,3,0,3,1,3,0,0,Forward,Midfielder
Sheraldo Becker,SUR,Union Berlin,de Bundesliga,28 years,7.2,3.0,3,0,2,1,0.0,2,0.0,2,2,0,2,0,3,2,0,Forward,Midfielder
Chris Bedia,CIV,Union Berlin,de Bundesliga,27 years,1.6,2.0,1,0,2,0,0.0,1,0.0,1,3,0,3,0,2,2,0,Forward,Midfielder
Donny van de Beek,NED,Manchester Utd,eng Premier League,26 years,0.0,0.0,0,0,0,0,0.0,0,,0,1,0,1,0,0,0,0,Defender,
Donny van de Beek,NED,Eintracht Frankfurt,de Bundesliga,26 years,4.0,8.0,3,3,3,2,3.0,7,42.9,4,5,1,4,3,11,1,0,Midfielder,Forward
Yanis Begraoui,MAR,Toulouse,fr Ligue 1,22 years,3.3,5.0,3,1,3,1,3.0,9,33.3,6,4,0,4,5,10,5,0,Forward,Midfielder
Kevin Behrens,GER,Wolfsburg,de Bundesliga,32 years,6.8,2.0,1,0,1,1,0.0,2,0.0,2,9,0,9,3,5,6,0,Forward,
Kevin Behrens,GER,Union Berlin,de Bundesliga,32 years,14.0,13.0,10,3,7,3,1.0,4,25.0,3,7,2,5,6,19,19,0,Forward,
Maximilian Beier,GER,Hoffenheim,de Bundesliga,20 years,26.9,20.0,12,5,11,4,4.0,19,21.1,15,21,1,20,9,29,12,0,Forward,Midfielder
Jérémie Bela,ANG,Clermont Foot,fr Ligue 1,30 years,2.3,1.0,1,0,1,0,1.0,3,33.3,2,1,0,1,0,1,1,0,Midfielder,Forward
Reda Belahyane,MAR,Hellas Verona,it Serie A,19 years,1.0,1.0,1,0,1,0,1.0,1,100.0,0,0,0,0,1,2,0,0,Midfielder,
Reda Belahyane,MAR,Nice,fr Ligue 1,19 years,0.3,1.0,0,0,1,0,1.0,1,100.0,0,0,0,0,0,1,0,0,Midfielder,
Amari'i Bell,JAM,Luton Town,eng Premier League,29 years,19.1,50.0,33,30,19,1,22.0,35,62.9,13,33,15,18,25,75,60,1,Defender,
Stefan Bell,GER,Mainz 05,de Bundesliga,31 years,7.4,8.0,8,7,1,0,4.0,8,50.0,4,7,5,2,6,14,30,0,Defender,
Alaa Bellaarouch,MAR,Strasbourg,fr Ligue 1,21 years,15.0,0.0,0,0,0,0,0.0,0,,0,0,0,0,1,1,11,2,Goalkeeper,
Raoul Bellanova,ITA,Torino,it Serie A,23 years,33.8,36.0,26,15,17,4,18.0,31,58.1,13,21,4,17,15,51,36,3,Defender,
Jean-Ricner Bellegarde,FRA,Wolves,eng Premier League,25 years,10.6,17.0,10,9,6,2,7.0,15,46.7,8,18,2,16,8,25,14,0,Midfielder,Forward
Jean-Ricner Bellegarde,FRA,Strasbourg,fr Ligue 1,25 years,3.0,5.0,3,3,2,0,3.0,6,50.0,3,4,0,4,4,9,0,0,Midfielder,Forward
Héctor Bellerín,ESP,Betis,es La Liga,28 years,19.0,34.0,22,14,16,4,20.0,53,37.7,33,13,5,8,22,56,40,1,Defender,
Jude Bellingham,ENG,Real Madrid,es La Liga,20 years,25.7,42.0,34,14,18,10,12.0,36,33.3,24,55,5,50,21,63,17,0,Midfielder,
Jeanuël Belocian,FRA,Rennes,fr Ligue 1,18 years,16.1,32.0,22,23,8,1,22.0,28,78.6,6,18,10,8,13,45,49,0,Defender,
Andrea Belotti,ITA,Fiorentina,it Serie A,29 years,10.5,8.0,3,1,5,2,5.0,12,41.7,7,8,1,7,2,10,3,0,Forward,
Andrea Belotti,ITA,Roma,it Serie A,29 years,7.5,8.0,4,2,3,3,3.0,6,50.0,3,7,0,7,2,10,3,0,Forward,
Fran Beltrán,ESP,Celta Vigo,es La Liga,24 years,27.0,56.0,32,22,23,11,24.0,63,38.1,39,28,2,26,18,74,34,0,Midfielder,
Lucas Beltrán,ARG,Fiorentina,it Serie A,22 years,18.8,27.0,14,4,18,5,11.0,20,55.0,9,29,3,26,2,29,11,0,Forward,Midfielder
Eliesse Ben Seghir,MAR,Monaco,fr Ligue 1,18 years,4.8,9.0,6,2,5,2,3.0,7,42.9,4,6,0,6,2,11,2,0,Midfielder,Forward
Anis Ben Slimane,TUN,Sheffield Utd,eng Premier League,22 years,4.7,11.0,6,5,2,4,4.0,10,40.0,6,7,1,6,5,16,7,0,Midfielder,
Wissam Ben Yedder,FRA,Monaco,fr Ligue 1,32 years,25.7,4.0,3,1,2,1,1.0,11,9.1,10,18,0,18,8,12,1,0,Forward,
Carlos Benavídez,URU,Alavés,es La Liga,25 years,12.6,56.0,35,19,26,11,19.0,34,55.9,15,13,5,8,19,75,31,0,Midfielder,
Ismaël Bennacer,ALG,Milan,it Serie A,25 years,12.8,29.0,19,11,16,2,11.0,22,50.0,11,12,4,8,12,41,9,2,Midfielder,
Saïd Benrahma,ALG,West Ham,eng Premier League,27 years,6.9,8.0,4,5,3,0,4.0,15,26.7,11,8,0,8,5,13,7,0,Forward,Midfielder
Saïd Benrahma,ALG,Lyon,fr Ligue 1,27 years,8.6,9.0,7,1,6,2,5.0,7,71.4,2,7,0,7,1,10,3,0,Forward,Midfielder
Ramy Bensebaini,ALG,Dortmund,de Bundesliga,28 years,11.5,34.0,21,21,11,2,24.0,34,70.6,10,22,7,15,16,50,37,0,Defender,
Nabil Bentaleb,ALG,Lille,fr Ligue 1,28 years,21.9,49.0,32,29,18,2,22.0,43,51.2,21,33,12,21,37,86,33,0,Midfielder,
Rodrigo Bentancur,URU,Tottenham,eng Premier League,26 years,11.2,23.0,15,10,11,2,10.0,24,41.7,14,15,4,11,17,40,16,1,Midfielder,
Daniel Bentley,ENG,Wolves,eng Premier League,30 years,4.3,0.0,0,0,0,0,0.0,1,0.0,1,0,0,0,0,0,1,0,Goalkeeper,
Lucas Beraldo,BRA,Paris S-G,fr Ligue 1,19 years,11.2,22.0,14,14,8,0,10.0,25,40.0,15,15,6,9,20,42,25,0,Defender,
Domenico Berardi,ITA,Sassuolo,it Serie A,28 years,15.9,17.0,8,7,9,1,2.0,21,9.5,19,17,0,17,13,30,9,0,Forward,
Yuri Berchiche,ESP,Athletic Club,es La Liga,33 years,21.4,33.0,25,13,14,6,19.0,33,57.6,14,28,9,19,20,53,62,0,Defender,
Álex Berenguer,ESP,Athletic Club,es La Liga,28 years,17.7,23.0,14,9,9,5,7.0,24,29.2,17,23,0,23,5,28,13,0,Forward,
Bartosz Bereszyński,POL,Empoli,it Serie A,31 years,19.6,41.0,25,25,13,3,24.0,40,60.0,16,22,10,12,21,62,52,0,Defender,
Jóhann Berg Guðmundsson,ISL,Burnley,eng Premier League,32 years,13.2,13.0,4,6,5,2,7.0,16,43.8,9,14,0,14,16,29,16,0,Midfielder,Forward
Sander Berge,NOR,Burnley,eng Premier League,25 years,33.4,76.0,46,35,36,5,34.0,58,58.6,24,49,20,29,23,99,60,2,Midfielder,
Etrit Berisha,ALB,Empoli,it Serie A,34 years,14.0,0.0,0,0,0,0,0.0,1,0.0,1,0,0,0,0,0,7,1,Goalkeeper,
Medon Berisha,ALB,Lecce,it Serie A,19 years,2.3,3.0,1,3,0,0,0.0,2,0.0,2,2,2,0,1,4,0,0,Forward,Midfielder
Mergim Berisha,GER,Hoffenheim,de Bundesliga,25 years,1.6,0.0,0,0,0,0,0.0,0,,0,2,1,1,0,0,0,0,Forward,
Mergim Berisha,GER,Augsburg,de Bundesliga,25 years,1.4,0.0,0,0,0,0,0.0,0,,0,1,0,1,0,0,3,0,Forward,
Bernardo,BRA,Bochum,de Bundesliga,28 years,32.5,99.0,58,56,35,8,45.0,69,65.2,24,66,30,36,55,154,120,1,Defender,
Victor Bernth Kristiansen,DEN,Bologna,it Serie A,20 years,25.6,52.0,34,23,22,7,20.0,35,57.1,15,35,8,27,12,64,45,1,Defender,
Matúš Bero,SVK,Bochum,de Bundesliga,27 years,18.5,32.0,22,13,12,7,13.0,32,40.6,19,24,3,21,12,44,26,0,Midfielder,Forward
Luke Berry,ENG,Luton Town,eng Premier League,31 years,3.6,7.0,2,2,4,1,2.0,3,66.7,1,6,1,5,0,7,3,0,Midfielder,Defender
Dimitry Bertaud,COD,Montpellier,fr Ligue 1,25 years,4.0,0.0,0,0,0,0,0.0,0,,0,0,0,0,0,0,0,0,Goalkeeper,
Jan-Niklas Beste,GER,Heidenheim,de Bundesliga,24 years,28.9,77.0,49,35,24,18,28.0,55,50.9,27,48,1,47,18,95,31,0,Forward,Midfielder
Beto,GNB,Everton,eng Premier League,25 years,10.6,14.0,6,1,6,7,4.0,12,33.3,8,11,0,11,1,15,14,0,Forward,
Beto,GNB,Udinese,it Serie A,25 years,0.8,1.0,0,0,0,1,0.0,0,,0,0,0,0,0,1,0,0,Forward,
Davide Bettella,ITA,Monza,it Serie A,23 years,0.0,0.0,0,0,0,0,0.0,0,,0,0,0,0,0,0,0,0,Midfielder,
Sam Beukema,NED,Bologna,it Serie A,24 years,28.3,27.0,11,14,11,2,16.0,25,64.0,9,35,21,14,15,42,99,2,Defender,
Jordan Beyer,GER,Burnley,eng Premier League,23 years,13.7,35.0,20,22,12,1,14.0,24,58.3,10,22,15,7,16,51,68,1,Defender,
Pep Biel,ESP,Augsburg,de Bundesliga,26 years,3.2,4.0,3,0,2,2,1.0,3,33.3,2,2,1,1,2,6,2,0,Midfielder,Forward
Jaka Bijol,SVN,Udinese,it Serie A,24 years,23.2,43.0,27,34,9,0,22.0,35,62.9,13,36,21,15,23,66,140,1,Defender,
El Bilal Touré,MLI,Atalanta,it Serie A,21 years,4.4,1.0,1,0,1,0,0.0,1,0.0,1,0,0,0,1,2,2,0,Forward,
Philip Billing,DEN,Bournemouth,eng Premier League,27 years,15.5,33.0,16,7,22,4,9.0,27,33.3,18,31,5,26,20,53,28,1,Midfielder,
Cristiano Biraghi,ITA,Fiorentina,it Serie A,30 years,26.2,47.0,28,20,24,3,28.0,52,53.8,24,30,5,25,14,61,43,0,Defender,
Davide Biraschi,ITA,Genoa,it Serie A,29 years,1.0,3.0,3,1,2,0,1.0,3,33.3,2,0,0,0,2,5,5,0,Defender,
Samuele Birindelli,ITA,Monza,it Serie A,24 years,22.4,28.0,19,16,7,5,14.0,25,56.0,11,30,11,19,18,46,48,0,Defender,
Tom Bischof,GER,Hoffenheim,de Bundesliga,18 years,2.0,8.0,4,6,1,1,2.0,9,22.2,7,3,0,3,1,9,2,0,Midfielder,Forward
Yves Bissouma,MLI,Tottenham,eng Premier League,26 years,23.0,80.0,52,32,36,12,41.0,61,67.2,20,28,5,23,37,117,43,3,Midfielder,
Leonardo Bittencourt,GER,Werder Bremen,de Bundesliga,29 years,17.5,42.0,18,20,17,5,15.0,39,38.5,24,18,1,17,13,55,6,0,Midfielder,
Marco Bizot,NED,Brest,fr Ligue 1,32 years,32.0,0.0,0,0,0,0,0.0,1,0.0,1,0,0,0,0,0,18,3,Goalkeeper,
Antonio Blanco,ESP,Alavés,es La Liga,23 years,27.0,61.0,36,29,27,5,31.0,86,36.0,55,25,2,23,35,96,30,0,Midfielder,
Rubén Blanco,ESP,Marseille,fr Ligue 1,28 years,1.3,0.0,0,0,0,0,0.0,0,,0,0,0,0,0,0,0,0,Goalkeeper,
Hendry Blank,GER,Dortmund,de Bundesliga,18 years,0.5,1.0,0,1,0,0,1.0,1,100.0,0,1,0,1,0,1,4,0,Defender,
Ludovic Blas,FRA,Rennes,fr Ligue 1,25 years,17.4,30.0,14,16,13,1,12.0,28,42.9,16,13,1,12,6,36,9,0,Forward,Midfielder
Janis Blaswich,GER,RB Leipzig,de Bundesliga,32 years,21.0,1.0,1,1,0,0,0.0,0,,0,0,0,0,0,1,7,3,Goalkeeper,
Alexis Blin,FRA,Lecce,it Serie A,26 years,18.2,33.0,19,11,19,3,15.0,43,34.9,28,16,2,14,22,55,39,0,Midfielder,
Daley Blind,NED,Girona,es La Liga,33 years,33.0,47.0,21,33,13,1,29.0,47,61.7,18,37,19,18,21,68,113,0,Defender,
Myron Boadu,NED,Monaco,fr Ligue 1,22 years,0.9,2.0,2,0,1,1,1.0,2,50.0,1,2,0,2,0,2,0,0,Forward,
Benicio Boaitey,ENG,Brighton,eng Premier League,19 years,0.4,0.0,0,0,0,0,0.0,1,0.0,1,1,0,1,0,0,2,0,Forward,Defender
Jérôme Boateng,GER,Salernitana,it Serie A,34 years,2.6,0.0,0,0,0,0,0.0,0,,0,6,5,1,4,4,21,0,Defender,
Oscar Bobb,NOR,Manchester City,eng Premier League,20 years,3.4,7.0,3,1,2,4,2.0,4,50.0,2,4,0,4,5,12,1,0,Forward,Midfielder
Sacha Boey,FRA,Bayern Munich,de Bundesliga,22 years,1.2,2.0,0,2,0,0,1.0,2,50.0,1,1,0,1,1,3,2,0,Defender,
Jeremie Boga,CIV,Nice,fr Ligue 1,26 years,22.2,18.0,7,6,10,2,10.0,20,50.0,10,26,2,24,8,26,4,0,Forward,
Jayden Bogle,ENG,Sheffield Utd,eng Premier League,23 years,31.0,66.0,36,43,21,2,35.0,70,50.0,35,42,11,31,32,98,97,0,Defender,
Emil Bohinen,NOR,Genoa,it Serie A,24 years,0.6,1.0,1,0,1,0,0.0,0,,0,1,0,1,0,1,3,0,Midfielder,
Emil Bohinen,NOR,Salernitana,it Serie A,24 years,5.9,8.0,6,5,3,0,2.0,10,20.0,8,8,2,6,14,22,6,1,Midfielder,
Adama Bojang,GAM,Reims,fr Ligue 1,19 years,0.9,2.0,1,1,0,1,0.0,0,,0,2,1,1,1,3,0,0,Forward,
Daniel Boloca,ROU,Sassuolo,it Serie A,24 years,22.5,48.0,33,18,25,5,27.0,46,58.7,19,23,13,10,14,62,33,2,Midfielder,
Willy Boly,CIV,Nottingham Forest,eng Premier League,32 years,16.0,46.0,29,36,9,1,22.0,40,55.0,18,32,21,11,25,71,90,0,Defender,
Giacomo Bonaventura,ITA,Fiorentina,it Serie A,33 years,25.3,26.0,13,6,10,10,9.0,21,42.9,12,16,1,15,14,40,10,0,Midfielder,
Federico Bonazzoli,ITA,Hellas Verona,it Serie A,26 years,11.3,4.0,1,1,3,0,1.0,8,12.5,7,9,1,8,3,7,3,0,Forward,Midfielder
Warren Bondo,FRA,Monza,it Serie A,19 years,16.4,29.0,22,16,10,3,13.0,17,76.5,4,13,3,10,6,35,13,0,Midfielder,
Giovanni Bonfanti,ITA,Atalanta,it Serie A,20 years,1.0,4.0,2,2,2,0,2.0,3,66.7,1,1,1,0,1,5,1,0,Defender,
Victor Boniface,NGA,Leverkusen,de Bundesliga,22 years,17.2,6.0,4,0,1,5,1.0,4,25.0,3,6,1,5,0,6,13,0,Forward,
Kevin Bonifazi,ITA,Bologna,it Serie A,27 years,1.0,4.0,0,0,4,0,1.0,2,50.0,1,0,0,0,0,4,7,1,Defender,
Kevin Bonifazi,ITA,Frosinone,it Serie A,27 years,3.4,5.0,3,2,3,0,2.0,3,66.7,1,1,0,1,3,8,9,0,Defender,
Leonardo Bonucci,ITA,Union Berlin,de Bundesliga,36 years,5.1,6.0,5,2,4,0,4.0,4,100.0,0,5,3,2,7,13,16,0,Defender,
Neto Borges,BRA,Clermont Foot,fr Ligue 1,26 years,28.0,48.0,24,25,18,5,28.0,63,44.4,35,28,6,22,57,105,84,0,Defender,
Yvandro Borges Sanches,LUX,Gladbach,de Bundesliga,19 years,0.2,0.0,0,0,0,0,0.0,0,,0,0,0,0,0,0,0,0,Midfielder,Forward
Sebastiaan Bornauw,BEL,Wolfsburg,de Bundesliga,24 years,15.9,26.0,12,19,7,0,13.0,19,68.4,6,21,12,9,18,44,81,0,Defender,
Rafael Borré,COL,Werder Bremen,de Bundesliga,27 years,11.0,10.0,7,2,4,4,5.0,16,31.3,11,8,2,6,2,12,10,0,Forward,
Gennaro Borrelli,ITA,Frosinone,it Serie A,23 years,0.3,0.0,0,0,0,0,0.0,0,,0,0,0,0,0,0,0,0,Forward,
Adri Bosch,ESP,Granada,es La Liga,22 years,0.3,1.0,1,1,0,0,0.0,0,,0,0,0,0,0,1,1,0,Defender,
Erik Botheim,NOR,Salernitana,it Serie A,23 years,3.5,2.0,0,2,0,0,0.0,1,0.0,1,3,0,3,0,2,2,0,Forward,Midfielder
Sven Botman,NED,Newcastle Utd,eng Premier League,23 years,15.3,20.0,13,14,6,0,8.0,13,61.5,5,20,16,4,9,29,61,3,Defender,
Saïmon Bouabré,FRA,Monaco,fr Ligue 1,17 years,0.5,2.0,2,0,2,0,1.0,2,50.0,1,1,0,1,0,2,0,0,Midfielder,
Ayyoub Bouaddi,FRA,Lille,fr Ligue 1,15 years,1.5,6.0,2,6,0,0,2.0,5,40.0,3,2,0,2,1,7,3,0,Midfielder,
Badredine Bouanani,ALG,Nice,fr Ligue 1,18 years,1.8,3.0,2,1,1,1,3.0,4,75.0,1,5,0,5,3,6,0,0,Forward,
Badredine Bouanani,ALG,Lorient,fr Ligue 1,18 years,4.9,4.0,2,1,1,2,2.0,4,50.0,2,3,0,3,2,6,3,0,Midfielder,
Mohamed Bouchenna,FRA,Clermont Foot,fr Ligue 1,17 years,0.3,1.0,0,1,0,0,0.0,0,,0,0,0,0,0,1,0,0,Midfielder,Forward
Hicham Boudaoui,ALG,Nice,fr Ligue 1,23 years,17.9,41.0,19,16,22,3,21.0,30,70.0,9,15,1,14,11,52,15,0,Midfielder,
Yassine Bounou,MAR,Sevilla,es La Liga,32 years,1.0,0.0,0,0,0,0,0.0,0,,0,0,0,0,0,0,0,0,Goalkeeper,
Mehdi Bourabia,MAR,Frosinone,it Serie A,31 years,2.2,5.0,4,1,4,0,2.0,4,50.0,2,3,0,3,0,5,4,0,Midfielder,
Benjamin Bourigeaud,FRA,Rennes,fr Ligue 1,29 years,26.9,31.0,18,14,9,8,13.0,44,29.5,31,31,2,29,22,53,39,2,Midfielder,Forward
Bilal Boutobba,FRA,Clermont Foot,fr Ligue 1,24 years,10.3,22.0,12,6,10,6,10.0,23,43.5,13,9,0,9,8,30,3,0,Forward,Midfielder
Hugo Boutsingkham,FRA,Nantes,fr Ligue 1,20 years,0.1,0.0,0,0,0,0,0.0,0,,0,0,0,0,0,0,1,0,Midfielder,Forward
Edoardo Bove,ITA,Roma,it Serie A,21 years,19.8,60.0,31,16,31,13,27.0,46,58.7,19,21,1,20,11,71,11,1,Midfielder,
Jarrod Bowen,ENG,West Ham,eng Premier League,26 years,33.5,42.0,28,14,14,14,13.0,35,37.1,22,37,5,32,19,61,14,0,Forward,
Lucas Boyé,ARG,Granada,es La Liga,27 years,28.2,50.0,25,14,25,11,14.0,34,41.2,20,35,5,30,10,60,46,0,Forward,
Domagoj Bradarić,CRO,Salernitana,it Serie A,23 years,30.5,29.0,20,13,10,6,15.0,25,60.0,10,22,7,15,32,61,62,1,Defender,
Conor Bradley,NIR,Liverpool,eng Premier League,20 years,8.4,33.0,25,14,12,7,24.0,38,63.2,14,17,1,16,10,43,14,0,Defender,
Bilal Brahimi,ALG,Nice,fr Ligue 1,23 years,0.1,0.0,0,0,0,0,0.0,1,0.0,1,0,0,0,0,0,0,0,Forward,
Bilal Brahimi,ALG,Brest,fr Ligue 1,23 years,2.5,0.0,0,0,0,0,0.0,3,0.0,3,3,0,3,0,0,0,0,Forward,Midfielder
Julian Brandt,GER,Dortmund,de Bundesliga,27 years,24.7,17.0,14,8,8,1,10.0,27,37.0,17,20,3,17,8,25,18,0,Midfielder,Forward
Jarrad Branthwaite,ENG,Everton,eng Premier League,21 years,34.6,66.0,32,42,22,2,45.0,62,72.6,17,51,36,15,50,116,163,2,Defender,
Darko Brašanac,SRB,Osasuna,es La Liga,31 years,0.5,1.0,0,1,0,0,1.0,1,100.0,0,1,0,1,0,1,0,0,Midfielder,
Lilian Brassier,FRA,Brest,fr Ligue 1,23 years,29.7,31.0,18,18,13,0,12.0,24,50.0,12,28,21,7,41,72,93,0,Defender,
Brau,ESP,Granada,es La Liga,21 years,0.3,1.0,0,1,0,0,1.0,1,100.0,0,0,0,0,0,1,2,0,Defender,
Claudio Bravo,CHI,Betis,es La Liga,40 years,7.0,0.0,0,0,0,0,0.0,1,0.0,1,0,0,0,0,0,2,0,Goalkeeper,
Fabian Bredlow,GER,Stuttgart,de Bundesliga,28 years,4.0,0.0,0,0,0,0,0.0,1,0.0,1,0,0,0,0,0,3,0,Goalkeeper,
Tim Breithaupt,GER,Augsburg,de Bundesliga,21 years,7.0,20.0,11,11,9,0,13.0,21,61.9,8,15,3,12,8,28,10,0,Midfielder,
Josip Brekalo,CRO,Fiorentina,it Serie A,25 years,7.2,8.0,6,6,2,0,2.0,11,18.2,9,7,0,7,1,9,0,0,Forward,
Gleison Bremer,BRA,Juventus,it Serie A,26 years,35.9,58.0,42,32,21,5,21.0,29,72.4,8,45,27,18,40,98,147,0,Defender,
Brenner,BRA,Udinese,it Serie A,23 years,2.1,8.0,7,1,5,2,4.0,7,57.1,3,2,0,2,0,8,2,0,Midfielder,Forward
Ben Brereton,CHI,Sheffield Utd,eng Premier League,24 years,12.3,9.0,4,4,4,1,4.0,10,40.0,6,9,3,6,3,12,12,0,Forward,Midfielder
Ben Brereton,CHI,Villarreal,es La Liga,24 years,3.0,2.0,2,1,0,1,0.0,2,0.0,2,0,0,0,0,2,0,0,Forward,Midfielder
Marco Brescianini,ITA,Frosinone,it Serie A,23 years,25.8,28.0,13,13,12,3,9.0,25,36.0,16,22,5,17,10,38,37,0,Midfielder,
Maximilian Breunig,GER,Freiburg,de Bundesliga,22 years,0.1,0.0,0,0,0,0,0.0,0,,0,1,0,1,0,0,0,0,Forward,
Rhian Brewster,ENG,Sheffield Utd,eng Premier League,23 years,3.8,5.0,1,1,2,2,0.0,2,0.0,2,2,0,2,1,6,2,0,Forward,Midfielder
Bennit Bröger,GER,Wolfsburg,de Bundesliga,17 years,0.1,0.0,0,0,0,0,0.0,0,,0,0,0,0,0,0,0,0,Forward,
Armando Broja,ALB,Chelsea,eng Premier League,21 years,5.0,3.0,0,0,1,2,1.0,2,50.0,1,5,1,4,0,3,3,0,Forward,
Armando Broja,ALB,Fulham,eng Premier League,21 years,1.0,0.0,0,0,0,0,0.0,0,,0,1,0,1,0,0,0,0,Forward,
Dylan Bronn,TUN,Salernitana,it Serie A,28 years,0.6,0.0,0,0,0,0,0.0,1,0.0,1,2,0,2,0,0,4,0,Defender,Midfielder
Andre Brooks,ENG,Sheffield Utd,eng Premier League,19 years,10.4,22.0,13,7,11,4,9.0,21,42.9,12,13,1,12,14,36,20,0,Midfielder,Defender
David Brooks,WAL,Bournemouth,eng Premier League,26 years,3.1,5.0,4,2,1,2,2.0,4,50.0,2,3,0,3,2,7,2,0,Forward,Midfielder
John Brooks,USA,Hoffenheim,de Bundesliga,30 years,17.1,28.0,15,17,10,1,15.0,30,50.0,15,29,17,12,27,55,109,1,Defender,
Moritz Broschinski,GER,Bochum,de Bundesliga,22 years,13.9,11.0,7,2,5,4,2.0,8,25.0,6,11,2,9,0,11,6,0,Forward,
Jacob Brown,SCO,Luton Town,eng Premier League,25 years,11.3,19.0,12,7,7,5,7.0,18,38.9,11,20,1,19,8,27,22,0,Midfielder,Forward
Josh Brownhill,ENG,Burnley,eng Premier League,27 years,25.0,61.0,35,23,28,10,27.0,37,73.0,10,33,8,25,34,95,40,1,Midfielder,
Alexander Brunst,GER,Darmstadt 98,de Bundesliga,28 years,3.0,0.0,0,0,0,0,0.0,2,0.0,2,0,0,0,0,0,2,1,Goalkeeper,
Jacob Bruun Larsen,DEN,Burnley,eng Premier League,24 years,13.9,9.0,4,4,3,2,7.0,21,33.3,14,16,2,14,7,16,23,0,Midfielder,Forward
Tajon Buchanan,CAN,Inter,it Serie A,24 years,1.8,1.0,1,0,0,1,1.0,2,50.0,1,1,0,1,0,1,4,0,Defender,
Ante Budimir,CRO,Osasuna,es La Liga,32 years,27.1,21.0,15,2,11,8,5.0,14,35.7,9,19,5,14,5,26,18,0,Forward,
Hugo Bueno,ESP,Wolves,eng Premier League,20 years,8.2,21.0,14,12,7,2,12.0,19,63.2,7,17,4,13,6,27,24,0,Defender,Midfielder
Manu Bueno,ESP,Sevilla,es La Liga,19 years,1.3,4.0,2,4,0,0,3.0,3,100.0,0,3,0,3,0,4,1,0,Midfielder,
Santiago Bueno,URU,Wolves,eng Premier League,24 years,9.1,13.0,7,5,7,1,5.0,11,45.5,6,22,12,10,6,19,33,0,Defender,
Marius Bülter,GER,Hoffenheim,de Bundesliga,30 years,15.0,18.0,11,9,5,4,12.0,23,52.2,11,17,3,14,10,28,20,0,Defender,Forward
Facundo Buonanotte,ARG,Brighton,eng Premier League,18 years,15.2,42.0,22,13,22,7,14.0,44,31.8,30,22,3,19,8,50,5,0,Forward,Midfielder
Alessandro Buongiorno,ITA,Torino,it Serie A,24 years,28.1,70.0,39,43,24,3,24.0,34,70.6,10,20,12,8,69,139,131,0,Defender,
Jonathan Burkardt,GER,Mainz 05,de Bundesliga,23 years,17.1,12.0,8,2,6,4,4.0,11,36.4,7,16,3,13,3,15,2,0,Forward,Midfielder
Oliver Burke,SCO,Werder Bremen,de Bundesliga,26 years,0.4,0.0,0,0,0,0,0.0,2,0.0,2,0,0,0,0,0,0,0,Forward,
Reece Burke,ENG,Luton Town,eng Premier League,26 years,18.4,37.0,23,17,14,6,12.0,26,46.2,14,25,18,7,18,55,78,1,Defender,
Dan Burn,ENG,Newcastle Utd,eng Premier League,31 years,30.3,61.0,33,37,20,4,26.0,61,42.6,35,55,25,30,37,98,124,1,Defender,
Rareș-Cătălin Burnete,ROU,Lecce,it Serie A,19 years,0.1,0.0,0,0,0,0,0.0,0,,0,0,0,0,0,0,0,0,Forward,
Mason Burstow,ENG,Chelsea,eng Premier League,19 years,0.1,0.0,0,0,0,0,0.0,0,,0,0,0,0,0,0,0,0,Forward,
Marnon Busch,GER,Heidenheim,de Bundesliga,28 years,6.6,11.0,9,6,3,2,7.0,12,58.3,5,9,2,7,10,21,12,0,Defender,
Maxime Busi,BEL,Reims,fr Ligue 1,23 years,1.8,2.0,0,0,1,1,0.0,2,0.0,2,6,1,5,4,6,5,0,Forward,Defender
Pablo Busto,ESP,Betis,es La Liga,17 years,0.5,1.0,1,0,0,1,1.0,1,100.0,0,0,0,0,1,2,3,0,Defender,
Aurélio Buta,POR,Eintracht Frankfurt,de Bundesliga,26 years,19.4,40.0,25,19,16,5,21.0,38,55.3,17,24,5,19,15,55,36,0,Defender,Midfielder
Marcin Bułka,POL,Nice,fr Ligue 1,23 years,34.0,0.0,0,0,0,0,0.0,2,0.0,2,0,0,0,0,0,9,3,Goalkeeper,
Rémy Cabella,FRA,Lille,fr Ligue 1,33 years,16.4,54.0,36,19,20,15,20.0,54,37.0,34,32,0,32,5,59,5,0,Forward,Midfielder
Jovane Cabral,CPV,Salernitana,it Serie A,25 years,7.5,13.0,9,4,7,2,3.0,9,33.3,6,3,0,3,1,14,4,0,Midfielder,Forward
Liberato Cacace,NZL,Empoli,it Serie A,22 years,21.2,40.0,24,24,13,3,24.0,38,63.2,14,23,6,17,19,59,56,0,Defender,
Anthony Caci,FRA,Mainz 05,de Bundesliga,26 years,27.6,56.0,23,30,25,1,27.0,44,61.4,17,43,7,36,32,88,45,0,Defender,
Moisés Caicedo,ECU,Chelsea,eng Premier League,21 years,31.8,91.0,46,38,42,11,36.0,60,60.0,24,59,25,34,37,128,44,4,Midfielder,
Tom Cairney,SCO,Fulham,eng Premier League,32 years,16.5,24.0,16,10,12,2,13.0,25,52.0,12,16,4,12,13,37,6,0,Midfielder,
Jens Cajuste,SWE,Napoli,it Serie A,23 years,11.3,36.0,24,13,17,6,20.0,37,54.1,17,20,3,17,4,40,15,0,Midfielder,
Davide Calabria,ITA,Milan,it Serie A,26 years,24.3,70.0,38,38,25,7,44.0,72,61.1,28,26,7,19,24,94,49,1,Defender,
Riccardo Calafiori,ITA,Bologna,it Serie A,21 years,26.1,47.0,32,28,16,3,22.0,32,68.8,10,38,13,25,50,97,74,3,Defender,
Mattia Caldara,ITA,Milan,it Serie A,29 years,0.4,1.0,1,1,0,0,1.0,1,100.0,0,1,1,0,1,2,1,0,Defender,
Luca Caldirola,ITA,Monza,it Serie A,32 years,23.8,25.0,14,19,4,2,13.0,22,59.1,9,26,17,9,29,54,53,0,Defender,
Duje Ćaleta-Car,CRO,Lyon,fr Ligue 1,26 years,22.1,26.0,11,19,6,1,18.0,22,81.8,4,27,14,13,18,44,94,1,Defender,
Hakan Çalhanoğlu,TUR,Inter,it Serie A,29 years,28.4,66.0,33,29,29,8,32.0,49,65.3,17,29,13,16,24,90,22,0,Midfielder,
José Callejón,ESP,Granada,es La Liga,36 years,8.9,13.0,6,10,3,0,8.0,22,36.4,14,7,1,6,5,18,10,0,Midfielder,Forward
Dominic Calvert-Lewin,ENG,Everton,eng Premier League,26 years,24.1,13.0,6,2,6,5,2.0,15,13.3,13,14,4,10,4,17,38,0,Forward,
Lamine Camara,SEN,Metz,fr Ligue 1,19 years,25.1,62.0,42,26,30,6,24.0,49,49.0,25,35,2,33,28,90,34,0,Midfielder,
Mahdi Camara,FRA,Brest,fr Ligue 1,25 years,22.4,55.0,39,8,40,7,20.0,49,40.8,29,24,1,23,27,82,19,0,Midfielder,
Mohamed Camara,MLI,Monaco,fr Ligue 1,23 years,11.5,35.0,21,10,20,5,15.0,29,51.7,14,8,2,6,11,46,7,0,Midfielder,
Francesco Camarda,ITA,Milan,it Serie A,15 years,0.2,0.0,0,0,0,0,0.0,2,0.0,2,0,0,0,0,0,0,0,Forward,
Eduardo Camavinga,FRA,Real Madrid,es La Liga,20 years,20.2,76.0,47,39,29,8,23.0,39,59.0,16,36,8,28,29,105,29,1,Midfielder,Defender
Nicolò Cambiaghi,ITA,Empoli,it Serie A,22 years,28.4,51.0,39,15,20,16,16.0,35,45.7,19,26,1,25,14,65,8,0,Forward,Midfielder
Andrea Cambiaso,ITA,Juventus,it Serie A,23 years,26.4,47.0,30,23,15,9,25.0,43,58.1,18,28,3,25,11,58,26,1,Defender,Forward
Axel Camblan,FRA,Brest,fr Ligue 1,19 years,1.0,3.0,1,0,2,1,2.0,4,50.0,2,2,0,2,0,3,0,0,Forward,
Sergio Camello,ESP,Rayo Vallecano,es La Liga,22 years,18.5,16.0,5,3,10,3,6.0,15,40.0,9,10,2,8,3,19,15,0,Forward,
José Campaña,ESP,Las Palmas,es La Liga,30 years,1.9,2.0,2,1,1,0,0.0,2,0.0,2,3,2,1,2,4,3,0,Midfielder,
Emre Can,GER,Dortmund,de Bundesliga,29 years,21.7,63.0,45,37,23,3,28.0,48,58.3,20,30,7,23,22,85,41,2,Midfielder,Defender
Matteo Cancellieri,ITA,Empoli,it Serie A,21 years,19.9,35.0,22,12,16,7,13.0,36,36.1,23,19,0,19,6,41,18,0,Forward,Midfielder
João Cancelo,POR,Barcelona,es La Liga,29 years,27.8,64.0,44,35,21,8,38.0,58,65.5,20,35,6,29,29,93,59,1,Defender,
Fali Candé,GNB,Metz,fr Ligue 1,25 years,20.5,40.0,19,31,9,0,20.0,35,57.1,15,41,28,13,20,60,107,1,Defender,
Antonio Candreva,ITA,Salernitana,it Serie A,36 years,30.6,18.0,13,8,8,2,9.0,25,36.0,16,9,0,9,7,25,23,0,Midfielder,Forward
Thomas Cannon,IRL,Everton,eng Premier League,20 years,0.0,0.0,0,0,0,0,0.0,0,,0,0,0,0,0,0,0,0,Forward,
Sergi Canós,ESP,Valencia,es La Liga,26 years,13.7,23.0,13,7,11,5,10.0,24,41.7,14,14,2,12,11,34,9,0,Midfielder,Forward
Luigi Canotto,ITA,Frosinone,it Serie A,29 years,0.2,0.0,0,0,0,0,0.0,0,,0,0,0,0,0,0,0,0,Forward,
Gino Caoki,FRA,Lorient,fr Ligue 1,19 years,0.1,0.0,0,0,0,0,0.0,1,0.0,1,0,0,0,0,0,0,0,Midfielder,
Étienne Capoue,FRA,Villarreal,es La Liga,35 years,16.2,32.0,18,17,12,3,15.0,22,68.2,7,20,4,16,22,54,24,1,Midfielder,
Gianluca Caprari,ITA,Monza,it Serie A,30 years,3.2,2.0,1,1,1,0,0.0,1,0.0,1,0,0,0,2,4,0,0,Midfielder,Forward
Elia Caprile,ITA,Empoli,it Serie A,21 years,23.0,1.0,0,1,0,0,1.0,1,100.0,0,0,0,0,0,1,16,2,Goalkeeper,
Francesco Caputo,ITA,Empoli,it Serie A,35 years,14.1,2.0,0,0,0,2,0.0,1,0.0,1,4,0,4,1,3,3,0,Forward,
Maxence Caqueret,FRA,Lyon,fr Ligue 1,23 years,33.6,91.0,64,39,37,15,38.0,107,35.5,69,40,9,31,48,139,26,2,Midfielder,
Andrea Carboni,ITA,Monza,it Serie A,22 years,16.5,38.0,22,24,12,2,20.0,31,64.5,11,23,13,10,17,55,56,1,Defender,
Valentin Carboni,ARG,Monza,it Serie A,18 years,13.0,25.0,15,10,12,3,8.0,26,30.8,18,12,1,11,7,32,4,0,Midfielder,Forward
Isaac Carcelen,ESP,Cádiz,es La Liga,30 years,29.0,50.0,31,30,15,5,25.0,45,55.6,20,24,7,17,27,77,87,2,Defender,
Cárdenas,ESP,Rayo Vallecano,es La Liga,26 years,1.0,0.0,0,0,0,0,0.0,0,,0,0,0,0,0,0,1,0,Goalkeeper,
Irvin Cardona,FRA,Augsburg,de Bundesliga,25 years,0.6,1.0,1,0,0,1,1.0,3,33.3,2,1,0,1,0,1,1,0,Midfielder,Defender
Marc Cardona,ESP,Las Palmas,es La Liga,28 years,8.2,9.0,8,3,4,2,1.0,12,8.3,11,5,0,5,2,11,7,0,Forward,
Sergi Cardona,ESP,Las Palmas,es La Liga,24 years,31.3,90.0,55,52,29,9,55.0,96,57.3,41,45,7,38,46,136,102,0,Defender,
Johnny Cardoso,USA,Betis,es La Liga,21 years,14.8,48.0,29,19,24,5,22.0,33,66.7,11,20,5,15,32,80,31,0,Midfielder,
Igor Carioca,BRA,Lorient,fr Ligue 1,26 years,2.9,8.0,6,6,1,1,4.0,6,66.7,2,0,0,0,3,11,6,0,Defender,Midfielder
Diego Carlos,BRA,Aston Villa,eng Premier League,30 years,20.2,27.0,16,22,4,1,13.0,21,61.9,8,24,19,5,13,40,78,3,Defender,
Carmona,ESP,Getafe,es La Liga,21 years,14.6,30.0,21,13,14,3,9.0,28,32.1,19,15,2,13,21,51,25,0,Defender,Midfielder
Marco Carnesecchi,ITA,Atalanta,it Serie A,23 years,26.9,0.0,0,0,0,0,0.0,0,,0,0,0,0,0,0,22,3,Goalkeeper,
Yannick Carrasco,BEL,Atlético Madrid,es La Liga,29 years,2.5,4.0,4,3,1,0,2.0,7,28.6,5,2,0,2,1,5,6,0,Defender,
Álvaro Carreras,ESP,Granada,es La Liga,20 years,5.3,13.0,8,8,4,1,5.0,11,45.5,6,5,1,4,7,20,9,1,Midfielder,Forward
Rasmus Carstensen,DEN,Köln,de Bundesliga,22 years,18.4,47.0,22,23,20,4,31.0,56,55.4,25,38,9,29,20,67,50,2,Defender,Forward
Antonin Cartillier,FRA,Monaco,fr Ligue 1,19 years,0.1,0.0,0,0,0,0,0.0,0,,0,1,0,1,0,0,0,0,Defender,
Dani Carvajal,ESP,Real Madrid,es La Liga,31 years,24.1,47.0,32,28,15,4,23.0,42,54.8,19,28,9,19,22,69,54,4,Defender,
Fabio Carvalho,POR,RB Leipzig,de Bundesliga,20 years,1.8,3.0,1,0,2,1,1.0,3,33.3,2,8,0,8,0,3,1,0,Midfielder,
William Carvalho,POR,Betis,es La Liga,31 years,7.6,20.0,12,11,7,2,10.0,16,62.5,6,8,1,7,8,28,9,1,Midfielder,
Cesare Casadei,ITA,Chelsea,eng Premier League,20 years,0.9,5.0,3,2,1,2,2.0,5,40.0,3,1,0,1,0,5,4,0,Forward,Midfielder
Marc Casado,ESP,Barcelona,es La Liga,19 years,0.2,1.0,1,1,0,0,1.0,1,100.0,0,0,0,0,1,2,2,0,Midfielder,
Nicolò Casale,ITA,Lazio,it Serie A,25 years,17.3,15.0,9,13,2,0,6.0,15,40.0,9,19,16,3,12,27,61,0,Defender,
Casemiro,BRA,Manchester Utd,eng Premier League,31 years,22.0,83.0,56,43,32,8,51.0,106,48.1,55,74,33,41,18,101,71,1,Midfielder,Defender
Kaelan Casey,ENG,West Ham,eng Premier League,18 years,0.0,0.0,0,0,0,0,0.0,0,,0,0,0,0,0,0,1,0,Defender,
Matty Cash,POL,Aston Villa,eng Premier League,25 years,23.8,54.0,31,24,24,6,29.0,59,49.2,30,35,14,21,18,72,59,0,Defender,
Josué Casimir,FRA,Le Havre,fr Ligue 1,21 years,22.4,31.0,18,14,14,3,7.0,18,38.9,11,23,2,21,13,44,25,0,Forward,Defender
Giuseppe Caso,ITA,Frosinone,it Serie A,24 years,4.6,4.0,3,2,0,2,2.0,3,66.7,1,0,0,0,0,4,0,0,Forward,Midfielder
Cristian Cásseres Jr.,VEN,Toulouse,fr Ligue 1,23 years,21.6,70.0,34,31,33,6,29.0,61,47.5,32,34,4,30,27,97,33,1,Midfielder,
Timothy Castagne,BEL,Fulham,eng Premier League,27 years,29.3,49.0,24,23,16,10,26.0,44,59.1,18,38,10,28,38,87,69,1,Defender,
Koen Casteels,BEL,Wolfsburg,de Bundesliga,31 years,25.0,2.0,1,2,0,0,2.0,3,66.7,1,0,0,0,0,2,16,5,Goalkeeper,
Valentín Castellanos,ARG,Lazio,it Serie A,24 years,18.7,22.0,10,1,12,9,6.0,20,30.0,14,22,2,20,2,24,18,0,Forward,
Jean-Charles Castelletto,CMR,Nantes,fr Ligue 1,28 years,27.4,34.0,26,22,10,2,18.0,29,62.1,11,19,10,9,32,66,81,0,Defender,
Samu Castillejo,ESP,Sassuolo,it Serie A,28 years,6.0,12.0,10,5,5,2,7.0,19,36.8,12,16,1,15,1,13,3,0,Forward,Midfielder
Jonny Castro,ESP,Wolves,eng Premier League,29 years,0.1,0.0,0,0,0,0,0.0,1,0.0,1,1,1,0,0,0,0,0,Midfielder,
Santiago Castro,ARG,Bologna,it Serie A,18 years,2.7,2.0,1,0,1,1,1.0,3,33.3,2,1,0,1,1,3,1,0,Forward,
Gaetano Castrovilli,ITA,Fiorentina,it Serie A,26 years,4.1,3.0,2,1,2,0,1.0,8,12.5,7,4,0,4,2,5,3,0,Forward,Midfielder
Danilo Cataldi,ITA,Lazio,it Serie A,28 years,15.1,24.0,12,7,16,1,8.0,18,44.4,10,15,7,8,17,41,19,1,Midfielder,
Catena,ESP,Osasuna,es La Liga,28 years,28.2,33.0,18,26,6,1,19.0,35,54.3,16,24,15,9,15,48,119,3,Defender,
Maximiliano Caufriez,BEL,Clermont Foot,fr Ligue 1,26 years,18.4,38.0,28,31,5,2,19.0,29,65.5,10,18,12,6,18,56,69,2,Defender,
Ivan Cavaleiro,POR,Lille,fr Ligue 1,29 years,8.6,10.0,6,3,4,3,7.0,20,35.0,13,9,2,7,5,15,6,0,Forward,
Dani Ceballos,ESP,Real Madrid,es La Liga,26 years,6.6,10.0,5,4,5,1,5.0,14,35.7,9,9,2,7,0,10,4,1,Midfielder,Forward
Emil Ceide,NOR,Sassuolo,it Serie A,21 years,2.0,2.0,2,1,1,0,1.0,1,100.0,0,6,1,5,0,2,0,0,Forward,Midfielder
Zeki Çelik,TUR,Roma,it Serie A,26 years,7.5,23.0,16,10,10,3,14.0,25,56.0,11,12,5,7,8,31,25,0,Defender,
Álex Centelles,ESP,Almería,es La Liga,25 years,10.9,11.0,6,9,2,0,8.0,18,44.4,10,5,2,3,18,29,29,0,Defender,
Fabien Centonze,FRA,Hellas Verona,it Serie A,27 years,7.5,14.0,8,10,4,0,5.0,10,50.0,5,14,2,12,10,24,18,0,Defender,
Fabien Centonze,FRA,Nantes,fr Ligue 1,27 years,1.0,2.0,1,2,0,0,2.0,3,66.7,1,2,1,1,0,2,1,0,Defender,
Václav Černý,CZE,Wolfsburg,de Bundesliga,25 years,10.2,8.0,3,3,4,1,2.0,14,14.3,12,13,0,13,8,16,6,0,Forward,Midfielder
Michele Cerofolini,ITA,Frosinone,it Serie A,24 years,7.5,0.0,0,0,0,0,0.0,0,,0,0,0,0,0,0,5,1,Goalkeeper,
Alberto Cerri,ITA,Empoli,it Serie A,27 years,6.1,3.0,3,1,1,1,2.0,5,40.0,3,3,1,2,3,6,7,0,Forward,
Leonardo Cerri,ITA,Juventus,it Serie A,20 years,0.1,0.0,0,0,0,0,0.0,0,,0,0,0,0,0,0,0,0,Defender,
Franco Cervi,ARG,Celta Vigo,es La Liga,29 years,6.1,24.0,18,13,9,2,13.0,24,54.2,11,16,0,16,9,33,4,0,Midfielder,Defender
Julian Chabot,GER,Köln,de Bundesliga,25 years,30.0,59.0,42,40,17,2,35.0,59,59.3,24,66,43,23,45,104,145,0,Defender,
El Chadaille Bitshiabu,FRA,RB Leipzig,de Bundesliga,18 years,0.4,1.0,0,1,0,0,0.0,0,,0,0,0,0,1,2,4,0,Defender,Midfielder
Fares Chaïbi,ALG,Toulouse,fr Ligue 1,20 years,0.6,0.0,0,0,0,0,0.0,0,,0,0,0,0,0,0,2,0,Forward,Midfielder
Fares Chaïbi,ALG,Eintracht Frankfurt,de Bundesliga,20 years,21.2,27.0,17,7,12,8,8.0,18,44.4,10,37,1,36,5,32,19,0,Midfielder,Forward
Trevoh Chalobah,ENG,Chelsea,eng Premier League,24 years,10.6,16.0,12,10,2,4,10.0,15,66.7,5,8,7,1,8,24,51,0,Defender,
Muhammed Cham,AUT,Clermont Foot,fr Ligue 1,22 years,28.4,25.0,14,10,13,2,11.0,27,40.7,16,20,2,18,8,33,5,1,Midfielder,Forward
Calum Chambers,ENG,Aston Villa,eng Premier League,28 years,1.7,3.0,0,3,0,0,0.0,1,0.0,1,2,1,1,2,5,4,0,Midfielder,Defender
Timothy Chandler,USA,Eintracht Frankfurt,de Bundesliga,33 years,0.2,0.0,0,0,0,0,0.0,0,,0,0,0,0,0,0,0,0,Midfielder,Defender
Brendan Chardonnet,FRA,Brest,fr Ligue 1,28 years,33.0,57.0,34,33,22,2,32.0,63,50.8,31,58,34,24,53,110,139,3,Defender,
Charlys,BRA,Hellas Verona,it Serie A,19 years,0.3,0.0,0,0,0,0,0.0,0,,0,0,0,0,1,1,0,0,Midfielder,
Pep Chavarría,ESP,Rayo Vallecano,es La Liga,25 years,13.0,23.0,18,15,6,2,11.0,17,64.7,6,15,3,12,6,29,29,1,Defender,Midfielder
Jhoanner Chávez,ECU,Lens,fr Ligue 1,21 years,5.3,6.0,5,2,2,2,3.0,9,33.3,6,2,0,2,5,11,11,0,Defender,
Walid Cheddira,MAR,Frosinone,it Serie A,25 years,23.6,12.0,7,1,8,3,4.0,8,50.0,4,6,1,5,5,17,10,0,Forward,
Rayan Cherki,FRA,Lyon,fr Ligue 1,19 years,19.1,28.0,15,4,16,8,17.0,46,37.0,29,13,3,10,7,35,1,0,Midfielder,Forward
Youssef Chermiti,POR,Everton,eng Premier League,19 years,2.3,3.0,2,2,1,0,1.0,5,20.0,4,4,1,3,1,4,2,0,Forward,
Lucas Chevalier,FRA,Lille,fr Ligue 1,21 years,33.0,3.0,0,3,0,0,3.0,4,75.0,1,1,0,1,0,3,11,2,Goalkeeper,
Fabio Chiarodia,ITA,Gladbach,de Bundesliga,18 years,1.7,8.0,5,5,1,2,5.0,7,71.4,2,2,1,1,3,11,9,0,Defender,
Federico Chiesa,ITA,Juventus,it Serie A,25 years,24.4,20.0,10,7,6,7,3.0,13,23.1,10,17,1,16,6,26,4,0,Forward,
Ben Chilwell,ENG,Chelsea,eng Premier League,26 years,8.4,15.0,10,5,9,1,5.0,8,62.5,3,11,3,8,4,19,19,1,Defender,
Tawanda Chirewa,ZIM,Wolves,eng Premier League,19 years,1.6,7.0,3,3,3,1,2.0,3,66.7,1,0,0,0,1,8,0,0,Midfielder,Forward
Pedro Chirivella,ESP,Nantes,fr Ligue 1,26 years,28.8,50.0,28,20,29,1,30.0,76,39.5,46,22,5,17,31,81,28,0,Midfielder,
Leon Chiwome,ENG,Wolves,eng Premier League,17 years,1.9,2.0,1,0,1,1,1.0,2,50.0,1,3,1,2,0,2,2,0,Forward,
Tahith Chong,NED,Luton Town,eng Premier League,23 years,22.0,36.0,22,19,13,4,15.0,33,45.5,18,30,6,24,8,44,11,1,Midfielder,Forward
Joris Chotard,FRA,Montpellier,fr Ligue 1,21 years,28.7,81.0,52,45,25,11,48.0,96,50.0,48,47,21,26,44,125,60,0,Midfielder,
Andreas Christensen,DEN,Barcelona,es La Liga,27 years,22.0,23.0,14,7,14,2,16.0,28,57.1,12,23,10,13,21,44,41,0,Defender,Midfielder
Jacob Christensen,DEN,Köln,de Bundesliga,22 years,2.4,10.0,6,7,3,0,4.0,7,57.1,3,8,2,6,4,14,4,0,Midfielder,
Oliver Christensen,DEN,Fiorentina,it Serie A,24 years,4.0,0.0,0,0,0,0,0.0,0,,0,0,0,0,0,0,1,0,Goalkeeper,
Ryan Christie,SCO,Bournemouth,eng Premier League,28 years,32.3,86.0,44,34,35,17,39.0,92,42.4,53,52,11,41,52,138,53,1,Midfielder,
Carney Chukwuemeka,ENG,Chelsea,eng Premier League,19 years,2.5,6.0,4,3,3,0,1.0,3,33.3,2,1,1,0,0,6,1,0,Midfielder,Forward
Samuel Chukwueze,NGA,Milan,it Serie A,24 years,11.3,18.0,7,11,5,2,9.0,17,52.9,8,3,1,2,6,24,3,0,Forward,
Chumi,ESP,Almería,es La Liga,24 years,27.0,34.0,22,22,12,0,16.0,26,61.5,10,38,23,15,14,48,107,3,Defender,
Víctor Chust,ESP,Cádiz,es La Liga,23 years,20.7,29.0,18,23,5,1,18.0,32,56.3,14,27,21,6,11,40,92,1,Defender,
Pathé Ciss,SEN,Rayo Vallecano,es La Liga,29 years,18.5,44.0,24,16,26,2,16.0,29,55.2,13,27,10,17,30,74,54,0,Midfielder,
Alphadjo Cissè,ITA,Hellas Verona,it Serie A,16 years,0.1,0.0,0,0,0,0,0.0,0,,0,0,0,0,0,0,0,0,Forward,
Djaoui Cissé,FRA,Rennes,fr Ligue 1,19 years,0.0,0.0,0,0,0,0,0.0,0,,0,0,0,0,0,0,0,0,Midfielder,
Ibrahim Cissoko,NED,Toulouse,fr Ligue 1,20 years,2.7,4.0,3,3,1,0,1.0,3,33.3,2,3,0,3,1,5,0,0,Forward,Midfielder
Giorgio Cittadini,ITA,Monza,it Serie A,21 years,0.2,1.0,1,1,0,0,1.0,1,100.0,0,1,1,0,0,1,0,0,Defender,
Giorgio Cittadini,ITA,Genoa,it Serie A,21 years,1.2,5.0,4,4,1,0,3.0,3,100.0,0,1,0,1,3,8,5,0,Defender,
Patrick Ciurria,ITA,Monza,it Serie A,28 years,17.8,30.0,18,13,13,4,13.0,21,61.9,8,20,5,15,9,39,28,0,Defender,Midfielder
Bobby Clark,ENG,Liverpool,eng Premier League,18 years,1.0,2.0,1,1,1,0,1.0,5,20.0,4,6,2,4,1,3,1,0,Midfielder,
Jordan Clark,ENG,Luton Town,eng Premier League,29 years,14.5,30.0,17,14,11,5,11.0,39,28.2,28,24,3,21,11,41,15,1,Midfielder,
Alexis Claude-Maurice,FRA,Nice,fr Ligue 1,25 years,5.6,12.0,5,3,6,3,1.0,5,20.0,4,4,1,3,5,17,7,0,Midfielder,
Jonathan Clauss,FRA,Marseille,fr Ligue 1,30 years,23.0,47.0,20,22,19,6,26.0,49,53.1,23,17,3,14,36,83,46,0,Defender,
Silvi Clúa,ESP,Girona,es La Liga,18 years,0.0,2.0,0,2,0,0,2.0,2,100.0,0,1,0,1,0,2,0,0,Midfielder,
Nathaniel Clyne,ENG,Crystal Palace,eng Premier League,32 years,14.9,24.0,15,11,11,2,14.0,21,66.7,7,18,6,12,10,34,33,0,Defender,
Marcus Coco,FRA,Nantes,fr Ligue 1,27 years,16.5,43.0,26,29,10,4,28.0,60,46.7,32,19,1,18,21,64,38,0,Defender,Forward
Saúl Coco,EQG,Las Palmas,es La Liga,24 years,25.5,32.0,19,25,7,0,11.0,18,61.1,7,27,15,12,20,52,120,3,Defender,
Séamus Coleman,IRL,Everton,eng Premier League,34 years,7.4,17.0,14,10,3,4,11.0,16,68.8,5,12,4,8,7,24,26,1,Defender,
Maxime Colin,FRA,Metz,fr Ligue 1,31 years,20.4,39.0,23,25,7,7,16.0,29,55.2,13,22,7,15,20,59,71,0,Defender,
Nathan Collins,IRL,Brentford,eng Premier League,22 years,29.5,38.0,20,24,12,2,19.0,29,65.5,10,46,30,16,44,82,141,4,Defender,
Nnamdi Collins,GER,Eintracht Frankfurt,de Bundesliga,19 years,1.0,0.0,0,0,0,0,0.0,0,,0,0,0,0,2,2,4,0,Defender,
Lorenzo Colombo,ITA,Monza,it Serie A,21 years,15.1,17.0,12,3,9,5,8.0,14,57.1,6,18,5,13,0,17,14,0,Forward,
Andrea Colpani,ITA,Monza,it Serie A,24 years,29.5,25.0,15,6,13,6,11.0,20,55.0,9,11,4,7,14,39,14,0,Midfielder,Forward
Levi Colwill,ENG,Chelsea,eng Premier League,20 years,20.0,48.0,30,26,17,5,26.0,34,76.5,8,28,10,18,26,74,66,0,Defender,
Kingsley Coman,FRA,Bayern Munich,de Bundesliga,27 years,12.4,12.0,7,5,3,4,9.0,17,52.9,8,15,1,14,2,14,5,0,Forward,
Eray Cömert,SUI,Nantes,fr Ligue 1,25 years,22.2,42.0,28,28,13,1,28.0,38,73.7,10,35,18,17,36,78,77,1,Defender,
Santi Comesaña,ESP,Villarreal,es La Liga,26 years,18.4,44.0,26,15,21,8,19.0,38,50.0,19,33,9,24,22,66,27,1,Midfielder,
Pietro Comuzzo,ITA,Fiorentina,it Serie A,18 years,0.5,1.0,1,1,0,0,1.0,1,100.0,0,1,0,1,1,2,2,0,Defender,Forward
Alois Confais,FRA,Le Havre,fr Ligue 1,26 years,0.1,2.0,2,1,1,0,1.0,1,100.0,0,0,0,0,0,2,0,0,Midfielder,Forward
Andrea Consigli,ITA,Sassuolo,it Serie A,36 years,35.0,0.0,0,0,0,0,0.0,0,,0,1,0,1,1,1,19,1,Goalkeeper,
Bambasé Conté,GER,Hoffenheim,de Bundesliga,20 years,0.5,3.0,3,2,0,1,1.0,1,100.0,0,0,0,0,0,3,0,0,Midfielder,Forward
Nikita Contini Baranovsky,ITA,Napoli,it Serie A,27 years,0.2,0.0,0,0,0,0,0.0,0,,0,0,0,0,0,0,1,0,Goalkeeper,
Lewis Cook,ENG,Bournemouth,eng Premier League,26 years,31.0,61.0,41,24,30,7,34.0,63,54.0,29,32,11,21,65,126,46,1,Midfielder,
Copete,ESP,Mallorca,es La Liga,23 years,14.8,45.0,27,27,17,1,30.0,43,69.8,13,12,6,6,32,77,47,1,Defender,
Diego Coppola,ITA,Hellas Verona,it Serie A,19 years,18.2,36.0,22,25,9,2,20.0,33,60.6,13,26,9,17,27,63,89,1,Defender,
Francis Coquelin,FRA,Villarreal,es La Liga,32 years,10.1,20.0,12,8,10,2,5.0,13,38.5,8,14,4,10,16,36,15,0,Midfielder,
Tommaso Corazza,ITA,Bologna,it Serie A,19 years,2.2,10.0,4,9,1,0,4.0,9,44.4,5,2,0,2,5,15,3,0,Defender,
Theo Corbeanu,CAN,Granada,es La Liga,21 years,2.0,5.0,2,2,3,0,1.0,3,33.3,2,3,0,3,3,8,2,0,Midfielder,Forward
Jeppe Corfitzen,DEN,Lecce,it Serie A,18 years,0.1,1.0,0,0,1,0,1.0,1,100.0,0,0,0,0,0,1,0,0,Forward,
Jack Cork,ENG,Burnley,eng Premier League,34 years,0.3,2.0,0,0,2,0,1.0,3,33.3,2,0,0,0,1,3,1,0,Midfielder,
Maxwel Cornet,CIV,West Ham,eng Premier League,26 years,1.2,3.0,2,3,0,0,1.0,5,20.0,4,2,0,2,2,5,1,0,Midfielder,Forward
Giacomo Corona,ITA,Empoli,it Serie A,19 years,0.1,0.0,0,0,0,0,0.0,0,,0,0,0,0,0,0,0,0,Forward,
Jesús Corona,MEX,Sevilla,es La Liga,30 years,0.2,0.0,0,0,0,0,0.0,0,,0,0,0,0,1,1,0,0,Midfielder,Defender
Ángel Correa,ARG,Atlético Madrid,es La Liga,28 years,17.0,22.0,15,3,11,8,5.0,17,29.4,12,13,0,13,2,24,6,0,Forward,Midfielder
Joaquín Correa,ARG,Marseille,fr Ligue 1,28 years,4.8,7.0,5,4,2,1,0.0,8,0.0,8,2,0,2,1,8,1,0,Forward,Midfielder
Thierry Correia,POR,Valencia,es La Liga,24 years,23.9,63.0,35,39,20,4,28.0,49,57.1,21,39,16,23,33,96,61,0,Defender,
Oscar Cortés,COL,Lens,fr Ligue 1,19 years,0.5,0.0,0,0,0,0,0.0,0,,0,1,0,1,0,0,0,0,Forward,Midfielder
Danny da Costa,GER,Mainz 05,de Bundesliga,30 years,9.2,18.0,9,9,7,2,9.0,19,47.4,10,17,4,13,16,34,24,0,Defender,
David Costa,POR,Lens,fr Ligue 1,22 years,16.6,18.0,10,5,12,1,10.0,23,43.5,13,21,4,17,16,34,8,1,Midfielder,
Jaume Costa,ESP,Mallorca,es La Liga,35 years,18.7,38.0,22,23,10,5,18.0,29,62.1,11,14,4,10,16,54,35,0,Defender,
João Costa,BRA,Roma,it Serie A,18 years,0.2,0.0,0,0,0,0,0.0,0,,0,0,0,0,0,0,0,0,Midfielder,Forward
Logan Costa,CPV,Toulouse,fr Ligue 1,22 years,29.4,40.0,24,31,9,0,15.0,24,62.5,9,42,27,15,23,63,120,1,Defender,
Samu Costa,POR,Mallorca,es La Liga,22 years,25.6,91.0,50,40,46,5,46.0,93,49.5,47,28,14,14,39,130,59,3,Midfielder,
Benoît Costil,FRA,Salernitana,it Serie A,36 years,13.0,2.0,1,1,1,0,2.0,3,66.7,1,0,0,0,0,2,5,1,Goalkeeper,
Grégoire Coudert,FRA,Brest,fr Ligue 1,24 years,2.0,0.0,0,0,0,0,0.0,0,,0,0,0,0,0,0,0,0,Goalkeeper,
Vladimír Coufal,CZE,West Ham,eng Premier League,30 years,34.8,64.0,41,50,12,2,38.0,75,50.7,37,49,15,34,43,107,97,0,Defender,
Lassana Coulibaly,MLI,Salernitana,it Serie A,27 years,23.1,47.0,32,20,21,6,22.0,49,44.9,27,23,5,18,16,63,29,0,Midfielder,
Mamadou Coulibaly,SEN,Salernitana,it Serie A,24 years,0.0,0.0,0,0,0,0,0.0,0,,0,0,0,0,0,0,0,0,Defender,
Mamadou Coulibaly,FRA,Monaco,fr Ligue 1,19 years,1.3,7.0,4,2,3,2,3.0,8,37.5,5,4,0,4,0,7,0,0,Midfielder,
Tanguy Coulibaly,FRA,Montpellier,fr Ligue 1,22 years,6.9,13.0,11,8,4,1,4.0,9,44.4,5,11,1,10,2,15,2,0,Forward,Midfielder
Thibaut Courtois,BEL,Real Madrid,es La Liga,31 years,3.7,1.0,0,1,0,0,0.0,0,,0,0,0,0,0,1,0,0,Goalkeeper,
Philippe Coutinho,BRA,Aston Villa,eng Premier League,31 years,0.3,0.0,0,0,0,0,0.0,1,0.0,1,0,0,0,0,0,0,0,Midfielder,Forward
Yan Couto,BRA,Girona,es La Liga,21 years,24.9,45.0,34,25,14,6,20.0,40,50.0,20,14,2,12,10,55,31,1,Defender,Forward
Nicolas Cozza,FRA,Nantes,fr Ligue 1,24 years,9.9,35.0,23,23,10,2,17.0,24,70.8,7,7,0,7,14,49,32,0,Defender,
Nicolas Cozza,FRA,Wolfsburg,de Bundesliga,24 years,3.1,8.0,6,4,4,0,2.0,7,28.6,5,3,0,3,4,12,6,0,Defender,
Alessio Cragno,ITA,Sassuolo,it Serie A,29 years,3.0,0.0,0,0,0,0,0.0,0,,0,0,0,0,0,0,3,1,Goalkeeper,
Crespo,POR,Rayo Vallecano,es La Liga,26 years,5.9,16.0,9,8,6,2,9.0,17,52.9,8,15,6,9,10,26,7,0,Midfielder,
Aaron Cresswell,ENG,West Ham,eng Premier League,33 years,4.8,3.0,2,1,1,1,2.0,3,66.7,1,5,3,2,3,6,7,0,Defender,Forward
Bryan Cristante,ITA,Roma,it Serie A,28 years,36.5,72.0,41,33,28,11,28.0,50,56.0,22,36,6,30,25,97,55,2,Midfielder,Defender
Cristian,ESP,Valencia,es La Liga,25 years,0.6,0.0,0,0,0,0,0.0,0,,0,0,0,0,0,0,0,0,Goalkeeper,
Juan Cruz Armada,ESP,Osasuna,es La Liga,31 years,18.5,27.0,15,16,10,1,17.0,25,68.0,8,14,7,7,12,39,39,1,Defender,
Juan Cruz,ARG,Hellas Verona,it Serie A,24 years,1.2,2.0,2,0,0,2,0.0,0,,0,1,0,1,1,3,0,0,Forward,Midfielder
Juan Cruz,ESP,Betis,es La Liga,23 years,0.8,0.0,0,0,0,0,0.0,1,0.0,1,0,0,0,0,0,0,0,Forward,
Juan Cuadrado,COL,Inter,it Serie A,35 years,3.0,4.0,3,2,2,0,3.0,5,60.0,2,6,1,5,1,5,2,0,Defender,
Pau Cubarsí,ESP,Barcelona,es La Liga,16 years,17.3,22.0,14,18,3,1,13.0,18,72.2,5,20,16,4,12,34,65,0,Defender,
Marc Cucurella,ESP,Chelsea,eng Premier League,25 years,19.8,62.0,38,36,21,5,34.0,64,53.1,30,36,13,23,22,84,48,0,Defender,
Iván Cuéllar,ESP,Mallorca,es La Liga,39 years,1.0,0.0,0,0,0,0,0.0,0,,0,0,0,0,0,0,0,0,Goalkeeper,
Jorge Cuenca,ESP,Villarreal,es La Liga,23 years,21.8,42.0,29,26,10,6,19.0,30,63.3,11,26,15,11,21,63,114,0,Defender,
Josh Cullen,IRL,Burnley,eng Premier League,27 years,22.9,42.0,29,15,22,5,26.0,46,56.5,20,31,19,12,15,57,26,1,Midfielder,
Matheus Cunha,BRA,Wolves,eng Premier League,24 years,27.1,30.0,16,8,17,5,13.0,35,37.1,22,28,7,21,13,43,21,1,Forward,Midfielder
Marvin Cuni,ALB,Frosinone,it Serie A,22 years,5.9,8.0,3,1,3,4,3.0,4,75.0,1,10,1,9,1,9,0,0,Forward,
Eric Curbelo,ESP,Las Palmas,es La Liga,29 years,1.1,4.0,3,2,2,0,3.0,4,75.0,1,3,1,2,2,6,5,1,Defender,Midfielder
Sam Curtis,IRL,Sheffield Utd,eng Premier League,17 years,0.3,1.0,0,1,0,0,1.0,2,50.0,1,2,0,2,0,1,0,0,Defender,
Tomáš Čvančara,CZE,Gladbach,de Bundesliga,22 years,10.0,4.0,3,0,2,2,1.0,3,33.3,2,5,1,4,2,6,8,0,Forward,
Danilo D'Ambrosio,ITA,Monza,it Serie A,34 years,17.1,57.0,34,34,20,3,28.0,41,68.3,13,22,13,9,14,71,31,0,Defender,
Alberto Dadie,ESP,Real Sociedad,es La Liga,21 years,0.3,2.0,1,2,0,0,0.0,0,,0,1,0,1,0,2,0,0,Midfielder,
Trévis Dago,CIV,Lille,fr Ligue 1,18 years,0.3,0.0,0,0,0,0,0.0,0,,0,0,0,0,1,1,0,0,Forward,Midfielder
Finn Dahmen,GER,Augsburg,de Bundesliga,25 years,31.0,1.0,0,1,0,0,1.0,3,33.3,2,0,0,0,0,1,17,5,Goalkeeper,
Mahmoud Dahoud,GER,Brighton,eng Premier League,27 years,5.0,9.0,4,2,4,3,3.0,9,33.3,6,4,1,3,1,10,5,0,Midfielder,
Mahmoud Dahoud,GER,Stuttgart,de Bundesliga,27 years,2.5,5.0,1,1,4,0,3.0,7,42.9,4,4,0,4,0,5,1,0,Midfielder,
Ameen Al-Dakhil,BEL,Burnley,eng Premier League,21 years,11.7,12.0,5,4,7,1,1.0,10,10.0,9,13,6,7,12,24,38,2,Defender,
Thijs Dallinga,NED,Toulouse,fr Ligue 1,22 years,27.9,29.0,15,6,11,12,9.0,15,60.0,6,11,4,7,3,32,35,0,Forward,
Diogo Dalot,POR,Manchester Utd,eng Premier League,24 years,35.3,81.0,51,58,12,11,51.0,74,68.9,23,44,16,28,37,118,111,0,Defender,
Mikkel Damsgaard,DEN,Brentford,eng Premier League,23 years,9.4,29.0,17,13,9,7,14.0,40,35.0,26,23,1,22,11,40,10,1,Midfielder,
Flavius Daniliuc,AUT,Salernitana,it Serie A,22 years,8.3,19.0,11,12,5,2,9.0,19,47.4,10,13,4,9,8,27,15,0,Defender,
Danilo,BRA,Nottingham Forest,eng Premier League,22 years,19.9,36.0,18,22,12,2,21.0,46,45.7,25,34,8,26,35,71,42,0,Midfielder,
Danilo,BRA,Juventus,it Serie A,32 years,27.2,60.0,36,38,18,4,32.0,48,66.7,16,34,15,19,37,97,94,0,Defender,
Arnaut Danjuma,NED,Everton,eng Premier League,26 years,6.6,6.0,4,2,3,1,1.0,4,25.0,3,4,0,4,3,9,0,0,Midfielder,Forward
Jayden Danns,ENG,Liverpool,eng Premier League,17 years,0.1,0.0,0,0,0,0,0.0,0,,0,0,0,0,0,0,0,0,Forward,
Kevin Danso,AUT,Lens,fr Ligue 1,24 years,29.5,24.0,14,12,11,1,15.0,30,50.0,15,43,30,13,23,47,115,1,Defender,
Dante,BRA,Nice,fr Ligue 1,39 years,31.6,62.0,30,44,16,2,38.0,52,73.1,14,43,22,21,37,99,77,2,Defender,
Raimane Daou,COM,Marseille,fr Ligue 1,18 years,0.3,1.0,1,1,0,0,1.0,2,50.0,1,0,0,0,0,1,2,0,Defender,Midfielder
Mohamed Daramy,DEN,Reims,fr Ligue 1,21 years,18.3,10.0,9,4,4,2,6.0,16,37.5,10,5,1,4,4,14,4,0,Forward,Midfielder
Sergi Darder,ESP,Mallorca,es La Liga,29 years,24.0,39.0,26,13,21,5,12.0,31,38.7,19,20,4,16,16,55,16,0,Midfielder,
Achraf Dari,MAR,Brest,fr Ligue 1,24 years,1.3,1.0,1,1,0,0,0.0,2,0.0,2,2,0,2,5,6,9,1,Defender,Forward
Matteo Darmian,ITA,Inter,it Serie A,33 years,26.7,48.0,22,23,15,10,20.0,53,37.7,33,27,11,16,13,61,55,0,Defender,
Lukas Daschner,GER,Bochum,de Bundesliga,24 years,6.0,9.0,4,2,3,4,4.0,9,44.4,5,7,0,7,2,11,2,0,Midfielder,Forward
Josh Dasilva,ENG,Brentford,eng Premier League,24 years,0.3,2.0,1,0,1,1,0.0,0,,0,0,0,0,0,2,0,0,Defender,Forward
David Datro Fofana,CIV,Burnley,eng Premier League,20 years,9.8,10.0,5,3,5,2,3.0,6,50.0,3,9,3,6,1,11,2,0,Forward,
David Datro Fofana,CIV,Union Berlin,de Bundesliga,20 years,7.6,10.0,7,3,5,2,4.0,9,44.4,5,4,0,4,0,10,5,0,Forward,Midfielder
Juan David Cabal,COL,Hellas Verona,it Serie A,22 years,16.6,36.0,27,19,14,3,18.0,29,62.1,11,30,9,21,26,62,55,2,Defender,
Jonathan David,CAN,Lille,fr Ligue 1,23 years,29.2,26.0,15,6,13,7,8.0,26,30.8,18,16,0,16,9,35,4,0,Forward,
Alphonso Davies,CAN,Bayern Munich,de Bundesliga,22 years,22.9,47.0,24,29,13,5,30.0,53,56.6,23,30,4,26,26,73,49,1,Defender,
Ben Davies,WAL,Tottenham,eng Premier League,30 years,12.1,24.0,17,13,8,3,16.0,21,76.2,5,17,15,2,10,34,35,0,Defender,
Tom Davies,ENG,Sheffield Utd,eng Premier League,25 years,2.5,10.0,5,4,3,3,3.0,9,33.3,6,2,1,1,3,13,6,1,Midfielder,
Keinan Davis,ENG,Udinese,it Serie A,25 years,2.1,0.0,0,0,0,0,0.0,0,,0,0,0,0,0,0,3,0,Forward,Midfielder
Paweł Dawidowicz,POL,Hellas Verona,it Serie A,28 years,23.8,53.0,30,33,18,2,17.0,29,58.6,12,17,9,8,24,77,114,1,Defender,
Craig Dawson,ENG,Wolves,eng Premier League,33 years,24.5,30.0,20,23,6,1,22.0,34,64.7,12,51,39,12,16,46,120,1,Defender,
Kevin De Bruyne,BEL,Manchester City,eng Premier League,32 years,13.6,14.0,9,1,5,8,7.0,20,35.0,13,5,0,5,4,18,4,0,Midfielder,
Bobby De Cordova-Reid,JAM,Fulham,eng Premier League,30 years,15.8,22.0,14,5,15,2,4.0,16,25.0,12,24,2,22,5,27,14,0,Forward,
Charles De Ketelaere,BEL,Atalanta,it Serie A,22 years,22.5,33.0,21,3,12,18,10.0,20,50.0,10,30,2,28,7,40,6,0,Forward,Midfielder
Rodrigo De Paul,ARG,Atlético Madrid,es La Liga,29 years,23.1,31.0,21,11,14,6,15.0,38,39.5,23,28,1,27,11,42,15,2,Midfielder,
Mattia De Sciglio,ITA,Juventus,it Serie A,30 years,0.5,0.0,0,0,0,0,0.0,0,,0,1,0,1,1,1,2,0,Defender,
Lorenzo De Silvestri,ITA,Bologna,it Serie A,35 years,7.5,10.0,8,5,2,3,4.0,7,57.1,3,9,4,5,6,16,27,0,Defender,
Thibault De Smet,BEL,Reims,fr Ligue 1,25 years,20.3,56.0,35,36,16,4,33.0,59,55.9,26,25,5,20,21,77,51,1,Defender,
Koni De Winter,BEL,Genoa,it Serie A,21 years,26.4,44.0,25,26,13,5,21.0,31,67.7,10,30,10,20,21,65,78,0,Defender,
Grégoire Defrel,MTQ,Sassuolo,it Serie A,32 years,8.4,17.0,8,7,5,5,7.0,15,46.7,8,10,0,10,3,20,9,0,Forward,Midfielder
Alessandro Deiola,ITA,Cagliari,it Serie A,27 years,17.9,33.0,19,13,16,4,18.0,47,38.3,29,16,6,10,9,42,37,0,Midfielder,
Romain Del Castillo,FRA,Brest,fr Ligue 1,27 years,27.7,46.0,29,14,18,14,18.0,70,25.7,52,33,1,32,9,55,8,0,Forward,
Thomas Delaine,FRA,Strasbourg,fr Ligue 1,31 years,22.7,38.0,19,29,8,1,20.0,42,47.6,22,18,2,16,17,55,51,0,Defender,Midfielder
Sacha Delaye,FRA,Montpellier,fr Ligue 1,21 years,1.4,7.0,2,2,2,3,1.0,6,16.7,5,2,0,2,0,7,1,0,Midfielder,Forward
Hannes Delcroix,BEL,Burnley,eng Premier League,24 years,6.5,10.0,6,6,4,0,3.0,4,75.0,1,9,3,6,9,19,26,0,Defender,
Alessandro Dellavalle,ITA,Torino,it Serie A,19 years,0.2,0.0,0,0,0,0,0.0,0,,0,1,1,0,1,1,0,0,Defender,
Olivier Deman,BEL,Werder Bremen,de Bundesliga,23 years,15.2,28.0,15,21,4,3,18.0,38,47.4,20,24,8,16,14,42,49,1,Defender,
Karamoko Dembélé,ENG,Brest,fr Ligue 1,20 years,0.2,0.0,0,0,0,0,0.0,0,,0,0,0,0,0,0,0,0,Midfielder,Forward
Ousmane Dembélé,FRA,Paris S-G,fr Ligue 1,26 years,16.7,19.0,14,2,7,10,6.0,13,46.2,7,11,0,11,5,24,4,1,Midfielder,Forward
Jessy Deminguet,FRA,Strasbourg,fr Ligue 1,25 years,7.7,14.0,9,6,8,0,6.0,18,33.3,12,8,0,8,9,23,5,1,Midfielder,Forward
Ermedin Demirović,BIH,Augsburg,de Bundesliga,25 years,31.9,24.0,14,5,16,3,12.0,40,30.0,28,28,2,26,11,35,26,0,Forward,Midfielder
Diego Demme,GER,Napoli,it Serie A,31 years,0.8,1.0,1,0,1,0,0.0,1,0.0,1,0,0,0,0,1,0,0,Midfielder,
Sepp van den Berg,NED,Mainz 05,de Bundesliga,21 years,31.5,38.0,23,20,15,3,15.0,26,57.7,11,66,36,30,43,81,159,2,Defender,
Leander Dendoncker,BEL,Aston Villa,eng Premier League,28 years,1.3,6.0,4,3,2,1,4.0,5,80.0,1,5,2,3,2,8,3,1,Midfielder,
Leander Dendoncker,BEL,Napoli,it Serie A,28 years,0.3,0.0,0,0,0,0,0.0,0,,0,1,1,0,0,0,0,0,Midfielder,
Rémy Descamps,FRA,Nantes,fr Ligue 1,27 years,6.0,0.0,0,0,0,0,0.0,0,,0,0,0,0,0,0,7,0,Goalkeeper,
Mikkel Desler,DEN,Toulouse,fr Ligue 1,28 years,17.2,18.0,12,8,7,3,9.0,17,52.9,8,32,13,19,19,37,38,0,Defender,
Arthur Desmas,FRA,Le Havre,fr Ligue 1,29 years,33.0,0.0,0,0,0,0,0.0,2,0.0,2,0,0,0,0,0,13,1,Goalkeeper,
Mattia Destro,ITA,Empoli,it Serie A,32 years,4.1,2.0,1,0,2,0,1.0,1,100.0,0,4,0,4,2,4,3,0,Forward,Midfielder
Samuele Di Benedetto,GER,Stuttgart,de Bundesliga,18 years,0.1,0.0,0,0,0,0,0.0,0,,0,0,0,0,1,1,0,0,Midfielder,
Federico Di Francesco,ITA,Lecce,it Serie A,29 years,0.2,1.0,0,0,1,0,0.0,0,,0,0,0,0,0,1,0,0,Forward,Midfielder
Raffaele Di Gennaro,ITA,Inter,it Serie A,29 years,0.3,0.0,0,0,0,0,0.0,0,,0,0,0,0,0,0,0,0,Goalkeeper,
Michele Di Gregorio,ITA,Monza,it Serie A,26 years,31.9,1.0,0,1,0,0,1.0,4,25.0,3,1,0,1,1,2,10,2,Goalkeeper,
Giovanni Di Lorenzo,ITA,Napoli,it Serie A,29 years,35.9,58.0,36,26,26,6,32.0,68,47.1,36,43,16,27,24,82,45,0,Defender,
Alessandro Di Pardo,ITA,Cagliari,it Serie A,24 years,4.0,4.0,1,3,0,1,0.0,3,0.0,3,9,2,7,5,9,7,0,Defender,Midfielder
Boulaye Dia,SEN,Salernitana,it Serie A,26 years,12.7,4.0,2,2,2,0,1.0,3,33.3,2,5,0,5,3,7,7,0,Forward,Midfielder
Moussa Diaby,FRA,Aston Villa,eng Premier League,24 years,24.2,12.0,5,5,4,3,4.0,22,18.2,18,8,1,7,9,21,6,0,Forward,Midfielder
Lamine Diack,SEN,Nantes,fr Ligue 1,22 years,0.0,0.0,0,0,0,0,0.0,0,,0,0,0,0,0,0,0,0,Midfielder,
Mouctar Diakhaby,GUI,Valencia,es La Liga,26 years,11.9,18.0,11,9,9,0,11.0,13,84.6,2,17,7,10,11,29,62,0,Defender,Midfielder
Mamadou Diakhon,FRA,Reims,fr Ligue 1,17 years,2.3,5.0,3,2,1,2,3.0,9,33.3,6,1,0,1,1,6,1,0,Forward,Midfielder
Bafodé Diakité,FRA,Lille,fr Ligue 1,22 years,18.8,29.0,20,12,15,2,24.0,32,75.0,8,16,8,8,21,50,49,1,Defender,
Ibrahim Diakité,GUI,Reims,fr Ligue 1,19 years,1.2,1.0,0,0,1,0,0.0,1,0.0,1,3,0,3,2,3,5,0,Defender,
Moussa Diakité,MLI,Cádiz,es La Liga,19 years,0.0,0.0,0,0,0,0,0.0,0,,0,0,0,0,0,0,0,0,Midfielder,
Oumar Diakité,CIV,Reims,fr Ligue 1,19 years,17.6,25.0,12,10,9,6,7.0,21,33.3,14,13,0,13,7,32,7,0,Forward,
Amad Diallo,CIV,Manchester Utd,eng Premier League,21 years,4.3,10.0,3,1,6,3,3.0,7,42.9,4,3,1,2,1,11,6,0,Forward,Midfielder
Amadou Diallo,ENG,Newcastle Utd,eng Premier League,20 years,0.0,0.0,0,0,0,0,0.0,0,,0,0,0,0,0,0,0,0,Midfielder,
Assane Diao,SEN,Betis,es La Liga,17 years,11.6,20.0,12,5,9,6,6.0,17,35.3,11,22,4,18,7,27,7,0,Forward,
Habib Diarra,SEN,Strasbourg,fr Ligue 1,19 years,25.6,30.0,23,8,20,2,9.0,33,27.3,24,23,4,19,17,47,15,0,Midfielder,Forward
Moussa Diarra,MLI,Toulouse,fr Ligue 1,22 years,15.5,32.0,12,16,15,1,13.0,27,48.1,14,30,14,16,20,52,43,0,Defender,
Rúben Dias,POR,Manchester City,eng Premier League,26 years,28.4,39.0,20,14,21,4,19.0,26,73.1,7,32,17,15,30,69,77,0,Defender,
Krépin Diatta,SEN,Monaco,fr Ligue 1,24 years,13.4,37.0,20,17,16,4,27.0,49,55.1,22,17,2,15,16,53,22,0,Defender,Forward
Mory Diaw,SEN,Clermont Foot,fr Ligue 1,30 years,30.0,1.0,1,1,0,0,1.0,2,50.0,1,0,0,0,1,2,13,5,Goalkeeper,
Mahamadou Diawara,FRA,Lyon,fr Ligue 1,18 years,4.0,9.0,6,4,5,0,3.0,11,27.3,8,4,1,3,4,13,4,0,Midfielder,
Brahim Díaz,MAR,Real Madrid,es La Liga,23 years,17.2,29.0,19,4,16,9,6.0,13,46.2,7,16,1,15,5,34,2,0,Forward,Midfielder
Luis Díaz,COL,Liverpool,eng Premier League,26 years,29.2,35.0,25,5,17,13,7.0,30,23.3,23,15,0,15,3,38,8,0,Forward,
Víctor Díaz,ESP,Granada,es La Liga,35 years,1.8,5.0,3,2,3,0,1.0,3,33.3,2,1,0,1,1,6,8,0,Defender,Midfielder
Famara Diedhiou,SEN,Granada,es La Liga,30 years,1.0,1.0,1,0,1,0,0.0,1,0.0,1,0,0,0,0,1,2,0,Forward,Midfielder
Justin Diehl,GER,Köln,de Bundesliga,18 years,1.9,0.0,0,0,0,0,0.0,0,,0,1,1,0,0,0,0,1,Forward,Midfielder
Bamba Dieng,SEN,Lorient,fr Ligue 1,23 years,6.1,3.0,3,0,3,0,1.0,3,33.3,2,3,0,3,0,3,7,0,Forward,
Eric Dier,ENG,Tottenham,eng Premier League,29 years,2.2,2.0,1,2,0,0,2.0,2,100.0,0,3,3,0,2,4,12,0,Defender,
Eric Dier,ENG,Bayern Munich,de Bundesliga,29 years,13.0,11.0,8,5,5,1,5.0,6,83.3,1,20,12,8,10,21,48,1,Defender,
Guillaume Dietsch,FRA,Metz,fr Ligue 1,22 years,0.8,0.0,0,0,0,0,0.0,0,,0,0,0,0,0,0,0,0,Goalkeeper,
Florian Dietz,GER,Köln,de Bundesliga,24 years,0.8,0.0,0,0,0,0,0.0,0,,0,1,0,1,0,0,0,0,Forward,Midfielder
Lucas Digne,FRA,Aston Villa,eng Premier League,30 years,26.8,47.0,19,35,9,3,25.0,44,56.8,19,20,2,18,26,73,67,0,Defender,
Federico Dimarco,ITA,Inter,it Serie A,25 years,23.1,42.0,25,19,14,9,17.0,35,48.6,18,18,3,15,9,51,34,1,Defender,
Stole Dimitrievski,MKD,Rayo Vallecano,es La Liga,29 years,37.0,1.0,1,1,0,0,1.0,1,100.0,0,0,0,0,0,1,17,3,Goalkeeper,
Junior Dina Ebimbe,FRA,Eintracht Frankfurt,de Bundesliga,22 years,21.7,44.0,29,15,17,12,18.0,41,43.9,23,28,7,21,9,53,39,1,Midfielder,Defender
Eren Dinkçi,GER,Heidenheim,de Bundesliga,21 years,29.4,32.0,18,16,13,3,19.0,48,39.6,29,40,4,36,12,44,21,0,Forward,Midfielder
Sinaly Diomande,CIV,Lyon,fr Ligue 1,22 years,9.9,10.0,4,5,3,2,9.0,16,56.3,7,12,9,3,15,25,26,1,Defender,
Edan Diop,FRA,Monaco,fr Ligue 1,18 years,1.8,10.0,8,6,3,1,7.0,9,77.8,2,3,0,3,1,11,5,0,Midfielder,Defender
Issa Diop,FRA,Fulham,eng Premier League,26 years,15.8,30.0,16,23,5,2,15.0,20,75.0,5,28,19,9,17,47,80,1,Defender,
Sofiane Diop,FRA,Nice,fr Ligue 1,23 years,5.5,8.0,6,3,4,1,4.0,10,40.0,6,4,0,4,3,11,3,0,Forward,
Andy Diouf,FRA,Lens,fr Ligue 1,20 years,14.6,28.0,19,12,11,5,14.0,22,63.6,8,13,3,10,3,31,5,1,Midfielder,
Yehvann Diouf,FRA,Reims,fr Ligue 1,23 years,34.0,0.0,0,0,0,0,0.0,1,0.0,1,0,0,0,1,1,19,3,Goalkeeper,
Axel Disasi,FRA,Chelsea,eng Premier League,25 years,28.7,33.0,19,20,10,3,23.0,30,76.7,7,26,19,7,18,51,102,2,Defender,
Tiago Djaló,POR,Juventus,it Serie A,23 years,0.2,0.0,0,0,0,0,0.0,0,,0,1,0,1,0,0,1,0,Defender,
Chaim El Djebali,TUN,Lyon,fr Ligue 1,19 years,0.1,0.0,0,0,0,0,0.0,0,,0,0,0,0,0,0,0,0,Midfielder,
Djené,TOG,Getafe,es La Liga,31 years,27.6,34.0,19,18,13,3,15.0,26,57.7,11,31,15,16,23,57,70,0,Defender,Midfielder
Koffi Djidji,CIV,Torino,it Serie A,30 years,8.4,14.0,9,9,5,0,3.0,4,75.0,1,10,5,5,10,24,20,0,Defender,
Berat Djimsiti,ALB,Atalanta,it Serie A,30 years,31.5,42.0,24,29,12,1,19.0,31,61.3,12,53,33,20,57,99,100,0,Defender,
Marko Dmitrović,SRB,Sevilla,es La Liga,31 years,13.0,1.0,1,1,0,0,1.0,2,50.0,1,0,0,0,1,2,5,0,Goalkeeper,
Ben Doak,SCO,Liverpool,eng Premier League,17 years,0.2,0.0,0,0,0,0,0.0,0,,0,0,0,0,0,0,0,0,Forward,
Ritsu Doan,JPN,Freiburg,de Bundesliga,25 years,25.0,50.0,27,21,19,10,21.0,36,58.3,15,30,3,27,9,59,29,0,Defender,Midfielder
Lewis Dobbin,ENG,Everton,eng Premier League,20 years,2.6,9.0,7,3,5,1,5.0,9,55.6,4,5,1,4,1,10,0,0,Midfielder,
Dodô,BRA,Fiorentina,it Serie A,24 years,5.8,5.0,3,1,4,0,2.0,5,40.0,3,2,0,2,5,10,11,0,Defender,
Danilho Doekhi,NED,Union Berlin,de Bundesliga,25 years,24.0,34.0,23,18,16,0,15.0,21,71.4,6,46,25,21,38,72,111,1,Defender,
Matt Doherty,IRL,Wolves,eng Premier League,31 years,12.8,31.0,18,17,10,4,12.0,23,52.2,11,15,5,10,7,38,47,0,Defender,Midfielder
Josh Doig,SCO,Hellas Verona,it Serie A,21 years,9.2,16.0,9,9,7,0,13.0,17,76.5,4,12,3,9,4,20,17,1,Defender,
Josh Doig,SCO,Sassuolo,it Serie A,21 years,14.9,25.0,17,16,9,0,15.0,27,55.6,12,31,10,21,16,41,38,0,Defender,
Jeremy Doku,BEL,Manchester City,eng Premier League,21 years,17.7,39.0,22,13,12,14,9.0,20,45.0,11,14,0,14,9,48,5,0,Forward,Midfielder
Jeremy Doku,BEL,Rennes,fr Ligue 1,21 years,1.2,2.0,2,1,0,1,1.0,1,100.0,0,0,0,0,0,2,0,0,Forward,
Jaume Doménech,ESP,Valencia,es La Liga,32 years,0.9,0.0,0,0,0,0,0.0,0,,0,0,0,0,0,0,0,0,Goalkeeper,
Carlos Dominguez,ESP,Celta Vigo,es La Liga,22 years,17.6,33.0,21,17,9,7,23.0,37,62.2,14,24,12,12,22,55,78,0,Defender,
Mario Dominguez,ESP,Valencia,es La Liga,19 years,0.3,0.0,0,0,0,0,0.0,0,,0,0,0,0,0,0,0,0,Forward,
Nicolás Domínguez,ARG,Nottingham Forest,eng Premier League,25 years,16.6,63.0,34,35,27,1,23.0,48,47.9,25,31,5,26,18,81,24,0,Midfielder,Forward
Nicolás Domínguez,ARG,Bologna,it Serie A,25 years,1.1,1.0,0,1,0,0,0.0,2,0.0,2,3,0,3,0,1,2,0,Midfielder,
Giulio Donati,ITA,Monza,it Serie A,33 years,0.4,0.0,0,0,0,0,0.0,0,,0,0,0,0,0,0,1,1,Defender,
Jamie Donley,NIR,Tottenham,eng Premier League,18 years,0.0,0.0,0,0,0,0,0.0,0,,0,0,0,0,0,0,3,0,Forward,
Gianluigi Donnarumma,ITA,Paris S-G,fr Ligue 1,24 years,24.1,0.0,0,0,0,0,0.0,0,,0,0,0,0,1,1,9,4,Goalkeeper,
Patrick Dorgu,DEN,Lecce,it Serie A,18 years,17.4,43.0,22,22,17,4,22.0,34,64.7,12,16,5,11,9,52,45,2,Defender,Midfielder
Niklas Dorsch,GER,Augsburg,de Bundesliga,25 years,15.4,35.0,24,13,21,1,13.0,33,39.4,20,15,9,6,16,51,27,0,Midfielder,
Alberto Dossena,ITA,Cagliari,it Serie A,24 years,33.1,55.0,35,43,12,0,32.0,48,66.7,16,50,27,23,45,100,172,2,Defender,
Carlos Dotor,ESP,Celta Vigo,es La Liga,22 years,7.9,14.0,7,3,8,3,4.0,13,30.8,9,12,2,10,4,18,4,0,Midfielder,
Abdoulaye Doucouré,MLI,Everton,eng Premier League,30 years,29.2,43.0,27,20,14,9,18.0,46,39.1,28,23,3,20,15,58,19,0,Forward,Midfielder
Cheick Doucouré,MLI,Crystal Palace,eng Premier League,23 years,10.2,34.0,17,15,13,6,18.0,30,60.0,12,13,2,11,20,54,12,0,Midfielder,
Siriné Doucouré,MLI,Lorient,fr Ligue 1,21 years,4.7,8.0,6,0,4,4,3.0,3,100.0,0,4,0,4,1,9,6,0,Forward,
Désiré Doué,FRA,Rennes,fr Ligue 1,18 years,18.1,32.0,18,11,14,7,10.0,33,30.3,23,30,1,29,14,46,8,0,Midfielder,Forward
Guela Doué,CIV,Rennes,fr Ligue 1,20 years,13.7,28.0,21,14,12,2,22.0,32,68.8,10,12,1,11,15,43,65,1,Defender,
Alfie Doughty,ENG,Luton Town,eng Premier League,23 years,32.5,63.0,40,29,18,16,37.0,82,45.1,45,51,9,42,31,94,43,4,Defender,
Douglas,BRA,Nantes,fr Ligue 1,26 years,19.7,70.0,42,34,30,6,30.0,59,50.8,29,22,8,14,26,96,30,0,Midfielder,
Ismaël Doukouré,FRA,Strasbourg,fr Ligue 1,20 years,18.4,23.0,16,7,14,2,13.0,21,61.9,8,19,7,12,19,42,29,2,Midfielder,Defender
Kamory Doumbia,MLI,Brest,fr Ligue 1,20 years,9.8,28.0,18,8,10,10,10.0,29,34.5,19,14,0,14,9,37,6,0,Midfielder,
Anastasios Douvikas,GRE,Celta Vigo,es La Liga,23 years,10.1,15.0,7,2,6,7,3.0,8,37.5,5,6,3,3,2,17,9,0,Forward,
Artem Dovbyk,UKR,Girona,es La Liga,26 years,28.7,4.0,3,2,1,1,0.0,2,0.0,2,8,1,7,0,4,17,0,Forward,
Nikola Dovedan,AUT,Heidenheim,de Bundesliga,29 years,7.3,14.0,9,2,10,2,5.0,25,20.0,20,9,0,9,1,15,3,0,Midfielder,Forward
Damion Downs,USA,Köln,de Bundesliga,19 years,2.0,1.0,1,1,0,0,1.0,2,50.0,1,1,0,1,0,1,1,0,Forward,Midfielder
Tommy Doyle,ENG,Wolves,eng Premier League,21 years,13.6,26.0,13,11,10,5,14.0,23,60.9,9,22,9,13,12,38,18,0,Midfielder,
Radu Drăgușin,ROU,Tottenham,eng Premier League,21 years,4.8,5.0,3,5,0,0,3.0,3,100.0,0,5,4,1,8,13,19,0,Defender,
Radu Drăgușin,ROU,Genoa,it Serie A,21 years,19.0,16.0,11,9,6,1,8.0,9,88.9,1,18,12,6,21,37,87,3,Defender,
Dion Drena Beljo,CRO,Augsburg,de Bundesliga,21 years,6.5,0.0,0,0,0,0,0.0,2,0.0,2,8,1,7,1,1,4,0,Forward,Midfielder
Tim Drexler,GER,Hoffenheim,de Bundesliga,18 years,6.4,16.0,9,12,4,0,8.0,17,47.1,9,12,8,4,8,24,14,0,Defender,
Domingos Duarte,POR,Getafe,es La Liga,28 years,10.1,7.0,4,6,0,1,5.0,7,71.4,2,7,5,2,8,15,27,0,Defender,
Rubén Duarte,ESP,Alavés,es La Liga,27 years,20.9,39.0,20,21,16,2,21.0,31,67.7,10,21,6,15,23,62,69,0,Defender,
Martin Dúbravka,SVK,Newcastle Utd,eng Premier League,34 years,22.1,0.0,0,0,0,0,0.0,4,0.0,4,0,0,0,0,0,8,1,Goalkeeper,
Marvin Ducksch,GER,Werder Bremen,de Bundesliga,29 years,30.0,8.0,3,4,3,1,6.0,14,42.9,8,2,0,2,4,12,25,0,Forward,
Ondrej Duda,SVK,Hellas Verona,it Serie A,28 years,27.3,59.0,39,17,35,7,31.0,52,59.6,21,29,12,17,26,85,21,0,Midfielder,
Denzel Dumfries,NED,Inter,it Serie A,27 years,18.2,22.0,13,9,11,2,9.0,23,39.1,14,15,6,9,12,34,33,1,Defender,
Paul Dummett,WAL,Newcastle Utd,eng Premier League,31 years,0.2,1.0,0,1,0,0,1.0,1,100.0,0,0,0,0,0,1,1,0,Defender,
Alfred Duncan,GHA,Fiorentina,it Serie A,30 years,21.0,35.0,22,13,15,7,15.0,35,42.9,20,27,5,22,11,46,13,0,Midfielder,
Lewis Dunk,ENG,Brighton,eng Premier League,31 years,31.9,27.0,14,17,9,1,13.0,36,36.1,23,49,37,12,31,58,90,1,Defender,
Jáder Durán,COL,Aston Villa,eng Premier League,19 years,5.3,6.0,5,3,1,2,1.0,6,16.7,5,6,0,6,1,7,10,0,Forward,Midfielder
Julien Duranville,BEL,Dortmund,de Bundesliga,17 years,0.1,1.0,0,0,1,0,1.0,1,100.0,0,0,0,0,0,1,0,0,Forward,Midfielder
Hugo Duro,ESP,Valencia,es La Liga,23 years,33.1,16.0,8,5,8,3,9.0,29,31.0,20,24,5,19,5,21,27,0,Forward,
Jean-Kevin Duverne,HAI,Nantes,fr Ligue 1,26 years,15.0,37.0,19,16,17,4,18.0,44,40.9,26,17,5,12,18,55,34,0,Defender,
Paulo Dybala,ARG,Roma,it Serie A,29 years,21.8,22.0,13,3,10,9,2.0,18,11.1,16,12,0,12,3,25,6,1,Forward,Midfielder
Aron Dønnum,NOR,Toulouse,fr Ligue 1,25 years,17.7,16.0,10,3,8,5,7.0,22,31.8,15,13,0,13,8,24,16,1,Forward,Midfielder
George Earthy,ENG,West Ham,eng Premier League,18 years,0.4,0.0,0,0,0,0,0.0,1,0.0,1,0,0,0,1,1,0,0,Forward,
Simon Ebonog,CMR,Le Havre,fr Ligue 1,18 years,0.2,1.0,1,0,1,0,1.0,1,100.0,0,1,1,0,0,1,1,0,Midfielder,
Festy Ebosele,IRL,Udinese,it Serie A,20 years,18.9,33.0,20,23,9,1,21.0,35,60.0,14,33,2,31,10,43,27,0,Defender,
Enzo Ebosse,CMR,Udinese,it Serie A,24 years,0.1,1.0,1,1,0,0,0.0,1,0.0,1,0,0,0,1,2,0,0,Defender,
Tyronne Ebuehi,NGA,Empoli,it Serie A,27 years,12.2,14.0,9,9,5,0,7.0,11,63.6,4,9,4,5,6,20,27,1,Defender,
Ederson,BRA,Manchester City,eng Premier League,29 years,30.9,0.0,0,0,0,0,0.0,1,0.0,1,0,0,0,0,0,10,1,Goalkeeper,
Éderson,BRA,Atalanta,it Serie A,24 years,31.9,83.0,49,38,38,7,44.0,63,69.8,19,48,8,40,41,124,33,1,Midfielder,
Odsonne Édouard,FRA,Crystal Palace,eng Premier League,25 years,17.3,24.0,12,8,8,8,4.0,19,21.1,15,17,1,16,6,30,19,0,Forward,Midfielder
John Egan,IRL,Sheffield Utd,eng Premier League,30 years,5.4,6.0,4,4,2,0,4.0,11,36.4,7,10,4,6,13,19,39,1,Defender,
Maximilian Eggestein,GER,Freiburg,de Bundesliga,26 years,32.4,49.0,24,25,19,5,15.0,36,41.7,21,53,19,34,28,77,40,1,Midfielder,
Lilian Egloff,GER,Stuttgart,de Bundesliga,20 years,1.2,4.0,1,3,1,0,2.0,4,50.0,2,3,1,2,1,5,0,0,Midfielder,Defender
Kingsley Ehizibue,NED,Udinese,it Serie A,28 years,10.6,22.0,14,16,4,2,11.0,18,61.1,7,21,3,18,8,30,36,0,Defender,
Hjalmar Ekdal,SWE,Burnley,eng Premier League,24 years,4.9,4.0,2,2,2,0,2.0,4,50.0,2,10,5,5,6,10,21,0,Defender,
Hugo Ekitike,FRA,Paris S-G,fr Ligue 1,21 years,0.1,0.0,0,0,0,0,0.0,0,,0,0,0,0,0,0,0,0,Forward,
Hugo Ekitike,FRA,Eintracht Frankfurt,de Bundesliga,21 years,8.0,11.0,7,3,6,2,4.0,6,66.7,2,10,0,10,2,13,4,0,Forward,
Emmanuel Ekong,SWE,Empoli,it Serie A,21 years,0.1,0.0,0,0,0,0,0.0,0,,0,0,0,0,0,0,0,0,Forward,
Caleb Ekuban,GHA,Genoa,it Serie A,29 years,12.6,8.0,4,2,4,2,5.0,9,55.6,4,11,3,8,1,9,7,0,Forward,
Anthony Elanga,SWE,Nottingham Forest,eng Premier League,21 years,27.0,33.0,19,20,6,7,17.0,37,45.9,20,22,2,20,8,41,20,1,Forward,Midfielder
Simon Elisor,FRA,Metz,fr Ligue 1,24 years,8.5,9.0,2,3,2,4,2.0,6,33.3,4,6,1,5,0,9,9,0,Forward,
Harvey Elliott,ENG,Liverpool,eng Premier League,20 years,15.0,27.0,17,8,14,5,10.0,31,32.3,21,27,0,27,6,33,7,0,Midfielder,Forward
Elif Elmas,MKD,Napoli,it Serie A,23 years,3.8,4.0,3,1,3,0,2.0,2,100.0,0,2,0,2,2,6,8,0,Forward,Midfielder
Elif Elmas,MKD,RB Leipzig,de Bundesliga,23 years,3.0,8.0,6,1,6,1,6.0,8,75.0,2,5,0,5,1,9,2,0,Midfielder,Forward
Mohamed Elneny,EGY,Arsenal,eng Premier League,31 years,0.3,0.0,0,0,0,0,0.0,1,0.0,1,0,0,0,1,1,0,0,Midfielder,
Aritz Elustondo,ESP,Real Sociedad,es La Liga,29 years,9.0,11.0,7,5,4,2,6.0,14,42.9,8,12,10,2,7,18,26,0,Defender,
Nico Elvedi,SUI,Gladbach,de Bundesliga,26 years,27.6,33.0,18,22,10,1,18.0,24,75.0,6,40,25,15,43,76,150,2,Defender,
Adri Embarba,ESP,Almería,es La Liga,31 years,27.5,55.0,37,29,15,11,26.0,53,49.1,27,37,1,36,15,70,12,0,Forward,Midfielder
Breel Embolo,SUI,Monaco,fr Ligue 1,26 years,2.0,3.0,3,0,2,1,1.0,4,25.0,3,1,0,1,1,4,2,0,Forward,
Emanuel Emegha,NED,Strasbourg,fr Ligue 1,20 years,23.1,8.0,5,2,4,2,4.0,9,44.4,5,13,3,10,2,10,25,0,Forward,
Emerson,BRA,Tottenham,eng Premier League,24 years,12.9,36.0,24,23,10,3,21.0,43,48.8,22,23,10,13,20,56,50,1,Defender,
Youssef En-Nesyri,MAR,Sevilla,es La Liga,26 years,28.6,10.0,7,3,4,3,0.0,10,0.0,10,9,1,8,7,17,29,1,Forward,
Julio Enciso,PAR,Brighton,eng Premier League,19 years,5.3,6.0,2,3,2,1,2.0,7,28.6,5,11,0,11,0,6,3,0,Midfielder,Forward
Wataru Endo,JPN,Liverpool,eng Premier League,30 years,19.1,48.0,28,11,31,6,20.0,61,32.8,41,24,2,22,20,68,31,3,Midfielder,
Arne Engels,BEL,Augsburg,de Bundesliga,19 years,15.6,33.0,18,15,14,4,12.0,29,41.4,17,23,1,22,15,48,21,0,Midfielder,Defender
Christian Eriksen,DEN,Manchester Utd,eng Premier League,31 years,12.7,18.0,13,5,10,3,12.0,33,36.4,21,17,6,11,4,22,13,0,Midfielder,
Martin Erlic,CRO,Sassuolo,it Serie A,25 years,29.1,37.0,22,26,8,3,20.0,30,66.7,10,31,16,15,28,65,128,1,Defender,
Gonzalo Escalante,ARG,Cádiz,es La Liga,30 years,18.9,39.0,24,16,14,9,20.0,55,36.4,35,23,5,18,26,65,33,2,Midfielder,
Aarón Escandell,ESP,Las Palmas,es La Liga,27 years,1.7,0.0,0,0,0,0,0.0,0,,0,0,0,0,0,0,1,1,Goalkeeper,
Alfonso Espino,URU,Rayo Vallecano,es La Liga,31 years,27.9,67.0,45,43,22,2,30.0,82,36.6,52,26,4,22,40,107,63,0,Defender,
Bernardo Espinosa,COL,Girona,es La Liga,34 years,0.0,1.0,1,1,0,0,1.0,1,100.0,0,0,0,0,0,1,2,0,Defender,
Maxime Estève,FRA,Burnley,eng Premier League,21 years,14.5,27.0,10,15,12,0,18.0,32,56.3,14,21,10,11,27,54,56,0,Defender,
Maxime Estève,FRA,Montpellier,fr Ligue 1,21 years,11.1,16.0,12,11,5,0,10.0,15,66.7,5,13,9,4,18,34,50,0,Defender,
Oscar Estupiñan,COL,Metz,fr Ligue 1,26 years,2.9,5.0,4,0,3,2,1.0,2,50.0,1,2,0,2,0,5,0,0,Forward,
Pervis Estupiñán,ECU,Brighton,eng Premier League,25 years,13.8,26.0,13,12,11,3,14.0,30,46.7,16,14,4,10,21,47,20,0,Defender,
Karl Etta,CMR,Cádiz,es La Liga,19 years,0.2,1.0,1,0,1,0,0.0,0,,0,0,0,0,0,1,0,0,Forward,
Jonny Evans,NIR,Manchester Utd,eng Premier League,35 years,15.5,22.0,14,20,2,0,12.0,21,57.1,9,25,18,7,23,45,76,0,Defender,
Eberechi Eze,ENG,Crystal Palace,eng Premier League,25 years,22.8,35.0,17,4,18,13,15.0,31,48.4,16,27,2,25,11,46,6,0,Midfielder,Forward
Abde Ezzalzouli,MAR,Barcelona,es La Liga,21 years,0.8,1.0,1,0,0,1,0.0,1,0.0,1,1,0,1,0,1,0,0,Forward,Midfielder
Abde Ezzalzouli,MAR,Betis,es La Liga,21 years,9.6,17.0,14,7,5,5,4.0,14,28.6,10,10,0,10,5,22,5,0,Forward,
Giovanni Fabbian,ITA,Bologna,it Serie A,20 years,11.7,17.0,10,9,7,1,7.0,12,58.3,5,5,2,3,7,24,11,0,Midfielder,Forward
Łukasz Fabiański,POL,West Ham,eng Premier League,38 years,8.0,1.0,0,1,0,0,1.0,2,50.0,1,0,0,0,1,2,4,0,Goalkeeper,
Nicolò Fagioli,ITA,Juventus,it Serie A,22 years,4.9,5.0,3,1,3,1,3.0,7,42.9,4,3,0,3,4,9,1,0,Midfielder,
Romain Faivre,FRA,Bournemouth,eng Premier League,25 years,0.5,1.0,1,0,1,0,0.0,3,0.0,3,0,0,0,0,1,0,0,Midfielder,Forward
Romain Faivre,FRA,Lorient,fr Ligue 1,25 years,16.1,13.0,6,5,4,4,6.0,15,40.0,9,6,1,5,7,20,3,1,Midfielder,Forward
Ilhan Fakili,FRA,Clermont Foot,fr Ligue 1,17 years,1.0,0.0,0,0,0,0,0.0,1,0.0,1,1,0,1,1,1,0,0,Midfielder,Forward
Radamel Falcao,COL,Rayo Vallecano,es La Liga,37 years,4.5,7.0,5,1,5,1,1.0,3,33.3,2,2,0,2,3,10,4,0,Forward,Defender
Wladimiro Falcone,ITA,Lecce,it Serie A,28 years,38.0,0.0,0,0,0,0,0.0,0,,0,1,0,1,1,1,21,2,Goalkeeper,
Fali,ESP,Cádiz,es La Liga,29 years,28.3,41.0,26,29,11,1,21.0,36,58.3,15,38,24,14,27,68,120,0,Defender,
Davide Faraoni,ITA,Hellas Verona,it Serie A,31 years,6.7,13.0,10,5,6,2,7.0,10,70.0,3,9,5,4,6,19,21,0,Defender,
Davide Faraoni,ITA,Fiorentina,it Serie A,31 years,4.4,9.0,4,5,2,2,5.0,11,45.5,6,3,1,2,5,14,14,0,Defender,
Ansu Fati,ESP,Brighton,eng Premier League,20 years,5.8,5.0,3,1,2,2,1.0,11,9.1,10,8,0,8,3,8,3,0,Midfielder,Forward
Ansu Fati,ESP,Barcelona,es La Liga,20 years,0.6,0.0,0,0,0,0,0.0,1,0.0,1,0,0,0,0,0,0,0,Midfielder,Forward
Khalil Fayad,FRA,Montpellier,fr Ligue 1,19 years,11.4,28.0,15,17,7,4,9.0,22,40.9,13,15,3,12,14,42,6,0,Forward,Midfielder
Federico Fazio,ARG,Salernitana,it Serie A,36 years,15.1,18.0,11,14,4,0,8.0,14,57.1,6,22,19,3,17,35,99,1,Defender,
Jacopo Fazzini,ITA,Empoli,it Serie A,20 years,13.7,49.0,25,27,13,9,30.0,53,56.6,23,21,3,18,12,61,18,0,Midfielder,
Nabil Fekir,FRA,Betis,es La Liga,30 years,11.7,15.0,10,5,7,3,5.0,10,50.0,5,9,0,9,7,22,3,0,Midfielder,Forward
Felipe,BRA,Nottingham Forest,eng Premier League,34 years,4.2,12.0,9,9,3,0,9.0,12,75.0,3,4,1,3,4,16,12,0,Defender,
Luiz Felipe,ITA,Betis,es La Liga,26 years,4.0,7.0,3,5,2,0,4.0,5,80.0,1,10,4,6,4,11,16,0,Defender,
João Félix,POR,Barcelona,es La Liga,23 years,17.1,22.0,16,9,7,6,8.0,22,36.4,14,14,1,13,10,32,11,0,Forward,
Ohis Felix Uduokhai,GER,Augsburg,de Bundesliga,25 years,32.5,37.0,21,18,14,5,16.0,25,64.0,9,45,35,10,46,83,178,2,Defender,
Kiko Femenía,ESP,Villarreal,es La Liga,32 years,17.6,35.0,25,19,13,3,19.0,34,55.9,15,21,6,15,31,66,45,0,Defender,
Evan Ferguson,IRL,Brighton,eng Premier League,18 years,15.2,14.0,6,4,7,3,5.0,14,35.7,9,10,3,7,2,16,8,0,Forward,
Lewis Ferguson,SCO,Bologna,it Serie A,23 years,30.1,37.0,21,16,17,4,16.0,37,43.2,21,25,8,17,17,54,27,1,Midfielder,
Bruno Fernandes,POR,Manchester Utd,eng Premier League,28 years,34.6,68.0,38,27,25,16,30.0,88,34.1,58,49,6,43,27,95,50,2,Midfielder,Forward
Edimilson Fernandes,SUI,Mainz 05,de Bundesliga,27 years,14.3,25.0,16,15,9,1,16.0,24,66.7,8,14,6,8,22,47,52,0,Defender,
Aitor Fernández,ESP,Osasuna,es La Liga,32 years,6.1,0.0,0,0,0,0,0.0,1,0.0,1,0,0,0,0,0,5,1,Goalkeeper,
Álex Fernández,ESP,Cádiz,es La Liga,30 years,14.3,19.0,9,10,9,0,11.0,22,50.0,11,17,5,12,15,34,30,0,Midfielder,
Carlos Fernández,ESP,Real Sociedad,es La Liga,27 years,4.5,11.0,7,3,6,2,0.0,2,0.0,2,4,0,4,0,11,5,0,Forward,
Enzo Fernández,ARG,Chelsea,eng Premier League,22 years,24.5,50.0,22,22,18,10,27.0,65,41.5,38,36,13,23,17,67,28,0,Midfielder,
Raúl Fernández,ESP,Granada,es La Liga,35 years,3.1,0.0,0,0,0,0,0.0,1,0.0,1,0,0,0,0,0,1,2,Goalkeeper,
Valery Fernández,ESP,Girona,es La Liga,23 years,5.6,11.0,9,4,7,0,6.0,8,75.0,2,6,1,5,1,12,4,0,Midfielder,Forward
Fernando,ESP,Almería,es La Liga,33 years,4.0,0.0,0,0,0,0,0.0,0,,0,1,0,1,0,0,2,0,Goalkeeper,
Fernando,BRA,Sevilla,es La Liga,36 years,5.1,9.0,8,2,4,3,5.0,9,55.6,4,2,0,2,7,16,9,0,Midfielder,
Ichem Ferrah,FRA,Lille,fr Ligue 1,17 years,0.0,0.0,0,0,0,0,0.0,0,,0,0,0,0,0,0,0,0,Forward,
Andrea Ferraris,ITA,Monza,it Serie A,20 years,0.1,1.0,1,1,0,0,0.0,0,,0,0,0,0,0,1,0,0,Midfielder,
André Ferreira,POR,Granada,es La Liga,27 years,14.9,0.0,0,0,0,0,0.0,1,0.0,1,0,0,0,0,0,9,2,Goalkeeper,
João Ferreira,POR,Udinese,it Serie A,22 years,20.2,58.0,42,36,18,4,34.0,58,58.6,24,27,6,21,29,87,89,0,Defender,
Jordan Ferri,FRA,Montpellier,fr Ligue 1,31 years,22.6,36.0,22,16,17,3,20.0,67,29.9,47,19,1,18,13,49,23,0,Midfielder,
Nacho Ferri,ESP,Eintracht Frankfurt,de Bundesliga,18 years,0.8,3.0,3,1,2,0,2.0,3,66.7,1,0,0,0,0,3,2,0,Forward,Midfielder
Rachad Fettal,MAR,Almería,es La Liga,18 years,0.2,1.0,1,1,0,0,0.0,0,,0,0,0,0,0,1,0,0,Forward,
Seydou Fini,ITA,Genoa,it Serie A,17 years,0.4,0.0,0,0,0,0,0.0,0,,0,0,0,0,0,0,0,0,Defender,Forward
Max Finkgräfe,GER,Köln,de Bundesliga,19 years,19.5,65.0,39,40,25,0,39.0,74,52.7,35,35,10,25,22,87,39,0,Defender,Forward
Vincenzo Fiorillo,ITA,Salernitana,it Serie A,33 years,4.0,0.0,0,0,0,0,0.0,0,,0,0,0,0,0,0,0,1,Goalkeeper,
Kilian Fischer,GER,Wolfsburg,de Bundesliga,22 years,3.2,8.0,6,4,3,1,2.0,5,40.0,3,8,1,7,1,9,12,0,Defender,Midfielder
John Fleck,SCO,Sheffield Utd,eng Premier League,31 years,1.0,1.0,0,0,1,0,0.0,1,0.0,1,0,0,0,0,1,1,0,Midfielder,Defender
Mark Flekken,NED,Brentford,eng Premier League,30 years,36.5,1.0,1,1,0,0,1.0,5,20.0,4,1,0,1,0,1,17,1,Goalkeeper,
Alessandro Florenzi,ITA,Milan,it Serie A,32 years,19.2,43.0,21,26,12,5,26.0,48,54.2,22,16,9,7,20,63,25,1,Defender,
Phil Foden,ENG,Manchester City,eng Premier League,23 years,31.7,31.0,20,11,10,10,13.0,31,41.9,18,30,0,30,13,44,18,1,Forward,Midfielder
Wes Foderingham,ENG,Sheffield Utd,eng Premier League,32 years,29.4,5.0,3,5,0,0,5.0,6,83.3,1,0,0,0,0,5,18,6,Goalkeeper,
Malick Fofana,BEL,Lyon,fr Ligue 1,18 years,6.2,5.0,4,3,1,1,4.0,9,44.4,5,3,0,3,5,10,9,0,Forward,
Youssouf Fofana,FRA,Monaco,fr Ligue 1,24 years,30.0,61.0,39,19,36,6,30.0,66,45.5,36,35,7,28,37,98,31,1,Midfielder,
Jonas Föhrenbach,GER,Heidenheim,de Bundesliga,27 years,31.0,44.0,24,24,14,6,19.0,36,52.8,17,34,19,15,31,75,70,0,Defender,
Thomas Foket,BEL,Reims,fr Ligue 1,28 years,20.4,32.0,17,21,8,3,20.0,45,44.4,25,34,12,22,25,57,36,0,Defender,
Michael Folorunsho,ITA,Hellas Verona,it Serie A,25 years,30.9,50.0,28,21,22,7,23.0,57,40.4,34,45,12,33,17,67,44,2,Midfielder,Forward
Tiago Fonseca Morais,POR,Lille,fr Ligue 1,19 years,0.5,1.0,1,0,1,0,0.0,0,,0,0,0,0,1,2,0,0,Forward,
Pablo Fornals,ESP,West Ham,eng Premier League,27 years,4.7,10.0,6,4,3,3,5.0,16,31.3,11,8,1,7,6,16,7,0,Midfielder,Forward
Pablo Fornals,ESP,Betis,es La Liga,27 years,12.8,24.0,16,8,11,5,12.0,22,54.5,10,14,0,14,22,46,10,2,Forward,Midfielder
Emil Forsberg,SWE,RB Leipzig,de Bundesliga,31 years,5.2,7.0,3,2,5,0,5.0,12,41.7,7,7,0,7,0,7,5,0,Midfielder,Forward
Omari Forson,ENG,Manchester Utd,eng Premier League,19 years,0.8,2.0,0,0,2,0,1.0,1,100.0,0,0,0,0,0,2,0,0,Forward,
Philipp Förster,GER,Bochum,de Bundesliga,28 years,4.3,9.0,5,3,4,2,2.0,6,33.3,4,3,0,3,7,16,3,0,Midfielder,Forward
Héctor Fort,ESP,Barcelona,es La Liga,16 years,3.5,6.0,5,5,1,0,4.0,10,40.0,6,0,0,0,2,8,4,0,Defender,
Lyle Foster,RSA,Burnley,eng Premier League,22 years,21.1,19.0,10,5,6,8,6.0,17,35.3,11,13,3,10,3,22,34,0,Forward,Midfielder
Dimitri Foulquier,FRA,Valencia,es La Liga,30 years,20.5,39.0,22,22,13,4,18.0,26,69.2,8,10,1,9,16,55,49,1,Defender,Midfielder
Juan Foyth,ARG,Villarreal,es La Liga,25 years,11.8,26.0,15,18,8,0,12.0,27,44.4,15,17,4,13,12,38,44,0,Defender,
Matheus França,BRA,Crystal Palace,eng Premier League,19 years,2.6,3.0,3,2,1,0,1.0,7,14.3,6,4,0,4,1,4,1,0,Midfielder,Forward
Bartol Franjić,CRO,Darmstadt 98,de Bundesliga,23 years,13.7,15.0,12,4,10,1,7.0,28,25.0,21,12,4,8,30,45,29,2,Midfielder,
Przemysław Frankowski,POL,Lens,fr Ligue 1,28 years,24.4,60.0,39,25,26,9,31.0,74,41.9,43,30,7,23,25,85,36,0,Defender,
Nathan Fraser,IRL,Wolves,eng Premier League,18 years,2.1,5.0,2,2,1,2,1.0,3,33.3,2,2,1,1,1,6,2,0,Forward,
Davide Frattesi,ITA,Inter,it Serie A,23 years,10.6,10.0,6,3,7,0,4.0,8,50.0,4,9,3,6,5,15,19,0,Midfielder,
Morten Frendrup,DEN,Genoa,it Serie A,22 years,34.9,133.0,72,47,70,16,55.0,91,60.4,36,55,14,41,51,184,42,1,Midfielder,
Remo Freuler,SUI,Bologna,it Serie A,31 years,29.2,78.0,50,41,32,5,38.0,69,55.1,31,37,9,28,36,114,53,2,Midfielder,
Marco Friedl,AUT,Werder Bremen,de Bundesliga,25 years,24.4,53.0,32,38,15,0,36.0,48,75.0,12,45,29,16,35,88,129,0,Defender,
Marvin Friedrich,GER,Gladbach,de Bundesliga,27 years,17.4,23.0,15,16,6,1,12.0,20,60.0,8,28,20,8,17,40,87,0,Defender,
Jeremie Frimpong,NED,Leverkusen,de Bundesliga,22 years,25.0,26.0,17,12,7,7,8.0,20,40.0,12,26,0,26,7,33,17,0,Defender,
Jorge de Frutos,ESP,Rayo Vallecano,es La Liga,26 years,17.2,19.0,8,5,8,6,7.0,22,31.8,15,12,0,12,7,26,18,0,Forward,Midfielder
Chris Führich,GER,Stuttgart,de Bundesliga,25 years,28.5,30.0,19,6,14,10,16.0,37,43.2,21,31,0,31,7,37,7,0,Forward,Midfielder
Shiō Fukuda,JPN,Gladbach,de Bundesliga,19 years,0.4,2.0,0,1,1,0,1.0,2,50.0,1,0,0,0,1,3,0,0,Forward,Midfielder
Angelo Fulgini,FRA,Lens,fr Ligue 1,26 years,15.3,23.0,14,6,13,4,11.0,19,57.9,8,22,1,21,8,31,11,0,Midfielder,
Niclas Füllkrug,GER,Werder Bremen,de Bundesliga,30 years,2.0,1.0,1,0,1,0,1.0,1,100.0,0,2,1,1,0,1,1,0,Forward,
Niclas Füllkrug,GER,Dortmund,de Bundesliga,30 years,24.6,7.0,2,1,6,0,2.0,8,25.0,6,17,4,13,2,9,25,0,Forward,
Gerardo Fusco,ITA,Salernitana,it Serie A,18 years,0.2,0.0,0,0,0,0,0.0,0,,0,0,0,0,0,0,0,0,Forward,
Daniel Fuzato,BRA,Getafe,es La Liga,26 years,0.1,0.0,0,0,0,0,0.0,0,,0,0,0,0,0,0,1,0,Goalkeeper,
Matteo Gabbia,ITA,Milan,it Serie A,23 years,14.2,29.0,20,15,13,1,18.0,24,75.0,6,11,6,5,10,39,48,0,Defender,
Matteo Gabbia,ITA,Villarreal,es La Liga,23 years,5.3,10.0,6,4,6,0,5.0,8,62.5,3,5,2,3,8,18,36,1,Defender,
Gianluca Gaetano,ITA,Cagliari,it Serie A,23 years,8.3,7.0,4,0,4,3,2.0,7,28.6,5,4,0,4,3,10,4,0,Forward,Midfielder
Gianluca Gaetano,ITA,Napoli,it Serie A,23 years,1.8,4.0,1,0,4,0,2.0,4,50.0,2,5,2,3,1,5,4,0,Midfielder,
Roberto Gagliardini,ITA,Monza,it Serie A,29 years,26.2,61.0,30,27,25,9,31.0,50,62.0,19,30,11,19,31,92,38,0,Midfielder,Defender
Cody Gakpo,NED,Liverpool,eng Premier League,24 years,18.3,27.0,17,8,14,5,8.0,25,32.0,17,21,4,17,14,41,7,0,Forward,Midfielder
Javi Galán,ESP,Atlético Madrid,es La Liga,28 years,1.0,5.0,4,2,2,1,4.0,5,80.0,1,1,0,1,1,6,3,0,Defender,
Javi Galán,ESP,Real Sociedad,es La Liga,28 years,11.9,38.0,22,15,19,4,15.0,30,50.0,15,24,1,23,14,52,17,1,Defender,
Iñigo Ruiz de Galarreta,ESP,Athletic Club,es La Liga,29 years,23.2,49.0,31,15,26,8,24.0,49,49.0,25,18,5,13,12,61,17,0,Midfielder,
Pablo Galdames Millán,CHI,Genoa,it Serie A,26 years,0.1,0.0,0,0,0,0,0.0,0,,0,1,0,1,0,0,0,0,Midfielder,Defender
Conor Gallagher,ENG,Chelsea,eng Premier League,23 years,34.8,85.0,52,37,31,17,33.0,77,42.9,44,50,11,39,43,128,34,0,Midfielder,
Antonino Gallo,ITA,Lecce,it Serie A,23 years,27.7,43.0,27,31,11,1,31.0,49,63.3,18,34,9,25,25,68,67,0,Defender,
Cristian Gamboa,CRC,Bochum,de Bundesliga,33 years,13.2,24.0,18,12,11,1,14.0,33,42.4,19,20,7,13,15,39,34,1,Defender,
Kévin Gameiro,FRA,Strasbourg,fr Ligue 1,36 years,15.0,10.0,10,5,3,2,2.0,17,11.8,15,9,0,9,3,13,7,0,Forward,Midfielder
Idrissa Gana Gueye,SEN,Everton,eng Premier League,33 years,20.9,73.0,44,32,27,14,29.0,46,63.0,17,24,7,17,28,101,16,0,Midfielder,
Ignatius Ganago,CMR,Nantes,fr Ligue 1,24 years,2.0,0.0,0,0,0,0,0.0,1,0.0,1,1,0,1,1,1,1,0,Forward,Midfielder
Aleix García,ESP,Girona,es La Liga,26 years,35.5,49.0,28,17,26,6,28.0,54,51.9,26,45,17,28,36,85,53,3,Midfielder,
Álvaro García,ESP,Rayo Vallecano,es La Liga,30 years,27.5,34.0,25,15,10,9,7.0,34,20.6,27,35,0,35,36,70,33,0,Forward,Midfielder
Dani García,ESP,Athletic Club,es La Liga,33 years,8.3,17.0,11,4,7,6,12.0,24,50.0,12,9,3,6,8,25,11,0,Midfielder,
David García,ESP,Osasuna,es La Liga,29 years,25.9,29.0,18,19,9,1,16.0,26,61.5,10,40,19,21,18,47,115,2,Defender,
Eric García,ESP,Barcelona,es La Liga,22 years,0.6,0.0,0,0,0,0,0.0,0,,0,1,1,0,0,0,0,0,Defender,
Eric García,ESP,Girona,es La Liga,22 years,29.3,55.0,37,34,18,3,34.0,49,69.4,15,36,18,18,30,85,79,2,Defender,
Fran Garcia,ESP,Real Madrid,es La Liga,23 years,15.5,25.0,17,11,12,2,13.0,31,41.9,18,16,3,13,19,44,28,1,Defender,
Gonzalo García,ESP,Real Madrid,es La Liga,19 years,0.2,0.0,0,0,0,0,0.0,1,0.0,1,1,1,0,0,0,1,0,Forward,Midfielder
Jastin García,ESP,Girona,es La Liga,19 years,0.4,1.0,0,0,0,1,0.0,0,,0,0,0,0,0,1,1,0,Forward,
Raúl García,ESP,Athletic Club,es La Liga,37 years,4.7,9.0,6,2,4,3,4.0,9,44.4,5,10,1,9,3,12,9,0,Forward,Midfielder
Rubén García,ESP,Osasuna,es La Liga,30 years,17.2,32.0,18,8,17,7,13.0,33,39.4,20,23,3,20,12,44,23,0,Forward,Midfielder
Santiago García,ESP,Getafe,es La Liga,21 years,0.3,1.0,0,0,0,1,1.0,1,100.0,0,0,0,0,0,1,0,0,Forward,
Ulisses Garcia,SUI,Marseille,fr Ligue 1,27 years,10.1,21.0,16,6,13,2,13.0,20,65.0,7,8,3,5,7,28,13,2,Defender,
Unai García,ESP,Osasuna,es La Liga,31 years,6.2,12.0,9,9,2,1,5.0,10,50.0,5,7,1,6,8,20,18,0,Defender,
Alejandro Garnacho,ARG,Manchester Utd,eng Premier League,19 years,28.5,22.0,15,7,6,9,12.0,45,26.7,33,26,2,24,18,40,18,0,Forward,
James Garner,ENG,Everton,eng Premier League,22 years,33.4,83.0,44,32,38,13,35.0,82,42.7,47,45,14,31,45,128,47,1,Midfielder,
Luca Garritano,ITA,Frosinone,it Serie A,29 years,5.4,10.0,5,7,2,1,5.0,15,33.3,10,13,0,13,4,14,8,1,Midfielder,Defender
Yarek Gasiorowski,ESP,Valencia,es La Liga,18 years,8.2,22.0,12,14,5,3,13.0,19,68.4,6,15,8,7,15,37,50,1,Defender,
Johan Gastien,FRA,Clermont Foot,fr Ligue 1,35 years,25.1,43.0,22,18,21,4,23.0,81,28.4,58,31,9,22,36,79,24,4,Midfielder,
Federico Gatti,ITA,Juventus,it Serie A,25 years,29.3,33.0,19,16,16,1,19.0,24,79.2,5,26,15,11,19,52,90,1,Defender,
Federico Gattoni,ARG,Sevilla,es La Liga,24 years,0.1,1.0,0,1,0,0,1.0,1,100.0,0,0,0,0,0,1,1,0,Defender,Forward
Gavi,ESP,Barcelona,es La Liga,18 years,10.5,39.0,21,20,14,5,18.0,36,50.0,18,19,3,16,8,47,16,1,Midfielder,Forward
Paulo Gazzaniga,ARG,Girona,es La Liga,31 years,38.0,2.0,2,2,0,0,2.0,4,50.0,2,0,0,0,0,2,12,1,Goalkeeper,
Yann Gboho,FRA,Toulouse,fr Ligue 1,22 years,13.3,14.0,4,6,6,2,8.0,23,34.8,15,21,1,20,4,18,2,0,Midfielder,Forward
Dennis Geiger,GER,Hoffenheim,de Bundesliga,25 years,0.7,1.0,0,1,0,0,0.0,0,,0,1,1,0,0,1,0,0,Midfielder,
Gelabert,ESP,Toulouse,fr Ligue 1,22 years,8.4,14.0,8,5,6,3,7.0,20,35.0,13,8,2,6,5,19,8,0,Midfielder,Forward
Francesco Gelli,ITA,Frosinone,it Serie A,26 years,17.3,19.0,13,8,4,7,10.0,24,41.7,14,19,3,16,11,30,27,1,Midfielder,Defender
Luca Gemello,ITA,Torino,it Serie A,23 years,2.0,0.0,0,0,0,0,0.0,1,0.0,1,0,0,0,0,0,1,1,Goalkeeper,
Valentin Gendrey,FRA,Lecce,it Serie A,23 years,33.8,55.0,33,35,16,4,30.0,46,65.2,16,40,11,29,35,90,99,0,Defender,
Denis Genreau,AUS,Toulouse,fr Ligue 1,24 years,5.2,12.0,9,6,6,0,8.0,15,53.3,7,8,1,7,6,18,8,0,Midfielder,Forward
Yannick Gerhardt,GER,Wolfsburg,de Bundesliga,29 years,18.1,31.0,20,16,12,3,9.0,32,28.1,23,15,2,13,7,38,35,0,Midfielder,Defender
Anwar El Ghazi,NED,Mainz 05,de Bundesliga,28 years,0.6,0.0,0,0,0,0,0.0,1,0.0,1,0,0,0,0,0,0,0,Midfielder,Defender
Farés Ghedjemis,FRA,Frosinone,it Serie A,20 years,2.0,2.0,0,1,0,1,0.0,2,0.0,2,2,0,2,1,3,2,0,Forward,Midfielder
Saman Ghoddos,IRN,Brentford,eng Premier League,29 years,8.2,28.0,19,19,7,2,17.0,31,54.8,14,9,2,7,5,33,12,0,Defender,
Lautaro Gianetti,ARG,Udinese,it Serie A,29 years,7.0,9.0,4,7,2,0,4.0,5,80.0,1,10,6,4,19,28,39,0,Defender,
Morgan Gibbs-White,ENG,Nottingham Forest,eng Premier League,23 years,35.1,36.0,24,6,20,10,14.0,33,42.4,19,31,8,23,17,53,21,0,Midfielder,Forward
Samuel Gigot,FRA,Marseille,fr Ligue 1,29 years,19.2,33.0,22,16,13,4,13.0,19,68.4,6,28,18,10,25,58,93,1,Defender,
Bryan Gil,ESP,Tottenham,eng Premier League,22 years,2.3,1.0,0,0,0,1,1.0,4,25.0,3,3,0,3,3,4,4,0,Forward,Midfielder
David Gil,ESP,Cádiz,es La Liga,29 years,4.1,0.0,0,0,0,0,0.0,1,0.0,1,0,0,0,0,0,3,0,Goalkeeper,
Mario Gila,ESP,Lazio,it Serie A,22 years,20.1,32.0,14,23,8,1,19.0,34,55.9,15,27,14,13,20,52,69,0,Defender,
Alfie Gilchrist,ENG,Chelsea,eng Premier League,19 years,2.3,4.0,0,4,0,0,2.0,5,40.0,3,6,3,3,3,7,11,0,Defender,
Ryan Giles,ENG,Luton Town,eng Premier League,23 years,5.6,8.0,6,4,3,1,2.0,7,28.6,5,2,0,2,4,12,22,0,Defender,Midfielder
Billy Gilmour,SCO,Brighton,eng Premier League,22 years,23.6,26.0,16,14,10,2,11.0,35,31.4,24,23,9,14,11,37,14,1,Midfielder,
Benedikt Gimber,GER,Heidenheim,de Bundesliga,26 years,22.5,40.0,24,25,14,1,19.0,35,54.3,16,27,17,10,16,56,101,1,Defender,
Gvidas Gineitis,LTU,Torino,it Serie A,19 years,6.0,11.0,7,3,8,0,4.0,7,57.1,3,10,4,6,4,15,9,1,Midfielder,
Matthias Ginter,GER,Freiburg,de Bundesliga,29 years,21.3,29.0,15,19,9,1,16.0,29,55.2,13,40,26,14,16,45,93,0,Defender,
Olivier Giroud,FRA,Milan,it Serie A,36 years,26.3,17.0,11,6,6,5,2.0,14,14.3,12,14,3,11,6,23,22,0,Forward,
Jamie Gittens,ENG,Dortmund,de Bundesliga,18 years,11.8,14.0,7,6,7,1,2.0,17,11.8,15,11,2,9,4,18,7,0,Forward,Midfielder
Klaus Gjasula,ALB,Darmstadt 98,de Bundesliga,33 years,15.1,44.0,22,18,25,1,17.0,30,56.7,13,26,14,12,19,63,42,2,Defender,Midfielder
Serge Gnabry,GER,Bayern Munich,de Bundesliga,28 years,4.8,8.0,5,0,5,3,2.0,13,15.4,11,5,0,5,3,11,2,0,Forward,Midfielder
Ben Godfrey,ENG,Everton,eng Premier League,25 years,12.4,30.0,20,17,8,5,15.0,28,53.6,13,14,8,6,16,46,57,0,Defender,
Edoardo Goldaniga,ITA,Cagliari,it Serie A,29 years,11.2,12.0,7,9,3,0,4.0,10,40.0,6,11,7,4,15,27,37,1,Defender,
Pierluigi Gollini,ITA,Napoli,it Serie A,28 years,7.0,1.0,1,1,0,0,1.0,1,100.0,0,0,0,0,1,2,2,0,Goalkeeper,
Aleksandr Golovin,RUS,Monaco,fr Ligue 1,27 years,23.9,42.0,30,14,22,6,15.0,42,35.7,27,37,3,34,21,63,14,0,Midfielder,Forward
André Gomes,POR,Everton,eng Premier League,30 years,5.6,7.0,4,2,3,2,3.0,13,23.1,10,10,1,9,3,10,4,1,Midfielder,Forward
Angel Gomes,ENG,Lille,fr Ligue 1,22 years,28.6,26.0,13,4,15,7,14.0,32,43.8,18,23,6,17,18,44,28,1,Midfielder,
João Gomes,BRA,Wolves,eng Premier League,22 years,29.4,128.0,74,67,49,12,44.0,99,44.4,55,51,8,43,18,146,29,2,Midfielder,
Toti Gomes,POR,Wolves,eng Premier League,24 years,30.8,44.0,25,32,8,4,24.0,37,64.9,13,40,19,21,26,70,93,2,Defender,
Joe Gomez,ENG,Liverpool,eng Premier League,26 years,19.8,47.0,31,24,16,7,30.0,63,47.6,33,26,4,22,19,66,50,2,Defender,
Maxi Gómez,URU,Cádiz,es La Liga,26 years,12.9,6.0,4,2,3,1,3.0,5,60.0,2,8,3,5,3,9,3,0,Forward,
Moi Gómez,ESP,Osasuna,es La Liga,29 years,22.3,30.0,19,7,19,4,9.0,24,37.5,15,15,1,14,11,41,22,0,Midfielder,Forward
Papu Gómez,ARG,Monza,it Serie A,35 years,0.5,0.0,0,0,0,0,0.0,2,0.0,2,0,0,0,1,1,0,0,Midfielder,Forward
Sergio Gómez,ESP,Manchester City,eng Premier League,22 years,0.6,1.0,0,0,1,0,1.0,2,50.0,1,0,0,0,1,2,0,0,Forward,Midfielder
Unai Gómez,ESP,Athletic Club,es La Liga,20 years,9.7,12.0,10,2,6,4,5.0,10,50.0,5,13,2,11,2,14,9,0,Midfielder,
Iron Gomis,FRA,Salernitana,it Serie A,23 years,1.5,4.0,1,2,2,0,0.0,1,0.0,1,2,0,2,2,6,2,0,Midfielder,
Maxime Gonalons,FRA,Clermont Foot,fr Ligue 1,34 years,14.4,47.0,33,14,27,6,25.0,57,43.9,32,18,3,15,20,67,11,0,Midfielder,
Édgar González,ESP,Almería,es La Liga,26 years,28.0,45.0,21,22,20,3,25.0,49,51.0,24,48,28,20,38,83,130,3,Defender,Midfielder
Enso Gonzalez,PAR,Wolves,eng Premier League,18 years,0.0,0.0,0,0,0,0,0.0,1,0.0,1,0,0,0,0,0,0,0,Midfielder,Defender
Fabio González,ESP,Las Palmas,es La Liga,26 years,1.4,2.0,2,2,0,0,1.0,2,50.0,1,2,0,2,0,2,0,0,Midfielder,
Giovanni González,URU,Mallorca,es La Liga,28 years,27.4,73.0,45,37,32,4,40.0,81,49.4,41,24,3,21,31,104,60,2,Defender,
Hugo González,ESP,Valencia,es La Liga,20 years,1.0,2.0,1,0,2,0,0.0,0,,0,0,0,0,0,2,0,0,Midfielder,Forward
Iñaki González,ESP,Las Palmas,es La Liga,19 years,0.1,1.0,0,1,0,0,0.0,0,,0,0,0,0,0,1,1,0,Midfielder,
Joan Gonzàlez,ESP,Lecce,it Serie A,21 years,14.3,31.0,18,16,12,3,17.0,28,60.7,11,20,3,17,5,36,9,0,Midfielder,
Nicolás González,ARG,Fiorentina,it Serie A,25 years,21.3,28.0,18,15,8,5,8.0,28,28.6,20,26,1,25,12,40,9,0,Forward,
Peter González,DOM,Valencia,es La Liga,21 years,7.2,5.0,3,3,1,1,1.0,10,10.0,9,11,0,11,7,12,10,0,Midfielder,Forward
Urko González,ESP,Real Sociedad,es La Liga,22 years,1.7,4.0,1,0,3,1,2.0,2,100.0,0,1,0,1,1,5,6,0,Midfielder,
Anthony Gordon,ENG,Newcastle Utd,eng Premier League,22 years,32.1,55.0,34,16,28,11,22.0,64,34.4,42,27,0,27,7,62,7,0,Forward,
Kaide Gordon,ENG,Liverpool,eng Premier League,18 years,0.0,0.0,0,0,0,0,0.0,0,,0,0,0,0,0,0,0,0,Forward,
Daniel Gore,ENG,Manchester Utd,eng Premier League,18 years,0.0,1.0,1,0,1,0,1.0,1,100.0,0,0,0,0,1,2,0,0,Midfielder,
Leon Goretzka,GER,Bayern Munich,de Bundesliga,28 years,24.9,41.0,23,18,14,9,24.0,54,44.4,30,44,8,36,31,72,42,1,Midfielder,
Mathieu Gorgelin,FRA,Le Havre,fr Ligue 1,32 years,1.0,0.0,0,0,0,0,0.0,0,,0,0,0,0,0,0,0,0,Goalkeeper,
Andoni Gorosabel,ESP,Alavés,es La Liga,26 years,31.7,62.0,42,40,17,5,38.0,75,50.7,37,24,8,16,28,90,69,0,Defender,
Robin Gosens,GER,Union Berlin,de Bundesliga,29 years,25.4,63.0,44,25,31,7,30.0,44,68.2,14,52,9,43,36,99,75,0,Defender,Midfielder
Mario Götze,GER,Eintracht Frankfurt,de Bundesliga,31 years,23.0,51.0,34,18,25,8,28.0,62,45.2,34,19,3,16,14,65,10,0,Midfielder,
Amine Gouiri,ALG,Rennes,fr Ligue 1,23 years,23.0,20.0,10,4,11,5,8.0,19,42.1,11,18,1,17,14,34,12,0,Forward,Midfielder
Jeffrey Gouweleeuw,NED,Augsburg,de Bundesliga,32 years,28.8,35.0,23,13,17,5,16.0,25,64.0,9,44,24,20,35,70,108,0,Defender,
Pablo Gozalbez,ESP,Valencia,es La Liga,22 years,1.1,1.0,0,0,0,1,1.0,6,16.7,5,0,0,0,1,2,2,0,Midfielder,Forward
Jonathan Gradit,FRA,Lens,fr Ligue 1,30 years,23.5,32.0,20,15,14,3,19.0,35,54.3,16,30,17,13,37,69,61,0,Defender,
Jens Grahl,GER,Eintracht Frankfurt,de Bundesliga,34 years,2.0,0.0,0,0,0,0,0.0,0,,0,0,0,0,0,0,3,0,Goalkeeper,
Samuel Grandsir,FRA,Le Havre,fr Ligue 1,26 years,6.7,16.0,12,5,9,2,8.0,18,44.4,10,4,0,4,3,19,3,1,Midfielder,Forward
Alberto Grassi,ITA,Empoli,it Serie A,28 years,20.1,30.0,18,13,13,4,10.0,26,38.5,16,26,11,15,41,71,37,0,Midfielder,
Ryan Gravenberch,NED,Liverpool,eng Premier League,21 years,12.5,26.0,12,5,13,8,12.0,29,41.4,17,20,2,18,14,40,11,0,Midfielder,
Ryan Gravenberch,NED,Bayern Munich,de Bundesliga,21 years,0.1,0.0,0,0,0,0,0.0,0,,0,0,0,0,0,0,0,0,Forward,
Adrian Grbić,AUT,Lorient,fr Ligue 1,26 years,0.3,0.0,0,0,0,0,0.0,0,,0,0,0,0,0,0,0,0,Forward,
Ivo Grbić,CRO,Sheffield Utd,eng Premier League,27 years,8.6,0.0,0,0,0,0,0.0,1,0.0,1,1,0,1,0,0,9,1,Goalkeeper,
Jack Grealish,ENG,Manchester City,eng Premier League,27 years,11.2,13.0,8,6,7,0,6.0,12,50.0,6,13,2,11,6,19,5,0,Forward,Midfielder
Mason Greenwood,ENG,Getafe,es La Liga,21 years,29.6,11.0,6,3,5,3,4.0,21,19.0,17,9,0,9,4,15,4,0,Midfielder,Forward
Michael Gregoritsch,AUT,Freiburg,de Bundesliga,29 years,18.7,16.0,12,8,5,3,2.0,14,14.3,12,17,4,13,9,25,27,0,Forward,
Dominik Greif,SVK,Mallorca,es La Liga,26 years,1.0,0.0,0,0,0,0,0.0,0,,0,0,0,0,0,0,0,0,Goalkeeper,
Antoine Griezmann,FRA,Atlético Madrid,es La Liga,32 years,29.4,33.0,19,14,14,5,15.0,41,36.6,26,34,3,31,10,43,23,1,Forward,Midfielder
Vincenzo Grifo,ITA,Freiburg,de Bundesliga,30 years,25.8,31.0,20,14,11,6,14.0,31,45.2,17,22,1,21,15,46,20,0,Midfielder,Forward
Florian Grillitsch,AUT,Hoffenheim,de Bundesliga,27 years,25.5,54.0,28,31,19,4,22.0,54,40.7,32,41,20,21,52,106,90,2,Defender,Midfielder
Álex Grimaldo,ESP,Leverkusen,de Bundesliga,27 years,30.9,45.0,24,26,10,9,30.0,55,54.5,25,32,7,25,22,67,41,0,Defender,
Christian Groß,GER,Werder Bremen,de Bundesliga,34 years,8.9,21.0,16,11,9,1,11.0,25,44.0,14,17,6,11,13,34,28,1,Defender,Midfielder
Pascal Groß,GER,Brighton,eng Premier League,32 years,34.6,70.0,46,33,21,16,31.0,72,43.1,41,41,8,33,22,92,32,3,Midfielder,Defender
Brajan Gruda,GER,Mainz 05,de Bundesliga,19 years,18.2,22.0,14,5,11,6,14.0,24,58.3,10,15,0,15,5,27,4,0,Midfielder,Forward
Ilia Gruev,BUL,Werder Bremen,de Bundesliga,23 years,0.0,0.0,0,0,0,0,0.0,0,,0,0,0,0,0,0,0,0,Midfielder,
Vicente Guaita,ESP,Celta Vigo,es La Liga,36 years,26.7,1.0,1,1,0,0,1.0,2,50.0,1,0,0,0,0,1,9,1,Goalkeeper,
Andrés Guardado,MEX,Betis,es La Liga,36 years,5.0,17.0,12,5,9,3,7.0,14,50.0,7,4,2,2,6,23,5,0,Midfielder,
Sergi Guardiola,ESP,Cádiz,es La Liga,32 years,5.5,10.0,7,2,6,2,4.0,9,44.4,5,10,0,10,0,10,4,0,Forward,Midfielder
Nemanja Gudelj,SRB,Sevilla,es La Liga,31 years,19.4,31.0,24,18,10,3,17.0,31,54.8,14,17,9,8,27,58,56,0,Defender,Midfielder
Gabriel Gudmundsson,SWE,Lille,fr Ligue 1,24 years,14.1,22.0,16,7,13,2,12.0,20,60.0,8,14,3,11,15,37,25,0,Defender,Forward
Gonçalo Guedes,POR,Villarreal,es La Liga,26 years,10.6,6.0,4,1,2,3,2.0,7,28.6,5,8,0,8,2,8,3,0,Forward,Midfielder
Axel Gueguin,FRA,Montpellier,fr Ligue 1,18 years,1.5,9.0,5,6,2,1,2.0,6,33.3,4,2,0,2,2,11,6,0,Defender,Forward
Marc Guéhi,ENG,Crystal Palace,eng Premier League,23 years,22.5,28.0,19,21,7,0,14.0,24,58.3,10,22,17,5,18,46,89,1,Defender,
Mattéo Guendouzi,FRA,Lazio,it Serie A,24 years,26.3,34.0,15,11,18,5,21.0,49,42.9,28,24,6,18,21,55,24,1,Midfielder,
Mattéo Guendouzi,FRA,Marseille,fr Ligue 1,24 years,0.2,0.0,0,0,0,0,0.0,0,,0,1,1,0,0,0,0,0,Midfielder,
Javier Guerra,ESP,Valencia,es La Liga,20 years,27.8,54.0,24,25,22,7,22.0,58,37.9,36,27,7,20,18,72,44,0,Midfielder,
Raphaël Guerreiro,POR,Bayern Munich,de Bundesliga,29 years,13.2,19.0,16,6,9,4,9.0,15,60.0,6,7,1,6,15,34,5,1,Defender,Midfielder
Axel Guessand,FRA,Udinese,it Serie A,18 years,0.5,1.0,1,0,1,0,1.0,1,100.0,0,1,0,1,0,1,0,0,Defender,
Evann Guessand,CIV,Nice,fr Ligue 1,22 years,17.3,16.0,7,2,7,7,6.0,7,85.7,1,12,1,11,12,28,7,0,Forward,
Ander Guevara,ESP,Alavés,es La Liga,26 years,32.6,59.0,32,28,25,6,31.0,64,48.4,33,34,12,22,13,72,46,1,Midfielder,
Pape Gueye,SEN,Marseille,fr Ligue 1,24 years,8.5,33.0,21,11,19,3,13.0,19,68.4,6,17,3,14,13,46,12,0,Midfielder,Defender
Josuha Guilavogui,FRA,Mainz 05,de Bundesliga,32 years,4.5,15.0,10,10,5,0,6.0,7,85.7,1,13,7,6,13,28,21,0,Defender,
Morgan Guilavogui,GUI,Lens,fr Ligue 1,25 years,6.3,21.0,10,4,12,5,5.0,11,45.5,6,11,2,9,4,25,7,0,Forward,Midfielder
Frederic Guilbert,FRA,Strasbourg,fr Ligue 1,28 years,27.7,87.0,50,49,30,8,47.0,72,65.3,25,39,10,29,71,158,99,1,Defender,Midfielder
Hugo Guillamón,ESP,Valencia,es La Liga,23 years,14.6,24.0,15,7,14,3,11.0,17,64.7,6,8,3,5,12,36,25,2,Midfielder,
Bruno Guimarães,BRA,Newcastle Utd,eng Premier League,25 years,36.3,88.0,53,45,32,11,40.0,77,51.9,37,52,14,38,35,123,20,0,Midfielder,
Serhou Guirassy,GUI,Stuttgart,de Bundesliga,27 years,24.5,6.0,3,1,4,1,2.0,5,40.0,3,8,1,7,6,12,29,0,Forward,
Marc Guiu,ESP,Barcelona,es La Liga,17 years,0.8,1.0,0,0,1,0,0.0,0,,0,0,0,0,0,1,0,0,Forward,Midfielder
Péter Gulácsi,HUN,RB Leipzig,de Bundesliga,33 years,13.0,0.0,0,0,0,0,0.0,0,,0,0,0,0,0,0,8,1,Goalkeeper,
Manuel Gulde,GER,Freiburg,de Bundesliga,32 years,22.7,37.0,23,23,13,1,17.0,23,73.9,6,24,14,10,25,62,82,0,Defender,
Arda Güler,TUR,Real Madrid,es La Liga,18 years,4.2,6.0,4,1,3,2,5.0,8,62.5,3,0,0,0,2,8,5,0,Forward,Midfielder
Gerard Gumbau,ESP,Granada,es La Liga,28 years,29.7,55.0,34,21,30,4,23.0,62,37.1,39,24,5,19,25,80,30,2,Midfielder,
Robert Gumny,POL,Augsburg,de Bundesliga,25 years,5.3,6.0,5,1,3,2,1.0,5,20.0,4,13,5,8,7,13,15,0,Defender,
İlkay Gündoğan,GER,Barcelona,es La Liga,32 years,33.3,32.0,22,14,16,2,12.0,39,30.8,27,19,4,15,21,53,18,1,Midfielder,
Christian Günter,GER,Freiburg,de Bundesliga,30 years,11.8,20.0,12,9,11,0,7.0,18,38.9,11,9,3,6,2,22,16,0,Defender,
Jon Guridi,ESP,Alavés,es La Liga,28 years,29.8,42.0,24,10,27,5,12.0,45,26.7,33,23,3,20,22,64,22,0,Midfielder,
Gorka Guruzeta,ESP,Athletic Club,es La Liga,26 years,24.6,34.0,23,6,25,3,9.0,30,30.0,21,36,2,34,17,51,23,0,Forward,
Malo Gusto,FRA,Chelsea,eng Premier League,20 years,19.5,55.0,27,34,15,6,35.0,52,67.3,17,28,4,24,17,72,43,1,Defender,
Miguel Gutiérrez,ESP,Girona,es La Liga,22 years,33.7,29.0,18,11,14,4,13.0,35,37.1,22,27,11,16,22,51,66,2,Defender,
Albert Guðmundsson,ISL,Genoa,it Serie A,26 years,33.5,23.0,10,8,10,5,12.0,44,27.3,32,15,2,13,11,34,13,0,Forward,Midfielder
Joško Gvardiol,CRO,Manchester City,eng Premier League,21 years,25.9,55.0,33,21,24,10,21.0,38,55.3,17,36,12,24,27,82,37,3,Defender,
Emmanuel Gyasi,GHA,Empoli,it Serie A,29 years,20.9,34.0,17,18,13,3,15.0,32,46.9,17,30,12,18,5,39,27,1,Defender,Forward
Norbert Gyömbér,SVK,Salernitana,it Serie A,31 years,19.6,36.0,18,30,6,0,20.0,26,76.9,6,33,23,10,23,59,77,2,Defender,
Erling Haaland,NOR,Manchester City,eng Premier League,23 years,28.4,6.0,3,0,3,3,2.0,3,66.7,1,11,1,10,2,8,16,0,Forward,
Nicolas Haas,SUI,Empoli,it Serie A,27 years,1.0,5.0,3,1,2,2,3.0,3,100.0,0,1,0,1,1,6,1,0,Midfielder,
Janik Haberer,GER,Union Berlin,de Bundesliga,29 years,13.6,36.0,24,16,13,7,22.0,45,48.9,23,21,4,17,12,48,18,0,Midfielder,Defender
Robin Hack,GER,Gladbach,de Bundesliga,24 years,15.0,15.0,8,6,7,2,4.0,17,23.5,13,16,0,16,14,29,21,0,Forward,Midfielder
Antwoine Hackford,ENG,Sheffield Utd,eng Premier League,19 years,0.1,0.0,0,0,0,0,0.0,0,,0,0,0,0,0,0,0,0,Forward,
Munir El Haddadi,MAR,Las Palmas,es La Liga,27 years,27.2,40.0,27,18,17,5,17.0,38,44.7,21,27,1,26,11,51,16,0,Forward,
Jaouen Hadjam,ALG,Nantes,fr Ligue 1,20 years,1.2,6.0,4,5,1,0,1.0,2,50.0,1,0,0,0,3,9,2,0,Defender,
Ianis Hagi,ROU,Alavés,es La Liga,24 years,8.9,17.0,12,2,14,1,5.0,12,41.7,7,8,0,8,5,22,4,0,Midfielder,Forward
Amadou Haidara,MLI,RB Leipzig,de Bundesliga,25 years,17.0,42.0,27,24,16,2,23.0,41,56.1,18,28,6,22,21,63,37,0,Midfielder,
Massadio Haïdara,MLI,Lens,fr Ligue 1,30 years,8.2,9.0,8,5,3,1,4.0,6,66.7,2,7,2,5,11,20,32,3,Defender,
Oualid El Hajjam,MAR,Le Havre,fr Ligue 1,32 years,4.4,8.0,7,5,2,1,2.0,9,22.2,7,5,1,4,6,14,10,0,Defender,Midfielder
Achraf Hakimi,MAR,Paris S-G,fr Ligue 1,24 years,21.5,29.0,19,14,9,6,17.0,34,50.0,17,28,4,24,12,41,28,2,Defender,
Lewis Hall,ENG,Newcastle Utd,eng Premier League,18 years,8.7,28.0,18,17,10,1,17.0,28,60.7,11,17,2,15,12,40,22,1,Defender,
Sébastien Haller,CIV,Dortmund,de Bundesliga,29 years,4.4,1.0,0,0,1,0,1.0,1,100.0,0,4,1,3,0,1,7,0,Forward,
Gustavo Hamer,NED,Sheffield Utd,eng Premier League,26 years,32.3,39.0,21,17,15,7,16.0,59,27.1,43,33,9,24,29,68,35,0,Midfielder,
Andreas Hanche-Olsen,NOR,Mainz 05,de Bundesliga,26 years,11.0,20.0,12,10,8,2,10.0,16,62.5,6,10,4,6,11,31,41,0,Defender,
Isak Hansen-Aarøen,NOR,Werder Bremen,de Bundesliga,18 years,0.3,0.0,0,0,0,0,0.0,1,0.0,1,1,0,1,1,1,0,0,Midfielder,
Ridgeciano Haps,SUR,Genoa,it Serie A,30 years,8.6,7.0,6,3,2,2,5.0,8,62.5,3,3,0,3,6,13,11,1,Defender,
Genki Haraguchi,JPN,Stuttgart,de Bundesliga,32 years,0.3,1.0,1,1,0,0,0.0,0,,0,0,0,0,0,1,1,0,Midfielder,
Amine Harit,MAR,Marseille,fr Ligue 1,26 years,20.2,28.0,16,8,17,3,13.0,37,35.1,24,31,4,27,12,40,4,0,Midfielder,Forward
Luke Harris,WAL,Fulham,eng Premier League,18 years,0.8,1.0,1,1,0,0,0.0,1,0.0,1,0,0,0,0,1,0,0,Midfielder,
Jack Harrison,ENG,Everton,eng Premier League,26 years,24.6,37.0,22,12,12,13,17.0,49,34.7,32,25,5,20,12,49,24,0,Midfielder,Forward
Abdou Harroui,NED,Frosinone,it Serie A,25 years,11.3,23.0,11,11,11,1,8.0,16,50.0,8,19,3,16,5,28,8,0,Midfielder,Forward
Makoto Hasebe,JPN,Eintracht Frankfurt,de Bundesliga,39 years,2.4,4.0,2,2,2,0,3.0,6,50.0,3,2,1,1,2,6,5,0,Defender,Midfielder
Daiki Hashioka,JPN,Luton Town,eng Premier League,24 years,6.6,11.0,5,6,4,1,5.0,11,45.5,6,12,7,5,8,19,20,0,Defender,
Hans Hateboer,NED,Atalanta,it Serie A,29 years,12.4,12.0,5,8,2,2,5.0,15,33.3,10,21,7,14,4,16,21,0,Defender,
Pantelis Hatzidiakos,GRE,Cagliari,it Serie A,26 years,9.5,22.0,10,12,10,0,10.0,17,58.8,7,14,5,9,13,35,30,1,Defender,
Kai Havertz,GER,Arsenal,eng Premier League,24 years,29.3,35.0,15,7,21,7,14.0,39,35.9,25,26,1,25,20,55,22,0,Midfielder,Forward
Thorgan Hazard,BEL,Dortmund,de Bundesliga,30 years,0.1,0.0,0,0,0,0,0.0,0,,0,0,0,0,0,0,0,0,Defender,
Jan Paul van Hecke,NED,Brighton,eng Premier League,23 years,26.3,47.0,26,25,19,3,27.0,45,60.0,18,49,27,22,30,77,76,4,Defender,
Hwang Hee-chan,KOR,Wolves,eng Premier League,27 years,23.5,20.0,10,11,8,1,9.0,24,37.5,15,19,1,18,10,30,9,0,Forward,Midfielder
Silvan Hefti,SUI,Genoa,it Serie A,25 years,1.3,6.0,1,2,3,1,4.0,7,57.1,3,2,0,2,0,6,1,0,Midfielder,Defender
Silvan Hefti,SUI,Montpellier,fr Ligue 1,25 years,7.9,21.0,15,10,7,4,15.0,29,51.7,14,7,2,5,8,29,11,0,Defender,Forward
Dominique Heintz,GER,Köln,de Bundesliga,29 years,6.3,12.0,5,6,6,0,8.0,12,66.7,4,6,1,5,3,15,28,0,Defender,
Dean Henderson,ENG,Crystal Palace,eng Premier League,26 years,18.0,1.0,1,1,0,0,1.0,2,50.0,1,0,0,0,0,1,8,2,Goalkeeper,
Liam Henderson,SCO,Empoli,it Serie A,27 years,0.1,0.0,0,0,0,0,0.0,0,,0,0,0,0,0,0,0,0,Midfielder,
Benjamin Henrichs,GER,RB Leipzig,de Bundesliga,26 years,28.1,68.0,39,32,26,10,27.0,58,46.6,31,49,4,45,33,101,37,0,Defender,
Henrique,BRA,Lyon,fr Ligue 1,29 years,6.7,10.0,6,6,4,0,6.0,11,54.5,5,8,2,6,10,20,3,0,Defender,
Luis Henrique,BRA,Marseille,fr Ligue 1,21 years,8.7,8.0,7,4,1,3,4.0,7,57.1,3,9,0,9,8,16,3,0,Forward,Defender
Luiz Henrique,BRA,Betis,es La Liga,22 years,6.8,15.0,11,4,10,1,9.0,14,64.3,5,11,0,11,5,20,8,0,Forward,
Matheus Henrique,BRA,Sassuolo,it Serie A,25 years,27.8,43.0,29,21,18,4,18.0,43,41.9,25,18,8,10,25,68,31,6,Midfielder,
Rico Henry,ENG,Brentford,eng Premier League,26 years,4.5,7.0,5,3,3,1,6.0,7,85.7,1,8,3,5,5,12,5,1,Defender,
Thomas Henry,FRA,Hellas Verona,it Serie A,28 years,3.7,0.0,0,0,0,0,0.0,0,,0,0,0,0,0,0,5,0,Forward,
Christophe Hérelle,MTQ,Metz,fr Ligue 1,30 years,18.0,32.0,15,24,7,1,13.0,23,56.5,10,16,9,7,18,50,68,2,Defender,
Mario Hermoso,ESP,Atlético Madrid,es La Liga,28 years,28.4,46.0,25,29,13,4,28.0,51,54.9,23,27,9,18,30,76,93,0,Defender,
Javi Hernández,ESP,Cádiz,es La Liga,25 years,27.9,43.0,24,26,12,5,25.0,46,54.3,21,34,9,25,19,62,72,1,Defender,
Aridane Hernández,ESP,Rayo Vallecano,es La Liga,34 years,18.8,10.0,8,5,4,1,4.0,11,36.4,7,19,14,5,14,24,98,1,Defender,
Lucas Hernández,FRA,Paris S-G,fr Ligue 1,27 years,21.2,52.0,36,28,15,9,29.0,50,58.0,21,21,5,16,27,79,38,0,Defender,
Luis Hernández,ESP,Cádiz,es La Liga,34 years,8.0,7.0,3,4,3,0,4.0,8,50.0,4,3,2,1,8,15,25,0,Defender,
Theo Hernández,FRA,Milan,it Serie A,25 years,31.0,30.0,17,19,11,0,11.0,22,50.0,11,33,13,20,23,53,42,1,Defender,
Jorge Herrando,ESP,Osasuna,es La Liga,22 years,18.3,29.0,19,23,6,0,12.0,19,63.2,7,20,11,9,15,44,69,1,Defender,
Ander Herrera,ESP,Athletic Club,es La Liga,33 years,11.4,44.0,32,11,26,7,20.0,36,55.6,16,16,6,10,15,59,18,1,Midfielder,
Cristian Herrera,ESP,Las Palmas,es La Liga,32 years,1.8,1.0,1,0,1,0,1.0,2,50.0,1,1,0,1,0,1,2,0,Forward,Midfielder
Sergio Herrera,ESP,Osasuna,es La Liga,30 years,31.9,2.0,2,2,0,0,2.0,3,66.7,1,0,0,0,0,2,22,3,Goalkeeper,
Yangel Herrera,VEN,Girona,es La Liga,25 years,23.4,64.0,37,28,30,6,30.0,56,53.6,26,30,8,22,24,88,45,1,Midfielder,
Patrick Herrmann,GER,Gladbach,de Bundesliga,32 years,1.0,4.0,4,2,1,1,2.0,2,100.0,0,1,0,1,1,5,2,0,Forward,Defender
Juan Herzog,ESP,Las Palmas,es La Liga,20 years,3.2,6.0,5,5,1,0,3.0,6,50.0,3,4,1,3,2,8,17,0,Defender,
Son Heung-min,KOR,Tottenham,eng Premier League,31 years,32.6,21.0,13,6,7,8,10.0,21,47.6,11,4,1,3,8,29,4,0,Forward,
Aaron Hickey,SCO,Brentford,eng Premier League,21 years,7.9,16.0,9,9,3,4,7.0,7,100.0,0,7,3,4,3,19,10,0,Defender,
Isak Hien,SWE,Hellas Verona,it Serie A,24 years,9.6,17.0,10,10,7,0,10.0,19,52.6,9,12,5,7,7,24,33,1,Defender,
Isak Hien,SWE,Atalanta,it Serie A,24 years,10.4,18.0,12,8,10,0,7.0,15,46.7,8,12,5,7,14,32,33,0,Defender,
James Hill,ENG,Bournemouth,eng Premier League,21 years,0.8,3.0,2,1,2,0,1.0,1,100.0,0,3,2,1,3,6,8,0,Defender,
Piero Hincapié,ECU,Leverkusen,de Bundesliga,21 years,16.5,35.0,22,14,17,4,13.0,17,76.5,4,18,7,11,13,48,43,0,Defender,
Jack Hinshelwood,ENG,Brighton,eng Premier League,18 years,9.7,14.0,5,7,4,3,5.0,13,38.5,8,6,2,4,14,28,18,0,Defender,
Adam Hložek,CZE,Leverkusen,de Bundesliga,21 years,5.1,10.0,4,2,4,4,3.0,7,42.9,4,4,1,3,2,12,1,0,Midfielder,Forward
Nicolas Höfler,GER,Freiburg,de Bundesliga,33 years,25.9,63.0,40,36,20,7,22.0,49,44.9,27,30,16,14,31,94,45,0,Midfielder,
Jonas Hofmann,GER,Leverkusen,de Bundesliga,31 years,24.5,20.0,14,6,9,5,10.0,24,41.7,14,18,0,18,8,28,6,0,Midfielder,
Philipp Hofmann,GER,Bochum,de Bundesliga,30 years,17.5,10.0,5,4,5,1,4.0,7,57.1,3,11,2,9,4,14,17,0,Forward,
Lucas Höler,GER,Freiburg,de Bundesliga,29 years,25.6,32.0,24,14,10,8,4.0,23,17.4,19,19,4,15,15,47,35,0,Forward,Midfielder
Mason Holgate,ENG,Sheffield Utd,eng Premier League,26 years,7.9,12.0,7,5,6,1,5.0,12,41.7,7,12,5,7,11,23,40,0,Defender,
Fabian Holland,GER,Darmstadt 98,de Bundesliga,33 years,20.4,47.0,26,18,21,8,20.0,37,54.1,17,22,12,10,24,71,29,0,Midfielder,Defender
Benedict Hollerbach,GER,Union Berlin,de Bundesliga,22 years,14.2,17.0,11,5,7,5,7.0,22,31.8,15,28,0,28,4,21,3,0,Forward,Midfielder
Emil Holm,SWE,Atalanta,it Serie A,23 years,10.5,28.0,19,17,9,2,16.0,36,44.4,20,25,3,22,7,35,25,0,Defender,
Gerrit Holtmann,PHI,Darmstadt 98,de Bundesliga,28 years,4.4,8.0,5,3,4,1,7.0,10,70.0,3,7,0,7,2,10,4,1,Midfielder,Forward
Martin Hongla,CMR,Hellas Verona,it Serie A,25 years,12.0,24.0,13,9,13,2,8.0,11,72.7,3,8,3,5,7,31,24,0,Midfielder,
Martin Hongla,CMR,Granada,es La Liga,25 years,6.2,7.0,3,2,5,0,3.0,9,33.3,6,6,3,3,6,13,13,1,Midfielder,Defender
Franck Honorat,FRA,Gladbach,de Bundesliga,26 years,26.1,25.0,13,13,10,2,11.0,20,55.0,9,22,3,19,9,34,35,1,Defender,Forward
Mathias Honsak,AUT,Darmstadt 98,de Bundesliga,26 years,11.3,14.0,7,7,6,1,6.0,20,30.0,14,14,2,12,8,22,25,0,Forward,Midfielder
Sydney van Hooijdonk,NED,Bologna,it Serie A,23 years,2.4,3.0,0,0,2,1,1.0,2,50.0,1,1,1,0,1,4,4,0,Forward,
Fraser Hornby,SCO,Darmstadt 98,de Bundesliga,23 years,2.4,0.0,0,0,0,0,0.0,1,0.0,1,2,1,1,0,0,4,0,Forward,Midfielder
Lukáš Hrádecký,FIN,Leverkusen,de Bundesliga,33 years,33.0,0.0,0,0,0,0,0.0,1,0.0,1,1,0,1,0,0,10,2,Goalkeeper,
Xabier Huarte Armendáriz,ESP,Osasuna,es La Liga,22 years,0.1,0.0,0,0,0,0,0.0,0,,0,0,0,0,0,0,0,0,Midfielder,
Timo Hübers,GER,Köln,de Bundesliga,27 years,30.9,68.0,47,51,14,3,49.0,80,61.3,31,54,28,26,63,131,168,1,Defender,
Callum Hudson-Odoi,ENG,Nottingham Forest,eng Premier League,22 years,20.6,18.0,8,4,5,9,7.0,28,25.0,21,16,1,15,7,25,12,1,Forward,Midfielder
Will Hughes,ENG,Crystal Palace,eng Premier League,28 years,21.0,61.0,33,30,20,11,24.0,48,50.0,24,36,14,22,21,82,25,0,Midfielder,
Dean Huijsen,ESP,Roma,it Serie A,18 years,5.7,10.0,5,5,5,0,1.0,4,25.0,3,7,4,3,4,14,26,2,Defender,
Dean Huijsen,ESP,Juventus,it Serie A,18 years,0.1,0.0,0,0,0,0,0.0,0,,0,0,0,0,0,0,1,0,Defender,
Mats Hummels,GER,Dortmund,de Bundesliga,34 years,17.6,52.0,34,34,12,6,30.0,53,56.6,23,33,11,22,33,85,82,0,Defender,
Denis Huseinbasic,BIH,Köln,de Bundesliga,22 years,18.1,38.0,18,17,15,6,20.0,31,64.5,11,26,1,25,13,51,14,0,Midfielder,
Elseid Hysaj,ALB,Lazio,it Serie A,29 years,13.3,24.0,14,8,13,3,15.0,24,62.5,9,16,6,10,17,41,31,0,Defender,
Pierre Højbjerg,DEN,Tottenham,eng Premier League,27 years,14.6,32.0,18,13,17,2,13.0,34,38.2,21,21,7,14,19,51,30,3,Midfielder,
Rasmus Højlund,DEN,Manchester Utd,eng Premier League,20 years,24.0,11.0,7,2,3,6,5.0,13,38.5,8,9,1,8,1,12,19,0,Forward,
Iago,BRA,Augsburg,de Bundesliga,26 years,18.0,36.0,17,22,10,4,17.0,33,51.5,16,39,8,31,18,54,43,0,Defender,
Pablo Ibáñez,ESP,Osasuna,es La Liga,24 years,12.8,18.0,9,5,7,6,5.0,21,23.8,16,26,3,23,9,27,17,0,Midfielder,
Arijon Ibrahimović,GER,Frosinone,it Serie A,17 years,5.3,7.0,6,4,2,1,1.0,9,11.1,8,4,0,4,1,8,3,0,Forward,Defender
Iglesias,ESP,Getafe,es La Liga,25 years,15.7,41.0,22,25,11,5,21.0,33,63.6,12,18,7,11,16,57,53,0,Defender,Forward
Borja Iglesias,ESP,Betis,es La Liga,30 years,4.5,0.0,0,0,0,0,0.0,3,0.0,3,0,0,0,2,2,2,0,Forward,
Borja Iglesias,ESP,Leverkusen,de Bundesliga,30 years,2.8,1.0,0,0,1,0,0.0,1,0.0,1,2,0,2,1,2,1,0,Forward,
Igor,BRA,Brighton,eng Premier League,25 years,18.2,25.0,18,7,16,2,17.0,29,58.6,12,22,9,13,14,39,52,1,Defender,
Jonathan Ikone,FRA,Fiorentina,it Serie A,25 years,18.7,22.0,11,7,9,6,10.0,17,58.8,7,12,0,12,3,25,8,0,Forward,
Chukwubuikem Ikwuemesi,NGA,Salernitana,it Serie A,21 years,11.8,3.0,1,0,2,1,2.0,6,33.3,4,1,1,0,1,4,8,0,Forward,
Andrej Ilic,SRB,Lille,fr Ligue 1,23 years,0.1,0.0,0,0,0,0,0.0,0,,0,0,0,0,0,0,0,0,Forward,
Ivan Ilić,SRB,Torino,it Serie A,22 years,23.3,22.0,8,9,10,3,13.0,27,48.1,14,20,7,13,20,42,31,0,Midfielder,
Samuel Iling-Junior,ENG,Juventus,it Serie A,19 years,9.0,23.0,13,9,11,3,11.0,18,61.1,7,17,5,12,6,29,19,0,Defender,Midfielder
Imanol,ESP,Athletic Club,es La Liga,23 years,5.8,7.0,5,1,5,1,5.0,18,27.8,13,6,0,6,7,14,15,0,Defender,
Joel Imasuen,USA,Werder Bremen,de Bundesliga,18 years,0.0,0.0,0,0,0,0,0.0,0,,0,0,0,0,0,0,0,0,Forward,
Ciro Immobile,ITA,Lazio,it Serie A,33 years,18.4,11.0,9,2,5,4,3.0,14,21.4,11,9,3,6,5,16,11,0,Forward,
Gino Infantino,ARG,Fiorentina,it Serie A,20 years,1.1,1.0,1,0,1,0,0.0,1,0.0,1,4,0,4,3,4,1,0,Midfielder,
Danny Ings,ENG,West Ham,eng Premier League,31 years,4.5,6.0,2,0,6,0,4.0,13,30.8,9,4,1,3,3,9,7,0,Forward,
Bonke Innocent,NGA,Lorient,fr Ligue 1,27 years,2.3,6.0,4,2,2,2,2.0,9,22.2,7,2,1,1,4,10,2,0,Midfielder,
Tim Iroegbunam,ENG,Aston Villa,eng Premier League,20 years,1.8,7.0,5,4,2,1,4.0,9,44.4,5,3,0,3,2,9,3,0,Midfielder,
Alexander Isak,SWE,Newcastle Utd,eng Premier League,23 years,25.1,5.0,0,2,1,2,2.0,8,25.0,6,16,1,15,6,11,13,0,Forward,
Gustav Isaksen,DEN,Lazio,it Serie A,22 years,11.9,4.0,3,2,1,1,1.0,9,11.1,8,11,1,10,4,8,4,0,Forward,
Isco,ESP,Betis,es La Liga,31 years,25.8,41.0,27,15,21,5,14.0,38,36.8,24,19,1,18,10,51,7,0,Midfielder,
Thomas Isherwood,SWE,Darmstadt 98,de Bundesliga,25 years,7.1,11.0,5,7,3,1,5.0,9,55.6,4,10,7,3,10,21,34,0,Defender,
Ismaily,BRA,Lille,fr Ligue 1,33 years,27.4,72.0,47,34,25,13,31.0,60,51.7,29,33,6,27,32,104,77,0,Defender,
Ardian Ismajli,ALB,Empoli,it Serie A,26 years,22.7,26.0,16,18,6,2,18.0,23,78.3,5,28,17,11,23,49,126,1,Defender,
Yanis Issoufou,FRA,Montpellier,fr Ligue 1,16 years,0.1,0.0,0,0,0,0,0.0,0,,0,0,0,0,0,0,0,0,Midfielder,
Ko Itakura,JPN,Gladbach,de Bundesliga,26 years,17.7,34.0,21,17,15,2,16.0,26,61.5,10,32,18,14,22,56,62,0,Defender,Midfielder
Hiroki Ito,JPN,Stuttgart,de Bundesliga,24 years,24.8,19.0,18,13,6,0,11.0,26,42.3,15,29,17,12,29,48,86,2,Defender,
Junya Ito,JPN,Reims,fr Ligue 1,30 years,30.2,33.0,15,11,14,8,10.0,36,27.8,26,23,1,22,14,47,7,0,Forward,Midfielder
Diego Iturralde,ESP,Sevilla,es La Liga,20 years,0.4,0.0,0,0,0,0,0.0,0,,0,1,1,0,0,0,2,0,Defender,
Alex Iwobi,NGA,Everton,eng Premier League,27 years,1.6,2.0,0,1,0,1,2.0,3,66.7,1,2,0,2,1,3,0,0,Midfielder,
Alex Iwobi,NGA,Fulham,eng Premier League,27 years,24.4,29.0,18,12,15,2,12.0,25,48.0,13,16,0,16,14,43,9,0,Forward,Midfielder
Armando Izzo,ITA,Monza,it Serie A,31 years,18.3,27.0,17,17,9,1,16.0,27,59.3,11,20,16,4,27,54,49,1,Defender,
Nicolas Jackson,SEN,Chelsea,eng Premier League,22 years,31.1,21.0,13,5,8,8,5.0,24,20.8,19,20,5,15,4,25,17,0,Forward,
Jérémy Jacquet,FRA,Rennes,fr Ligue 1,18 years,0.1,1.0,1,1,0,0,0.0,1,0.0,1,0,0,0,1,2,0,0,Midfielder,
Jérémy Jacquet,FRA,Clermont Foot,fr Ligue 1,18 years,2.8,4.0,3,4,0,0,3.0,3,100.0,0,7,3,4,6,10,10,0,Defender,
Lee Jae-sung,KOR,Mainz 05,de Bundesliga,30 years,23.5,33.0,20,11,16,6,13.0,39,33.3,26,22,2,20,27,60,23,0,Midfielder,Forward
Paul Jaeckel,GER,Union Berlin,de Bundesliga,25 years,2.6,7.0,2,4,3,0,5.0,9,55.6,4,3,2,1,4,11,7,0,Defender,
Filip Jagiełło,POL,Genoa,it Serie A,25 years,0.4,0.0,0,0,0,0,0.0,1,0.0,1,1,1,0,1,1,0,0,Midfielder,
Kristijan Jakić,CRO,Augsburg,de Bundesliga,26 years,11.7,28.0,14,14,10,4,15.0,33,45.5,18,13,1,12,20,48,15,0,Midfielder,
Kristijan Jakić,CRO,Eintracht Frankfurt,de Bundesliga,26 years,2.2,3.0,3,1,2,0,1.0,3,33.3,2,1,0,1,2,5,2,0,Midfielder,Forward
Ismail Jakobs,SEN,Monaco,fr Ligue 1,23 years,16.3,57.0,41,27,21,9,29.0,47,61.7,18,19,2,17,11,68,40,0,Defender,
Ablie Jallow,GAM,Metz,fr Ligue 1,24 years,10.2,8.0,5,2,3,3,3.0,5,60.0,2,4,0,4,8,16,3,0,Midfielder,Forward
Reece James,ENG,Chelsea,eng Premier League,23 years,4.7,14.0,9,10,3,1,8.0,10,80.0,2,4,4,0,3,17,7,1,Defender,
Vitaly Janelt,GER,Brentford,eng Premier League,25 years,33.9,63.0,38,29,25,9,32.0,64,50.0,32,35,9,26,36,99,64,3,Midfielder,Defender
Jakub Jankto,CZE,Cagliari,it Serie A,27 years,9.7,12.0,9,9,1,2,8.0,20,40.0,12,5,1,4,5,17,20,0,Midfielder,Forward
Tony Jantschke,GER,Gladbach,de Bundesliga,33 years,0.3,1.0,1,1,0,0,1.0,1,100.0,0,2,2,0,1,2,4,0,Defender,Midfielder
Adnan Januzaj,BEL,Sevilla,es La Liga,28 years,2.1,3.0,3,2,0,1,0.0,1,0.0,1,2,0,2,1,4,0,0,Forward,Midfielder
Nuha Jatta,GAM,RB Leipzig,de Bundesliga,17 years,0.0,0.0,0,0,0,0,0.0,0,,0,0,0,0,0,0,0,0,Forward,
Mikel Jauregizar,ESP,Athletic Club,es La Liga,19 years,1.7,0.0,0,0,0,0,0.0,6,0.0,6,5,0,5,0,0,2,0,Midfielder,
Luis Javier Suárez,COL,Almería,es La Liga,25 years,10.2,7.0,5,2,5,0,2.0,6,33.3,4,11,0,11,0,7,13,0,Forward,
Danley Jean-Jacques,HAI,Metz,fr Ligue 1,23 years,29.8,54.0,28,24,21,9,19.0,56,33.9,37,48,7,41,44,98,44,0,Midfielder,
Salim El Jebari,MAR,Atlético Madrid,es La Liga,19 years,0.1,1.0,0,0,1,0,0.0,0,,0,0,0,0,0,1,1,0,Midfielder,
Daniel Jebbison,ENG,Sheffield Utd,eng Premier League,19 years,0.2,0.0,0,0,0,0,0.0,0,,0,1,0,1,0,0,0,0,Forward,
Jeffinho,BRA,Lyon,fr Ligue 1,23 years,3.4,11.0,4,3,5,3,4.0,11,36.4,7,1,0,1,0,11,0,0,Forward,Midfielder
Fredrik Jensen,FIN,Augsburg,de Bundesliga,25 years,14.9,23.0,11,9,8,6,14.0,28,50.0,14,30,1,29,12,35,21,0,Midfielder,Forward
Mathias Jensen,DEN,Brentford,eng Premier League,27 years,24.5,54.0,32,25,22,7,26.0,95,27.4,69,41,6,35,23,77,25,1,Midfielder,
Moritz Jenz,GER,Wolfsburg,de Bundesliga,24 years,19.4,34.0,24,21,11,2,14.0,21,66.7,7,29,17,12,26,60,94,0,Defender,
Gabriel Jesus,BRA,Arsenal,eng Premier League,26 years,16.4,24.0,17,11,5,8,5.0,18,27.8,13,23,1,22,13,37,12,0,Forward,
Juan Jesus,BRA,Napoli,it Serie A,32 years,23.5,42.0,19,28,12,2,23.0,33,69.7,10,23,12,11,23,65,67,1,Defender,
Alejandro Jiménez,ESP,Milan,it Serie A,18 years,0.8,2.0,1,2,0,0,2.0,5,40.0,3,0,0,0,0,2,4,0,Defender,
Raúl Jiménez,MEX,Fulham,eng Premier League,32 years,15.5,18.0,12,4,8,6,7.0,20,35.0,13,11,3,8,4,22,13,0,Forward,
João Pedro,BRA,Brighton,eng Premier League,21 years,22.7,31.0,14,10,13,8,14.0,24,58.3,10,15,2,13,11,42,28,0,Forward,Midfielder
Joelinton,BRA,Newcastle Utd,eng Premier League,26 years,14.2,39.0,27,21,15,3,14.0,38,36.8,24,23,7,16,19,58,11,1,Midfielder,Forward
Ben Johnson,ENG,West Ham,eng Premier League,23 years,6.0,11.0,7,7,3,1,9.0,14,64.3,5,2,1,1,5,16,14,0,Defender,Forward
Brennan Johnson,WAL,Tottenham,eng Premier League,22 years,23.2,26.0,15,14,5,7,12.0,31,38.7,19,37,1,36,10,36,12,1,Forward,
Brennan Johnson,WAL,Nottingham Forest,eng Premier League,22 years,2.6,4.0,1,1,1,2,2.0,4,50.0,2,4,1,3,0,4,0,0,Forward,Midfielder
Joseph Johnson,ENG,Luton Town,eng Premier League,17 years,0.9,0.0,0,0,0,0,0.0,1,0.0,1,0,0,0,0,0,0,0,Defender,
Sam Johnstone,ENG,Crystal Palace,eng Premier League,30 years,20.0,1.0,0,1,0,0,1.0,1,100.0,0,0,0,0,1,2,5,0,Goalkeeper,
Curtis Jones,ENG,Liverpool,eng Premier League,22 years,13.0,27.0,14,12,12,3,10.0,23,43.5,13,22,0,22,7,34,8,0,Midfielder,
Frenkie de Jong,NED,Barcelona,es La Liga,26 years,18.2,43.0,26,14,23,6,8.0,19,42.1,11,18,8,10,14,57,28,1,Midfielder,
Joan Jordán,ESP,Sevilla,es La Liga,29 years,4.2,8.0,7,3,3,2,7.0,15,46.7,8,4,2,2,4,12,2,0,Midfielder,
Jordi,ESP,Getafe,es La Liga,22 years,6.4,16.0,11,3,11,2,7.0,15,46.7,8,7,2,5,8,24,7,0,Midfielder,Defender
Jeremy Jorge,ESP,Getafe,es La Liga,20 years,0.0,0.0,0,0,0,0,0.0,0,,0,0,0,0,0,0,0,0,Forward,
Kaio Jorge,BRA,Frosinone,it Serie A,21 years,9.0,6.0,4,0,1,5,3.0,4,75.0,1,6,0,6,1,7,0,0,Forward,
Jorginho,ITA,Arsenal,eng Premier League,31 years,10.2,24.0,10,6,10,8,11.0,23,47.8,12,17,1,16,12,36,7,1,Midfielder,
Willian José,BRA,Betis,es La Liga,31 years,21.9,7.0,3,1,2,4,2.0,5,40.0,3,8,2,6,2,9,15,0,Forward,
Joselu,ESP,Real Madrid,es La Liga,33 years,18.7,6.0,3,1,4,1,0.0,7,0.0,7,11,1,10,6,12,11,0,Forward,
Diogo Jota,POR,Liverpool,eng Premier League,26 years,12.7,23.0,13,6,13,4,10.0,23,43.5,13,9,1,8,7,30,4,0,Forward,
Antoine Joujou,FRA,Le Havre,fr Ligue 1,20 years,8.7,20.0,12,7,7,6,11.0,21,52.4,10,11,2,9,7,27,5,0,Forward,Midfielder
Luka Jović,SRB,Milan,it Serie A,25 years,9.7,6.0,4,0,3,3,4.0,6,66.7,2,3,0,3,1,7,9,0,Forward,
Kamil Jóźwiak,POL,Granada,es La Liga,25 years,6.3,13.0,10,4,6,3,9.0,17,52.9,8,4,0,4,2,15,6,0,Midfielder,
Juanmi,ESP,Cádiz,es La Liga,30 years,9.7,9.0,4,2,7,0,2.0,9,22.2,7,6,0,6,6,15,3,0,Forward,
Juanpe,ESP,Girona,es La Liga,32 years,8.3,11.0,8,8,3,0,9.0,10,90.0,1,17,11,6,7,18,50,1,Defender,
Mads Juel Andersen,DEN,Luton Town,eng Premier League,25 years,4.4,6.0,5,4,2,0,4.0,4,100.0,0,9,6,3,8,14,29,0,Defender,
Christopher Jullien,FRA,Montpellier,fr Ligue 1,30 years,13.7,16.0,12,11,5,0,6.0,17,35.3,11,25,20,5,12,28,106,2,Defender,
Anthony Jung,GER,Werder Bremen,de Bundesliga,31 years,28.7,37.0,23,21,14,2,18.0,33,54.5,15,39,17,22,24,61,102,0,Defender,
Eli Junior Kroupi,FRA,Lorient,fr Ligue 1,17 years,12.0,7.0,4,2,2,3,1.0,9,11.1,8,6,0,6,10,17,5,0,Forward,Midfielder
Hamed Junior Traorè,CIV,Bournemouth,eng Premier League,23 years,0.5,1.0,0,1,0,0,1.0,3,33.3,2,3,0,3,0,1,0,0,Midfielder,
Hamed Junior Traorè,CIV,Napoli,it Serie A,23 years,4.2,4.0,2,2,0,2,1.0,6,16.7,5,3,0,3,2,6,1,1,Midfielder,
Vinicius Júnior,BRA,Real Madrid,es La Liga,23 years,20.7,18.0,13,5,5,8,3.0,12,25.0,9,13,0,13,1,19,3,2,Forward,
Josip Juranović,CRO,Union Berlin,de Bundesliga,27 years,14.4,20.0,14,11,7,2,10.0,21,47.6,11,17,3,14,12,32,27,1,Defender,
David Jurásek,CZE,Hoffenheim,de Bundesliga,22 years,5.5,14.0,11,13,1,0,7.0,17,41.2,10,7,2,5,3,17,22,1,Defender,
Julian Justvan,GER,Hoffenheim,de Bundesliga,25 years,0.5,1.0,0,1,0,0,1.0,2,50.0,1,1,0,1,0,1,0,0,Forward,Midfielder
Julian Justvan,GER,Darmstadt 98,de Bundesliga,25 years,11.4,10.0,4,2,7,1,3.0,17,17.6,14,12,2,10,11,21,6,1,Midfielder,Forward
Filip Jørgensen,DEN,Villarreal,es La Liga,21 years,36.0,3.0,1,3,0,0,3.0,4,75.0,1,0,0,0,2,5,10,3,Goalkeeper,
Mathias Jørgensen,DEN,Brentford,eng Premier League,33 years,12.1,17.0,12,15,1,1,11.0,19,57.9,8,9,5,4,12,29,40,0,Defender,
Mohamed Kaba,FRA,Lecce,it Serie A,21 years,15.3,39.0,23,15,16,8,17.0,34,50.0,17,22,4,18,12,51,13,0,Midfielder,
Sory Kaba,GUI,Las Palmas,es La Liga,28 years,8.0,2.0,0,0,2,0,0.0,5,0.0,5,6,0,6,0,2,9,0,Forward,
Ozan Kabak,TUR,Hoffenheim,de Bundesliga,23 years,25.4,48.0,35,32,14,2,19.0,33,57.6,14,43,21,22,46,94,106,2,Defender,
Christian Kabasele,BEL,Udinese,it Serie A,32 years,9.6,10.0,7,4,5,1,2.0,11,18.2,9,15,9,6,12,22,56,0,Defender,
Issa Kaboré,BFA,Luton Town,eng Premier League,22 years,19.2,52.0,28,23,21,8,24.0,45,53.3,21,22,11,11,16,68,56,2,Defender,
Abdoul Kader Bamba,FRA,Nantes,fr Ligue 1,29 years,6.8,10.0,7,2,5,3,5.0,15,33.3,10,4,0,4,4,14,4,1,Forward,Midfielder
Yaya Kader Fofana,MLI,Reims,fr Ligue 1,19 years,0.4,3.0,3,1,1,1,0.0,1,0.0,1,0,0,0,1,4,0,0,Midfielder,Defender
Pavel Kadeřábek,CZE,Hoffenheim,de Bundesliga,31 years,26.8,31.0,19,10,15,6,18.0,40,45.0,22,22,8,14,23,54,68,0,Defender,Forward
Tino Kadewere,ZIM,Lyon,fr Ligue 1,27 years,3.3,1.0,1,0,1,0,1.0,5,20.0,4,3,1,2,5,6,7,0,Forward,Midfielder
Tino Kadewere,ZIM,Nantes,fr Ligue 1,27 years,8.7,9.0,4,3,3,3,6.0,11,54.5,5,10,1,9,10,19,8,0,Forward,Midfielder
Kaiky,BRA,Almería,es La Liga,19 years,5.8,7.0,4,6,0,1,3.0,6,50.0,3,9,7,2,3,10,29,1,Defender,
Florian Kainz,AUT,Köln,de Bundesliga,30 years,24.4,28.0,20,8,13,7,17.0,39,43.6,22,20,6,14,13,41,23,1,Midfielder,Forward
Sasa Kalajdzic,AUT,Wolves,eng Premier League,26 years,1.8,6.0,2,3,2,1,1.0,2,50.0,1,3,0,3,1,7,6,0,Forward,
Sasa Kalajdzic,AUT,Eintracht Frankfurt,de Bundesliga,26 years,3.6,2.0,2,0,2,0,0.0,0,,0,2,2,0,2,4,6,0,Forward,
Arnaud Kalimuendo,FRA,Rennes,fr Ligue 1,21 years,23.8,5.0,4,2,2,1,2.0,5,40.0,3,13,2,11,4,9,4,0,Forward,
Yayah Kallon,SLE,Hellas Verona,it Serie A,22 years,0.0,0.0,0,0,0,0,0.0,0,,0,0,0,0,0,0,0,0,Forward,
Gedeon Kalulu,COD,Lorient,fr Ligue 1,25 years,10.8,23.0,17,13,8,2,12.0,22,54.5,10,18,2,16,5,28,30,0,Defender,
Pierre Kalulu,FRA,Milan,it Serie A,23 years,4.2,5.0,1,2,3,0,1.0,2,50.0,1,4,3,1,1,6,12,1,Defender,
Daichi Kamada,JPN,Lazio,it Serie A,26 years,17.2,53.0,36,22,22,9,28.0,52,53.8,24,24,5,19,18,71,7,0,Midfielder,
Waren Kamanzi,NOR,Toulouse,fr Ligue 1,22 years,13.2,36.0,24,16,16,4,13.0,23,56.5,10,11,3,8,9,45,35,0,Defender,Forward
Boubacar Kamara,FRA,Aston Villa,eng Premier League,23 years,18.4,43.0,29,16,21,6,24.0,47,51.1,23,21,7,14,21,64,16,0,Midfielder,
Hassane Kamara,CIV,Udinese,it Serie A,29 years,24.7,45.0,32,26,13,6,25.0,38,65.8,13,29,2,27,26,71,66,0,Defender,
Willy Kambwala,FRA,Manchester Utd,eng Premier League,18 years,3.7,3.0,1,1,2,0,1.0,3,33.3,2,6,3,3,4,7,14,1,Defender,
Jakub Kamiński,POL,Wolfsburg,de Bundesliga,21 years,5.3,14.0,5,12,2,0,3.0,6,50.0,3,3,0,3,2,16,5,0,Forward,Midfielder
Thomas Kaminski,BEL,Luton Town,eng Premier League,30 years,37.8,2.0,1,2,0,0,2.0,6,33.3,4,1,0,1,0,2,14,2,Goalkeeper,
Kevin Kampl,SVN,RB Leipzig,de Bundesliga,32 years,15.1,19.0,8,8,9,2,10.0,21,47.6,11,19,7,12,11,30,14,1,Midfielder,
Harry Kane,ENG,Bayern Munich,de Bundesliga,30 years,31.5,13.0,9,4,4,5,6.0,18,33.3,12,12,4,8,6,19,14,0,Forward,
Lee Kang-in,KOR,Paris S-G,fr Ligue 1,22 years,16.3,26.0,13,7,9,10,15.0,36,41.7,21,7,0,7,6,32,3,0,Forward,Midfielder
Yann Karamoh,FRA,Torino,it Serie A,25 years,1.8,1.0,0,0,0,1,0.0,0,,0,0,0,0,0,1,1,0,Midfielder,Forward
Yann Karamoh,FRA,Montpellier,fr Ligue 1,25 years,3.2,1.0,0,0,0,1,1.0,2,50.0,1,3,0,3,0,1,0,0,Forward,Midfielder
Atakan Karazor,,Stuttgart,de Bundesliga,26 years,29.1,72.0,44,23,38,11,29.0,60,48.3,31,37,8,29,27,99,43,0,Midfielder,
Ayman Kari,FRA,Lorient,fr Ligue 1,18 years,9.9,18.0,14,9,9,0,12.0,19,63.2,7,19,2,17,6,24,9,1,Midfielder,
Emir Karic,AUT,Darmstadt 98,de Bundesliga,26 years,19.8,45.0,27,23,14,8,21.0,33,63.6,12,42,11,31,13,58,43,0,Defender,
Loris Karius,GER,Newcastle Utd,eng Premier League,30 years,1.0,0.0,0,0,0,0,0.0,0,,0,0,0,0,0,0,1,0,Goalkeeper,
Jesper Karlsson,SWE,Bologna,it Serie A,25 years,3.8,3.0,3,2,1,0,2.0,8,25.0,6,4,0,4,4,7,1,0,Forward,
Jon Karrikaburu,ESP,Alavés,es La Liga,20 years,0.2,0.0,0,0,0,0,0.0,0,,0,0,0,0,0,0,0,0,Midfielder,Forward
Rick Karsdorp,NED,Roma,it Serie A,28 years,13.2,25.0,18,11,8,6,16.0,24,66.7,8,13,4,9,9,34,16,0,Defender,
Grigoris Kastanos,CYP,Salernitana,it Serie A,25 years,16.4,23.0,14,8,9,6,9.0,20,45.0,11,13,4,9,8,31,9,0,Midfielder,Defender
Silas Katompa,COD,Stuttgart,de Bundesliga,24 years,10.0,5.0,3,3,2,0,3.0,12,25.0,9,9,0,9,0,5,4,0,Forward,Midfielder
Panos Katseris,GRE,Lorient,fr Ligue 1,22 years,11.6,26.0,20,16,8,2,16.0,25,64.0,9,20,4,16,8,34,18,0,Defender,
Mikkel Kaufmann,DEN,Union Berlin,de Bundesliga,22 years,5.4,6.0,3,2,3,1,3.0,10,30.0,7,12,0,12,1,7,4,0,Forward,
Michael Kayode,ITA,Fiorentina,it Serie A,19 years,22.9,53.0,30,27,15,11,35.0,48,72.9,13,25,12,13,18,71,46,2,Defender,
Moise Kean,ITA,Juventus,it Serie A,23 years,7.3,7.0,4,3,2,2,1.0,3,33.3,2,4,1,3,2,9,5,0,Forward,
Michael Keane,ENG,Everton,eng Premier League,30 years,4.9,7.0,3,3,3,1,1.0,7,14.3,6,5,4,1,5,12,18,1,Defender,
Ibrahima Kebe,MLI,Girona,es La Liga,22 years,0.1,1.0,1,0,1,0,0.0,0,,0,1,0,1,1,2,0,0,Midfielder,
Kévin Keben Biakolo,CMR,Toulouse,fr Ligue 1,19 years,5.8,4.0,2,4,0,0,3.0,6,50.0,3,7,0,7,8,12,17,0,Defender,
Yassine Kechta,MAR,Le Havre,fr Ligue 1,21 years,20.5,46.0,24,24,19,3,31.0,73,42.5,42,20,3,17,23,69,16,1,Midfielder,
Thilo Kehrer,GER,West Ham,eng Premier League,26 years,0.2,1.0,1,0,1,0,0.0,0,,0,2,2,0,0,1,0,0,Defender,Midfielder
Thilo Kehrer,GER,Monaco,fr Ligue 1,26 years,14.7,32.0,22,22,7,3,22.0,39,56.4,17,18,6,12,30,62,55,0,Defender,
Habib Keita,MLI,Clermont Foot,fr Ligue 1,21 years,14.2,34.0,19,14,15,5,17.0,28,60.7,11,27,10,17,29,63,30,0,Midfielder,
Naby Keïta,GUI,Werder Bremen,de Bundesliga,28 years,1.2,1.0,1,1,0,0,0.0,1,0.0,1,2,0,2,2,3,1,0,Midfielder,Defender
Yannik Keitel,GER,Freiburg,de Bundesliga,23 years,10.2,20.0,15,14,5,1,10.0,15,66.7,5,17,8,9,12,32,44,3,Defender,Midfielder
Caoimhín Kelleher,IRL,Liverpool,eng Premier League,24 years,10.0,0.0,0,0,0,0,0.0,0,,0,0,0,0,0,0,4,1,Goalkeeper,
Thomas Keller,GER,Heidenheim,de Bundesliga,23 years,0.0,0.0,0,0,0,0,0.0,0,,0,0,0,0,0,0,0,0,Midfielder,Forward
Lloyd Kelly,ENG,Bournemouth,eng Premier League,24 years,17.3,24.0,19,10,9,5,14.0,25,56.0,11,22,12,10,13,37,67,0,Defender,
Omari Kellyman,ENG,Aston Villa,eng Premier League,17 years,0.4,1.0,0,0,1,0,1.0,2,50.0,1,0,0,0,0,1,0,0,Forward,
Aljoscha Kemlein,GER,Union Berlin,de Bundesliga,18 years,0.3,0.0,0,0,0,0,0.0,3,0.0,3,1,0,1,0,0,0,0,Midfielder,
Tobias Kempe,GER,Darmstadt 98,de Bundesliga,34 years,15.0,20.0,13,9,8,3,8.0,24,33.3,16,16,4,12,9,29,12,0,Midfielder,
Milos Kerkez,HUN,Bournemouth,eng Premier League,19 years,21.9,47.0,26,31,13,3,30.0,42,71.4,12,31,11,20,20,67,60,2,Defender,
Kaine Kesler-Hayden,ENG,Aston Villa,eng Premier League,20 years,0.1,0.0,0,0,0,0,0.0,0,,0,0,0,0,0,0,0,0,Midfielder,Defender
Reda Khadra,GER,Reims,fr Ligue 1,22 years,15.2,16.0,10,5,4,7,8.0,20,40.0,12,8,2,6,3,19,13,0,Forward,Midfielder
Wahbi Khazri,TUN,Montpellier,fr Ligue 1,32 years,12.6,24.0,17,8,12,4,14.0,35,40.0,21,10,0,10,3,27,7,0,Forward,
Rani Khedira,GER,Union Berlin,de Bundesliga,29 years,14.9,35.0,22,15,19,1,17.0,26,65.4,9,12,5,7,22,57,38,0,Midfielder,
Abdukodir Khusanov,UZB,Lens,fr Ligue 1,19 years,9.0,21.0,12,13,8,0,9.0,17,52.9,8,13,8,5,13,34,32,2,Defender,
Kiké,ESP,Alavés,es La Liga,33 years,15.8,8.0,4,2,3,3,4.0,9,44.4,5,16,5,11,1,9,12,0,Forward,Midfielder
Luca Kilian,GER,Köln,de Bundesliga,23 years,7.1,16.0,9,15,1,0,9.0,14,64.3,5,12,5,7,7,23,28,0,Defender,
Max Kilman,ENG,Wolves,eng Premier League,26 years,38.0,47.0,21,40,6,1,24.0,32,75.0,8,64,37,27,39,86,182,4,Defender,
Joshua Kimmich,GER,Bayern Munich,de Bundesliga,28 years,24.2,45.0,33,25,15,5,26.0,39,66.7,13,32,4,28,14,59,28,1,Midfielder,Defender
Jakub Kiwior,POL,Arsenal,eng Premier League,23 years,10.5,20.0,12,11,8,1,14.0,19,73.7,5,11,3,8,8,28,28,1,Defender,
Simon Kjær,DEN,Milan,it Serie A,34 years,13.0,24.0,15,11,11,2,14.0,22,63.6,8,22,16,6,14,38,46,2,Defender,
Davy Klaassen,NED,Inter,it Serie A,30 years,2.3,4.0,2,0,4,0,1.0,3,33.3,2,5,1,4,3,7,4,0,Midfielder,
Christoph Klarer,AUT,Darmstadt 98,de Bundesliga,23 years,26.2,37.0,22,30,4,3,24.0,36,66.7,12,31,20,11,21,58,94,1,Defender,
Tim Kleindienst,GER,Heidenheim,de Bundesliga,27 years,31.9,21.0,12,6,11,4,7.0,25,28.0,18,32,8,24,12,33,58,0,Forward,
Lukas Klostermann,GER,RB Leipzig,de Bundesliga,27 years,16.0,15.0,10,7,7,1,4.0,13,30.8,9,25,12,13,13,28,64,1,Defender,
Justin Kluivert,NED,Bournemouth,eng Premier League,24 years,21.3,28.0,14,5,12,11,8.0,30,26.7,22,16,1,15,8,36,11,0,Midfielder,Forward
Ansgar Knauff,GER,Eintracht Frankfurt,de Bundesliga,21 years,23.4,43.0,26,17,16,10,17.0,31,54.8,14,40,3,37,20,63,15,0,Midfielder,Defender
Robin Knoche,GER,Union Berlin,de Bundesliga,31 years,21.3,34.0,22,27,7,0,19.0,30,63.3,11,27,19,8,13,47,73,0,Defender,
Gregor Kobel,SUI,Dortmund,de Bundesliga,25 years,26.3,0.0,0,0,0,0,0.0,1,0.0,1,0,0,0,0,0,11,0,Goalkeeper,
Robin Koch,GER,Eintracht Frankfurt,de Bundesliga,27 years,30.4,38.0,23,26,12,0,17.0,27,63.0,10,33,24,9,32,70,136,2,Defender,
Philipp Köhn,SUI,Monaco,fr Ligue 1,25 years,22.0,1.0,1,1,0,0,1.0,1,100.0,0,0,0,0,1,2,5,3,Goalkeeper,
Dominik Kohr,GER,Mainz 05,de Bundesliga,29 years,24.3,65.0,42,36,25,4,36.0,57,63.2,21,27,6,21,43,108,58,0,Defender,Midfielder
Koke,ESP,Atlético Madrid,es La Liga,31 years,27.7,66.0,44,27,32,7,36.0,79,45.6,43,37,12,25,16,82,34,1,Midfielder,
Sead Kolašinac,BIH,Atalanta,it Serie A,30 years,24.2,44.0,32,23,19,2,30.0,49,61.2,19,22,9,13,21,65,47,0,Defender,
Luca Koleosho,ITA,Burnley,eng Premier League,18 years,10.8,7.0,4,2,5,0,2.0,10,20.0,8,13,0,13,2,9,0,0,Midfielder,Forward
Randal Kolo Muani,FRA,Paris S-G,fr Ligue 1,24 years,14.1,10.0,8,5,3,2,5.0,13,38.5,8,5,0,5,4,14,10,0,Forward,Midfielder
Randal Kolo Muani,FRA,Eintracht Frankfurt,de Bundesliga,24 years,1.7,0.0,0,0,0,0,0.0,0,,0,0,0,0,0,0,1,0,Forward,
Mert Kömür,GER,Augsburg,de Bundesliga,18 years,1.3,3.0,3,3,0,0,3.0,5,60.0,2,0,0,0,0,3,1,0,Midfielder,Defender
Cheick Konaté,MLI,Clermont Foot,fr Ligue 1,19 years,11.9,26.0,15,17,9,0,20.0,36,55.6,16,16,2,14,13,39,21,0,Defender,
Ibrahima Konaté,FRA,Liverpool,eng Premier League,24 years,17.5,36.0,22,22,13,1,18.0,24,75.0,6,18,12,6,20,56,51,1,Defender,
Geoffrey Kondogbia,CTA,Marseille,fr Ligue 1,30 years,16.3,48.0,31,18,25,5,13.0,32,40.6,19,21,4,17,30,78,25,0,Midfielder,
Abdoul Koné,FRA,Reims,fr Ligue 1,18 years,2.1,7.0,7,5,2,0,4.0,11,36.4,7,2,0,2,2,9,9,0,Defender,
Amadou Koné,MLI,Reims,fr Ligue 1,18 years,5.3,13.0,8,11,2,0,6.0,10,60.0,4,8,3,5,10,23,10,0,Midfielder,
Ibrahima Koné,MLI,Almería,es La Liga,24 years,3.1,1.0,0,1,0,0,1.0,1,100.0,0,1,0,1,0,1,4,0,Forward,
Ibrahima Koné,MLI,Lorient,fr Ligue 1,24 years,0.4,0.0,0,0,0,0,0.0,1,0.0,1,0,0,0,0,0,0,0,Forward,
Manu Koné,FRA,Gladbach,de Bundesliga,22 years,17.3,45.0,26,20,20,5,17.0,25,68.0,8,22,1,21,15,60,16,1,Midfielder,
Ezri Konsa,ENG,Aston Villa,eng Premier League,25 years,34.1,54.0,32,28,23,3,23.0,27,85.2,4,36,20,16,28,82,73,3,Defender,
Teun Koopmeiners,NED,Atalanta,it Serie A,25 years,29.2,39.0,24,12,22,5,17.0,50,34.0,33,33,3,30,10,49,35,0,Midfielder,
Odilon Kossounou,CIV,Leverkusen,de Bundesliga,22 years,20.1,30.0,20,11,12,7,15.0,26,57.7,11,27,3,24,27,57,43,1,Defender,
Filip Kostić,SRB,Juventus,it Serie A,30 years,20.2,37.0,23,20,13,4,17.0,33,51.5,16,29,8,21,9,46,43,0,Defender,
N'Guessan Kouadio,CIV,Metz,fr Ligue 1,20 years,1.2,3.0,1,0,3,0,0.0,3,0.0,3,3,0,3,1,4,0,0,Midfielder,Forward
Christian Kouamé,CIV,Fiorentina,it Serie A,25 years,12.1,13.0,4,7,6,0,6.0,10,60.0,4,16,0,16,2,15,10,0,Forward,
Rominigue Kouamé,MLI,Cádiz,es La Liga,26 years,9.1,14.0,9,6,7,1,7.0,15,46.7,8,10,2,8,13,27,10,1,Midfielder,
Koffi Kouao,CIV,Metz,fr Ligue 1,25 years,9.6,20.0,13,12,7,1,11.0,17,64.7,6,9,6,3,13,33,38,1,Defender,
Tomáš Koubek,CZE,Augsburg,de Bundesliga,30 years,3.0,0.0,0,0,0,0,0.0,0,,0,0,0,0,0,0,1,1,Goalkeeper,
Therence Koudou,FRA,Reims,fr Ligue 1,18 years,3.5,2.0,2,1,1,0,0.0,2,0.0,2,4,3,1,4,6,9,0,Defender,
Jules Koundé,FRA,Barcelona,es La Liga,24 years,32.2,37.0,23,22,10,5,28.0,51,54.9,23,32,12,20,25,62,83,5,Defender,
Boubakar Kouyaté,MLI,Montpellier,fr Ligue 1,26 years,21.4,49.0,30,39,8,2,28.0,51,54.9,23,31,20,11,29,78,123,1,Defender,
Cheikhou Kouyaté,SEN,Nottingham Forest,eng Premier League,33 years,2.4,8.0,5,3,3,2,1.0,4,25.0,3,4,1,3,2,10,10,0,Midfielder,
Mateo Kovačić,CRO,Manchester City,eng Premier League,29 years,17.2,36.0,25,16,15,5,18.0,28,64.3,10,23,1,22,10,46,10,0,Midfielder,
Viktor Kovalenko,UKR,Empoli,it Serie A,27 years,6.8,5.0,2,2,2,1,2.0,8,25.0,6,12,2,10,1,6,7,0,Midfielder,
Matej Kovar,CZE,Leverkusen,de Bundesliga,23 years,1.0,0.0,0,0,0,0,0.0,0,,0,0,0,0,0,0,0,0,Goalkeeper,
Dawid Kownacki,POL,Werder Bremen,de Bundesliga,26 years,4.2,1.0,1,1,0,0,1.0,4,25.0,3,3,1,2,0,1,1,0,Forward,
Emil Krafth,SWE,Newcastle Utd,eng Premier League,28 years,10.1,21.0,14,10,7,4,12.0,25,48.0,13,8,3,5,9,30,21,0,Defender,
Alex Král,CZE,Union Berlin,de Bundesliga,25 years,15.2,19.0,14,7,10,2,8.0,20,40.0,12,15,4,11,11,30,30,0,Midfielder,
Andrej Kramarić,CRO,Hoffenheim,de Bundesliga,32 years,24.4,11.0,2,5,4,2,6.0,13,46.2,7,14,2,12,10,21,12,2,Midfielder,Forward
Christoph Kramer,GER,Gladbach,de Bundesliga,32 years,2.8,10.0,5,5,5,0,2.0,14,14.3,12,7,1,6,4,14,6,0,Midfielder,
Frans Krätzig,GER,Bayern Munich,de Bundesliga,20 years,0.6,2.0,0,2,0,0,1.0,2,50.0,1,0,0,0,0,2,0,0,Defender,
Tom Krauß,GER,Mainz 05,de Bundesliga,22 years,15.0,57.0,33,22,31,4,21.0,58,36.2,37,33,4,29,17,74,28,0,Midfielder,
Rasmus Kristensen,DEN,Roma,it Serie A,26 years,19.4,36.0,19,25,8,3,28.0,50,56.0,22,27,7,20,8,44,50,0,Defender,
Thomas Kristensen,DEN,Udinese,it Serie A,21 years,23.3,35.0,24,25,10,0,21.0,33,63.6,12,29,20,9,29,64,118,0,Defender,
Toni Kroos,GER,Real Madrid,es La Liga,33 years,23.6,53.0,34,19,25,9,24.0,59,40.7,35,22,4,18,17,70,11,1,Midfielder,
Nikola Krstović,MNE,Lecce,it Serie A,23 years,26.4,17.0,6,3,9,5,6.0,10,60.0,4,12,4,8,4,21,22,0,Forward,
Rade Krunić,BIH,Milan,it Serie A,29 years,7.6,10.0,8,3,6,1,4.0,9,44.4,5,7,3,4,11,21,14,0,Midfielder,
Lukas Kübler,GER,Freiburg,de Bundesliga,30 years,20.5,50.0,24,35,13,2,26.0,42,61.9,16,36,14,22,37,87,57,1,Defender,
Takefusa Kubo,JPN,Real Sociedad,es La Liga,22 years,23.9,26.0,17,15,6,5,9.0,23,39.1,14,21,2,19,11,37,8,1,Forward,Midfielder
Mahmut Kücüksahin,,Augsburg,de Bundesliga,19 years,0.0,0.0,0,0,0,0,0.0,0,,0,0,0,0,0,0,0,0,Midfielder,
Mohammed Kudus,GHA,West Ham,eng Premier League,22 years,27.6,65.0,47,27,27,11,20.0,40,50.0,20,25,0,25,11,76,9,1,Forward,Midfielder
Christian Kühlwetter,GER,Heidenheim,de Bundesliga,27 years,0.1,0.0,0,0,0,0,0.0,0,,0,0,0,0,0,0,0,0,Midfielder,
Dejan Kulusevski,SWE,Tottenham,eng Premier League,23 years,30.7,62.0,33,19,20,23,25.0,67,37.3,42,24,1,23,18,80,2,1,Forward,Midfielder
Sael Kumbedi,FRA,Lyon,fr Ligue 1,18 years,10.3,30.0,20,14,12,4,9.0,22,40.9,13,12,3,9,14,44,18,2,Defender,
Marash Kumbulla,ALB,Sassuolo,it Serie A,23 years,4.0,3.0,2,2,1,0,1.0,2,50.0,1,8,6,2,0,3,22,0,Defender,
Justin Kumi,ITA,Sassuolo,it Serie A,19 years,0.0,0.0,0,0,0,0,0.0,0,,0,0,0,0,0,0,0,0,Forward,
Layvin Kurzawa,FRA,Paris S-G,fr Ligue 1,30 years,0.1,0.0,0,0,0,0,0.0,0,,0,0,0,0,0,0,0,0,Defender,
Berkan Kutlu,TUR,Genoa,it Serie A,25 years,2.2,6.0,4,5,1,0,3.0,6,50.0,3,3,0,3,4,10,5,0,Midfielder,
Daler Kuzyaev,RUS,Le Havre,fr Ligue 1,30 years,23.2,34.0,19,11,13,10,15.0,43,34.9,28,18,5,13,22,56,18,1,Midfielder,
Khvicha Kvaratskhelia,GEO,Napoli,it Serie A,22 years,30.4,42.0,21,11,19,12,15.0,49,30.6,34,15,1,14,13,55,9,0,Forward,
Giorgi Kvernadze,GEO,Frosinone,it Serie A,20 years,0.7,3.0,0,2,0,1,2.0,2,100.0,0,1,0,1,1,4,0,0,Forward,Defender
Moritz-Broni Kwarteng,GHA,Bochum,de Bundesliga,25 years,3.1,3.0,0,0,3,0,1.0,7,14.3,6,4,0,4,2,5,0,0,Forward,
Grejohn Kyei,FRA,Clermont Foot,fr Ligue 1,27 years,11.4,6.0,4,2,2,2,2.0,3,66.7,1,5,1,4,1,7,10,0,Forward,
Giorgos Kyriakopoulos,GRE,Monza,it Serie A,27 years,19.0,19.0,10,16,3,0,11.0,24,45.8,13,18,1,17,13,32,28,0,Defender,
Luca de la Torre,USA,Celta Vigo,es La Liga,25 years,21.7,39.0,21,12,22,5,22.0,43,51.2,21,23,4,19,12,51,17,0,Midfielder,
Gaëtan Laborde,FRA,Nice,fr Ligue 1,29 years,21.2,18.0,12,8,4,6,11.0,30,36.7,19,20,2,18,6,24,8,1,Forward,Midfielder
Alexandre Lacazette,FRA,Lyon,fr Ligue 1,32 years,25.5,19.0,12,8,9,2,5.0,17,29.4,12,22,3,19,8,27,9,0,Forward,
Maxence Lacroix,FRA,Wolfsburg,de Bundesliga,23 years,26.2,48.0,29,28,18,2,29.0,41,70.7,12,35,12,23,24,72,121,0,Defender,
Alban Lafont,FRA,Nantes,fr Ligue 1,24 years,27.7,0.0,0,0,0,0,0.0,2,0.0,2,0,0,0,0,0,14,0,Goalkeeper,
Yoel Lago,ESP,Celta Vigo,es La Liga,19 years,1.0,2.0,0,2,0,0,0.0,0,,0,1,0,1,0,2,2,0,Defender,
Aïssa Laïdouni,TUN,Union Berlin,de Bundesliga,26 years,11.9,21.0,12,4,12,5,4.0,12,33.3,8,26,2,24,12,33,14,2,Midfielder,
Konrad Laimer,AUT,Bayern Munich,de Bundesliga,26 years,19.7,56.0,36,25,20,11,22.0,52,42.3,30,42,6,36,18,74,13,2,Defender,Midfielder
Stefan Lainer,AUT,Gladbach,de Bundesliga,30 years,8.3,23.0,16,15,8,0,14.0,24,58.3,10,13,6,7,5,28,28,0,Defender,Midfielder
Kenny Lala,MAD,Brest,fr Ligue 1,31 years,33.0,78.0,51,39,28,11,30.0,56,53.6,26,27,6,21,28,106,75,1,Defender,
Adam Lallana,ENG,Brighton,eng Premier League,35 years,9.4,8.0,3,4,4,0,0.0,4,0.0,4,2,1,1,3,11,1,0,Midfielder,Forward
Mathis Lambourde,FRA,Rennes,fr Ligue 1,17 years,0.1,0.0,0,0,0,0,0.0,1,0.0,1,1,0,1,0,0,1,0,Forward,
Érik Lamela,ARG,Sevilla,es La Liga,31 years,5.1,21.0,14,4,10,7,10.0,15,66.7,5,12,0,12,1,22,5,0,Forward,Midfielder
Mohamed Lamine Bayo,GUI,Le Havre,fr Ligue 1,25 years,15.4,13.0,5,2,5,6,2.0,10,20.0,8,8,1,7,2,15,11,0,Forward,
Didier Lamkel Zé,CMR,Metz,fr Ligue 1,26 years,6.1,7.0,2,2,4,1,2.0,5,40.0,3,4,0,4,0,7,11,0,Forward,Midfielder
Tariq Lamptey,GHA,Brighton,eng Premier League,22 years,10.2,21.0,14,14,5,2,13.0,22,59.1,9,7,3,4,6,27,6,0,Defender,Forward
Bruno Langa,MOZ,Almería,es La Liga,25 years,9.1,17.0,12,10,5,2,6.0,14,42.9,8,11,4,7,4,21,33,2,Defender,
Gianluca Lapadula,PER,Cagliari,it Serie A,33 years,13.4,1.0,1,0,0,1,1.0,10,10.0,9,2,1,1,2,3,5,0,Forward,
Aymeric Laporte,ESP,Manchester City,eng Premier League,29 years,0.1,0.0,0,0,0,0,0.0,0,,0,1,1,0,0,0,1,0,Defender,
Julien Laporte,FRA,Lorient,fr Ligue 1,29 years,20.2,23.0,14,15,7,1,16.0,36,44.4,20,36,26,10,11,34,116,1,Defender,
Cyle Larin,CAN,Mallorca,es La Liga,28 years,20.3,17.0,8,6,4,7,2.0,7,28.6,5,16,5,11,3,20,17,0,Forward,
Yasser Larouci,ALG,Sheffield Utd,eng Premier League,22 years,5.9,17.0,9,10,5,2,10.0,14,71.4,4,6,1,5,7,24,20,1,Defender,
Hugo Larsson,SWE,Eintracht Frankfurt,de Bundesliga,19 years,21.0,32.0,18,18,10,4,15.0,28,53.6,13,34,7,27,29,61,30,1,Midfielder,
Jamaal Lascelles,ENG,Newcastle Utd,eng Premier League,29 years,12.0,14.0,9,7,7,0,6.0,11,54.5,5,17,12,5,5,19,42,0,Defender,
Juanmi Latasa,ESP,Getafe,es La Liga,22 years,17.3,9.0,7,0,6,3,1.0,11,9.1,10,9,0,9,4,13,21,0,Forward,
Toni Lato,ESP,Mallorca,es La Liga,25 years,17.2,38.0,23,19,13,6,16.0,27,59.3,11,17,3,14,17,55,27,0,Defender,
Armand Lauriente,FRA,Sassuolo,it Serie A,24 years,32.3,31.0,20,8,14,9,13.0,44,29.5,31,29,4,25,15,46,11,0,Forward,
Roméo Lavia,BEL,Chelsea,eng Premier League,19 years,0.4,1.0,0,0,1,0,0.0,0,,0,0,0,0,0,1,1,0,Midfielder,
Lázaro,BRA,Almería,es La Liga,21 years,3.2,4.0,1,2,0,2,2.0,8,25.0,6,4,0,4,1,5,1,0,Forward,Midfielder
Valentino Lazaro,AUT,Torino,it Serie A,27 years,22.2,18.0,11,7,9,2,13.0,19,68.4,6,14,1,13,8,26,29,0,Defender,Midfielder
Darko Lazović,SRB,Hellas Verona,it Serie A,32 years,21.4,26.0,16,11,6,9,16.0,31,51.6,15,10,1,9,6,32,14,0,Forward,Midfielder
Manuel Lazzari,ITA,Lazio,it Serie A,29 years,18.6,26.0,18,13,10,3,18.0,28,64.3,10,20,4,16,12,38,37,1,Defender,
Théo Le Bris,FRA,Lorient,fr Ligue 1,20 years,16.8,35.0,22,25,7,3,19.0,40,47.5,21,24,3,21,12,47,42,0,Defender,Midfielder
Julien Le Cardinal,FRA,Brest,fr Ligue 1,25 years,5.3,19.0,11,11,7,1,8.0,12,66.7,4,6,3,3,13,32,26,0,Defender,
Julien Le Cardinal,FRA,Lens,fr Ligue 1,25 years,0.6,6.0,2,4,2,0,4.0,9,44.4,5,2,1,1,0,6,0,0,Defender,
Jérémy Le Douaron,FRA,Brest,fr Ligue 1,25 years,18.0,21.0,10,7,9,5,11.0,26,42.3,15,14,1,13,2,23,10,0,Forward,
Enzo Le Fée,FRA,Rennes,fr Ligue 1,23 years,17.0,50.0,35,23,17,10,23.0,47,48.9,24,17,3,14,19,69,20,0,Midfielder,
Vincent Le Goff,FRA,Lorient,fr Ligue 1,33 years,6.0,5.0,0,4,0,1,4.0,8,50.0,4,11,3,8,3,8,10,0,Defender,Midfielder
Robin Le Normand,ESP,Real Sociedad,es La Liga,26 years,27.4,31.0,22,16,15,0,17.0,30,56.7,13,26,15,11,28,59,96,1,Defender,
Nicola Leali,ITA,Genoa,it Serie A,30 years,2.0,0.0,0,0,0,0,0.0,0,,0,0,0,0,0,0,0,0,Goalkeeper,
Rafael Leão,POR,Milan,it Serie A,24 years,27.9,16.0,10,3,8,5,8.0,13,61.5,5,15,1,14,9,25,19,0,Forward,
Adrien Lebeau,FRA,Brest,fr Ligue 1,24 years,0.6,0.0,0,0,0,0,0.0,3,0.0,3,2,1,1,0,0,1,0,Midfielder,Forward
Jean-Louis Leca,FRA,Lens,fr Ligue 1,37 years,1.0,0.0,0,0,0,0,0.0,0,,0,0,0,0,0,0,1,0,Goalkeeper,
Benjamin Lecomte,FRA,Montpellier,fr Ligue 1,32 years,30.0,0.0,0,0,0,0,0.0,1,0.0,1,0,0,0,0,0,16,1,Goalkeeper,
Jeremías Ledesma,ARG,Cádiz,es La Liga,30 years,33.9,1.0,1,1,0,0,1.0,4,25.0,3,0,0,0,0,1,15,3,Goalkeeper,
Pierre Lees-Melou,FRA,Brest,fr Ligue 1,30 years,28.0,96.0,67,51,41,4,49.0,129,38.0,80,61,11,50,43,139,64,3,Midfielder,
Diogo Leite,POR,Union Berlin,de Bundesliga,24 years,30.0,52.0,36,31,15,6,25.0,51,49.0,26,48,22,26,47,99,155,1,Defender,
Maxim Leitsch,GER,Mainz 05,de Bundesliga,25 years,4.2,6.0,3,5,1,0,3.0,6,50.0,3,2,0,2,4,10,13,0,Defender,
Florian Lejeune,FRA,Rayo Vallecano,es La Liga,32 years,37.0,39.0,25,26,11,2,19.0,30,63.3,11,33,18,15,23,62,155,1,Defender,
Stefan Lekovic,SRB,Villarreal,es La Liga,19 years,0.3,0.0,0,0,0,0,0.0,0,,0,1,1,0,0,0,1,0,Defender,
Iñigo Lekue,ESP,Athletic Club,es La Liga,30 years,22.2,40.0,22,25,10,5,27.0,53,50.9,26,24,6,18,15,55,50,0,Defender,
Thomas Lemar,FRA,Atlético Madrid,es La Liga,27 years,1.8,3.0,1,2,1,0,1.0,2,50.0,1,0,0,0,0,3,0,0,Midfielder,
Mario Lemina,GAB,Wolves,eng Premier League,29 years,33.0,90.0,58,46,33,11,25.0,47,53.2,22,36,9,27,41,131,64,0,Midfielder,
Álvaro Lemos,ESP,Las Palmas,es La Liga,30 years,2.8,4.0,1,1,3,0,0.0,2,0.0,2,3,1,2,2,6,4,0,Defender,
Ruben Lendinez,ESP,Valencia,es La Liga,20 years,0.1,2.0,2,0,2,0,1.0,1,100.0,0,0,0,0,0,2,1,0,Defender,
Clément Lenglet,FRA,Aston Villa,eng Premier League,28 years,12.8,13.0,9,7,5,1,7.0,13,53.8,6,19,11,8,7,20,47,1,Defender,
Bernd Leno,GER,Fulham,eng Premier League,31 years,38.0,0.0,0,0,0,0,0.0,0,,0,0,0,0,0,0,14,1,Goalkeeper,
Christopher Lenz,GER,RB Leipzig,de Bundesliga,28 years,0.5,2.0,1,2,0,0,1.0,1,100.0,0,0,0,0,2,4,2,0,Defender,Midfielder
Christopher Lenz,GER,Eintracht Frankfurt,de Bundesliga,28 years,0.1,1.0,1,0,1,0,1.0,1,100.0,0,0,0,0,0,1,1,0,Defender,
Johann Lepenant,FRA,Lyon,fr Ligue 1,20 years,2.8,4.0,3,2,2,0,1.0,8,12.5,7,5,0,5,4,8,0,0,Midfielder,
Jefferson Lerma,COL,Crystal Palace,eng Premier League,28 years,26.7,42.0,25,15,23,4,19.0,40,47.5,21,31,12,19,36,78,72,0,Midfielder,Defender
Léo Leroy,FRA,Montpellier,fr Ligue 1,23 years,5.5,19.0,10,8,8,3,6.0,21,28.6,15,12,3,9,7,26,8,0,Midfielder,
Robert Lewandowski,POL,Barcelona,es La Liga,34 years,30.6,8.0,5,0,6,2,4.0,12,33.3,8,13,4,9,9,17,18,0,Forward,
Jamie Leweling,GER,Stuttgart,de Bundesliga,22 years,16.9,18.0,10,4,6,8,5.0,17,29.4,12,21,1,20,5,23,13,0,Forward,Midfielder
Rico Lewis,ENG,Manchester City,eng Premier League,18 years,9.0,10.0,7,4,4,2,3.0,7,42.9,4,7,1,6,4,14,6,0,Defender,Midfielder
Keane Lewis-Potter,ENG,Brentford,eng Premier League,22 years,16.0,17.0,7,5,11,1,7.0,15,46.7,8,10,2,8,7,24,23,0,Forward,Defender
Philipp Lienhart,AUT,Freiburg,de Bundesliga,27 years,14.1,20.0,13,14,5,1,13.0,23,56.5,10,18,11,7,14,34,51,0,Defender,
Matthijs de Ligt,NED,Bayern Munich,de Bundesliga,23 years,15.4,15.0,12,4,8,3,6.0,11,54.5,5,14,10,4,19,34,52,0,Defender,
Victor Lindelöf,SWE,Manchester Utd,eng Premier League,29 years,14.8,15.0,10,8,7,0,5.0,13,38.5,8,18,9,9,12,27,40,1,Defender,
Jesper Lindstrøm,DEN,Napoli,it Serie A,23 years,4.8,8.0,3,2,3,3,4.0,8,50.0,4,3,0,3,2,10,6,0,Forward,Midfielder
Jesper Lindstrøm,DEN,Eintracht Frankfurt,de Bundesliga,23 years,0.9,1.0,1,1,0,0,0.0,0,,0,0,0,0,0,1,0,0,Forward,
Karol Linetty,POL,Torino,it Serie A,28 years,20.6,30.0,21,9,20,1,9.0,29,31.0,20,24,8,16,23,53,27,1,Midfielder,
Samuel Lino,BRA,Atlético Madrid,es La Liga,23 years,23.1,61.0,34,32,17,12,35.0,70,50.0,35,37,1,36,14,75,27,0,Defender,Midfielder
Luca Lipani,ITA,Sassuolo,it Serie A,18 years,4.3,9.0,7,4,3,2,3.0,11,27.3,8,9,2,7,6,15,7,0,Midfielder,
Pol Lirola,ESP,Frosinone,it Serie A,25 years,17.1,30.0,18,14,15,1,17.0,35,48.6,18,12,1,11,19,49,41,1,Defender,
Marcin Listkowski,POL,Lecce,it Serie A,25 years,0.1,0.0,0,0,0,0,0.0,0,,0,0,0,0,0,0,0,0,Forward,
Valentino Livramento,ENG,Newcastle Utd,eng Premier League,20 years,14.6,23.0,13,15,6,2,10.0,21,47.6,11,16,7,9,25,48,41,1,Defender,
Dejan Ljubicic,AUT,Köln,de Bundesliga,25 years,22.8,43.0,27,20,18,5,20.0,43,46.5,23,22,2,20,18,61,11,0,Midfielder,Forward
Javier Llabrés,ESP,Mallorca,es La Liga,20 years,2.7,3.0,1,1,1,1,1.0,2,50.0,1,1,0,1,3,6,4,0,Midfielder,Forward
Diego Llorente,ESP,Roma,it Serie A,29 years,24.1,31.0,19,20,10,1,11.0,24,45.8,13,40,27,13,22,53,79,0,Defender,
Marcos Llorente,ESP,Atlético Madrid,es La Liga,28 years,28.5,40.0,23,18,17,5,16.0,44,36.4,28,36,11,25,14,54,35,0,Midfielder,Defender
Gautier Lloris,FRA,Le Havre,fr Ligue 1,28 years,30.9,50.0,28,40,9,1,28.0,42,66.7,14,50,30,20,32,82,142,1,Defender,
Abou Lô,SEN,Metz,fr Ligue 1,23 years,2.2,3.0,1,2,1,0,1.0,4,25.0,3,5,2,3,4,7,8,0,Midfielder,Defender
Giovani Lo Celso,ARG,Tottenham,eng Premier League,27 years,5.6,22.0,13,10,8,4,9.0,14,64.3,5,4,1,3,5,27,2,0,Midfielder,
Stanislav Lobotka,SVK,Napoli,it Serie A,28 years,36.5,61.0,39,18,30,13,24.0,60,40.0,36,30,8,22,30,91,29,0,Midfielder,
Manuel Locatelli,ITA,Juventus,it Serie A,25 years,33.4,69.0,43,24,35,10,31.0,58,53.4,27,43,17,26,25,94,65,0,Midfielder,
Bradley Locko,FRA,Brest,fr Ligue 1,21 years,32.9,97.0,55,57,34,6,47.0,80,58.8,33,28,1,27,40,137,69,0,Defender,
Tom Lockyer,WAL,Luton Town,eng Premier League,28 years,13.0,25.0,16,17,6,2,15.0,22,68.2,7,23,13,10,23,48,68,0,Defender,
Renan Lodi,BRA,Marseille,fr Ligue 1,25 years,13.7,24.0,16,8,13,3,13.0,21,61.9,8,7,2,5,16,40,35,0,Defender,
Ruben Loftus-Cheek,ENG,Milan,it Serie A,27 years,23.0,28.0,18,7,14,7,15.0,27,55.6,12,24,12,12,9,37,10,1,Midfielder,
Elysée Logbo,FRA,Le Havre,fr Ligue 1,19 years,2.8,0.0,0,0,0,0,0.0,3,0.0,3,7,3,4,0,0,2,0,Forward,
Enzo Loiodice,FRA,Las Palmas,es La Liga,22 years,19.9,62.0,35,15,34,13,20.0,42,47.6,22,20,2,18,12,74,16,1,Midfielder,
Sean Longstaff,ENG,Newcastle Utd,eng Premier League,25 years,30.5,54.0,30,17,29,8,24.0,63,38.1,39,43,7,36,17,71,23,0,Midfielder,
Ademola Lookman,NGA,Atalanta,it Serie A,25 years,21.0,20.0,15,2,11,7,8.0,22,36.4,14,19,0,19,9,29,0,1,Forward,Midfielder
Noah Loosli,SUI,Bochum,de Bundesliga,26 years,3.8,10.0,7,6,4,0,7.0,14,50.0,7,7,1,6,7,17,18,0,Defender,
Anthony Lopes,POR,Lyon,fr Ligue 1,32 years,31.0,0.0,0,0,0,0,0.0,0,,0,0,0,0,0,0,16,0,Goalkeeper,
David López,ESP,Girona,es La Liga,33 years,21.8,33.0,20,21,12,0,17.0,22,77.3,5,28,19,9,20,53,63,4,Defender,
Diego López,ESP,Valencia,es La Liga,21 years,29.5,37.0,25,14,16,7,13.0,56,23.2,43,23,1,22,20,57,12,0,Midfielder,Forward
Fermin López,ESP,Barcelona,es La Liga,20 years,16.1,41.0,21,15,18,8,14.0,40,35.0,26,14,1,13,4,45,9,0,Midfielder,Forward
Javi López,ESP,Alavés,es La Liga,21 years,26.5,23.0,12,11,9,3,15.0,26,57.7,11,25,9,16,10,33,77,1,Defender,
Maxime Lopez,FRA,Fiorentina,it Serie A,25 years,8.9,18.0,9,5,10,3,6.0,12,50.0,6,3,1,2,7,25,6,0,Midfielder,
Maxime Lopez,FRA,Sassuolo,it Serie A,25 years,1.6,2.0,1,1,1,0,1.0,2,50.0,1,1,1,0,2,4,0,0,Midfielder,
Pau López,ESP,Marseille,fr Ligue 1,28 years,32.7,0.0,0,0,0,0,0.0,2,0.0,2,0,0,0,0,0,10,1,Goalkeeper,
Unai López,ESP,Rayo Vallecano,es La Liga,27 years,23.4,48.0,24,18,23,7,21.0,53,39.6,32,24,3,21,16,64,15,2,Midfielder,
Dion Lopy,SEN,Almería,es La Liga,21 years,21.3,62.0,37,36,20,6,17.0,44,38.6,27,23,5,18,15,77,22,2,Midfielder,
Anthony Losilla,FRA,Bochum,de Bundesliga,37 years,28.6,63.0,37,15,40,8,23.0,51,45.1,28,37,8,29,25,88,51,0,Midfielder,
Jordan Lotomba,SUI,Nice,fr Ligue 1,24 years,20.0,36.0,28,18,9,9,25.0,35,71.4,10,30,9,21,16,52,26,1,Defender,
Tom Louchet,FRA,Nice,fr Ligue 1,20 years,4.5,14.0,5,6,6,2,7.0,11,63.6,4,7,3,4,3,17,9,0,Midfielder,Defender
Imran Louza,MAR,Lorient,fr Ligue 1,24 years,9.6,13.0,7,2,8,3,2.0,8,25.0,6,8,1,7,9,22,4,0,Midfielder,
Matteo Lovato,ITA,Torino,it Serie A,23 years,6.0,10.0,7,5,5,0,4.0,5,80.0,1,9,5,4,13,23,10,0,Defender,
Matteo Lovato,ITA,Salernitana,it Serie A,23 years,10.5,27.0,14,17,8,2,16.0,24,66.7,8,14,7,7,18,45,41,1,Defender,
Dejan Lovren,CRO,Lyon,fr Ligue 1,34 years,8.0,9.0,7,6,3,0,3.0,7,42.9,4,6,5,1,12,21,37,0,Defender,
Sandi Lovrić,SVN,Udinese,it Serie A,25 years,22.1,25.0,12,9,11,5,9.0,23,39.1,14,21,2,19,21,46,24,0,Midfielder,
Max Lowe,ENG,Sheffield Utd,eng Premier League,26 years,5.6,21.0,10,13,5,3,8.0,15,53.3,7,10,4,6,5,26,15,0,Defender,Midfielder
Anthony Lozano,HON,Getafe,es La Liga,30 years,1.0,0.0,0,0,0,0,0.0,1,0.0,1,0,0,0,0,0,1,0,Midfielder,Forward
Anthony Lozano,HON,Almería,es La Liga,30 years,8.6,7.0,5,2,5,0,4.0,7,57.1,3,6,1,5,2,9,12,0,Forward,
Lucas,BRA,Cádiz,es La Liga,22 years,17.1,47.0,27,32,11,4,32.0,55,58.2,23,27,4,23,17,64,45,0,Defender,
Lorenzo Lucca,ITA,Udinese,it Serie A,22 years,28.8,19.0,11,4,11,4,5.0,20,25.0,15,18,3,15,3,22,36,1,Forward,
Jhon Lucumí,COL,Bologna,it Serie A,25 years,24.6,48.0,29,31,17,0,27.0,36,75.0,9,32,17,15,16,64,68,2,Defender,
José Luis Gayà,ESP,Valencia,es La Liga,28 years,19.9,71.0,36,44,23,4,43.0,67,64.2,24,18,3,15,11,82,42,0,Defender,
José Luis Morales,ESP,Villarreal,es La Liga,36 years,11.6,5.0,3,1,4,0,3.0,13,23.1,10,9,1,8,7,12,4,0,Forward,Midfielder
José Luis Palomino,ARG,Atalanta,it Serie A,33 years,0.3,2.0,1,1,1,0,1.0,1,100.0,0,2,1,1,1,3,6,0,Defender,
Douglas Luiz,BRA,Aston Villa,eng Premier League,25 years,33.3,58.0,38,21,27,10,25.0,53,47.2,28,32,8,24,23,81,18,2,Midfielder,
Romelu Lukaku,BEL,Roma,it Serie A,30 years,29.3,6.0,5,1,2,3,2.0,4,50.0,2,7,1,6,0,6,19,1,Forward,
Castello Lukeba,FRA,RB Leipzig,de Bundesliga,20 years,24.3,19.0,12,10,9,0,10.0,12,83.3,2,35,13,22,12,31,94,2,Defender,
Dodi Lukebakio,BEL,Sevilla,es La Liga,25 years,12.5,5.0,2,2,2,1,1.0,6,16.7,5,9,2,7,2,7,5,0,Forward,Midfielder
Saša Lukić,SRB,Fulham,eng Premier League,26 years,12.5,33.0,19,9,17,7,18.0,39,46.2,21,18,5,13,16,49,19,1,Midfielder,
Karlo Lulić,CRO,Frosinone,it Serie A,27 years,0.2,0.0,0,0,0,0,0.0,0,,0,1,0,1,1,1,0,0,Midfielder,
Andriy Lunin,UKR,Real Madrid,es La Liga,24 years,21.0,0.0,0,0,0,0,0.0,1,0.0,1,0,0,0,0,0,15,1,Goalkeeper,
Sebastiano Luperto,ITA,Empoli,it Serie A,26 years,37.8,37.0,26,25,10,2,15.0,24,62.5,9,46,35,11,32,69,157,1,Defender,
Mateus Lusuardi,BRA,Frosinone,it Serie A,19 years,2.4,2.0,1,1,1,0,1.0,3,33.3,2,4,2,2,4,6,8,0,Defender,
Andreas Luthe,GER,Bochum,de Bundesliga,36 years,1.0,0.0,0,0,0,0,0.0,0,,0,0,0,0,0,0,1,0,Goalkeeper,
Zito Luvumbo,ANG,Cagliari,it Serie A,21 years,21.6,9.0,6,5,2,2,4.0,15,26.7,11,19,0,19,1,10,2,0,Forward,Midfielder
Charalambos Lykogiannis,GRE,Bologna,it Serie A,29 years,10.0,10.0,6,5,4,1,5.0,10,50.0,5,15,5,10,5,15,30,0,Defender,
Senne Lynen,BEL,Werder Bremen,de Bundesliga,24 years,20.0,64.0,38,33,27,4,30.0,70,42.9,40,41,8,33,41,105,56,0,Midfielder,
Joshua M'Bahia,CIV,Clermont Foot,fr Ligue 1,18 years,0.2,0.0,0,0,0,0,0.0,0,,0,0,0,0,0,0,0,0,Midfielder,
Othmane Maamma,MAR,Montpellier,fr Ligue 1,17 years,1.0,3.0,3,2,0,1,1.0,1,100.0,0,3,0,3,0,3,0,0,Forward,
Ian Maatsen,NED,Chelsea,eng Premier League,21 years,2.3,3.0,2,1,1,1,0.0,4,0.0,4,4,0,4,3,6,10,0,Forward,Midfielder
Ian Maatsen,NED,Dortmund,de Bundesliga,21 years,14.0,30.0,22,15,9,6,16.0,30,53.3,14,22,4,18,13,43,26,0,Defender,
Alexis Mac Allister,ARG,Liverpool,eng Premier League,24 years,28.9,99.0,55,35,50,14,59.0,125,47.2,66,65,8,57,35,134,25,1,Midfielder,
Deiver Machado,COL,Lens,fr Ligue 1,29 years,12.5,24.0,18,10,10,4,15.0,20,75.0,5,13,2,11,7,31,8,0,Defender,
Darwin Machís,VEN,Cádiz,es La Liga,30 years,8.7,23.0,14,7,9,7,13.0,24,54.2,11,8,1,7,4,27,2,0,Midfielder,
James Maddison,ENG,Tottenham,eng Premier League,26 years,23.7,33.0,19,5,18,10,15.0,29,51.7,14,15,3,12,13,46,10,1,Midfielder,
Noni Madueke,ENG,Chelsea,eng Premier League,21 years,11.7,16.0,10,8,4,4,11.0,34,32.4,23,11,0,11,4,20,14,0,Forward,
Pablo Maffeo,ESP,Mallorca,es La Liga,26 years,16.2,35.0,22,18,13,4,23.0,40,57.5,17,12,2,10,10,45,23,0,Defender,
Gabriel Magalhães,BRA,Arsenal,eng Premier League,25 years,33.8,48.0,28,24,22,2,17.0,22,77.3,5,44,33,11,31,79,100,1,Defender,
Soungoutou Magassa,FRA,Monaco,fr Ligue 1,19 years,15.0,56.0,26,22,32,2,26.0,48,54.2,22,21,4,17,21,77,36,2,Defender,Midfielder
Giulio Maggiore,ITA,Salernitana,it Serie A,25 years,20.0,49.0,29,26,22,1,20.0,42,47.6,22,27,5,22,24,73,38,0,Midfielder,
Matej Maglica,CRO,Darmstadt 98,de Bundesliga,24 years,18.9,35.0,21,25,10,0,22.0,36,61.1,14,29,11,18,22,57,92,5,Defender,
Giangiacomo Magnani,ITA,Hellas Verona,it Serie A,27 years,27.2,33.0,18,23,10,0,15.0,25,60.0,10,50,28,22,45,78,118,0,Defender,
Hugo Magnetti,FRA,Brest,fr Ligue 1,25 years,26.0,49.0,27,18,26,5,24.0,58,41.4,34,19,1,18,18,67,18,0,Midfielder,
Yohann Magnin,FRA,Clermont Foot,fr Ligue 1,26 years,18.7,49.0,31,12,32,5,22.0,47,46.8,25,38,13,25,19,68,26,1,Midfielder,
Frank Magri,CMR,Toulouse,fr Ligue 1,23 years,16.0,22.0,14,5,12,5,15.0,21,71.4,6,16,4,12,4,26,17,0,Forward,Midfielder
Harry Maguire,ENG,Manchester Utd,eng Premier League,30 years,18.4,24.0,17,14,10,0,12.0,22,54.5,10,33,24,9,25,49,83,1,Defender,
Jon Magunazelaia,ESP,Real Sociedad,es La Liga,23 years,1.3,5.0,3,2,3,0,4.0,8,50.0,4,3,0,3,0,5,2,0,Forward,Midfielder
Adel Mahamoud,COM,Nantes,fr Ligue 1,20 years,0.1,0.0,0,0,0,0,0.0,1,0.0,1,0,0,0,0,0,0,0,Forward,
Arne Maier,GER,Augsburg,de Bundesliga,24 years,11.1,14.0,9,5,8,1,5.0,14,35.7,9,19,2,17,6,20,11,0,Midfielder,
Habib Maïga,CIV,Metz,fr Ligue 1,27 years,1.6,2.0,2,1,0,1,1.0,3,33.3,2,2,0,2,4,6,2,0,Midfielder,Forward
Mike Maignan,FRA,Milan,it Serie A,28 years,29.0,1.0,0,1,0,0,1.0,1,100.0,0,1,0,1,1,2,4,3,Goalkeeper,
Linton Maina,GER,Köln,de Bundesliga,24 years,21.1,18.0,15,11,5,2,9.0,28,32.1,19,12,1,11,6,24,12,0,Forward,Midfielder
Patrick Mainka,GER,Heidenheim,de Bundesliga,28 years,34.0,85.0,49,58,24,3,38.0,74,51.4,36,66,32,34,49,134,158,1,Defender,
Kobbie Mainoo,ENG,Manchester Utd,eng Premier League,18 years,21.4,47.0,27,20,16,11,21.0,45,46.7,24,20,12,8,22,69,30,1,Midfielder,
Ainsley Maitland-Niles,ENG,Lyon,fr Ligue 1,25 years,15.9,34.0,18,12,14,8,19.0,37,51.4,18,16,6,10,17,51,29,1,Defender,Midfielder
Radosław Majecki,POL,Monaco,fr Ligue 1,23 years,12.0,0.0,0,0,0,0,0.0,0,,0,1,0,1,0,0,5,1,Goalkeeper,
Lovro Majer,CRO,Rennes,fr Ligue 1,25 years,0.2,0.0,0,0,0,0,0.0,0,,0,0,0,0,0,0,1,0,Midfielder,
Lovro Majer,CRO,Wolfsburg,de Bundesliga,25 years,23.4,39.0,18,17,22,0,12.0,31,38.7,19,20,1,19,12,51,13,0,Midfielder,Forward
Jean-Victor Makengo,FRA,Lorient,fr Ligue 1,25 years,5.3,5.0,4,3,2,0,2.0,6,33.3,4,12,1,11,8,13,5,0,Midfielder,Forward
Jordy Makengo,FRA,Freiburg,de Bundesliga,21 years,11.4,17.0,11,11,5,1,6.0,10,60.0,4,16,4,12,11,28,37,0,Defender,
Antoine Makoumbou,CGO,Cagliari,it Serie A,25 years,30.0,41.0,24,21,15,5,15.0,30,50.0,15,23,4,19,16,57,27,2,Midfielder,
Nemanja Maksimović,SRB,Getafe,es La Liga,28 years,36.3,65.0,43,26,31,8,23.0,41,56.1,18,56,23,33,46,111,61,0,Midfielder,
Julián Malatini,ARG,Werder Bremen,de Bundesliga,22 years,6.7,18.0,13,12,3,3,16.0,24,66.7,8,8,1,7,13,31,26,0,Defender,
Daniel Maldini,ITA,Monza,it Serie A,21 years,3.7,3.0,2,0,2,1,3.0,6,50.0,3,2,0,2,2,5,1,0,Midfielder,Forward
Daniel Maldini,ITA,Empoli,it Serie A,21 years,2.9,4.0,2,0,2,2,2.0,2,100.0,0,5,0,5,2,6,2,0,Forward,Midfielder
Youssef Maleh,MAR,Empoli,it Serie A,24 years,28.9,74.0,48,30,36,8,23.0,52,44.2,29,62,7,55,25,99,29,0,Midfielder,
Donyell Malen,NED,Dortmund,de Bundesliga,24 years,19.8,11.0,7,5,3,3,2.0,6,33.3,4,11,4,7,2,13,8,0,Forward,Midfielder
Ruslan Malinovskyi,UKR,Genoa,it Serie A,30 years,17.2,35.0,20,18,11,6,17.0,41,41.5,24,22,8,14,5,40,16,0,Midfielder,
Lennard Maloney,USA,Heidenheim,de Bundesliga,23 years,25.4,43.0,26,14,24,5,25.0,59,42.4,34,33,9,24,25,68,88,0,Midfielder,
Aaron Malouda,FRA,Lille,fr Ligue 1,17 years,0.0,0.0,0,0,0,0,0.0,0,,0,0,0,0,0,0,0,0,Forward,
Giorgi Mamardashvili,GEO,Valencia,es La Liga,22 years,36.5,4.0,3,4,0,0,4.0,4,100.0,0,1,0,1,2,6,22,2,Goalkeeper,
David Mamutovic,GER,Mainz 05,de Bundesliga,22 years,0.1,1.0,1,0,1,0,1.0,1,100.0,0,0,0,0,0,1,0,0,Forward,Defender
Wilson Manafá,POR,Granada,es La Liga,29 years,2.7,6.0,4,3,2,1,4.0,7,57.1,3,1,0,1,1,7,4,1,Defender,Midfielder
Hianga Mananga Mbock,FRA,Brest,fr Ligue 1,23 years,0.1,1.0,0,0,0,1,1.0,2,50.0,1,0,0,0,1,2,0,0,Midfielder,Forward
Gianluca Mancini,ITA,Roma,it Serie A,27 years,31.9,34.0,20,21,11,2,11.0,27,40.7,16,38,26,12,36,70,77,1,Defender,
Marco Mancosu,ITA,Cagliari,it Serie A,34 years,1.7,3.0,0,0,2,1,1.0,2,50.0,1,0,0,0,0,3,0,0,Midfielder,Forward
Steve Mandanda,FRA,Rennes,fr Ligue 1,38 years,34.0,2.0,0,2,0,0,2.0,4,50.0,2,0,0,0,0,2,6,1,Goalkeeper,
Christos Mandas,GRE,Lazio,it Serie A,21 years,8.0,0.0,0,0,0,0,0.0,1,0.0,1,0,0,0,1,1,3,1,Goalkeeper,
Reinildo Mandava,MOZ,Atlético Madrid,es La Liga,29 years,8.1,30.0,22,16,11,3,19.0,22,86.4,3,10,2,8,15,45,21,0,Defender,
Aïssa Mandi,ALG,Villarreal,es La Liga,31 years,12.4,13.0,8,8,5,0,7.0,14,50.0,7,10,7,3,8,21,41,0,Defender,
Rolando Mandragora,ITA,Fiorentina,it Serie A,26 years,17.6,26.0,11,8,13,5,10.0,22,45.5,12,14,3,11,9,35,18,1,Midfielder,
Orel Mangala,BEL,Nottingham Forest,eng Premier League,25 years,17.4,27.0,13,16,10,1,14.0,29,48.3,15,12,6,6,26,53,32,0,Midfielder,
Orel Mangala,BEL,Lyon,fr Ligue 1,25 years,4.4,5.0,3,0,2,3,1.0,3,33.3,2,3,2,1,5,10,6,0,Midfielder,
Vito Mannone,ITA,Lille,fr Ligue 1,35 years,1.0,0.0,0,0,0,0,0.0,0,,0,0,0,0,0,0,0,0,Goalkeeper,
Kostas Manolas,GRE,Salernitana,it Serie A,32 years,5.4,9.0,5,6,3,0,6.0,8,75.0,2,10,7,3,2,11,20,0,Defender,
Javier Manquillo,ESP,Celta Vigo,es La Liga,29 years,8.3,15.0,11,6,5,4,8.0,15,53.3,7,14,3,11,3,18,17,0,Defender,Midfielder
Braydon Manu,GHA,Darmstadt 98,de Bundesliga,26 years,1.9,2.0,0,0,1,1,0.0,0,,0,1,0,1,0,2,0,0,Midfielder,
Benson Manuel,ANG,Burnley,eng Premier League,26 years,1.3,3.0,2,2,1,0,0.0,0,,0,1,0,1,0,3,0,0,Midfielder,Forward
Faitout Maouassa,FRA,Granada,es La Liga,25 years,2.5,8.0,5,6,1,1,4.0,5,80.0,1,6,0,6,1,9,3,0,Defender,Midfielder
Faitout Maouassa,FRA,Lens,fr Ligue 1,25 years,0.8,1.0,1,1,0,0,1.0,1,100.0,0,1,0,1,0,1,3,0,Midfielder,Defender
Marcão,BRA,Sevilla,es La Liga,27 years,3.9,9.0,6,5,4,0,6.0,10,60.0,4,8,6,2,4,13,11,1,Defender,
Solly March,ENG,Brighton,eng Premier League,29 years,6.2,19.0,14,9,7,3,8.0,14,57.1,6,5,0,5,11,30,8,0,Forward,Defender
Riccardo Marchizza,ITA,Frosinone,it Serie A,25 years,12.8,7.0,6,4,3,0,3.0,13,23.1,10,10,2,8,7,14,33,0,Defender,
Gian Marco Ferrari,ITA,Sassuolo,it Serie A,31 years,25.2,22.0,10,11,11,0,12.0,18,66.7,6,28,17,11,25,47,76,0,Defender,
Óscar de Marcos,ESP,Athletic Club,es La Liga,34 years,25.1,56.0,39,26,24,6,42.0,71,59.2,29,28,6,22,15,71,44,0,Defender,
Alberto Marí,ESP,Valencia,es La Liga,22 years,3.1,4.0,2,0,1,3,1.0,1,100.0,0,3,0,3,0,4,5,0,Forward,
José Mari,ESP,Cádiz,es La Liga,35 years,0.2,2.0,1,0,2,0,1.0,2,50.0,1,0,0,0,0,2,0,0,Midfielder,Forward
Pablo Marí,ESP,Monza,it Serie A,29 years,29.1,41.0,25,34,7,0,22.0,34,64.7,12,40,25,15,37,78,115,1,Defender,
José María Giménez,URU,Atlético Madrid,es La Liga,28 years,14.7,18.0,10,10,7,1,5.0,16,31.3,11,16,12,4,10,28,95,0,Defender,
Mariano,DOM,Sevilla,es La Liga,29 years,2.7,1.0,1,0,1,0,0.0,1,0.0,1,1,0,1,0,1,2,0,Forward,Midfielder
Mirko Marić,CRO,Monza,it Serie A,28 years,3.2,4.0,0,2,1,1,0.0,2,0.0,2,4,0,4,2,6,3,0,Forward,
Rafa Marín,ESP,Alavés,es La Liga,21 years,27.1,32.0,20,23,9,0,14.0,27,51.9,13,34,21,13,33,65,129,2,Defender,
Răzvan Marin,ROU,Empoli,it Serie A,27 years,20.2,40.0,22,13,23,4,19.0,29,65.5,10,16,4,12,6,46,30,2,Midfielder,
Diego Mariño,ESP,Almería,es La Liga,33 years,1.0,0.0,0,0,0,0,0.0,0,,0,0,0,0,0,0,1,0,Goalkeeper,
Guillermo Maripán,CHI,Monaco,fr Ligue 1,29 years,19.6,22.0,8,15,6,1,10.0,27,37.0,17,26,13,13,30,52,106,4,Defender,
Mika Mármol,ESP,Las Palmas,es La Liga,22 years,35.3,70.0,42,44,24,2,35.0,53,66.0,18,39,19,20,44,114,147,2,Defender,
Omar Marmoush,EGY,Eintracht Frankfurt,de Bundesliga,24 years,25.6,21.0,11,7,8,6,6.0,16,37.5,10,13,0,13,11,32,7,0,Forward,Midfielder
Marquinhos,BRA,Nantes,fr Ligue 1,20 years,1.7,3.0,2,2,0,1,1.0,4,25.0,3,7,2,5,6,9,1,0,Forward,Midfielder
Marquinhos,BRA,Paris S-G,fr Ligue 1,29 years,17.1,19.0,11,10,7,2,11.0,17,64.7,6,29,19,10,17,36,58,1,Defender,
Unai Marrero,ESP,Real Sociedad,es La Liga,21 years,1.6,0.0,0,0,0,0,0.0,0,,0,0,0,0,0,0,0,0,Goalkeeper,
Agustín Martegani,ARG,Salernitana,it Serie A,23 years,8.1,13.0,7,7,3,3,6.0,18,33.3,12,4,1,3,4,17,7,1,Midfielder,
Eric Martel,GER,Köln,de Bundesliga,21 years,27.3,70.0,43,32,34,4,37.0,67,55.2,30,65,19,46,43,113,80,0,Midfielder,
Roger Martí,ESP,Cádiz,es La Liga,32 years,15.1,12.0,6,1,9,2,2.0,7,28.6,5,16,1,15,7,19,4,0,Forward,
Anthony Martial,FRA,Manchester Utd,eng Premier League,27 years,5.0,4.0,1,1,1,2,1.0,1,100.0,0,4,0,4,0,4,3,0,Forward,
Aarón Martín,ESP,Genoa,it Serie A,26 years,15.3,21.0,10,7,10,4,9.0,22,40.9,13,12,4,8,9,30,15,0,Defender,
Iván Martín,ESP,Girona,es La Liga,24 years,30.3,44.0,25,22,15,7,22.0,57,38.6,35,25,3,22,21,65,14,0,Midfielder,
Jon Martin,ESP,Real Sociedad,es La Liga,17 years,0.3,0.0,0,0,0,0,0.0,0,,0,0,0,0,0,0,3,0,Defender,
Jonas Martin,FRA,Brest,fr Ligue 1,33 years,13.4,43.0,27,17,24,2,21.0,36,58.3,15,16,2,14,9,52,28,2,Midfielder,
Mario Martín,ESP,Real Madrid,es La Liga,19 years,0.2,5.0,1,0,2,3,3.0,4,75.0,1,2,1,1,0,5,0,0,Midfielder,
Gabriel Martinelli,BRA,Arsenal,eng Premier League,22 years,22.4,30.0,24,9,12,9,13.0,32,40.6,19,23,1,22,5,35,9,1,Forward,
Tommaso Martinelli,ITA,Fiorentina,it Serie A,17 years,1.0,0.0,0,0,0,0,0.0,0,,0,0,0,0,0,0,0,0,Goalkeeper,
Arnau Martinez,ESP,Girona,es La Liga,20 years,13.8,25.0,16,17,6,2,15.0,32,46.9,17,15,5,10,10,35,41,3,Defender,
Emiliano Martínez,ARG,Aston Villa,eng Premier League,30 years,33.5,0.0,0,0,0,0,0.0,0,,0,0,0,0,0,0,12,3,Goalkeeper,
Iñigo Martínez,ESP,Barcelona,es La Liga,32 years,14.4,10.0,7,9,1,0,6.0,8,75.0,2,13,10,3,11,21,50,0,Defender,
Josep Martinez,ESP,Genoa,it Serie A,25 years,36.0,0.0,0,0,0,0,0.0,0,,0,0,0,0,1,1,21,3,Goalkeeper,
Lautaro Martínez,ARG,Inter,it Serie A,25 years,29.5,22.0,16,4,13,5,4.0,19,21.1,15,30,1,29,20,42,10,0,Forward,
Lisandro Martínez,ARG,Manchester Utd,eng Premier League,25 years,7.2,12.0,8,8,4,0,5.0,12,41.7,7,10,8,2,5,17,26,0,Defender,
Marc Martínez,ESP,Granada,es La Liga,33 years,3.0,0.0,0,0,0,0,0.0,1,0.0,1,0,0,0,0,0,1,0,Goalkeeper,
Lucas Martínez Quarta,ARG,Fiorentina,it Serie A,27 years,25.5,75.0,47,43,28,4,36.0,54,66.7,18,38,14,24,30,105,69,4,Defender,
Adam Marušić,MNE,Lazio,it Serie A,30 years,34.4,45.0,31,24,19,2,27.0,49,55.1,22,27,7,20,29,74,63,2,Defender,
Marvin,ESP,Las Palmas,es La Liga,23 years,20.6,39.0,25,18,17,4,18.0,36,50.0,18,28,2,26,14,53,18,1,Forward,Defender
Omar Mascarell,EQG,Mallorca,es La Liga,30 years,17.5,33.0,16,16,17,0,18.0,35,51.4,17,24,8,16,31,64,30,1,Midfielder,
Adam Masina,MAR,Udinese,it Serie A,29 years,0.7,4.0,0,2,2,0,2.0,4,50.0,2,2,1,1,2,6,5,0,Defender,
Adam Masina,MAR,Torino,it Serie A,29 years,11.4,17.0,12,8,8,1,5.0,20,25.0,15,12,6,6,11,28,30,0,Defender,
Erhan Mašović,SRB,Bochum,de Bundesliga,24 years,24.7,64.0,40,37,22,5,37.0,70,52.9,33,32,10,22,25,89,75,2,Defender,Midfielder
Han-Noah Massengo,FRA,Burnley,eng Premier League,22 years,0.2,1.0,1,1,0,0,0.0,0,,0,1,0,1,0,1,0,0,Midfielder,Defender
Roberto Massimo,GER,Stuttgart,de Bundesliga,22 years,0.9,1.0,0,1,0,0,1.0,2,50.0,1,0,0,0,0,1,1,0,Forward,Defender
Clinton Mata,ANG,Lyon,fr Ligue 1,30 years,24.7,43.0,24,29,8,6,23.0,40,57.5,17,35,16,19,40,83,61,0,Defender,
Jaime Mata,ESP,Getafe,es La Liga,34 years,19.9,24.0,15,12,8,4,11.0,26,42.3,15,18,1,17,17,41,31,0,Forward,Midfielder
Pape Matar Sarr,SEN,Tottenham,eng Premier League,20 years,23.0,34.0,24,11,17,6,15.0,36,41.7,21,21,5,16,31,65,28,1,Midfielder,
Eliot Matazo,BEL,Monaco,fr Ligue 1,21 years,1.1,3.0,1,0,3,0,2.0,4,50.0,2,1,1,0,3,6,0,0,Midfielder,
Jean-Philippe Mateta,FRA,Crystal Palace,eng Premier League,26 years,25.4,22.0,15,4,11,7,6.0,10,60.0,4,13,4,9,4,26,14,0,Forward,
Nemanja Matić,SRB,Rennes,fr Ligue 1,34 years,11.4,19.0,10,7,9,3,9.0,12,75.0,3,15,7,8,27,46,19,0,Midfielder,
Nemanja Matić,SRB,Lyon,fr Ligue 1,34 years,13.9,17.0,11,8,7,2,9.0,19,47.4,10,17,6,11,16,33,17,1,Midfielder,
Joël Matip,CMR,Liverpool,eng Premier League,31 years,8.7,12.0,6,7,4,1,8.0,12,66.7,4,16,12,4,9,21,43,0,Defender,
Alex Matos,ENG,Chelsea,eng Premier League,18 years,0.0,0.0,0,0,0,0,0.0,0,,0,0,0,0,0,0,0,0,Midfielder,
Chrislain Matsima,FRA,Clermont Foot,fr Ligue 1,21 years,13.1,18.0,11,11,7,0,10.0,18,55.6,8,14,10,4,13,31,74,1,Defender,
Chrislain Matsima,FRA,Monaco,fr Ligue 1,21 years,3.3,9.0,7,5,3,1,2.0,7,28.6,5,4,1,3,4,13,4,0,Defender,
Jean Mattéo Bahoya,FRA,Eintracht Frankfurt,de Bundesliga,18 years,2.0,3.0,1,0,3,0,1.0,4,25.0,3,2,0,2,1,4,1,0,Midfielder,Forward
Remi Matthews,ENG,Crystal Palace,eng Premier League,29 years,0.0,0.0,0,0,0,0,0.0,0,,0,0,0,0,0,0,1,0,Goalkeeper,
Alan Matturro,URU,Genoa,it Serie A,18 years,1.2,1.0,1,1,0,0,1.0,1,100.0,0,6,3,3,2,3,4,0,Defender,
Azor Matusiwa,NED,Reims,fr Ligue 1,25 years,15.4,39.0,27,17,19,3,22.0,32,68.8,10,21,3,18,33,72,32,1,Midfielder,
Azor Matusiwa,NED,Rennes,fr Ligue 1,25 years,8.8,7.0,3,3,4,0,4.0,7,57.1,3,9,2,7,11,18,17,0,Midfielder,
Neal Maupay,FRA,Brentford,eng Premier League,26 years,14.7,10.0,7,4,5,1,3.0,13,23.1,10,11,0,11,2,12,3,0,Forward,
Neal Maupay,FRA,Everton,eng Premier League,26 years,1.2,0.0,0,0,0,0,0.0,1,0.0,1,2,0,2,0,0,1,0,Forward,
Aïman Maurer,MAR,Clermont Foot,fr Ligue 1,18 years,0.6,1.0,1,1,0,0,1.0,3,33.3,2,0,0,0,0,1,0,0,Midfielder,Forward
Konstantinos Mavropanos,GRE,West Ham,eng Premier League,25 years,16.7,28.0,16,17,9,2,17.0,21,81.0,4,21,13,8,23,51,79,3,Defender,
Christian Mawissa,FRA,Toulouse,fr Ligue 1,18 years,12.4,22.0,15,14,4,4,9.0,23,39.1,14,22,11,11,22,44,41,1,Defender,
Philipp Max,GER,Eintracht Frankfurt,de Bundesliga,29 years,15.0,26.0,17,6,18,2,19.0,26,73.1,7,18,1,17,7,33,18,2,Defender,
Eric Maxim Choupo-Moting,CMR,Bayern Munich,de Bundesliga,34 years,8.0,17.0,12,8,5,4,6.0,14,42.9,8,5,0,5,7,24,7,0,Midfielder,Forward
Luís Maximiano,POR,Almería,es La Liga,24 years,33.0,0.0,0,0,0,0,0.0,1,0.0,1,0,0,0,0,0,19,2,Goalkeeper,
Noam Mayoka-Tika,BEL,Marseille,fr Ligue 1,19 years,0.0,0.0,0,0,0,0,0.0,0,,0,0,0,0,0,0,0,0,Midfielder,
Borja Mayoral,ESP,Getafe,es La Liga,26 years,23.9,9.0,5,2,2,5,5.0,22,22.7,17,7,0,7,4,13,16,0,Forward,
Senny Mayulu,FRA,Paris S-G,fr Ligue 1,17 years,3.6,13.0,8,6,6,1,6.0,7,85.7,1,1,0,1,3,16,0,0,Forward,Midfielder
Youssef Maziz,FRA,Metz,fr Ligue 1,25 years,1.4,0.0,0,0,0,0,0.0,2,0.0,2,1,0,1,1,1,2,0,Forward,Midfielder
Noussair Mazraoui,MAR,Bayern Munich,de Bundesliga,25 years,13.3,32.0,21,14,11,7,13.0,21,61.9,8,14,1,13,20,52,27,1,Defender,
Luca Mazzitelli,ITA,Frosinone,it Serie A,27 years,24.6,45.0,23,15,24,6,26.0,49,53.1,23,23,7,16,19,64,62,0,Midfielder,
Pasquale Mazzocchi,ITA,Salernitana,it Serie A,28 years,14.1,25.0,19,14,10,1,16.0,29,55.2,13,14,6,8,5,30,31,0,Defender,
Pasquale Mazzocchi,ITA,Napoli,it Serie A,28 years,4.8,5.0,2,1,2,2,2.0,3,66.7,1,5,1,4,1,6,13,0,Defender,
Kevin Mbabu,SUI,Augsburg,de Bundesliga,28 years,22.7,51.0,39,25,18,8,23.0,40,57.5,17,29,9,20,24,75,48,0,Defender,
Noah Mbamba,BEL,Leverkusen,de Bundesliga,18 years,0.2,0.0,0,0,0,0,0.0,0,,0,0,0,0,1,1,0,0,Midfielder,
Ethan Mbappé,FRA,Paris S-G,fr Ligue 1,16 years,0.5,0.0,0,0,0,0,0.0,2,0.0,2,1,0,1,0,0,0,0,Midfielder,Defender
Kylian Mbappé,FRA,Paris S-G,fr Ligue 1,24 years,24.0,4.0,1,1,1,2,4.0,9,44.4,5,4,0,4,2,6,2,0,Forward,
Malick Mbaye,SEN,Metz,fr Ligue 1,19 years,1.7,5.0,1,0,1,4,1.0,2,50.0,1,1,0,1,1,6,2,0,Midfielder,Forward
Mamadou Mbaye,SEN,Cádiz,es La Liga,25 years,3.2,6.0,3,3,3,0,2.0,5,40.0,3,10,7,3,5,11,26,0,Defender,
Chancel Mbemba,COD,Marseille,fr Ligue 1,28 years,24.5,33.0,21,25,7,1,17.0,30,56.7,13,21,13,8,13,46,95,1,Defender,
Nolan Mbemba,CGO,Le Havre,fr Ligue 1,28 years,0.2,2.0,1,0,1,1,1.0,2,50.0,1,0,0,0,0,2,0,0,Midfielder,
Bryan Mbeumo,CMR,Brentford,eng Premier League,23 years,21.8,15.0,10,6,6,3,5.0,19,26.3,14,26,2,24,7,22,13,0,Forward,
Christ Mbondi,FRA,Reims,fr Ligue 1,18 years,0.0,1.0,1,1,0,0,1.0,1,100.0,0,0,0,0,0,1,0,0,Forward,
Jordi Mboula,ESP,Hellas Verona,it Serie A,24 years,3.4,4.0,4,1,2,1,4.0,7,57.1,3,4,1,3,1,5,0,0,Forward,Midfielder
Nathanael Mbuku,COD,Augsburg,de Bundesliga,21 years,0.1,0.0,0,0,0,0,0.0,0,,0,1,0,1,0,0,0,0,Forward,
James Mcatee,ENG,Sheffield Utd,eng Premier League,20 years,20.2,32.0,21,9,13,10,13.0,33,39.4,20,20,0,20,11,43,18,0,Midfielder,Forward
James Mcatee,ENG,Manchester City,eng Premier League,20 years,0.0,0.0,0,0,0,0,0.0,0,,0,1,0,1,0,0,0,0,Midfielder,
Oliver McBurnie,SCO,Sheffield Utd,eng Premier League,27 years,14.2,17.0,7,4,7,6,5.0,12,41.7,7,18,2,16,5,22,28,0,Forward,
James McConnell,ENG,Liverpool,eng Premier League,18 years,0.0,0.0,0,0,0,0,0.0,0,,0,1,0,1,1,1,0,0,Midfielder,
John McGinn,SCO,Aston Villa,eng Premier League,28 years,33.3,59.0,35,18,34,7,32.0,77,41.6,45,33,4,29,21,80,21,0,Midfielder,Forward
Scott McKenna,SCO,Nottingham Forest,eng Premier League,26 years,4.6,4.0,0,3,1,0,2.0,3,66.7,1,6,4,2,5,9,27,0,Defender,
Weston McKennie,USA,Juventus,it Serie A,24 years,28.8,48.0,29,31,11,6,17.0,27,63.0,10,28,7,21,18,66,69,0,Midfielder,Defender
Dwight McNeil,ENG,Everton,eng Premier League,23 years,32.1,44.0,27,16,14,14,24.0,55,43.6,31,44,7,37,22,66,37,0,Midfielder,Forward
Scott McTominay,SCO,Manchester Utd,eng Premier League,26 years,21.1,49.0,25,23,24,2,22.0,33,66.7,11,34,12,22,14,63,54,0,Midfielder,Forward
Facundo Medina,ARG,Lens,fr Ligue 1,24 years,30.2,64.0,38,25,31,8,44.0,69,63.8,25,38,13,25,24,88,59,2,Defender,
Ben Mee,ENG,Brentford,eng Premier League,33 years,14.1,26.0,15,12,12,2,17.0,22,77.3,5,21,13,8,13,39,63,1,Defender,
Marvin Mehlem,GER,Darmstadt 98,de Bundesliga,25 years,16.5,28.0,21,10,14,4,11.0,27,40.7,16,21,2,19,33,61,15,0,Midfielder,
Bamo Meïté,CIV,Marseille,fr Ligue 1,21 years,7.1,16.0,10,13,3,0,8.0,12,66.7,4,11,5,6,11,27,35,0,Defender,
Bamo Meïté,CIV,Lorient,fr Ligue 1,21 years,1.6,2.0,1,2,0,0,0.0,1,0.0,1,3,2,1,3,5,9,0,Defender,
Hannibal Mejbri,TUN,Manchester Utd,eng Premier League,20 years,1.5,3.0,3,1,2,0,1.0,3,33.3,2,1,1,0,0,3,0,0,Midfielder,Forward
Hannibal Mejbri,TUN,Sevilla,es La Liga,20 years,1.2,3.0,3,1,2,0,0.0,1,0.0,1,1,0,1,0,3,0,0,Midfielder,
Óscar Melendo,ESP,Granada,es La Liga,25 years,12.5,14.0,6,4,10,0,4.0,12,33.3,8,13,0,13,5,19,4,1,Midfielder,Forward
Gonzalo Melero,ESP,Almería,es La Liga,29 years,12.3,14.0,8,7,5,2,7.0,19,36.8,12,12,4,8,4,18,11,0,Midfielder,Forward
Birger Meling,NOR,Rennes,fr Ligue 1,28 years,0.2,1.0,1,1,0,0,1.0,1,100.0,0,1,0,1,0,1,0,0,Defender,
Arthur Melo,BRA,Fiorentina,it Serie A,26 years,22.1,45.0,30,17,24,4,26.0,42,61.9,16,27,3,24,18,63,8,0,Midfielder,
Memphis,NED,Atlético Madrid,es La Liga,29 years,9.9,5.0,2,0,3,2,3.0,6,50.0,3,2,0,2,1,6,0,0,Forward,
Houboulang Mendes,GNB,Almería,es La Liga,25 years,4.4,16.0,13,11,5,0,8.0,16,50.0,8,4,2,2,1,17,17,1,Defender,
Nuno Mendes,POR,Paris S-G,fr Ligue 1,21 years,3.0,5.0,5,4,1,0,4.0,7,57.1,3,4,0,4,4,9,2,0,Defender,
Tomás Mendes,ESP,Alavés,es La Liga,18 years,0.1,0.0,0,0,0,0,0.0,0,,0,0,0,0,0,0,0,0,Midfielder,
Brais Méndez,ESP,Real Sociedad,es La Liga,26 years,26.8,42.0,28,13,20,9,15.0,43,34.9,28,23,4,19,12,54,21,0,Midfielder,Forward
Bruno Méndez,URU,Granada,es La Liga,23 years,14.8,36.0,17,19,12,5,21.0,37,56.8,16,24,6,18,26,62,45,0,Defender,
Diego Méndez,ESP,Rayo Vallecano,es La Liga,19 years,0.1,1.0,1,1,0,0,1.0,1,100.0,0,0,0,0,1,2,0,0,Midfielder,
Leonardo Mendicino,ITA,Atalanta,it Serie A,17 years,0.0,0.0,0,0,0,0,0.0,0,,0,0,0,0,0,0,0,0,Midfielder,
Antoine Mendy,SEN,Nice,fr Ligue 1,19 years,4.6,7.0,5,4,3,0,3.0,7,42.9,4,4,1,3,8,15,16,0,Defender,
Benjamin Mendy,FRA,Lorient,fr Ligue 1,29 years,7.9,3.0,1,2,1,0,1.0,5,20.0,4,8,2,6,7,10,20,0,Defender,
Ferland Mendy,FRA,Real Madrid,es La Liga,28 years,19.1,15.0,10,12,2,1,11.0,14,78.6,3,12,2,10,13,28,26,1,Defender,
Formose Mendy,SEN,Lorient,fr Ligue 1,22 years,14.0,33.0,19,24,8,1,20.0,33,60.6,13,23,12,11,20,53,59,1,Defender,
Nampalys Mendy,SEN,Lens,fr Ligue 1,31 years,11.7,29.0,18,10,13,6,16.0,20,80.0,4,11,4,7,14,43,14,1,Midfielder,
Teden Mengi,ENG,Luton Town,eng Premier League,21 years,27.4,54.0,22,33,20,1,19.0,30,63.3,11,39,27,12,57,111,140,1,Defender,
Chris Mepham,WAL,Bournemouth,eng Premier League,25 years,6.9,12.0,11,9,3,0,9.0,14,64.3,5,13,6,7,7,19,30,1,Defender,
Jorge Meré,ESP,Cádiz,es La Liga,26 years,7.5,8.0,7,6,2,0,4.0,7,57.1,3,5,3,2,8,16,33,0,Defender,
Alex Meret,ITA,Napoli,it Serie A,26 years,30.8,1.0,0,1,0,0,1.0,2,50.0,1,0,0,0,0,1,10,1,Goalkeeper,
Mikel Merino,ESP,Real Sociedad,es La Liga,27 years,27.6,77.0,43,25,34,18,22.0,48,45.8,26,36,11,25,16,93,55,3,Midfielder,
Quentin Merlin,FRA,Marseille,fr Ligue 1,21 years,7.8,13.0,12,7,5,1,8.0,20,40.0,12,4,0,4,6,19,14,0,Defender,
Quentin Merlin,FRA,Nantes,fr Ligue 1,21 years,14.3,29.0,20,15,12,2,16.0,25,64.0,9,22,1,21,18,47,22,0,Defender,
Junior Messias,BRA,Genoa,it Serie A,32 years,11.7,26.0,20,19,5,2,8.0,19,42.1,11,9,1,8,5,31,22,0,Midfielder,Defender
Thomas Meunier,BEL,Dortmund,de Bundesliga,31 years,6.5,5.0,1,3,2,0,3.0,13,23.1,10,8,2,6,4,9,22,0,Defender,
Bastien Meupiyou,FRA,Nantes,fr Ligue 1,17 years,0.1,0.0,0,0,0,0,0.0,0,,0,0,0,0,0,0,1,0,Defender,
Alexander Meyer,GER,Dortmund,de Bundesliga,32 years,7.7,1.0,1,1,0,0,1.0,1,100.0,0,0,0,0,0,1,2,1,Goalkeeper,
Omenuke Mfulu,COD,Las Palmas,es La Liga,29 years,0.9,4.0,3,3,1,0,0.0,1,0.0,1,1,1,0,2,6,5,0,Midfielder,Forward
Lucas Michal,FRA,Monaco,fr Ligue 1,18 years,0.1,0.0,0,0,0,0,0.0,0,,0,0,0,0,0,0,0,0,Forward,
Sven Michel,GER,Augsburg,de Bundesliga,33 years,6.5,7.0,5,2,1,4,2.0,7,28.6,5,1,0,1,0,7,4,0,Forward,Midfielder
Miguel,ESP,Alavés,es La Liga,23 years,0.7,0.0,0,0,0,0,0.0,0,,0,2,0,2,0,0,0,0,Forward,Midfielder
Georges Mikautadze,GEO,Metz,fr Ligue 1,22 years,19.4,4.0,3,1,2,1,0.0,9,0.0,9,11,0,11,8,12,3,0,Forward,
Nikola Milenković,SRB,Fiorentina,it Serie A,25 years,27.9,41.0,21,24,14,3,22.0,36,61.1,14,22,14,8,27,68,95,1,Defender,
Lewis Miley,ENG,Newcastle Utd,eng Premier League,17 years,13.4,33.0,21,6,20,7,15.0,32,46.9,17,20,3,17,8,41,18,2,Midfielder,
Arkadiusz Milik,POL,Juventus,it Serie A,29 years,10.2,9.0,5,2,5,2,3.0,5,60.0,2,7,1,6,5,14,3,0,Forward,
Vanja Milinković-Savić,SRB,Torino,it Serie A,26 years,36.0,1.0,0,1,0,0,1.0,1,100.0,0,0,0,0,1,2,14,4,Goalkeeper,
Éder Militão,BRA,Real Madrid,es La Liga,25 years,5.5,7.0,3,4,3,0,6.0,9,66.7,3,4,3,1,4,11,19,1,Defender,
Luis Milla,ESP,Getafe,es La Liga,28 years,23.5,57.0,33,19,28,10,28.0,47,59.6,19,20,1,19,32,89,10,0,Midfielder,
Enzo Millot,FRA,Stuttgart,de Bundesliga,21 years,24.9,40.0,22,9,21,10,18.0,39,46.2,21,24,2,22,16,56,7,1,Midfielder,Forward
James Milner,ENG,Brighton,eng Premier League,37 years,8.6,20.0,14,9,10,1,9.0,14,64.3,5,9,0,9,8,28,16,0,Defender,Midfielder
Jovan Milošević,SRB,Stuttgart,de Bundesliga,18 years,0.3,0.0,0,0,0,0,0.0,0,,0,0,0,0,0,0,0,0,Forward,Midfielder
Marko Milovanović,SRB,Almería,es La Liga,19 years,3.4,4.0,4,1,3,0,2.0,4,50.0,2,2,0,2,0,4,5,0,Forward,Midfielder
Kim Min-jae,KOR,Bayern Munich,de Bundesliga,26 years,21.9,37.0,24,21,11,5,12.0,24,50.0,12,29,19,10,45,82,70,2,Defender,
Yerry Mina,COL,Fiorentina,it Serie A,28 years,0.5,1.0,1,1,0,0,1.0,2,50.0,1,0,0,0,0,1,2,0,Defender,Midfielder
Yerry Mina,COL,Cagliari,it Serie A,28 years,13.5,20.0,13,14,6,0,13.0,19,68.4,6,23,14,9,4,24,77,0,Defender,
Takumi Minamino,JPN,Monaco,fr Ligue 1,28 years,23.5,34.0,17,10,13,11,16.0,54,29.6,38,29,1,28,11,45,8,0,Midfielder,
Lucas Mincarelli,FRA,Montpellier,fr Ligue 1,19 years,10.9,29.0,16,19,6,4,17.0,34,50.0,17,17,4,13,8,37,27,0,Defender,Midfielder
Tyrone Mings,ENG,Aston Villa,eng Premier League,30 years,0.3,0.0,0,0,0,0,0.0,0,,0,0,0,0,1,1,1,0,Defender,
Óscar Mingueza,ESP,Celta Vigo,es La Liga,24 years,33.3,62.0,38,44,11,7,37.0,80,46.3,43,38,7,31,17,79,49,2,Defender,Midfielder
Ignasi Miquel,ESP,Granada,es La Liga,30 years,33.2,47.0,30,39,6,2,23.0,40,57.5,17,32,16,16,45,92,132,4,Defender,
Rafa Mir,ESP,Sevilla,es La Liga,26 years,4.3,2.0,2,1,1,0,1.0,2,50.0,1,2,0,2,1,3,1,0,Forward,Midfielder
Ignacio Miramon,ARG,Lille,fr Ligue 1,20 years,0.4,1.0,0,0,1,0,0.0,1,0.0,1,1,0,1,0,1,0,0,Midfielder,
Aleksei Miranchuk,RUS,Atalanta,it Serie A,27 years,13.1,12.0,6,6,4,2,5.0,13,38.5,8,6,1,5,2,14,5,1,Midfielder,Forward
Juan Miranda,ESP,Betis,es La Liga,23 years,20.6,38.0,24,21,13,4,17.0,31,54.8,14,31,6,25,19,57,62,0,Defender,
Kevin Miranda,ITA,Sassuolo,it Serie A,20 years,0.2,0.0,0,0,0,0,0.0,0,,0,0,0,0,0,0,1,0,Defender,
Antonio Mirante,ITA,Milan,it Serie A,40 years,2.0,0.0,0,0,0,0,0.0,0,,0,0,0,0,0,0,1,0,Goalkeeper,
Fabio Miretti,ITA,Juventus,it Serie A,19 years,12.3,18.0,14,6,8,4,10.0,26,38.5,16,10,1,9,7,25,6,0,Midfielder,
Filippo Missori,ITA,Sassuolo,it Serie A,19 years,3.0,6.0,3,2,4,0,4.0,11,36.4,7,3,2,1,4,10,8,0,Defender,
Tyrick Mitchell,ENG,Crystal Palace,eng Premier League,23 years,35.6,105.0,60,75,21,9,43.0,60,71.7,17,63,10,53,26,131,104,0,Defender,Midfielder
Kaoru Mitoma,JPN,Brighton,eng Premier League,26 years,16.5,13.0,6,3,7,3,5.0,19,26.3,14,15,1,14,5,18,12,0,Forward,
Aleksandar Mitrović,SRB,Fulham,eng Premier League,28 years,0.4,0.0,0,0,0,0,0.0,0,,0,0,0,0,0,0,0,0,Forward,
Stefan Mitrović,SRB,Hellas Verona,it Serie A,20 years,4.3,6.0,3,0,5,1,2.0,5,40.0,3,6,1,5,0,6,4,0,Forward,Midfielder
Stefan Mitrović,SRB,Getafe,es La Liga,33 years,7.8,9.0,3,7,2,0,4.0,8,50.0,4,3,2,1,6,15,26,0,Defender,
Maximilian Mittelstädt,GER,Stuttgart,de Bundesliga,26 years,23.4,91.0,51,46,39,6,53.0,89,59.6,36,36,6,30,46,137,65,0,Defender,
Henrikh Mkhitaryan,ARM,Inter,it Serie A,34 years,30.9,62.0,34,18,35,9,24.0,49,49.0,25,23,4,19,29,91,43,0,Midfielder,
Marko Mladenović,SRB,Eintracht Frankfurt,de Bundesliga,18 years,0.1,0.0,0,0,0,0,0.0,0,,0,0,0,0,0,0,0,0,Midfielder,
Jakub Moder,POL,Brighton,eng Premier League,24 years,6.9,19.0,10,9,5,5,9.0,18,50.0,9,8,2,6,2,21,12,0,Midfielder,Defender
Luka Modrić,CRO,Real Madrid,es La Liga,37 years,18.8,22.0,15,10,6,6,9.0,25,36.0,16,13,4,9,21,43,9,0,Midfielder,
Max Moerstedt,GER,Hoffenheim,de Bundesliga,nan years,0.1,0.0,0,0,0,0,0.0,1,0.0,1,0,0,0,0,0,0,0,Defender,Forward
Terem Moffi,NGA,Nice,fr Ligue 1,24 years,21.7,7.0,4,0,5,2,3.0,12,25.0,9,14,1,13,3,10,15,0,Forward,
Mostafa Mohamed,EGY,Nantes,fr Ligue 1,25 years,22.2,21.0,14,7,11,3,6.0,28,21.4,22,21,5,16,12,33,29,0,Forward,
Dion Moise Sahi,CIV,Strasbourg,fr Ligue 1,21 years,7.0,5.0,5,1,2,2,0.0,3,0.0,3,11,1,10,1,6,7,0,Midfielder,Forward
Johan Mojica,COL,Osasuna,es La Liga,30 years,22.7,30.0,22,11,15,4,16.0,25,64.0,9,15,2,13,21,51,40,2,Defender,
Alberto Moleiro,ESP,Las Palmas,es La Liga,19 years,20.0,15.0,6,4,7,4,6.0,30,20.0,24,11,0,11,7,22,10,0,Forward,Midfielder
Nahuel Molina,ARG,Atlético Madrid,es La Liga,25 years,20.6,38.0,22,16,18,4,26.0,54,48.1,28,19,3,16,9,47,36,1,Defender,
Florent Mollet,FRA,Nantes,fr Ligue 1,31 years,23.1,18.0,11,8,6,4,10.0,31,32.3,21,18,5,13,13,31,17,0,Midfielder,Forward
Jon Moncayola,ESP,Osasuna,es La Liga,25 years,20.0,27.0,18,14,10,3,17.0,42,40.5,25,31,5,26,15,42,21,0,Midfielder,
Enzo Mongo,FRA,Nantes,fr Ligue 1,18 years,0.1,1.0,1,1,0,0,1.0,2,50.0,1,1,1,0,1,2,0,0,Defender,
Ilario Monterisi,ITA,Frosinone,it Serie A,21 years,16.3,23.0,13,14,7,2,12.0,26,46.2,14,22,18,4,8,31,63,0,Defender,
César Montes,MEX,Almería,es La Liga,26 years,19.9,22.0,13,13,9,0,9.0,18,50.0,9,21,9,12,11,33,94,0,Defender,
Gonzalo Montiel,ARG,Nottingham Forest,eng Premier League,26 years,8.9,22.0,19,12,8,2,16.0,29,55.2,13,8,3,5,9,31,31,1,Defender,
Lorenzo Montipò,ITA,Hellas Verona,it Serie A,27 years,37.0,1.0,1,1,0,0,1.0,3,33.3,2,0,0,0,0,1,25,2,Goalkeeper,
Kieffer Moore,WAL,Bournemouth,eng Premier League,30 years,1.2,0.0,0,0,0,0,0.0,0,,0,0,0,0,0,0,0,0,Forward,Midfielder
Mikey Moore,ENG,Tottenham,eng Premier League,15 years,0.0,0.0,0,0,0,0,0.0,0,,0,0,0,0,0,0,1,0,Midfielder,
Álvaro Morata,ESP,Atlético Madrid,es La Liga,30 years,21.2,16.0,10,4,7,5,3.0,5,60.0,2,18,3,15,1,17,26,0,Forward,
Diego Moreira,POR,Lyon,fr Ligue 1,18 years,3.0,0.0,0,0,0,0,0.0,3,0.0,3,3,0,3,2,2,5,0,Forward,Midfielder
Alberto Moreno,ESP,Villarreal,es La Liga,31 years,16.5,31.0,21,19,10,2,10.0,30,33.3,20,12,2,10,24,55,33,0,Defender,
Álex Moreno,ESP,Aston Villa,eng Premier League,30 years,11.5,18.0,12,18,0,0,12.0,19,63.2,7,11,2,9,13,31,37,0,Defender,
Gerard Moreno,ESP,Villarreal,es La Liga,31 years,24.6,25.0,12,10,7,8,11.0,25,44.0,14,24,7,17,9,34,24,0,Forward,
Jorge Moreno,ESP,Osasuna,es La Liga,22 years,0.2,0.0,0,0,0,0,0.0,0,,0,1,0,1,0,0,3,0,Defender,
Mateu Morey,ESP,Dortmund,de Bundesliga,23 years,1.2,2.0,2,1,1,0,2.0,4,50.0,2,3,1,2,1,3,3,0,Defender,
Ilaix Moriba,GUI,Getafe,es La Liga,20 years,6.7,20.0,11,3,11,6,4.0,9,44.4,5,3,1,2,4,24,10,0,Midfielder,Forward
Manu Morlanes,ESP,Mallorca,es La Liga,24 years,17.9,50.0,29,23,26,1,23.0,53,43.4,30,13,1,12,20,70,21,0,Midfielder,
Nikola Moro,CRO,Bologna,it Serie A,25 years,9.3,21.0,16,8,12,1,8.0,15,53.3,7,14,1,13,7,28,10,0,Midfielder,
Carlton Morris,ENG,Luton Town,eng Premier League,27 years,31.8,15.0,8,4,6,5,9.0,15,60.0,6,24,5,19,1,16,53,0,Forward,Midfielder
Cristhian Mosquera,ESP,Valencia,es La Liga,19 years,34.2,57.0,34,36,18,3,25.0,39,64.1,14,42,23,19,36,93,137,2,Defender,
Yerson Mosquera,COL,Villarreal,es La Liga,22 years,13.7,27.0,13,18,7,2,12.0,15,80.0,3,12,2,10,17,44,65,0,Defender,
Dany Mota,POR,Monza,it Serie A,25 years,22.8,13.0,7,2,5,6,8.0,17,47.1,9,4,1,3,2,15,18,0,Forward,Midfielder
Lebo Mothiba,RSA,Strasbourg,fr Ligue 1,27 years,6.9,5.0,2,1,4,0,3.0,4,75.0,1,6,1,5,0,5,11,0,Forward,
Youssoufa Moukoko,GER,Dortmund,de Bundesliga,18 years,6.9,4.0,1,2,2,0,3.0,7,42.9,4,4,1,3,2,6,4,0,Forward,
Steve Mounié,BEN,Brest,fr Ligue 1,28 years,19.7,8.0,7,0,3,5,3.0,11,27.3,8,13,3,10,2,10,18,0,Forward,
Mason Mount,ENG,Manchester Utd,eng Premier League,24 years,5.7,22.0,14,6,10,6,6.0,16,37.5,10,6,1,5,6,28,3,0,Midfielder,Forward
Samuel Moutoussamy,COD,Nantes,fr Ligue 1,26 years,12.3,38.0,20,14,17,7,17.0,37,45.9,20,16,3,13,11,49,13,0,Midfielder,
Loris Mouyokolo,FRA,Lorient,fr Ligue 1,22 years,1.0,4.0,1,4,0,0,1.0,1,100.0,0,1,0,1,0,4,3,0,Defender,
Divin Mubama,ENG,West Ham,eng Premier League,18 years,0.9,0.0,0,0,0,0,0.0,0,,0,0,0,0,0,0,0,0,Forward,
Mykhailo Mudryk,UKR,Chelsea,eng Premier League,22 years,17.5,21.0,12,9,7,5,10.0,32,31.3,22,14,1,13,9,30,9,0,Forward,
François Mughe,CMR,Marseille,fr Ligue 1,19 years,2.0,0.0,0,0,0,0,0.0,3,0.0,3,2,0,2,1,1,1,0,Midfielder,Defender
Nordi Mukiele,FRA,Paris S-G,fr Ligue 1,25 years,8.8,12.0,8,6,5,1,8.0,15,53.3,7,17,4,13,14,26,28,0,Defender,
Samuele Mulattieri,ITA,Sassuolo,it Serie A,22 years,5.1,1.0,1,0,0,1,1.0,2,50.0,1,7,2,5,1,2,2,0,Forward,Midfielder
Andreas Müller,GER,Darmstadt 98,de Bundesliga,23 years,3.9,14.0,9,8,5,1,4.0,9,44.4,5,5,2,3,4,18,5,0,Midfielder,
Jannik Müller,GER,Darmstadt 98,de Bundesliga,29 years,12.6,33.0,16,21,9,3,16.0,27,59.3,11,24,12,12,17,50,39,1,Defender,Midfielder
Kevin Müller,GER,Heidenheim,de Bundesliga,32 years,34.0,3.0,0,3,0,0,3.0,5,60.0,2,0,0,0,0,3,6,1,Goalkeeper,
Marcus Müller,GER,Mainz 05,de Bundesliga,20 years,0.2,0.0,0,0,0,0,0.0,0,,0,0,0,0,0,0,0,0,Midfielder,
Thomas Müller,GER,Bayern Munich,de Bundesliga,33 years,18.4,26.0,16,5,10,11,13.0,35,37.1,22,22,0,22,3,29,6,0,Midfielder,Forward
Abdul Mumin,GHA,Rayo Vallecano,es La Liga,25 years,18.8,19.0,10,13,4,2,8.0,10,80.0,2,27,19,8,22,41,82,1,Defender,
Marshall Munetsi,ZIM,Reims,fr Ligue 1,27 years,24.1,61.0,39,18,34,9,33.0,61,54.1,28,21,7,14,14,75,33,0,Midfielder,
Iker Muniain,ESP,Athletic Club,es La Liga,30 years,6.6,5.0,1,2,3,0,1.0,3,33.3,2,4,1,3,0,5,0,0,Midfielder,Forward
Rodrigo Muniz,BRA,Fulham,eng Premier League,22 years,17.7,7.0,3,1,5,1,1.0,6,16.7,5,9,3,6,6,13,20,0,Forward,
Aihen Muñoz,ESP,Real Sociedad,es La Liga,25 years,12.5,36.0,21,20,10,6,24.0,35,68.6,11,16,8,8,9,45,33,0,Defender,
Daniel Muñoz,COL,Crystal Palace,eng Premier League,27 years,16.0,55.0,35,31,14,10,19.0,38,50.0,19,29,7,22,24,79,47,0,Defender,Midfielder
Iker Muñoz,ESP,Osasuna,es La Liga,20 years,20.6,32.0,18,13,17,2,15.0,31,48.4,16,16,5,11,11,43,50,0,Midfielder,
Javier Muñoz,ESP,Las Palmas,es La Liga,28 years,29.3,42.0,23,14,22,6,16.0,44,36.4,28,40,4,36,20,62,29,1,Midfielder,
Finley Munroe,ENG,Aston Villa,eng Premier League,18 years,0.0,0.0,0,0,0,0,0.0,0,,0,0,0,0,0,0,0,0,Midfielder,
Arijanet Muric,KVX,Burnley,eng Premier League,24 years,10.0,1.0,1,1,0,0,1.0,1,100.0,0,0,0,0,0,1,10,4,Goalkeeper,
Luis Muriel,COL,Atalanta,it Serie A,32 years,4.5,3.0,2,0,2,1,1.0,1,100.0,0,4,0,4,1,4,0,0,Forward,Midfielder
Murillo,BRA,Nottingham Forest,eng Premier League,21 years,31.0,50.0,31,36,13,1,19.0,33,57.6,14,41,24,17,37,87,188,0,Defender,
Vedat Muriqi,KVX,Mallorca,es La Liga,29 years,25.9,11.0,6,4,3,4,2.0,14,14.3,12,11,4,7,6,17,26,0,Forward,
Alex Murphy,IRL,Newcastle Utd,eng Premier League,19 years,0.1,1.0,1,0,1,0,1.0,2,50.0,1,1,0,1,1,2,0,0,Defender,Forward
Jacob Murphy,ENG,Newcastle Utd,eng Premier League,28 years,13.2,20.0,10,8,4,8,12.0,26,46.2,14,17,0,17,6,26,16,0,Forward,Defender
Yunus Musah,USA,Milan,it Serie A,20 years,16.4,25.0,14,15,6,4,8.0,15,53.3,7,18,4,14,10,35,16,1,Midfielder,Forward
Jamal Musiala,GER,Bayern Munich,de Bundesliga,20 years,19.5,40.0,25,9,21,10,14.0,36,38.9,22,25,1,24,16,56,5,0,Midfielder,Forward
Florent Muslija,KVX,Freiburg,de Bundesliga,25 years,1.2,5.0,4,3,2,0,2.0,5,40.0,3,1,0,1,0,5,2,0,Midfielder,Forward
Juan Musso,ARG,Atalanta,it Serie A,29 years,11.0,1.0,0,1,0,0,1.0,1,100.0,0,0,0,0,0,1,6,0,Goalkeeper,
Kingstone Mutandwa,ZAM,Cagliari,it Serie A,20 years,0.4,1.0,0,1,0,0,1.0,4,25.0,3,1,0,1,0,1,2,0,Forward,Midfielder
Yvon Mvogo,SUI,Lorient,fr Ligue 1,29 years,34.0,0.0,0,0,0,0,0.0,1,0.0,1,0,0,0,0,0,15,3,Goalkeeper,
Joel Mvuka,NOR,Lorient,fr Ligue 1,20 years,2.2,5.0,3,3,1,1,3.0,7,42.9,4,1,0,1,2,7,1,0,Defender,Forward
Junior Mwanga,FRA,Strasbourg,fr Ligue 1,20 years,16.1,40.0,20,23,12,5,12.0,24,50.0,12,20,5,15,18,58,19,0,Midfielder,Forward
Phillipp Mwene,AUT,Mainz 05,de Bundesliga,29 years,22.2,34.0,15,15,16,3,16.0,33,48.5,17,27,3,24,17,51,47,0,Defender,
Vitaliy Mykolenko,UKR,Everton,eng Premier League,24 years,27.4,69.0,38,46,21,2,41.0,66,62.1,25,36,11,25,36,105,92,0,Defender,
Joakim Mæhle,DEN,Wolfsburg,de Bundesliga,26 years,27.2,62.0,39,33,18,11,41.0,64,64.1,23,43,5,38,29,91,65,0,Defender,Midfielder
Obite N'Dicka,CIV,Roma,it Serie A,23 years,24.1,32.0,18,12,19,1,12.0,20,60.0,8,30,16,14,16,48,75,0,Defender,
Kévin N'Doram,FRA,Metz,fr Ligue 1,27 years,17.8,31.0,22,20,9,2,17.0,38,44.7,21,17,8,9,27,58,38,0,Midfielder,
Nathan N'Goumou,CMR,Gladbach,de Bundesliga,23 years,15.4,37.0,22,17,18,2,16.0,34,47.1,18,22,0,22,5,42,17,1,Forward,Midfielder
Stanley N'Soki,FRA,Hoffenheim,de Bundesliga,24 years,7.0,21.0,10,12,8,1,17.0,29,58.6,12,13,2,11,8,29,33,0,Defender,
Nacho,ESP,Real Madrid,es La Liga,33 years,19.4,18.0,10,9,7,2,6.0,13,46.2,7,23,13,10,18,36,56,0,Defender,
Bilal Nadir,MAR,Marseille,fr Ligue 1,19 years,1.3,4.0,3,2,2,0,1.0,2,50.0,1,0,0,0,2,6,2,0,Midfielder,Forward
Mahamadou Nagida,CMR,Rennes,fr Ligue 1,18 years,1.2,1.0,1,0,0,1,0.0,2,0.0,2,2,1,1,4,5,0,0,Defender,
Marvelous Nakamba,ZIM,Luton Town,eng Premier League,29 years,12.6,40.0,24,24,14,2,24.0,42,57.1,18,23,6,17,11,51,11,1,Midfielder,
Keito Nakamura,JPN,Reims,fr Ligue 1,23 years,15.3,28.0,11,9,10,9,17.0,37,45.9,20,15,2,13,6,34,7,0,Forward,Midfielder
Nahitan Nández,URU,Cagliari,it Serie A,27 years,26.0,59.0,40,27,23,9,27.0,64,42.2,37,25,2,23,19,78,32,0,Midfielder,Defender
Matija Nastasić,SRB,Mallorca,es La Liga,30 years,25.1,35.0,17,26,9,0,24.0,32,75.0,8,33,20,13,29,64,114,0,Defender,
Natan,BRA,Napoli,it Serie A,22 years,10.6,14.0,10,10,3,1,5.0,10,50.0,5,12,9,3,8,22,32,0,Defender,
Lapo Nava,ITA,Milan,it Serie A,19 years,0.0,0.0,0,0,0,0,0.0,0,,0,0,0,0,0,0,0,0,Goalkeeper,
Roberto Navarro,ESP,Cádiz,es La Liga,21 years,21.0,46.0,29,20,21,5,22.0,43,51.2,21,33,0,33,19,65,7,1,Midfielder,Forward
Jesús Navas,ESP,Sevilla,es La Liga,37 years,22.3,37.0,27,21,14,2,22.0,40,55.0,18,15,7,8,22,59,48,0,Defender,
Keylor Navas,CRC,Paris S-G,fr Ligue 1,36 years,4.0,0.0,0,0,0,0,0.0,0,,0,0,0,0,0,0,2,0,Goalkeeper,
Michel Ndary Adopo,FRA,Atalanta,it Serie A,23 years,1.2,4.0,3,0,3,1,1.0,1,100.0,0,0,0,0,0,4,2,1,Midfielder,
Youssouf Ndayishimiye,BDI,Nice,fr Ligue 1,24 years,19.0,31.0,20,17,12,2,12.0,23,52.2,11,19,11,8,12,43,47,1,Midfielder,Defender
Bassirou Ndiaye,SEN,Lorient,fr Ligue 1,21 years,1.7,5.0,2,2,2,1,3.0,5,60.0,2,1,1,0,1,6,0,0,Forward,
Iliman Ndiaye,SEN,Marseille,fr Ligue 1,23 years,18.0,21.0,18,5,11,5,11.0,29,37.9,18,14,2,12,6,27,6,0,Forward,Midfielder
Massamba Ndiaye,SEN,Clermont Foot,fr Ligue 1,21 years,4.0,0.0,0,0,0,0,0.0,0,,0,0,0,0,0,0,2,0,Goalkeeper,
Rassoul Ndiaye,SEN,Le Havre,fr Ligue 1,21 years,5.8,25.0,17,8,16,1,12.0,24,50.0,12,2,1,1,4,29,5,0,Midfielder,Forward
Michael Ndiweni,ENG,Newcastle Utd,eng Premier League,19 years,0.0,0.0,0,0,0,0,0.0,0,,0,0,0,0,0,0,0,0,Forward,
Cher Ndour,ITA,Paris S-G,fr Ligue 1,19 years,0.3,2.0,2,0,2,0,1.0,2,50.0,1,0,0,0,0,2,0,0,Midfielder,
Dan Ndoye,SUI,Bologna,it Serie A,22 years,19.7,30.0,15,17,11,2,17.0,39,43.6,22,20,1,19,10,40,14,0,Forward,Midfielder
Joseph Nduquidi,FRA,Metz,fr Ligue 1,18 years,8.3,11.0,4,6,3,2,1.0,9,11.1,8,11,3,8,11,22,15,1,Midfielder,Defender
Loïc Nego,HUN,Le Havre,fr Ligue 1,32 years,17.3,37.0,26,21,12,4,18.0,30,60.0,12,12,2,10,16,53,17,0,Defender,Midfielder
Álvaro Negredo,ESP,Cádiz,es La Liga,37 years,0.6,0.0,0,0,0,0,0.0,0,,0,1,0,1,1,1,0,0,Forward,Midfielder
Reiss Nelson,ENG,Arsenal,eng Premier League,23 years,3.0,9.0,6,5,1,3,8.0,10,80.0,2,5,1,4,1,10,5,0,Forward,
Zack Nelson,ENG,Luton Town,eng Premier League,18 years,0.1,1.0,0,1,0,0,0.0,0,,0,0,0,0,0,1,0,0,Midfielder,Defender
Neto,BRA,Bournemouth,eng Premier League,34 years,32.0,0.0,0,0,0,0,0.0,0,,0,1,0,1,1,1,12,3,Goalkeeper,
Pedro Neto,POR,Wolves,eng Premier League,23 years,16.8,7.0,3,3,2,2,5.0,15,33.3,10,5,1,4,5,12,2,0,Forward,Midfielder
Luca Netz,GER,Gladbach,de Bundesliga,20 years,24.7,38.0,22,19,16,3,23.0,43,53.5,20,36,10,26,22,60,76,1,Defender,
Manuel Neuer,GER,Bayern Munich,de Bundesliga,37 years,22.8,1.0,1,1,0,0,0.0,0,,0,0,0,0,0,1,14,3,Goalkeeper,
Florian Neuhaus,GER,Gladbach,de Bundesliga,26 years,13.6,15.0,12,7,8,0,8.0,26,30.8,18,8,6,2,14,29,8,0,Midfielder,
Carlos Neva,ESP,Granada,es La Liga,27 years,35.0,32.0,21,22,9,1,17.0,40,42.5,23,39,14,25,30,62,108,2,Defender,
Jessic Ngankam,GER,Mainz 05,de Bundesliga,23 years,2.0,1.0,1,0,1,0,0.0,0,,0,3,1,2,3,4,0,0,Forward,Midfielder
Jessic Ngankam,GER,Eintracht Frankfurt,de Bundesliga,23 years,3.1,3.0,2,1,1,1,0.0,0,,0,0,0,0,0,3,1,0,Forward,
Cyril Ngonge,BEL,Hellas Verona,it Serie A,23 years,15.9,14.0,9,5,3,6,5.0,14,35.7,9,7,1,6,4,18,10,0,Forward,Midfielder
Cyril Ngonge,BEL,Napoli,it Serie A,23 years,3.5,5.0,3,1,4,0,2.0,2,100.0,0,2,0,2,0,5,2,0,Forward,
Steve Ngoura,FRA,Le Havre,fr Ligue 1,18 years,2.5,2.0,1,1,1,0,1.0,4,25.0,3,0,0,0,0,2,3,0,Forward,Midfielder
Moussa Niakhate,SEN,Nottingham Forest,eng Premier League,27 years,16.2,42.0,25,33,9,0,20.0,25,80.0,5,19,12,7,14,56,51,0,Defender,
M'Baye Niang,SEN,Empoli,it Serie A,28 years,7.9,3.0,1,0,1,2,0.0,6,0.0,6,7,1,6,3,6,10,0,Forward,
Tanguy Nianzou,FRA,Sevilla,es La Liga,21 years,3.5,12.0,8,9,2,1,8.0,11,72.7,3,2,0,2,3,15,9,1,Defender,
Shamar Nicholson,JAM,Clermont Foot,fr Ligue 1,26 years,16.5,6.0,2,0,4,2,1.0,4,25.0,3,6,2,4,0,6,15,0,Forward,
Rasmus Nicolaisen,DEN,Toulouse,fr Ligue 1,26 years,32.5,50.0,30,39,11,0,26.0,44,59.1,18,44,33,11,42,92,158,1,Defender,
Moritz Nicolas,GER,Gladbach,de Bundesliga,25 years,27.0,1.0,0,1,0,0,1.0,3,33.3,2,0,0,0,0,1,12,5,Goalkeeper,
Hans Nicolussi Caviglia,ITA,Juventus,it Serie A,23 years,3.0,5.0,2,1,3,1,4.0,6,66.7,2,5,1,4,0,5,2,0,Midfielder,
Saúl Ñíguez,ESP,Atlético Madrid,es La Liga,28 years,15.3,64.0,39,29,29,6,30.0,49,61.2,19,36,9,27,14,78,56,0,Midfielder,
Justin Njinmah,GER,Werder Bremen,de Bundesliga,22 years,11.3,5.0,1,2,2,1,3.0,9,33.3,6,9,1,8,2,7,6,0,Forward,
Eddie Nketiah,ENG,Arsenal,eng Premier League,24 years,12.0,12.0,7,2,6,4,2.0,7,28.6,5,11,0,11,4,16,4,0,Forward,
Niels Nkounkou,FRA,Eintracht Frankfurt,de Bundesliga,22 years,14.5,54.0,30,34,17,3,29.0,64,45.3,35,30,2,28,16,70,30,0,Defender,Midfielder
Christopher Nkunku,FRA,Chelsea,eng Premier League,25 years,4.9,5.0,4,0,4,1,1.0,2,50.0,1,4,1,3,2,7,4,0,Forward,Midfielder
Felix Nmecha,GER,Dortmund,de Bundesliga,22 years,11.3,19.0,13,7,8,4,11.0,22,50.0,11,18,5,13,11,30,19,0,Midfielder,
Lukas Nmecha,GER,Wolfsburg,de Bundesliga,24 years,0.5,1.0,1,0,0,1,0.0,0,,0,1,0,1,0,1,0,0,Forward,
Peru Nolaskoain,ESP,Athletic Club,es La Liga,24 years,0.1,1.0,1,1,0,0,1.0,1,100.0,0,0,0,0,0,1,1,0,Defender,Midfielder
Joseph Nonge,BEL,Juventus,it Serie A,18 years,0.3,0.0,0,0,0,0,0.0,0,,0,0,0,0,0,0,1,0,Midfielder,
Jonathan Norbye,NOR,RB Leipzig,de Bundesliga,16 years,0.0,0.0,0,0,0,0,0.0,0,,0,0,0,0,0,0,0,0,Midfielder,
Arnaud Nordin,FRA,Montpellier,fr Ligue 1,25 years,13.8,12.0,6,3,5,4,6.0,16,37.5,10,11,0,11,2,14,10,0,Forward,Midfielder
Rhys Norrington-Davies,WAL,Sheffield Utd,eng Premier League,24 years,1.2,1.0,1,1,0,0,0.0,1,0.0,1,2,0,2,1,2,2,0,Defender,
Oliver Norwood,NIR,Sheffield Utd,eng Premier League,32 years,16.0,41.0,26,18,18,5,20.0,47,42.6,27,24,9,15,21,62,39,0,Midfielder,
Tijjani Noslin,NED,Hellas Verona,it Serie A,24 years,14.9,18.0,8,5,7,6,6.0,16,37.5,10,17,2,15,2,20,14,0,Forward,Midfielder
Randy Nteka,ANG,Rayo Vallecano,es La Liga,25 years,6.4,11.0,4,1,6,4,4.0,10,40.0,6,6,1,5,2,13,11,1,Forward,Midfielder
Ernest Nuamah,GHA,Lyon,fr Ligue 1,19 years,20.4,28.0,14,18,6,4,12.0,38,31.6,26,15,1,14,8,36,9,0,Forward,Midfielder
Alexander Nübel,GER,Stuttgart,de Bundesliga,26 years,30.0,2.0,2,2,0,0,2.0,4,50.0,2,0,0,0,0,2,13,4,Goalkeeper,
Kasim Nuhu,GHA,Hoffenheim,de Bundesliga,28 years,0.1,0.0,0,0,0,0,0.0,0,,0,0,0,0,0,0,0,0,Defender,
Matheus Nunes,POR,Wolves,eng Premier League,24 years,2.0,3.0,1,3,0,0,2.0,6,33.3,4,0,0,0,6,9,1,0,Midfielder,
Matheus Nunes,POR,Manchester City,eng Premier League,24 years,7.3,10.0,4,1,7,2,5.0,16,31.3,11,7,1,6,1,11,8,1,Midfielder,
Darwin Núñez,URU,Liverpool,eng Premier League,24 years,22.7,22.0,12,2,10,10,11.0,23,47.8,12,18,6,12,3,25,9,0,Forward,
Unai Núñez,ESP,Celta Vigo,es La Liga,26 years,31.1,51.0,28,30,19,2,23.0,49,46.9,26,38,24,14,52,103,153,3,Defender,
Fabian Nürnberger,BUL,Darmstadt 98,de Bundesliga,24 years,16.8,29.0,22,22,6,1,22.0,41,53.7,19,11,1,10,17,46,26,0,Defender,Midfielder
Ethan Nwaneri,ENG,Arsenal,eng Premier League,16 years,0.2,0.0,0,0,0,0,0.0,0,,0,1,0,1,0,0,0,0,Forward,
Simeon Nwankwo,NGA,Salernitana,it Serie A,31 years,7.6,6.0,3,0,2,4,1.0,3,33.3,2,7,0,7,0,6,4,0,Forward,
Gerzino Nyamsi,FRA,Strasbourg,fr Ligue 1,26 years,12.1,18.0,14,13,5,0,12.0,18,66.7,6,19,11,8,10,28,43,0,Defender,
Ørjan Nyland,NOR,Sevilla,es La Liga,32 years,24.0,0.0,0,0,0,0,0.0,1,0.0,1,0,0,0,0,0,9,1,Goalkeeper,
Rabby Nzingoula,CGO,Strasbourg,fr Ligue 1,17 years,1.5,3.0,3,0,3,0,3.0,4,75.0,1,4,0,4,5,8,0,0,Midfielder,Forward
M'Bala Nzola,ANG,Fiorentina,it Serie A,26 years,17.2,11.0,8,1,4,6,6.0,7,85.7,1,10,1,9,0,11,22,0,Forward,
Christian Nørgaard,DEN,Brentford,eng Premier League,29 years,27.8,81.0,50,42,31,8,32.0,87,36.8,55,48,6,42,54,135,50,0,Midfielder,
Jake O'Brien,IRL,Lyon,fr Ligue 1,22 years,26.3,22.0,16,16,5,1,14.0,20,70.0,6,23,18,5,12,34,98,1,Defender,
Mark O'Mahony,IRL,Brighton,eng Premier League,18 years,0.7,1.0,0,1,0,0,1.0,2,50.0,1,2,1,1,0,1,1,0,Forward,
Dara O'Shea,IRL,Burnley,eng Premier League,24 years,32.1,39.0,20,22,14,3,11.0,26,42.3,15,41,30,11,35,74,158,2,Defender,
Michael Obafemi,IRL,Burnley,eng Premier League,23 years,0.2,0.0,0,0,0,0,0.0,0,,0,1,0,1,0,0,0,0,Forward,Midfielder
Adam Obert,SVK,Cagliari,it Serie A,20 years,10.5,17.0,9,8,8,1,8.0,17,47.1,9,13,7,6,21,38,41,1,Defender,
Pedro Obiang,EQG,Sassuolo,it Serie A,31 years,5.0,8.0,4,3,4,1,2.0,10,20.0,8,6,4,2,8,16,10,0,Midfielder,
Jan Oblak,SVN,Atlético Madrid,es La Liga,30 years,38.0,0.0,0,0,0,0,0.0,0,,0,0,0,0,0,0,10,0,Goalkeeper,
Brian Ocampo,URU,Cádiz,es La Liga,24 years,2.8,4.0,3,1,3,0,2.0,5,40.0,3,4,0,4,3,7,0,0,Midfielder,Forward
Lucas Ocampos,ARG,Sevilla,es La Liga,29 years,31.9,66.0,47,22,27,17,29.0,58,50.0,29,34,1,33,21,87,29,0,Forward,Midfielder
Guillermo Ochoa,MEX,Salernitana,it Serie A,38 years,21.0,0.0,0,0,0,0,0.0,1,0.0,1,0,0,0,0,0,9,1,Goalkeeper,
Jens Odgaard,DEN,Bologna,it Serie A,24 years,4.8,4.0,4,1,1,2,1.0,3,33.3,2,9,0,9,1,5,3,0,Forward,Midfielder
Wilson Odobert,FRA,Burnley,eng Premier League,18 years,23.3,17.0,13,8,5,4,6.0,22,27.3,16,26,2,24,6,23,14,0,Midfielder,Forward
Álvaro Odriozola,ESP,Real Sociedad,es La Liga,27 years,4.4,9.0,7,7,1,1,5.0,5,100.0,0,2,1,1,8,17,7,0,Defender,
Tim Oermann,GER,Bochum,de Bundesliga,19 years,7.9,19.0,11,11,4,4,9.0,14,64.3,5,15,6,9,2,21,22,0,Defender,
Odeluga Offiah,ENG,Brighton,eng Premier League,20 years,1.4,1.0,0,1,0,0,1.0,1,100.0,0,0,0,0,1,2,0,0,Defender,
Chiedozie Ogbene,IRL,Luton Town,eng Premier League,26 years,22.2,17.0,10,10,7,0,12.0,22,54.5,10,14,3,11,7,24,34,2,Midfielder,Defender
Angelo Ogbonna,ITA,West Ham,eng Premier League,35 years,7.1,11.0,5,9,2,0,6.0,7,85.7,1,13,10,3,3,14,29,0,Defender,
Florent Ogier,FRA,Clermont Foot,fr Ligue 1,34 years,10.5,19.0,9,13,6,0,11.0,18,61.1,7,25,19,6,9,28,35,3,Defender,
Noah Okafor,SUI,Milan,it Serie A,23 years,9.9,6.0,4,1,4,1,3.0,10,30.0,7,8,1,7,0,6,10,0,Forward,Midfielder
David Okereke,NGA,Torino,it Serie A,25 years,2.8,3.0,1,1,1,1,0.0,3,0.0,3,2,0,2,1,4,0,0,Forward,Midfielder
Caleb Okoli,ITA,Frosinone,it Serie A,22 years,32.4,56.0,34,33,22,1,29.0,44,65.9,15,48,32,16,29,85,156,4,Defender,
Maduka Okoye,NGA,Udinese,it Serie A,23 years,21.0,0.0,0,0,0,0,0.0,0,,0,0,0,0,1,1,4,2,Goalkeeper,
Masaya Okugawa,JPN,Augsburg,de Bundesliga,27 years,0.4,0.0,0,0,0,0,0.0,0,,0,0,0,0,0,0,2,0,Forward,Defender
Joseph Okumu,KEN,Reims,fr Ligue 1,26 years,19.4,44.0,28,28,14,2,24.0,38,63.2,14,27,19,8,35,79,112,2,Defender,
Aingeru Olabarrieta,ESP,Athletic Club,es La Liga,17 years,0.1,0.0,0,0,0,0,0.0,0,,0,0,0,0,0,0,0,0,Forward,
Michael Olakigbe,ENG,Brentford,eng Premier League,19 years,0.7,3.0,0,2,1,0,2.0,4,50.0,2,7,0,7,1,4,0,1,Defender,Forward
Olasagasti,ESP,Real Sociedad,es La Liga,22 years,4.0,16.0,13,4,7,5,5.0,8,62.5,3,2,0,2,3,19,5,1,Midfielder,
Finn Ole Becker,GER,Hoffenheim,de Bundesliga,23 years,6.7,10.0,9,8,2,0,4.0,17,23.5,13,9,1,8,1,11,10,0,Midfielder,
Mathias Olesen,LUX,Köln,de Bundesliga,22 years,1.2,0.0,0,0,0,0,0.0,0,,0,0,0,0,2,2,2,0,Midfielder,Forward
Michael Olise,FRA,Crystal Palace,eng Premier League,21 years,14.2,19.0,10,7,10,2,8.0,24,33.3,16,21,0,21,11,30,9,0,Forward,Midfielder
Mathías Olivera,URU,Napoli,it Serie A,25 years,17.4,50.0,29,29,15,6,23.0,39,59.0,16,35,6,29,20,70,25,0,Defender,
Dani Olmo,ESP,RB Leipzig,de Bundesliga,25 years,16.1,26.0,18,14,8,4,10.0,22,45.5,12,7,0,7,13,39,12,1,Midfielder,
Robin Olsen,SWE,Aston Villa,eng Premier League,33 years,4.5,0.0,0,0,0,0,0.0,0,,0,0,0,0,0,0,1,0,Goalkeeper,
Warmed Omari,COM,Rennes,fr Ligue 1,23 years,23.0,32.0,19,23,7,2,16.0,28,57.1,12,30,20,10,33,65,77,2,Defender,
Becir Omeragic,SUI,Montpellier,fr Ligue 1,21 years,25.7,48.0,29,31,13,4,20.0,33,60.6,13,51,29,22,27,75,65,0,Defender,Midfielder
Jonas Omlin,SUI,Gladbach,de Bundesliga,29 years,7.0,1.0,0,1,0,0,1.0,1,100.0,0,0,0,0,0,1,3,0,Goalkeeper,
Andrew Omobamidele,IRL,Nottingham Forest,eng Premier League,21 years,8.7,10.0,3,9,1,0,5.0,8,62.5,3,12,8,4,13,23,42,1,Defender,
Samu Omorodion,ESP,Alavés,es La Liga,19 years,21.3,6.0,3,1,4,1,0.0,4,0.0,4,11,2,9,1,7,14,0,Forward,
Samu Omorodion,ESP,Granada,es La Liga,19 years,0.9,1.0,1,0,1,0,1.0,1,100.0,0,0,0,0,0,1,0,0,Forward,
Amadou Onana,BEL,Everton,eng Premier League,21 years,23.2,71.0,38,32,31,8,21.0,42,50.0,21,25,6,19,21,92,31,0,Midfielder,
André Onana,CMR,Manchester Utd,eng Premier League,27 years,38.0,2.0,0,2,0,0,2.0,2,100.0,0,0,0,0,0,2,11,2,Goalkeeper,
Jean Onana,CMR,Marseille,fr Ligue 1,23 years,6.3,23.0,14,6,14,3,13.0,25,52.0,12,10,2,8,11,34,11,1,Midfielder,
Ryan One,SCO,Sheffield Utd,eng Premier League,17 years,0.1,0.0,0,0,0,0,0.0,0,,0,0,0,0,0,0,0,0,Forward,
Karim Onisiwo,AUT,Mainz 05,de Bundesliga,31 years,16.6,17.0,8,4,6,7,6.0,11,54.5,5,18,4,14,2,19,7,0,Forward,Midfielder
Tyler Onyango,ENG,Everton,eng Premier League,20 years,0.0,0.0,0,0,0,0,0.0,0,,0,0,0,0,0,0,0,0,Midfielder,
Fred Onyedinma,ENG,Luton Town,eng Premier League,26 years,4.5,10.0,6,7,3,0,5.0,12,41.7,7,3,0,3,1,11,13,0,Defender,Midfielder
Frank Onyeka,NGA,Brentford,eng Premier League,25 years,12.9,37.0,24,9,23,5,16.0,29,55.2,13,15,7,8,23,60,17,0,Midfielder,
Loïs Openda,BEL,RB Leipzig,de Bundesliga,23 years,30.0,3.0,3,0,1,2,0.0,6,0.0,6,19,3,16,5,8,14,0,Forward,
Royce Openda Owaga,GAB,Lorient,fr Ligue 1,21 years,0.2,0.0,0,0,0,0,0.0,0,,0,0,0,0,0,0,0,0,Forward,
Christopher Operi,CIV,Le Havre,fr Ligue 1,26 years,27.2,55.0,36,37,15,3,32.0,59,54.2,27,45,7,38,35,90,68,1,Defender,
Leon Opitz,GER,Werder Bremen,de Bundesliga,18 years,0.2,2.0,2,1,1,0,2.0,3,66.7,1,0,0,0,0,2,0,0,Forward,Defender
Gift Orban,NGA,Lyon,fr Ligue 1,21 years,5.3,4.0,3,0,1,3,1.0,4,25.0,3,2,0,2,1,5,2,1,Forward,
Willi Orban,HUN,RB Leipzig,de Bundesliga,30 years,17.6,20.0,12,8,10,2,9.0,18,50.0,9,22,13,9,16,36,76,1,Defender,
Ivan Ordets,UKR,Bochum,de Bundesliga,31 years,20.9,19.0,14,11,6,2,10.0,17,58.8,7,41,29,12,31,50,130,0,Defender,
Divock Origi,BEL,Nottingham Forest,eng Premier League,28 years,6.7,6.0,4,5,0,1,0.0,0,,0,6,0,6,2,8,4,0,Forward,
Gaetano Oristanio,ITA,Cagliari,it Serie A,20 years,12.3,20.0,10,5,14,1,5.0,17,29.4,12,11,0,11,9,29,8,0,Forward,Midfielder
Aimar Oroz,ESP,Osasuna,es La Liga,21 years,26.0,43.0,26,18,20,5,13.0,37,35.1,24,27,2,25,16,59,11,0,Midfielder,
Riccardo Orsolini,ITA,Bologna,it Serie A,26 years,19.9,23.0,14,13,4,6,9.0,30,30.0,21,25,3,22,8,31,19,1,Forward,Midfielder
Stefan Ortega,GER,Manchester City,eng Premier League,30 years,7.1,0.0,0,0,0,0,0.0,0,,0,0,0,0,0,0,2,1,Goalkeeper,
Eneko Ortiz,ESP,Alavés,es La Liga,20 years,0.2,0.0,0,0,0,0,0.0,0,,0,0,0,0,0,0,0,0,Defender,
Asier Osambela,ESP,Osasuna,es La Liga,19 years,0.1,2.0,1,0,1,1,0.0,0,,0,0,0,0,0,2,0,0,Midfielder,
Ben Osborn,ENG,Sheffield Utd,eng Premier League,28 years,15.2,22.0,9,11,9,2,8.0,17,47.1,9,18,2,16,8,30,30,0,Defender,Midfielder
Gabriel Osho,NGA,Luton Town,eng Premier League,24 years,20.5,41.0,22,21,19,1,16.0,27,59.3,11,37,20,17,31,72,92,0,Defender,
Victor Osimhen,NGA,Napoli,it Serie A,24 years,22.0,9.0,5,0,4,5,2.0,4,50.0,2,5,1,4,2,11,18,0,Forward,
Milutin Osmajić,MNE,Cádiz,es La Liga,24 years,0.1,0.0,0,0,0,0,0.0,0,,0,0,0,0,0,0,0,0,Midfielder,
Patrick Osterhage,GER,Bochum,de Bundesliga,23 years,20.7,38.0,26,14,23,1,17.0,36,47.2,19,36,9,27,27,65,32,1,Midfielder,
William Osula,DEN,Sheffield Utd,eng Premier League,19 years,8.7,2.0,2,1,0,1,1.0,2,50.0,1,3,1,2,2,4,9,0,Forward,
Dango Ouattara,BFA,Bournemouth,eng Premier League,21 years,13.7,45.0,27,22,11,12,19.0,34,55.9,15,18,3,15,22,67,35,0,Forward,Defender
Kassoum Ouattara,FRA,Monaco,fr Ligue 1,18 years,7.1,17.0,12,8,5,4,9.0,20,45.0,11,11,0,11,13,30,20,0,Defender,Forward
Remi Oudin,FRA,Lecce,it Serie A,26 years,20.2,26.0,14,12,12,2,12.0,19,63.2,7,13,1,12,20,46,22,0,Midfielder,Forward
Alexandre Oukidja,ALG,Metz,fr Ligue 1,35 years,33.2,2.0,1,2,0,0,1.0,2,50.0,1,1,0,1,3,5,24,3,Goalkeeper,
Azzedine Ounahi,MAR,Marseille,fr Ligue 1,23 years,13.4,25.0,11,9,14,2,11.0,32,34.4,21,6,1,5,11,36,8,0,Midfielder,
Adam Ounas,ALG,Lille,fr Ligue 1,26 years,4.6,4.0,3,2,2,0,2.0,7,28.6,5,2,0,2,6,10,1,0,Forward,
Patrick Ouotro,CIV,Strasbourg,fr Ligue 1,17 years,0.1,0.0,0,0,0,0,0.0,0,,0,0,0,0,0,0,0,0,Forward,
Aiham Ousou,SYR,Cádiz,es La Liga,23 years,4.8,8.0,5,6,2,0,5.0,5,100.0,0,1,0,1,7,15,15,0,Defender,
Jesús Owono,EQG,Alavés,es La Liga,22 years,4.0,0.0,0,0,0,0,0.0,0,,0,0,0,0,0,0,3,0,Goalkeeper,
Mikel Oyarzabal,ESP,Real Sociedad,es La Liga,26 years,24.0,23.0,18,7,11,5,7.0,21,33.3,14,25,4,21,4,27,12,0,Forward,Midfielder
Anthony Oyono,GAB,Frosinone,it Serie A,22 years,13.3,37.0,26,21,14,2,23.0,34,67.6,11,17,3,14,9,46,32,0,Defender,
Salih Özcan,TUR,Dortmund,de Bundesliga,25 years,13.2,20.0,12,11,8,1,10.0,18,55.6,8,28,3,25,17,37,18,1,Midfielder,
Cenk Özkacar,TUR,Valencia,es La Liga,22 years,17.8,26.0,15,22,4,0,15.0,23,65.2,8,18,7,11,18,44,84,1,Defender,
David Ozoh,ENG,Crystal Palace,eng Premier League,18 years,1.7,10.0,6,3,6,1,5.0,6,83.3,1,2,0,2,0,10,2,0,Midfielder,Defender
Jon Pacheco,ESP,Real Sociedad,es La Liga,22 years,17.0,25.0,15,21,4,0,14.0,22,63.6,8,17,6,11,10,35,53,1,Defender,
Willian Pacho,ECU,Eintracht Frankfurt,de Bundesliga,21 years,33.0,62.0,37,38,23,1,31.0,53,58.5,22,51,22,29,47,109,152,2,Defender,
Gonçalo Paciência,POR,Bochum,de Bundesliga,28 years,7.2,8.0,4,2,2,4,3.0,6,50.0,3,5,0,5,0,8,7,0,Forward,Midfielder
Simone Pafundi,ITA,Udinese,it Serie A,17 years,0.1,0.0,0,0,0,0,0.0,0,,0,0,0,0,0,0,0,0,Midfielder,
Riccardo Pagano,ITA,Roma,it Serie A,18 years,0.6,2.0,2,1,1,0,0.0,6,0.0,6,3,2,1,0,2,2,0,Midfielder,Defender
Pablo Pagis,FRA,Lorient,fr Ligue 1,20 years,1.8,10.0,6,5,4,1,6.0,10,60.0,4,2,0,2,3,13,1,0,Midfielder,
Exequiel Palacios,ARG,Leverkusen,de Bundesliga,24 years,20.3,60.0,34,28,26,6,26.0,53,49.1,27,24,0,24,29,89,20,2,Midfielder,
Isaac Palazón Camacho,ESP,Rayo Vallecano,es La Liga,28 years,31.0,46.0,25,16,21,9,20.0,58,34.5,38,29,2,27,16,62,41,0,Midfielder,Forward
João Palhinha,POR,Fulham,eng Premier League,28 years,30.0,152.0,75,80,60,12,103.0,152,67.8,49,57,9,48,46,198,58,0,Midfielder,
Nicolas Pallois,FRA,Nantes,fr Ligue 1,35 years,17.7,34.0,19,21,11,2,19.0,35,54.3,16,37,26,11,26,60,111,0,Defender,
Cole Palmer,ENG,Chelsea,eng Premier League,21 years,29.0,23.0,12,9,6,8,8.0,19,42.1,11,20,2,18,20,43,13,2,Forward,Midfielder
Cole Palmer,ENG,Manchester City,eng Premier League,21 years,0.1,0.0,0,0,0,0,0.0,0,,0,0,0,0,0,0,0,0,Midfielder,
Emerson Palmieri,ITA,West Ham,eng Premier League,28 years,34.9,106.0,68,48,42,16,57.0,90,63.3,33,47,15,32,43,149,96,0,Defender,
Joaquín Panichelli,ARG,Alavés,es La Liga,20 years,2.5,3.0,3,1,1,1,1.0,2,50.0,1,1,0,1,1,4,4,0,Forward,Midfielder
Miloš Pantović,SRB,Union Berlin,de Bundesliga,27 years,0.2,0.0,0,0,0,0,0.0,0,,0,0,0,0,0,0,0,0,Midfielder,
Antonios Papadopoulos,GER,Dortmund,de Bundesliga,23 years,1.3,6.0,3,6,0,0,6.0,7,85.7,1,3,2,1,2,8,7,0,Defender,
Christos Papadopoulos,GRE,Genoa,it Serie A,18 years,0.0,0.0,0,0,0,0,0.0,1,0.0,1,0,0,0,0,0,0,0,Forward,
Sokratis Papastathopoulos,GRE,Betis,es La Liga,35 years,12.6,21.0,14,16,5,0,13.0,17,76.5,4,15,9,6,6,27,60,0,Defender,
Merveille Papela,GER,Mainz 05,de Bundesliga,22 years,2.9,5.0,4,2,3,0,0.0,4,0.0,4,1,0,1,4,9,2,0,Midfielder,Defender
Leart Paqarada,KVX,Köln,de Bundesliga,28 years,11.9,21.0,11,9,9,3,11.0,22,50.0,11,17,5,12,10,31,30,1,Defender,
Lucas Paquetá,BRA,West Ham,eng Premier League,25 years,29.1,71.0,48,38,26,7,25.0,52,48.1,27,28,1,27,21,92,28,2,Forward,Midfielder
Victor Parada,ESP,Alavés,es La Liga,21 years,0.0,1.0,1,0,1,0,1.0,1,100.0,0,0,0,0,0,1,0,0,Forward,Midfielder
Aitor Paredes,ESP,Athletic Club,es La Liga,23 years,30.0,20.0,11,11,9,0,7.0,14,50.0,7,23,11,12,33,53,104,0,Defender,
Kevin Paredes,USA,Wolfsburg,de Bundesliga,20 years,15.9,42.0,21,22,13,7,20.0,34,58.8,14,27,2,25,23,65,26,0,Forward,Midfielder
Leandro Paredes,ARG,Roma,it Serie A,29 years,29.3,57.0,36,30,22,5,33.0,77,42.9,44,26,7,19,29,86,43,1,Midfielder,
Daniel Parejo,ESP,Villarreal,es La Liga,34 years,28.7,43.0,30,16,21,6,20.0,46,43.5,26,25,9,16,21,64,29,3,Midfielder,
Fabiano Parisi,ITA,Fiorentina,it Serie A,22 years,16.2,30.0,15,11,12,7,15.0,26,57.7,11,21,5,16,17,47,26,0,Defender,
Ben Parkinson,ENG,Newcastle Utd,eng Premier League,18 years,0.3,0.0,0,0,0,0,0.0,0,,0,1,0,1,0,0,1,0,Forward,
Thomas Partey,GHA,Arsenal,eng Premier League,30 years,8.8,14.0,11,9,4,1,5.0,10,50.0,5,9,3,6,11,25,9,0,Midfielder,Defender
Mario Pašalić,CRO,Atalanta,it Serie A,28 years,22.8,28.0,17,9,18,1,14.0,31,45.2,17,29,6,23,16,44,34,0,Midfielder,
Triantafyllos Pasaridīs,GRE,Salernitana,it Serie A,27 years,5.0,11.0,7,9,2,0,9.0,14,64.3,5,7,3,4,3,14,19,0,Defender,
Pascu,ESP,Villarreal,es La Liga,20 years,0.2,0.0,0,0,0,0,0.0,0,,0,0,0,0,0,0,0,0,Forward,
Felix Passlack,GER,Bochum,de Bundesliga,25 years,10.7,21.0,14,9,10,2,14.0,24,58.3,10,13,2,11,10,31,21,0,Defender,
Patric,ESP,Lazio,it Serie A,30 years,17.9,13.0,8,10,3,0,8.0,18,44.4,10,15,9,6,6,19,44,0,Defender,
Rui Patrício,POR,Roma,it Serie A,35 years,23.0,0.0,0,0,0,0,0.0,1,0.0,1,1,0,1,0,0,3,1,Goalkeeper,
Nathan Patterson,SCO,Everton,eng Premier League,21 years,11.2,34.0,24,21,11,2,14.0,37,37.8,23,14,3,11,9,43,33,0,Defender,
Gabriel Paulista,BRA,Atlético Madrid,es La Liga,32 years,4.5,7.0,5,4,3,0,3.0,4,75.0,1,5,3,2,4,11,27,0,Defender,
Gabriel Paulista,BRA,Valencia,es La Liga,32 years,15.5,10.0,7,8,2,0,6.0,11,54.5,5,15,7,8,24,34,78,0,Defender,
Benjamin Pavard,FRA,Inter,it Serie A,27 years,18.6,34.0,21,21,11,2,20.0,24,83.3,4,25,15,10,32,66,44,1,Defender,
Jiří Pavlenka,CZE,Werder Bremen,de Bundesliga,31 years,7.0,0.0,0,0,0,0,0.0,0,,0,0,0,0,0,0,2,0,Goalkeeper,
Aleksandar Pavlovic,GER,Bayern Munich,de Bundesliga,19 years,13.6,28.0,16,10,14,4,17.0,33,51.5,16,13,3,10,17,45,12,0,Midfielder,
Leonardo Pavoletti,ITA,Cagliari,it Serie A,34 years,7.0,1.0,1,0,0,1,0.0,1,0.0,1,2,1,1,0,1,7,0,Forward,
Martín Payero,ARG,Udinese,it Serie A,24 years,20.0,54.0,32,28,19,7,19.0,46,41.3,27,25,7,18,15,69,21,0,Midfielder,
Nicolás Paz,ARG,Real Madrid,es La Liga,18 years,0.3,0.0,0,0,0,0,0.0,0,,0,2,0,2,1,1,0,0,Midfielder,Forward
Myles Peart-Harris,ENG,Brentford,eng Premier League,20 years,0.1,0.0,0,0,0,0,0.0,0,,0,0,0,0,0,0,1,0,Defender,Midfielder
Sydie Peck,ENG,Sheffield Utd,eng Premier League,18 years,0.1,0.0,0,0,0,0,0.0,0,,0,0,0,0,0,0,0,0,Midfielder,
Mads Pedersen,DEN,Augsburg,de Bundesliga,26 years,19.8,64.0,39,31,27,6,24.0,44,54.5,20,20,3,17,19,83,46,0,Defender,
Marcus Pedersen,NOR,Sassuolo,it Serie A,23 years,17.9,36.0,24,25,5,6,21.0,25,84.0,4,19,5,14,10,46,51,0,Defender,
Alfonso Pedraza,ESP,Villarreal,es La Liga,27 years,12.4,25.0,9,18,5,2,9.0,17,52.9,8,16,7,9,13,38,19,0,Defender,
Pedri,ESP,Barcelona,es La Liga,20 years,16.4,33.0,24,16,13,4,8.0,27,29.6,19,27,3,24,14,47,10,0,Midfielder,Forward
Pedro,ESP,Lazio,it Serie A,36 years,9.1,16.0,12,5,7,4,3.0,12,25.0,9,16,2,14,3,19,1,0,Forward,Midfielder
Adrià Pedrosa,ESP,Sevilla,es La Liga,25 years,19.5,46.0,26,28,14,4,23.0,34,67.6,11,26,6,20,15,61,54,0,Defender,
Jordan Pefok,USA,Gladbach,de Bundesliga,27 years,15.8,10.0,4,0,8,2,3.0,8,37.5,5,12,3,9,5,15,28,0,Forward,
Jordan Pefok,USA,Union Berlin,de Bundesliga,27 years,0.3,0.0,0,0,0,0,0.0,0,,0,1,1,0,0,0,0,0,Forward,
Dženan Pejčinović,GER,Wolfsburg,de Bundesliga,18 years,0.4,0.0,0,0,0,0,0.0,0,,0,1,0,1,0,0,0,0,Forward,
Pejiño,ESP,Las Palmas,es La Liga,27 years,5.6,12.0,8,3,6,3,6.0,18,33.3,12,4,0,4,2,14,5,0,Forward,
Pietro Pellegri,ITA,Torino,it Serie A,22 years,8.4,5.0,1,1,4,0,1.0,5,20.0,4,4,1,3,2,7,3,0,Forward,
Lorenzo Pellegrini,ITA,Roma,it Serie A,27 years,20.7,35.0,20,14,16,5,17.0,51,33.3,34,28,5,23,20,55,22,0,Midfielder,
Luca Pellegrini,ITA,Lazio,it Serie A,24 years,8.7,18.0,13,7,10,1,9.0,17,52.9,8,7,3,4,9,27,20,0,Defender,
Marco Pellegrino,ARG,Salernitana,it Serie A,21 years,6.1,8.0,6,4,3,1,5.0,10,50.0,5,11,6,5,10,18,28,0,Defender,
Marco Pellegrino,ARG,Milan,it Serie A,21 years,0.8,1.0,1,0,0,1,0.0,2,0.0,2,1,1,0,1,2,2,0,Defender,
Facundo Pellistri,URU,Manchester Utd,eng Premier League,21 years,1.9,5.0,3,4,1,0,1.0,3,33.3,2,7,1,6,1,6,5,0,Forward,Midfielder
Facundo Pellistri,URU,Granada,es La Liga,21 years,13.7,29.0,19,12,10,7,6.0,21,28.6,15,18,0,18,4,33,7,0,Midfielder,Forward
Andy Pelmard,FRA,Clermont Foot,fr Ligue 1,23 years,33.2,51.0,38,41,9,1,32.0,40,80.0,8,37,20,17,33,84,99,2,Defender,
Aurélien Pelon,FRA,Lorient,fr Ligue 1,19 years,1.0,1.0,0,1,0,0,0.0,2,0.0,2,2,2,0,0,1,7,0,Defender,
Faris Pemi Moumbagna,CMR,Marseille,fr Ligue 1,23 years,6.1,2.0,1,0,2,0,0.0,3,0.0,3,4,0,4,3,5,1,0,Forward,
Iñaki Peña,ESP,Barcelona,es La Liga,24 years,10.0,0.0,0,0,0,0,0.0,1,0.0,1,0,0,0,0,0,5,1,Goalkeeper,
Marcos Peña,ESP,Almería,es La Liga,18 years,4.9,19.0,14,12,7,0,6.0,12,50.0,6,9,3,6,13,32,8,0,Midfielder,
Rubén Peña,ESP,Osasuna,es La Liga,32 years,23.2,47.0,25,22,18,7,20.0,49,40.8,29,37,8,29,30,77,39,3,Defender,Forward
Pepín,EQG,Monza,it Serie A,26 years,2.7,6.0,1,1,4,1,2.0,4,50.0,2,5,2,3,0,6,6,0,Midfielder,Forward
Alberto Perea,ESP,Granada,es La Liga,32 years,0.0,0.0,0,0,0,0,0.0,2,0.0,2,0,0,0,0,0,0,0,Midfielder,Forward
Andreas Pereira,BRA,Fulham,eng Premier League,27 years,29.0,25.0,12,4,12,9,11.0,41,26.8,30,16,2,14,4,29,12,0,Midfielder,
Danilo Pereira,POR,Paris S-G,fr Ligue 1,31 years,22.2,22.0,12,14,6,2,9.0,17,52.9,8,29,26,3,23,45,100,1,Defender,
Mathias Pereira Lage,POR,Brest,fr Ligue 1,26 years,13.2,21.0,15,7,8,6,7.0,28,25.0,21,14,5,9,10,31,13,0,Forward,Midfielder
Pedro Pereira,POR,Monza,it Serie A,25 years,9.3,19.0,13,14,4,1,9.0,17,52.9,8,15,2,13,4,23,18,0,Defender,
Daniel Peretz,ISR,Bayern Munich,de Bundesliga,23 years,0.2,0.0,0,0,0,0,0.0,0,,0,0,0,0,0,0,0,0,Goalkeeper,
Roberto Pereyra,ARG,Udinese,it Serie A,32 years,20.6,19.0,9,11,5,3,11.0,29,37.9,18,20,4,16,7,26,18,0,Forward,Midfielder
Ayoze Pérez,ESP,Betis,es La Liga,30 years,25.5,59.0,32,16,33,10,21.0,49,42.9,28,42,4,38,22,81,18,0,Forward,
Carles Pérez,ESP,Celta Vigo,es La Liga,25 years,8.6,13.0,5,6,5,2,7.0,18,38.9,11,14,1,13,5,18,8,0,Midfielder,Defender
Francisco Perez,ESP,Valencia,es La Liga,20 years,22.8,30.0,17,10,14,6,15.0,44,34.1,29,19,0,19,14,44,5,0,Midfielder,Forward
Kike Pérez,ESP,Rayo Vallecano,es La Liga,26 years,9.3,27.0,11,11,15,1,11.0,23,47.8,12,11,0,11,8,35,6,0,Midfielder,Forward
Nehuén Pérez,ARG,Udinese,it Serie A,23 years,36.0,72.0,48,42,28,2,39.0,48,81.3,9,53,26,27,45,117,158,1,Defender,
Matteo Perez Vinlöf,SWE,Bayern Munich,de Bundesliga,17 years,0.2,0.0,0,0,0,0,0.0,0,,0,0,0,0,1,1,0,0,Forward,
Simone Perilli,ITA,Hellas Verona,it Serie A,28 years,1.0,0.0,0,0,0,0,0.0,0,,0,0,0,0,0,0,0,0,Goalkeeper,
Mattia Perin,ITA,Juventus,it Serie A,30 years,2.5,0.0,0,0,0,0,0.0,0,,0,0,0,0,0,0,1,0,Goalkeeper,
Samuele Perisan,ITA,Empoli,it Serie A,25 years,1.0,0.0,0,0,0,0,0.0,0,,0,0,0,0,0,0,0,0,Goalkeeper,
Ivan Perišić,CRO,Tottenham,eng Premier League,34 years,1.1,3.0,2,1,1,1,3.0,5,60.0,2,1,0,1,2,5,1,0,Forward,
Romain Perraud,FRA,Nice,fr Ligue 1,25 years,4.1,7.0,6,5,1,1,4.0,11,36.4,7,4,0,4,6,13,15,1,Defender,Forward
Lucas Perrin,FRA,Strasbourg,fr Ligue 1,24 years,30.3,47.0,30,33,14,0,28.0,46,60.9,18,45,32,13,28,75,113,0,Defender,
Máximo Perrone,ARG,Las Palmas,es La Liga,20 years,18.0,42.0,21,17,22,3,19.0,39,48.7,20,27,4,23,24,66,21,0,Midfielder,
Pavao Pervan,AUT,Wolfsburg,de Bundesliga,35 years,9.0,0.0,0,0,0,0,0.0,0,,0,0,0,0,0,0,4,0,Goalkeeper,
Matteo Pessina,ITA,Monza,it Serie A,26 years,35.8,44.0,25,20,20,4,23.0,49,46.9,26,29,11,18,27,71,46,1,Midfielder,
Andrea Petagna,ITA,Cagliari,it Serie A,28 years,11.1,4.0,2,1,0,3,1.0,2,50.0,1,6,3,3,1,5,4,0,Forward,
Denis Petrić,SRB,Nantes,fr Ligue 1,35 years,0.3,0.0,0,0,0,0,0.0,0,,0,0,0,0,0,0,0,0,Goalkeeper,
Njegoš Petrović,SRB,Granada,es La Liga,24 years,1.7,5.0,2,4,1,0,2.0,3,66.7,1,2,0,2,1,6,3,0,Midfielder,Forward
Đorđe Petrović,SRB,Chelsea,eng Premier League,23 years,22.1,0.0,0,0,0,0,0.0,0,,0,0,0,0,0,0,12,3,Goalkeeper,
Jens Petter Hauge,NOR,Eintracht Frankfurt,de Bundesliga,23 years,1.6,2.0,1,1,0,1,2.0,7,28.6,5,5,1,4,0,2,1,0,Midfielder,Forward
Germán Pezzella,ARG,Betis,es La Liga,32 years,30.7,34.0,24,24,10,0,23.0,38,60.5,15,31,18,13,31,65,150,0,Defender,
Giuseppe Pezzella,ITA,Empoli,it Serie A,25 years,12.1,25.0,14,19,5,1,20.0,28,71.4,8,17,6,11,2,27,35,0,Defender,
Luca Pfeiffer,GER,Darmstadt 98,de Bundesliga,26 years,18.0,11.0,6,2,6,3,5.0,11,45.5,6,5,1,4,2,13,21,0,Forward,Midfielder
Patric Pfeiffer,GER,Augsburg,de Bundesliga,23 years,5.7,11.0,7,6,4,1,5.0,6,83.3,1,10,6,4,11,22,21,0,Defender,
Maximilian Philipp,GER,Freiburg,de Bundesliga,29 years,3.6,8.0,5,4,4,0,1.0,6,16.7,5,7,0,7,1,9,3,0,Forward,Midfielder
Kalvin Phillips,ENG,West Ham,eng Premier League,27 years,3.4,11.0,6,2,8,1,5.0,9,55.6,4,4,1,3,4,15,2,1,Midfielder,
Kalvin Phillips,ENG,Manchester City,eng Premier League,27 years,1.0,3.0,3,1,1,1,0.0,0,,0,0,0,0,2,5,2,0,Midfielder,
Jaden Philogene Bidace,ENG,Aston Villa,eng Premier League,21 years,0.0,0.0,0,0,0,0,0.0,0,,0,0,0,0,0,0,0,0,Forward,
Kamil Piątkowski,POL,Granada,es La Liga,23 years,5.6,18.0,10,16,1,1,10.0,14,71.4,4,6,5,1,8,26,28,1,Defender,
Roberto Piccoli,ITA,Empoli,it Serie A,22 years,0.4,1.0,1,0,0,1,1.0,1,100.0,0,0,0,0,0,1,0,0,Forward,
Roberto Piccoli,ITA,Lecce,it Serie A,22 years,15.3,10.0,6,3,5,2,1.0,4,25.0,3,17,1,16,4,14,16,0,Forward,
Florian Pick,GER,Heidenheim,de Bundesliga,27 years,3.6,4.0,4,3,0,1,2.0,3,66.7,1,2,0,2,2,6,2,0,Midfielder,Forward
Jordan Pickford,ENG,Everton,eng Premier League,29 years,38.0,1.0,0,1,0,0,1.0,1,100.0,0,3,0,3,0,1,19,1,Goalkeeper,
Amos Pieper,GER,Werder Bremen,de Bundesliga,25 years,6.6,14.0,11,8,6,0,7.0,13,53.8,6,12,7,5,9,23,36,1,Defender,
Marvin Pieringer,GER,Heidenheim,de Bundesliga,23 years,16.8,19.0,12,5,11,3,8.0,20,40.0,12,28,4,24,12,31,21,0,Midfielder,Forward
Santiago Pierotti,ARG,Lecce,it Serie A,22 years,2.2,8.0,8,2,5,1,2.0,8,25.0,6,5,0,5,1,9,0,0,Midfielder,Forward
Niccolò Pierozzi,ITA,Salernitana,it Serie A,21 years,9.7,17.0,11,13,4,0,11.0,22,50.0,11,24,7,17,11,28,36,0,Defender,
Ronaël Pierre-Gabriel,FRA,Nantes,fr Ligue 1,25 years,6.6,15.0,9,12,2,1,5.0,7,71.4,2,13,4,9,8,23,25,0,Defender,
Andrea Pinamonti,ITA,Sassuolo,it Serie A,24 years,34.2,13.0,8,1,6,6,5.0,22,22.7,17,19,2,17,1,14,40,0,Forward,
Ethan Pinnock,JAM,Brentford,eng Premier League,30 years,28.0,35.0,23,22,13,0,9.0,20,45.0,11,40,24,16,43,78,170,3,Defender,
Yeremi Pino,ESP,Villarreal,es La Liga,20 years,5.3,25.0,18,12,10,3,9.0,18,50.0,9,11,1,10,5,30,5,0,Midfielder,Forward
Carlo Pinsoglio,ITA,Juventus,it Serie A,33 years,0.5,0.0,0,0,0,0,0.0,0,,0,0,0,0,0,0,0,0,Goalkeeper,
Lorenzo Pirola,ITA,Salernitana,it Serie A,21 years,22.1,39.0,23,25,14,0,15.0,28,53.6,13,46,30,16,25,64,93,1,Defender,
Niccolò Pisilli,ITA,Roma,it Serie A,18 years,0.1,0.0,0,0,0,0,0.0,0,,0,0,0,0,0,0,0,0,Midfielder,
Alassane Pléa,FRA,Gladbach,de Bundesliga,30 years,21.3,17.0,7,5,8,4,7.0,15,46.7,8,11,0,11,2,19,6,0,Forward,Midfielder
Tommaso Pobega,ITA,Milan,it Serie A,24 years,3.5,16.0,9,11,5,0,6.0,13,46.2,7,10,2,8,6,22,7,0,Midfielder,
Paul Pogba,FRA,Juventus,it Serie A,30 years,0.6,1.0,1,0,1,0,1.0,1,100.0,0,0,0,0,1,2,1,0,Midfielder,
Ole Pohlmann,GER,Dortmund,de Bundesliga,22 years,0.6,1.0,0,0,1,0,1.0,2,50.0,1,0,0,0,0,1,1,0,Midfielder,
Matteo Politano,ITA,Napoli,it Serie A,29 years,26.2,19.0,8,8,7,4,11.0,34,32.4,23,9,1,8,15,34,11,1,Forward,
Sebastian Polter,GER,Darmstadt 98,de Bundesliga,32 years,5.0,1.0,0,1,0,0,0.0,1,0.0,1,5,1,4,0,1,4,0,Forward,
Julien Ponceau,FRA,Lorient,fr Ligue 1,22 years,24.9,32.0,15,12,14,6,9.0,30,30.0,21,22,1,21,19,51,20,0,Midfielder,
Marin Pongračić,CRO,Lecce,it Serie A,25 years,35.8,43.0,30,22,20,1,19.0,25,76.0,6,37,26,11,51,94,130,1,Defender,
Nick Pope,ENG,Newcastle Utd,eng Premier League,31 years,14.9,0.0,0,0,0,0,0.0,1,0.0,1,0,0,0,0,0,7,2,Goalkeeper,
Pedro Porro,ESP,Tottenham,eng Premier League,23 years,34.3,91.0,63,43,34,14,62.0,120,51.7,58,63,18,45,34,125,102,3,Defender,
Portu,ESP,Getafe,es La Liga,31 years,1.1,5.0,3,4,0,1,5.0,6,83.3,1,0,0,0,0,5,0,0,Forward,
Portu,ESP,Girona,es La Liga,31 years,13.2,18.0,13,3,10,5,3.0,18,16.7,15,9,1,8,4,22,6,0,Midfielder,Forward
Stefan Posch,AUT,Bologna,it Serie A,26 years,26.8,77.0,46,35,38,4,49.0,88,55.7,39,27,8,19,18,95,72,0,Defender,
Yussuf Poulsen,DEN,RB Leipzig,de Bundesliga,29 years,13.5,13.0,8,1,9,3,4.0,14,28.6,10,13,3,10,4,17,15,0,Forward,
José Pozo,ESP,Rayo Vallecano,es La Liga,27 years,0.2,1.0,1,0,1,0,1.0,1,100.0,0,1,0,1,0,1,0,0,Midfielder,
Alejandro Pozo Pozo,ESP,Almería,es La Liga,24 years,10.8,19.0,12,11,6,2,12.0,20,60.0,8,14,4,10,7,26,21,0,Defender,Midfielder
Beñat Prados,ESP,Athletic Club,es La Liga,22 years,16.1,45.0,28,11,23,11,23.0,42,54.8,19,32,5,27,23,68,27,0,Midfielder,Defender
Matteo Prati,ITA,Cagliari,it Serie A,19 years,21.9,45.0,25,15,27,3,26.0,42,61.9,16,29,6,23,15,60,26,1,Midfielder,
Abdón Prats,ESP,Mallorca,es La Liga,30 years,14.1,6.0,4,2,2,2,3.0,5,60.0,2,6,3,3,2,8,12,0,Forward,Midfielder
Sanjin Prcić,BIH,Strasbourg,fr Ligue 1,29 years,1.0,0.0,0,0,0,0,0.0,1,0.0,1,2,1,1,3,3,1,0,Midfielder,
Grischa Prömel,GER,Hoffenheim,de Bundesliga,28 years,23.8,32.0,18,11,15,6,14.0,32,43.8,18,22,6,16,22,54,36,0,Midfielder,
Ivan Provedel,ITA,Lazio,it Serie A,29 years,30.0,1.0,0,1,0,0,1.0,3,33.3,2,0,0,0,0,1,12,1,Goalkeeper,
Marc Pubill,ESP,Almería,es La Liga,20 years,20.9,47.0,23,35,8,4,22.0,39,56.4,17,20,8,12,15,62,83,1,Defender,
Gustavo Puerta,COL,Leverkusen,de Bundesliga,20 years,0.5,5.0,3,2,2,1,1.0,2,50.0,1,2,0,2,0,5,0,0,Defender,Midfielder
Antonio Puertas,ESP,Granada,es La Liga,31 years,8.1,12.0,8,6,5,1,6.0,15,40.0,9,5,0,5,6,18,4,0,Midfielder,Forward
Arnau Puigmal,ESP,Almería,es La Liga,22 years,2.8,2.0,1,1,1,0,1.0,3,33.3,2,3,0,3,3,5,2,0,Forward,Defender
Christian Pulisic,USA,Milan,it Serie A,24 years,28.9,35.0,26,14,11,10,17.0,30,56.7,13,20,1,19,10,45,10,1,Forward,Midfielder
George Pușcaș,ROU,Genoa,it Serie A,27 years,2.1,0.0,0,0,0,0,0.0,3,0.0,3,1,0,1,0,0,1,0,Forward,
Jarell Quansah,ENG,Liverpool,eng Premier League,20 years,13.2,25.0,22,17,7,1,14.0,20,70.0,6,16,8,8,17,42,39,1,Defender,
Domingos Quina,POR,Udinese,it Serie A,23 years,0.1,1.0,1,1,0,0,0.0,0,,0,0,0,0,0,1,0,0,Midfielder,
Adrien Rabiot,FRA,Juventus,it Serie A,28 years,29.5,58.0,39,22,30,6,30.0,45,66.7,15,26,6,20,25,83,34,0,Midfielder,
Uroš Račić,SRB,Sassuolo,it Serie A,25 years,9.1,10.0,4,6,4,0,0.0,9,0.0,9,16,7,9,7,17,22,0,Midfielder,
Nemanja Radonjić,SRB,Torino,it Serie A,27 years,4.2,1.0,1,0,0,1,1.0,3,33.3,2,3,0,3,0,1,0,0,Midfielder,Forward
Nemanja Radonjić,SRB,Mallorca,es La Liga,27 years,3.9,4.0,2,1,3,0,1.0,4,25.0,3,2,0,2,3,7,3,0,Midfielder,Defender
Aleksandar Radovanović,SRB,Almería,es La Liga,29 years,6.3,8.0,7,7,1,0,6.0,6,100.0,0,8,8,0,11,19,48,0,Defender,
Ionuț Radu,ROU,Bournemouth,eng Premier League,26 years,2.0,0.0,0,0,0,0,0.0,0,,0,0,0,0,0,0,0,0,Goalkeeper,
Boris Radunović,SRB,Cagliari,it Serie A,27 years,7.0,0.0,0,0,0,0,0.0,0,,0,0,0,0,1,1,1,2,Goalkeeper,
Hamza Rafia,TUN,Lecce,it Serie A,24 years,13.4,44.0,31,13,27,4,13.0,30,43.3,17,27,1,26,11,55,13,0,Midfielder,
Abdellah Raihani,MAR,Atlético Madrid,es La Liga,19 years,0.1,0.0,0,0,0,0,0.0,1,0.0,1,0,0,0,0,0,0,0,Forward,
Antonio Raillo,ESP,Mallorca,es La Liga,31 years,24.4,30.0,23,18,12,0,17.0,23,73.9,6,44,30,14,37,67,104,2,Defender,
Luca Raimund,GER,Stuttgart,de Bundesliga,18 years,0.3,3.0,1,2,1,0,0.0,0,,0,2,0,2,0,3,0,0,Forward,Midfielder
Predrag Rajković,SRB,Mallorca,es La Liga,27 years,36.0,2.0,1,2,0,0,2.0,2,100.0,0,0,0,0,0,2,14,0,Goalkeeper,
Jesurun Rak Sakyi,ENG,Crystal Palace,eng Premier League,20 years,1.5,4.0,1,3,1,0,2.0,3,66.7,1,2,0,2,3,7,1,0,Midfielder,Forward
Ivan Rakitić,CRO,Sevilla,es La Liga,35 years,15.8,30.0,16,9,12,9,11.0,19,57.9,8,16,5,11,14,44,12,0,Midfielder,
Ylber Ramadani,ALB,Lecce,it Serie A,27 years,33.0,68.0,41,32,29,7,37.0,96,38.5,59,54,13,41,44,112,44,0,Midfielder,
Largie Ramazani,BEL,Almería,es La Liga,22 years,17.3,12.0,7,5,6,1,6.0,26,23.1,20,16,2,14,34,46,10,0,Forward,Midfielder
Benito Ramírez,ESP,Las Palmas,es La Liga,28 years,4.3,5.0,3,2,3,0,3.0,6,50.0,3,7,1,6,3,8,0,0,Forward,Midfielder
Sandro Ramírez,ESP,Las Palmas,es La Liga,28 years,20.1,12.0,8,4,6,2,6.0,15,40.0,9,13,1,12,4,16,14,1,Forward,
Chris Ramos,ESP,Cádiz,es La Liga,26 years,29.0,28.0,15,9,15,4,8.0,27,29.6,19,23,7,16,9,37,44,0,Forward,Midfielder
Gonçalo Ramos,POR,Paris S-G,fr Ligue 1,22 years,15.8,25.0,15,4,12,9,6.0,20,30.0,14,12,2,10,5,30,16,0,Forward,
Sergio Ramos,ESP,Sevilla,es La Liga,37 years,28.0,45.0,30,32,11,2,27.0,40,67.5,13,35,30,5,41,86,156,0,Defender,
Aaron Ramsdale,ENG,Arsenal,eng Premier League,25 years,6.0,0.0,0,0,0,0,0.0,0,,0,0,0,0,0,0,3,2,Goalkeeper,
Aaron Ramsey,ENG,Burnley,eng Premier League,20 years,5.9,17.0,14,7,5,5,8.0,16,50.0,8,11,2,9,1,18,10,0,Midfielder,Forward
Jacob Ramsey,ENG,Aston Villa,eng Premier League,22 years,9.5,16.0,8,7,6,3,5.0,15,33.3,10,15,2,13,3,19,8,0,Forward,Midfielder
Luca Ranieri,ITA,Fiorentina,it Serie A,24 years,22.9,14.0,10,11,1,2,8.0,13,61.5,5,25,11,14,29,43,64,0,Defender,
Filippo Ranocchia,ITA,Empoli,it Serie A,22 years,5.3,16.0,11,7,9,0,7.0,16,43.8,9,9,1,8,3,19,14,0,Midfielder,Defender
Grant Ranos,ARM,Gladbach,de Bundesliga,20 years,0.5,1.0,0,0,0,1,0.0,0,,0,0,0,0,0,1,0,0,Midfielder,Forward
Raphinha,BRA,Barcelona,es La Liga,26 years,15.2,14.0,8,6,6,2,4.0,18,22.2,14,17,1,16,13,27,11,0,Forward,Midfielder
Nicolai Rapp,GER,Werder Bremen,de Bundesliga,26 years,0.8,3.0,2,2,1,0,2.0,2,100.0,0,2,0,2,2,5,8,0,Defender,
Elba Rashani,KVX,Clermont Foot,fr Ligue 1,30 years,13.1,30.0,18,4,17,9,11.0,24,45.8,13,17,3,14,12,42,15,0,Midfielder,Forward
Marcus Rashford,ENG,Manchester Utd,eng Premier League,25 years,25.2,19.0,12,9,4,6,9.0,26,34.6,17,15,1,14,4,23,21,0,Forward,
Giacomo Raspadori,ITA,Napoli,it Serie A,23 years,17.6,21.0,10,6,10,5,6.0,15,40.0,9,15,1,14,3,24,7,0,Forward,Midfielder
Andrei Ratiu,ROU,Rayo Vallecano,es La Liga,25 years,7.0,12.0,4,6,5,1,8.0,15,53.3,7,4,1,3,0,12,12,0,Defender,Midfielder
Raúl,ESP,Osasuna,es La Liga,22 years,15.1,10.0,4,4,2,4,2.0,10,20.0,8,9,1,8,5,15,11,0,Forward,
David Raum,GER,RB Leipzig,de Bundesliga,25 years,30.4,58.0,35,24,29,5,34.0,58,58.6,24,51,9,42,27,85,82,2,Defender,
Federico Ravaglia,ITA,Bologna,it Serie A,23 years,5.9,0.0,0,0,0,0,0.0,0,,0,0,0,0,0,0,2,0,Goalkeeper,
David Raya,ESP,Arsenal,eng Premier League,27 years,32.0,1.0,1,1,0,0,1.0,1,100.0,0,0,0,0,0,1,8,5,Goalkeeper,
Tim Ream,USA,Fulham,eng Premier League,35 years,16.7,20.0,9,13,5,2,9.0,18,50.0,9,23,15,8,25,45,61,2,Defender,
Abderrahman Rebbach,ALG,Alavés,es La Liga,24 years,8.0,9.0,5,4,2,3,5.0,15,33.3,10,10,1,9,3,12,7,0,Forward,Midfielder
Nathan Redmond,ENG,Burnley,eng Premier League,29 years,1.6,2.0,1,0,0,2,1.0,4,25.0,3,1,0,1,0,2,3,0,Forward,Midfielder
Harrison Reed,ENG,Fulham,eng Premier League,28 years,14.7,29.0,18,9,17,3,13.0,31,41.9,18,19,9,10,11,40,24,0,Midfielder,
Sergio Reguilón,ESP,Manchester Utd,eng Premier League,26 years,4.6,13.0,8,6,2,5,8.0,17,47.1,9,10,0,10,5,18,7,0,Defender,
Sergio Reguilón,ESP,Brentford,eng Premier League,26 years,12.4,45.0,20,26,18,1,24.0,40,60.0,16,23,6,17,16,61,41,1,Defender,
Tijjani Reijnders,NED,Milan,it Serie A,25 years,31.3,46.0,25,10,31,5,21.0,43,48.8,22,26,8,18,18,64,26,0,Midfielder,
Pepe Reina,ESP,Villarreal,es La Liga,40 years,2.0,0.0,0,0,0,0,0.0,0,,0,0,0,0,0,0,1,0,Goalkeeper,
Reinier,BRA,Frosinone,it Serie A,21 years,11.8,21.0,10,6,12,3,5.0,17,29.4,12,24,4,20,10,31,5,0,Midfielder,Forward
Rocco Reitz,GER,Gladbach,de Bundesliga,21 years,23.7,61.0,36,28,29,4,28.0,55,50.9,27,61,20,41,44,105,31,1,Midfielder,
Álex Remiro,ESP,Real Sociedad,es La Liga,28 years,36.4,0.0,0,0,0,0,0.0,0,,0,0,0,0,0,0,24,2,Goalkeeper,
Guillaume Restes,FRA,Toulouse,fr Ligue 1,18 years,34.0,0.0,0,0,0,0,0.0,3,0.0,3,0,0,0,0,0,19,1,Goalkeeper,
Mateo Retegui,ITA,Genoa,it Serie A,24 years,24.6,17.0,9,7,8,2,6.0,20,30.0,14,18,2,16,0,17,30,0,Forward,
Marco Reus,GER,Dortmund,de Bundesliga,34 years,17.8,37.0,25,20,14,3,12.0,27,44.4,15,17,2,15,5,42,18,0,Midfielder,Forward
Elvis Rexhbeçaj,KVX,Augsburg,de Bundesliga,25 years,22.1,30.0,19,14,13,3,18.0,36,50.0,18,32,7,25,20,50,20,0,Midfielder,
Gio Reyna,USA,Nottingham Forest,eng Premier League,20 years,2.6,7.0,3,4,0,3,3.0,6,50.0,3,3,0,3,2,9,0,0,Forward,Midfielder
Gio Reyna,USA,Dortmund,de Bundesliga,20 years,3.1,9.0,6,3,4,2,2.0,5,40.0,3,5,1,4,2,11,5,0,Midfielder,Forward
Chadi Riad,MAR,Betis,es La Liga,20 years,24.0,35.0,24,17,18,0,17.0,27,63.0,10,23,14,9,23,58,108,0,Defender,
Alexsandro Ribeiro,BRA,Lille,fr Ligue 1,23 years,24.7,32.0,22,24,8,0,16.0,31,51.6,15,25,15,10,35,67,116,5,Defender,
Rodrigo Ribeiro,POR,Nottingham Forest,eng Premier League,18 years,0.2,0.0,0,0,0,0,0.0,1,0.0,1,1,0,1,1,1,0,0,Midfielder,Forward
Samuele Ricci,ITA,Torino,it Serie A,21 years,26.6,33.0,18,17,12,4,15.0,23,65.2,8,21,3,18,27,60,25,0,Midfielder,
Declan Rice,ENG,Arsenal,eng Premier League,24 years,35.8,83.0,51,37,38,8,32.0,57,56.1,25,37,11,26,44,127,52,0,Midfielder,
Chris Richards,USA,Crystal Palace,eng Premier League,23 years,23.3,46.0,28,21,22,3,20.0,30,66.7,10,32,12,20,27,73,109,0,Defender,Midfielder
Amir Richardson,MAR,Reims,fr Ligue 1,21 years,15.0,33.0,23,12,18,3,10.0,22,45.5,12,26,5,21,15,48,30,0,Midfielder,
Richarlison,BRA,Tottenham,eng Premier League,26 years,16.6,16.0,11,4,8,4,2.0,10,20.0,8,32,6,26,8,24,23,0,Forward,
Marco Richter,GER,Mainz 05,de Bundesliga,25 years,8.0,10.0,4,5,3,2,4.0,11,36.4,7,9,0,9,2,12,1,0,Midfielder,Forward
Diego Rico,ESP,Getafe,es La Liga,30 years,28.2,64.0,48,32,23,9,41.0,76,53.9,35,25,8,17,41,105,76,0,Defender,
Clemens Riedel,GER,Darmstadt 98,de Bundesliga,20 years,8.4,22.0,13,16,5,1,15.0,24,62.5,9,11,3,8,11,33,26,0,Defender,
Fabian Rieder,SUI,Rennes,fr Ligue 1,21 years,4.1,13.0,7,2,9,2,6.0,11,54.5,5,3,1,2,5,18,2,0,Midfielder,
Jaïro Riedewald,NED,Crystal Palace,eng Premier League,26 years,2.6,9.0,3,2,4,3,3.0,6,50.0,3,0,0,0,2,11,2,0,Midfielder,Forward
Manuel Riemann,GER,Bochum,de Bundesliga,34 years,33.0,2.0,1,2,0,0,2.0,4,50.0,2,0,0,0,1,3,25,1,Goalkeeper,
Luis Rioja,ESP,Alavés,es La Liga,29 years,27.8,27.0,19,10,12,5,14.0,43,32.6,29,28,1,27,16,43,28,0,Forward,Midfielder
Rémy Riou,FRA,Lyon,fr Ligue 1,35 years,3.0,0.0,0,0,0,0,0.0,1,0.0,1,0,0,0,0,0,1,1,Goalkeeper,
Rodrigo Riquelme,ESP,Atlético Madrid,es La Liga,23 years,17.0,30.0,19,18,4,8,18.0,46,39.1,28,19,0,19,9,39,20,0,Defender,Midfielder
Alberto Risco,ESP,Getafe,es La Liga,17 years,1.5,2.0,2,1,1,0,0.0,4,0.0,4,0,0,0,0,2,1,0,Midfielder,
Mihailo Ristić,SRB,Celta Vigo,es La Liga,27 years,9.0,15.0,9,9,6,0,9.0,12,75.0,3,9,2,7,10,25,23,0,Defender,Midfielder
Matt Ritchie,SCO,Newcastle Utd,eng Premier League,33 years,1.4,5.0,3,2,2,1,2.0,4,50.0,2,3,2,1,1,6,5,0,Forward,Midfielder
Gorka Rivera Alonso,ESP,Getafe,es La Liga,18 years,0.0,0.0,0,0,0,0,0.0,0,,0,0,0,0,0,0,0,0,Defender,
Sergi Roberto,ESP,Barcelona,es La Liga,31 years,9.6,15.0,10,4,10,1,3.0,11,27.3,8,7,2,5,8,23,7,1,Midfielder,Defender
Lucas Robertone,ARG,Almería,es La Liga,26 years,26.5,61.0,33,28,23,10,25.0,50,50.0,25,43,9,34,51,112,43,0,Midfielder,
Connor Roberts,WAL,Burnley,eng Premier League,27 years,9.1,12.0,5,6,4,2,8.0,17,47.1,9,8,6,2,4,16,25,2,Defender,
Andrew Robertson,SCO,Liverpool,eng Premier League,29 years,18.8,35.0,24,21,11,3,26.0,43,60.5,17,20,6,14,13,48,40,0,Defender,
Antonee Robinson,USA,Fulham,eng Premier League,25 years,36.3,93.0,58,60,26,7,52.0,110,47.3,58,56,8,48,80,173,117,3,Defender,
Jack Robinson,ENG,Sheffield Utd,eng Premier League,29 years,32.1,43.0,28,29,14,0,25.0,39,64.1,14,49,33,16,33,76,132,2,Defender,
Marc Roca,ESP,Betis,es La Liga,26 years,22.0,52.0,36,17,29,6,30.0,53,56.6,23,29,6,23,17,69,23,1,Midfielder,
Sebastian Rode,GER,Eintracht Frankfurt,de Bundesliga,32 years,0.7,6.0,4,0,5,1,4.0,6,66.7,2,0,0,0,1,7,1,0,Midfielder,
Sergio Rodelas,ESP,Granada,es La Liga,18 years,1.4,3.0,2,1,0,2,0.0,3,0.0,3,0,0,0,0,3,0,0,Forward,Defender
Rodri,ESP,Manchester City,eng Premier League,27 years,32.6,70.0,43,25,33,12,29.0,60,48.3,31,32,8,24,26,96,41,4,Midfielder,
Rodri,ESP,Betis,es La Liga,23 years,11.7,17.0,10,6,7,4,8.0,21,38.1,13,11,0,11,8,25,2,0,Forward,Midfielder
Álvaro Rodríguez,URU,Real Madrid,es La Liga,19 years,0.0,0.0,0,0,0,0,0.0,0,,0,0,0,0,0,0,1,0,Forward,
Óscar Rodríguez Arnaiz,ESP,Getafe,es La Liga,25 years,10.7,24.0,13,2,15,7,9.0,15,60.0,6,12,1,11,5,29,5,0,Midfielder,Forward
Damián Rodríguez,ESP,Celta Vigo,es La Liga,20 years,2.9,6.0,3,1,3,2,1.0,3,33.3,2,4,2,2,1,7,2,0,Midfielder,
Dani Rodríguez,ESP,Mallorca,es La Liga,35 years,29.1,47.0,24,21,20,6,21.0,45,46.7,24,34,5,29,15,62,21,0,Midfielder,
Guido Rodríguez,ARG,Betis,es La Liga,29 years,20.5,53.0,30,21,24,8,34.0,55,61.8,21,27,6,21,29,82,44,0,Midfielder,
Jay Rodriguez,ENG,Burnley,eng Premier League,34 years,9.1,14.0,9,7,4,3,7.0,13,53.8,6,11,1,10,1,15,8,0,Forward,
Kirian Rodríguez,ESP,Las Palmas,es La Liga,27 years,35.7,52.0,32,22,25,5,24.0,67,35.8,43,39,3,36,28,80,23,1,Midfielder,
Miguel Rodríguez,ESP,Celta Vigo,es La Liga,20 years,3.3,6.0,3,3,1,2,3.0,9,33.3,6,8,0,8,4,10,0,0,Midfielder,
Ricardo Rodríguez,SUI,Torino,it Serie A,30 years,30.8,45.0,26,21,22,2,28.0,45,62.2,17,22,9,13,24,69,64,2,Defender,
Rodrygo,BRA,Real Madrid,es La Liga,22 years,26.4,16.0,15,2,9,5,5.0,19,26.3,14,14,0,14,8,24,6,0,Forward,
Mads Roerslev,DEN,Brentford,eng Premier League,24 years,22.1,48.0,31,34,9,5,27.0,54,50.0,27,15,3,12,19,67,71,0,Defender,
Rogério,BRA,Wolfsburg,de Bundesliga,25 years,10.1,14.0,6,7,5,2,10.0,14,71.4,4,16,5,11,5,19,23,1,Defender,
Morgan Rogers,ENG,Aston Villa,eng Premier League,21 years,7.1,8.0,1,3,2,3,2.0,11,18.2,9,11,0,11,3,11,11,0,Midfielder,Forward
Merlin Röhl,GER,Freiburg,de Bundesliga,21 years,16.4,21.0,13,10,9,2,8.0,21,38.1,13,27,3,24,9,30,22,0,Midfielder,Forward
Alessio Romagnoli,ITA,Lazio,it Serie A,28 years,26.8,25.0,18,14,11,0,16.0,24,66.7,8,29,17,12,29,54,115,0,Defender,
Simone Romagnoli,ITA,Frosinone,it Serie A,33 years,30.2,35.0,15,23,11,1,15.0,20,75.0,5,51,36,15,29,64,147,0,Defender,
Carlos Romero,ESP,Villarreal,es La Liga,21 years,2.9,11.0,5,8,1,2,7.0,12,58.3,5,3,0,3,1,12,11,0,Defender,
Cristian Romero,ARG,Tottenham,eng Premier League,25 years,31.0,66.0,40,35,25,6,32.0,44,72.7,12,46,22,24,44,110,106,1,Defender,
Isaac Romero,ESP,Sevilla,es La Liga,23 years,11.5,6.0,3,2,2,2,5.0,9,55.6,4,12,0,12,0,6,11,0,Forward,
Luka Romero,ARG,Milan,it Serie A,18 years,1.0,0.0,0,0,0,0,0.0,3,0.0,3,2,0,2,0,0,0,0,Forward,Midfielder
Luka Romero,ARG,Almería,es La Liga,18 years,4.9,5.0,1,2,3,0,2.0,4,50.0,2,12,1,11,1,6,2,1,Forward,
Oriol Romeu,ESP,Barcelona,es La Liga,31 years,10.4,34.0,20,17,14,3,13.0,24,54.2,11,12,2,10,10,44,18,0,Midfielder,
Valentin Rongier,FRA,Marseille,fr Ligue 1,28 years,9.5,23.0,12,9,12,2,14.0,26,53.8,12,16,4,12,15,38,18,0,Midfielder,
Frank Ronstadt,GER,Darmstadt 98,de Bundesliga,26 years,0.8,1.0,0,0,1,0,0.0,1,0.0,1,1,0,1,1,2,3,0,Defender,Midfielder
Marten de Roon,NED,Atalanta,it Serie A,32 years,28.9,80.0,43,36,32,12,35.0,82,42.7,47,36,10,26,40,120,54,0,Midfielder,Defender
Unai Ropero,ESP,Alavés,es La Liga,21 years,0.1,0.0,0,0,0,0,0.0,0,,0,0,0,0,0,0,0,0,Midfielder,
Vitor Roque,BRA,Barcelona,es La Liga,18 years,3.6,3.0,2,2,0,1,0.0,2,0.0,2,3,0,3,0,3,5,0,Forward,
Pablo Rosario,NED,Nice,fr Ligue 1,26 years,22.3,36.0,25,15,16,5,23.0,34,67.6,11,27,13,14,29,65,39,0,Midfielder,Defender
Valentin Rosier,FRA,Nice,fr Ligue 1,26 years,0.6,1.0,0,1,0,0,0.0,0,,0,1,0,1,2,3,5,0,Defender,Midfielder
Francesco Rossi,ITA,Atalanta,it Serie A,32 years,0.1,0.0,0,0,0,0,0.0,0,,0,0,0,0,0,0,0,0,Goalkeeper,
Joe Rothwell,ENG,Bournemouth,eng Premier League,28 years,4.3,7.0,2,4,2,1,2.0,8,25.0,6,4,2,2,3,10,2,0,Midfielder,
Anthony Rouault,FRA,Stuttgart,de Bundesliga,22 years,11.2,21.0,12,14,5,2,13.0,21,61.9,8,14,8,6,8,29,28,0,Defender,
Jérôme Roussillon,FRA,Union Berlin,de Bundesliga,30 years,8.4,16.0,9,6,7,3,8.0,12,66.7,4,13,4,9,5,21,26,0,Defender,
Nicolò Rovella,ITA,Lazio,it Serie A,21 years,14.6,46.0,28,25,17,4,16.0,36,44.4,20,27,6,21,23,69,29,0,Midfielder,
Amir Rrahmani,KVX,Napoli,it Serie A,29 years,28.9,33.0,27,17,14,2,16.0,32,50.0,16,24,10,14,20,53,90,0,Defender,
Ruan,BRA,Sassuolo,it Serie A,24 years,16.8,25.0,15,11,10,4,10.0,18,55.6,8,18,15,3,24,49,68,2,Defender,
Pelly Ruddock Mpanzu,COD,Luton Town,eng Premier League,30 years,12.2,13.0,5,6,6,1,5.0,9,55.6,4,15,7,8,9,22,16,3,Midfielder,
Antonio Rüdiger,GER,Real Madrid,es La Liga,30 years,30.1,26.0,15,18,4,4,16.0,20,80.0,4,27,20,7,11,37,89,0,Defender,
Fabian Rüdlin,GER,Freiburg,de Bundesliga,26 years,0.1,1.0,0,0,0,1,0.0,0,,0,0,0,0,0,1,0,0,Midfielder,
Javier Rueda Garcia,ESP,Celta Vigo,es La Liga,21 years,0.2,0.0,0,0,0,0,0.0,0,,0,0,0,0,0,0,0,0,Midfielder,Defender
Daniele Rugani,ITA,Juventus,it Serie A,29 years,13.2,11.0,9,7,3,1,4.0,5,80.0,1,11,4,7,9,20,42,0,Defender,
Matteo Ruggeri,ITA,Atalanta,it Serie A,21 years,27.2,29.0,15,14,7,8,16.0,30,53.3,14,46,4,42,23,52,44,0,Defender,
Mário Rui,POR,Napoli,it Serie A,32 years,13.4,27.0,15,17,5,5,14.0,21,66.7,7,17,2,15,15,42,19,0,Defender,
Aitor Ruibal,ESP,Betis,es La Liga,27 years,11.3,46.0,27,28,13,5,32.0,59,54.2,27,12,1,11,14,60,33,1,Defender,Forward
Fabián Ruiz Peña,ESP,Paris S-G,fr Ligue 1,27 years,13.3,34.0,23,17,14,3,23.0,42,54.8,19,8,2,6,11,45,21,2,Midfielder,
Sergio Ruiz,ESP,Granada,es La Liga,28 years,27.7,83.0,46,43,36,4,38.0,84,45.2,46,24,6,18,28,111,43,1,Midfielder,
Julian Ryerson,NOR,Dortmund,de Bundesliga,25 years,19.6,41.0,23,26,11,4,27.0,47,57.4,20,31,7,24,10,51,35,3,Defender,
Frederik Rønnow,DEN,Union Berlin,de Bundesliga,30 years,33.0,1.0,1,1,0,0,0.0,0,,0,0,0,0,1,2,20,2,Goalkeeper,
José Sá,POR,Wolves,eng Premier League,30 years,33.7,0.0,0,0,0,0,0.0,1,0.0,1,3,0,3,0,0,21,5,Goalkeeper,
Youssouf Sabaly,SEN,Betis,es La Liga,30 years,11.6,16.0,11,12,3,1,8.0,12,66.7,4,6,3,3,11,27,27,0,Defender,
Emmanuel Sabbi,USA,Le Havre,fr Ligue 1,25 years,17.6,38.0,19,15,15,8,16.0,39,41.0,23,26,2,24,19,57,7,0,Forward,Midfielder
Stefano Sabelli,ITA,Genoa,it Serie A,30 years,27.0,50.0,24,28,19,3,15.0,46,32.6,31,27,6,21,23,73,35,0,Defender,
Marcel Sabitzer,AUT,Dortmund,de Bundesliga,29 years,21.8,39.0,24,18,20,1,23.0,42,54.8,19,31,12,19,12,51,34,0,Midfielder,
Falaye Sacko,MLI,Montpellier,fr Ligue 1,28 years,15.4,28.0,16,13,10,5,21.0,32,65.6,11,19,7,12,24,52,37,0,Defender,
Dominic Sadi,ENG,Bournemouth,eng Premier League,19 years,0.0,0.0,0,0,0,0,0.0,0,,0,0,0,0,0,0,0,0,Forward,
Umar Sadiq,NGA,Real Sociedad,es La Liga,26 years,12.0,15.0,10,2,8,5,4.0,8,50.0,4,9,0,9,0,15,10,0,Forward,
Alexis Saelemaekers,BEL,Bologna,it Serie A,24 years,21.0,32.0,22,13,14,5,12.0,27,44.4,15,13,1,12,13,45,10,1,Forward,Midfielder
Pablo Saenz,ESP,Granada,es La Liga,22 years,0.2,3.0,3,2,0,1,1.0,3,33.3,2,0,0,0,0,3,0,0,Midfielder,
Modibo Sagnan,MLI,Montpellier,fr Ligue 1,24 years,11.7,34.0,22,23,9,2,15.0,25,60.0,10,13,9,4,15,49,67,0,Defender,
Wesley Saïd,FRA,Lens,fr Ligue 1,28 years,11.3,8.0,4,1,2,5,2.0,9,22.2,7,4,0,4,4,12,3,0,Forward,Midfielder
Théo Sainte-Luce,FRA,Montpellier,fr Ligue 1,24 years,3.8,17.0,7,10,6,1,11.0,19,57.9,8,9,4,5,3,20,15,0,Defender,
Bukayo Saka,ENG,Arsenal,eng Premier League,21 years,32.4,66.0,35,22,24,20,26.0,59,44.1,33,43,2,41,15,81,24,1,Forward,
Mamadou Sakho,FRA,Montpellier,fr Ligue 1,33 years,0.1,1.0,1,1,0,0,1.0,1,100.0,0,0,0,0,0,1,1,0,Defender,
Ibrahim Salah,MAR,Rennes,fr Ligue 1,21 years,5.8,15.0,7,5,6,4,11.0,18,61.1,7,4,0,4,10,25,5,0,Forward,Midfielder
Mohamed Salah,EGY,Liverpool,eng Premier League,31 years,28.2,17.0,11,1,8,8,6.0,21,28.6,15,19,1,18,2,19,1,0,Forward,
Amine Salama,FRA,Reims,fr Ligue 1,23 years,3.5,0.0,0,0,0,0,0.0,0,,0,1,0,1,1,1,1,0,Forward,
Kike Salas,ESP,Sevilla,es La Liga,21 years,17.8,41.0,23,26,12,3,22.0,36,61.1,14,25,14,11,26,67,91,1,Defender,
William Saliba,FRA,Arsenal,eng Premier League,22 years,38.0,41.0,26,28,12,1,20.0,27,74.1,7,32,17,15,29,70,81,3,Defender,
Mohammed Salisu,GHA,Monaco,fr Ligue 1,24 years,11.5,27.0,12,11,13,3,17.0,26,65.4,9,21,12,9,22,49,44,0,Defender,
Roland Sallai,HUN,Freiburg,de Bundesliga,26 years,20.4,17.0,10,5,5,7,8.0,20,40.0,12,21,1,20,6,23,23,0,Midfielder,Forward
Yoann Salmier,GUF,Le Havre,fr Ligue 1,30 years,17.4,22.0,10,13,6,3,13.0,20,65.0,7,21,15,6,21,43,57,0,Defender,
Salvi,ESP,Rayo Vallecano,es La Liga,32 years,0.3,0.0,0,0,0,0,0.0,4,0.0,4,0,0,0,1,1,0,0,Midfielder,
Lazar Samardzic,SRB,Udinese,it Serie A,21 years,26.4,40.0,19,18,18,4,16.0,39,41.0,23,26,6,20,10,50,25,0,Midfielder,
Diadie Samassékou,MLI,Cádiz,es La Liga,27 years,1.0,5.0,3,2,2,1,5.0,6,83.3,1,0,0,0,3,8,1,0,Midfielder,
Diadie Samassékou,MLI,Hoffenheim,de Bundesliga,27 years,0.0,0.0,0,0,0,0,0.0,0,,0,0,0,0,1,1,0,0,Midfielder,
Mama Samba Baldé,GNB,Lyon,fr Ligue 1,27 years,6.1,8.0,5,1,2,5,3.0,9,33.3,6,0,0,0,3,11,1,1,Forward,Midfielder
Brice Samba,FRA,Lens,fr Ligue 1,29 years,33.0,1.0,1,1,0,0,1.0,1,100.0,0,0,0,0,0,1,10,3,Goalkeeper,
Albert Sambi Lokonga,BEL,Luton Town,eng Premier League,23 years,14.5,29.0,18,14,12,3,17.0,24,70.8,7,23,13,10,11,40,14,0,Midfielder,
Junior Sambia,FRA,Salernitana,it Serie A,26 years,11.5,12.0,5,8,1,3,6.0,11,54.5,5,15,7,8,11,23,28,0,Defender,Midfielder
Fede San Emeterio,ESP,Cádiz,es La Liga,26 years,1.7,3.0,2,2,1,0,1.0,4,25.0,3,3,2,1,2,5,1,0,Midfielder,
Antonio Sanabria,PAR,Torino,it Serie A,27 years,23.7,18.0,15,5,9,4,4.0,9,44.4,5,7,1,6,6,24,12,0,Forward,Midfielder
Oihan Sancet,ESP,Athletic Club,es La Liga,23 years,21.9,19.0,11,3,10,6,8.0,21,38.1,13,5,1,4,10,29,5,0,Midfielder,
Renato Sanches,POR,Roma,it Serie A,25 years,1.6,2.0,1,1,1,0,2.0,3,66.7,1,2,0,2,0,2,1,0,Midfielder,
Ricard Sánchez,ESP,Granada,es La Liga,23 years,25.5,29.0,18,15,8,6,12.0,24,50.0,12,32,4,28,13,42,64,0,Defender,
Alexis Sánchez,CHI,Inter,it Serie A,34 years,8.5,7.0,6,0,5,2,1.0,4,25.0,3,4,1,3,1,8,3,0,Forward,Midfielder
Antonio Sánchez,ESP,Mallorca,es La Liga,26 years,16.1,25.0,11,13,10,2,11.0,32,34.4,21,24,5,19,13,38,13,0,Midfielder,
Davinson Sánchez,COL,Tottenham,eng Premier League,27 years,0.9,0.0,0,0,0,0,0.0,0,,0,3,2,1,1,1,2,0,Defender,
Juanlu Sánchez,ESP,Sevilla,es La Liga,19 years,13.1,56.0,35,34,18,4,34.0,58,58.6,24,24,7,17,12,68,36,0,Defender,
Manu Sánchez,ESP,Celta Vigo,es La Liga,22 years,19.7,54.0,28,21,25,8,31.0,55,56.4,24,23,3,20,19,73,65,0,Defender,Midfielder
Robert Sánchez,ESP,Chelsea,eng Premier League,25 years,15.9,0.0,0,0,0,0,0.0,0,,0,0,0,0,0,0,11,3,Goalkeeper,
Jadon Sancho,ENG,Manchester Utd,eng Premier League,23 years,0.9,1.0,0,1,0,0,1.0,3,33.3,2,1,0,1,1,2,0,0,Forward,Midfielder
Jadon Sancho,ENG,Dortmund,de Bundesliga,23 years,10.5,5.0,4,1,3,1,0.0,4,0.0,4,11,0,11,4,9,6,0,Forward,Midfielder
Alex Sandro,BRA,Juventus,it Serie A,32 years,8.0,13.0,7,7,6,0,4.0,5,80.0,1,13,7,6,15,28,23,0,Defender,
Ibou Sané,SEN,Metz,fr Ligue 1,18 years,1.4,6.0,4,2,1,3,2.0,2,100.0,0,3,0,3,1,7,2,0,Midfielder,Forward
Leroy Sané,GER,Bayern Munich,de Bundesliga,27 years,23.7,15.0,8,6,6,3,4.0,19,21.1,15,12,0,12,7,22,3,0,Forward,
Sadibou Sané,SEN,Metz,fr Ligue 1,19 years,9.4,19.0,12,16,2,1,6.0,7,85.7,1,14,9,5,8,27,64,0,Defender,
Arouna Sangante,SEN,Le Havre,fr Ligue 1,21 years,29.9,53.0,33,27,23,3,24.0,40,60.0,16,35,18,17,66,119,93,2,Defender,
Ibrahim Sangaré,CIV,Nottingham Forest,eng Premier League,25 years,11.5,42.0,23,25,13,4,12.0,29,41.4,17,24,7,17,16,58,21,0,Midfielder,
Morgan Sanson,FRA,Nice,fr Ligue 1,28 years,21.8,26.0,19,12,7,7,12.0,31,38.7,19,34,5,29,20,46,16,0,Midfielder,
Nicola Sansone,ITA,Lecce,it Serie A,31 years,8.5,11.0,6,6,2,3,5.0,16,31.3,11,7,1,6,4,15,5,2,Forward,Midfielder
Baptiste Santamaria,FRA,Rennes,fr Ligue 1,28 years,21.4,52.0,33,21,25,6,29.0,46,63.0,17,15,6,9,34,86,33,1,Midfielder,
Jesús Santiago,ESP,Getafe,es La Liga,19 years,7.3,17.0,8,8,5,4,4.0,7,57.1,3,3,0,3,0,17,8,0,Midfielder,
Andrey Santos,BRA,Nottingham Forest,eng Premier League,19 years,0.1,0.0,0,0,0,0,0.0,0,,0,1,0,1,0,0,0,0,Midfielder,
Andrey Santos,BRA,Strasbourg,fr Ligue 1,19 years,9.2,29.0,18,15,13,1,17.0,26,65.4,9,8,0,8,10,39,11,1,Midfielder,
Tiago Santos,POR,Lille,fr Ligue 1,21 years,26.3,63.0,42,31,19,13,30.0,52,57.7,22,24,5,19,15,78,37,0,Defender,
Paco Sanz,ESP,Almería,es La Liga,18 years,0.3,0.0,0,0,0,0,0.0,1,0.0,1,0,0,0,0,0,4,0,Defender,
Riccardo Saponara,ITA,Hellas Verona,it Serie A,31 years,3.8,3.0,1,2,0,1,1.0,7,14.3,6,4,0,4,0,3,2,0,Forward,Midfielder
Pablo Sarabia,ESP,Wolves,eng Premier League,31 years,19.4,20.0,13,8,8,4,12.0,36,33.3,24,17,1,16,10,30,9,0,Midfielder,Forward
Amin Sarr,SWE,Lyon,fr Ligue 1,22 years,1.1,1.0,0,0,1,0,0.0,0,,0,1,0,1,0,1,1,0,Forward,Midfielder
Amin Sarr,SWE,Wolfsburg,de Bundesliga,22 years,4.3,3.0,2,1,2,0,1.0,2,50.0,1,6,1,5,2,5,1,0,Forward,Midfielder
Bouna Sarr,SEN,Bayern Munich,de Bundesliga,31 years,1.2,2.0,0,1,1,0,2.0,2,100.0,0,3,0,3,0,2,1,0,Defender,
Ismaila Sarr,SEN,Marseille,fr Ligue 1,25 years,16.1,14.0,8,2,10,2,6.0,17,35.3,11,21,6,15,13,27,11,0,Forward,Midfielder
Mamadou Sarr,FRA,Lyon,fr Ligue 1,17 years,0.1,0.0,0,0,0,0,0.0,0,,0,0,0,0,0,0,0,0,Defender,
Martin Satriano,URU,Brest,fr Ligue 1,22 years,20.7,24.0,16,6,13,5,10.0,25,40.0,15,19,7,12,7,31,28,0,Forward,
Téji Savanier,FRA,Montpellier,fr Ligue 1,31 years,30.7,37.0,20,16,15,6,14.0,63,22.2,49,36,8,28,33,70,28,1,Midfielder,
Stefan Savić,MNE,Atlético Madrid,es La Liga,32 years,18.1,27.0,19,16,7,4,15.0,30,50.0,15,29,15,14,27,54,61,1,Defender,
Sávio,BRA,Girona,es La Liga,19 years,33.1,42.0,25,14,22,6,16.0,28,57.1,12,34,0,34,18,60,11,1,Forward,Midfielder
Zanos Savva,CYP,Torino,it Serie A,17 years,0.3,1.0,1,0,1,0,1.0,3,33.3,2,0,0,0,0,1,1,0,Defender,Midfielder
Saba Sazonov,GEO,Torino,it Serie A,21 years,4.0,9.0,7,4,5,0,3.0,3,100.0,0,8,5,3,3,12,22,0,Defender,
Joe Scally,USA,Gladbach,de Bundesliga,20 years,24.8,41.0,28,21,17,3,23.0,40,57.5,17,31,11,20,18,59,78,2,Defender,
Giorgio Scalvini,ITA,Atalanta,it Serie A,19 years,28.3,53.0,33,29,19,5,19.0,40,47.5,21,44,17,27,59,112,71,0,Defender,
Gianluca Scamacca,ITA,Atalanta,it Serie A,24 years,16.1,15.0,9,4,5,6,7.0,14,50.0,7,7,1,6,4,19,9,0,Forward,
Dane Scarlett,ENG,Tottenham,eng Premier League,19 years,0.2,1.0,1,0,0,1,0.0,1,0.0,1,0,0,0,0,1,0,0,Forward,
Kevin Schade,GER,Brentford,eng Premier League,21 years,3.7,3.0,1,1,2,0,0.0,5,0.0,5,2,0,2,1,4,4,0,Forward,Midfielder
András Schäfer,HUN,Union Berlin,de Bundesliga,24 years,13.5,29.0,16,9,15,5,11.0,20,55.0,9,25,4,21,20,49,25,0,Midfielder,
Fabian Schär,SUI,Newcastle Utd,eng Premier League,31 years,33.9,42.0,24,27,13,2,18.0,40,45.0,22,50,38,12,36,78,133,1,Defender,
Patrik Schick,CZE,Leverkusen,de Bundesliga,27 years,11.8,6.0,4,0,3,3,1.0,5,20.0,4,2,0,2,1,7,7,0,Forward,
Stefan Schimmer,GER,Heidenheim,de Bundesliga,29 years,1.7,1.0,1,0,1,0,0.0,3,0.0,3,2,0,2,1,2,6,0,Midfielder,Forward
Xaver Schlager,AUT,RB Leipzig,de Bundesliga,25 years,27.5,81.0,50,35,38,8,21.0,53,39.6,32,41,8,33,19,100,27,0,Midfielder,
Keven Schlotterbeck,GER,Bochum,de Bundesliga,26 years,24.3,42.0,22,26,14,2,25.0,30,83.3,5,33,23,10,33,75,104,2,Defender,
Nico Schlotterbeck,GER,Dortmund,de Bundesliga,23 years,31.8,70.0,50,36,27,7,41.0,65,63.1,24,52,25,27,45,115,101,3,Defender,
Jeffrey Schlupp,GHA,Crystal Palace,eng Premier League,30 years,15.0,38.0,24,14,16,8,9.0,18,50.0,9,13,2,11,8,46,24,0,Forward,Midfielder
Romano Schmid,AUT,Werder Bremen,de Bundesliga,23 years,28.9,35.0,20,7,22,6,14.0,46,30.4,32,36,7,29,11,46,17,2,Midfielder,Forward
Kenneth Schmidt,GER,Freiburg,de Bundesliga,21 years,0.8,2.0,2,2,0,0,2.0,4,50.0,2,1,0,1,1,3,2,0,Defender,
Niklas Schmidt,GER,Toulouse,fr Ligue 1,25 years,14.1,36.0,21,13,19,4,16.0,33,48.5,17,14,7,7,4,40,13,0,Midfielder,
Benno Schmitz,GER,Köln,de Bundesliga,28 years,12.8,27.0,15,20,7,0,17.0,34,50.0,17,19,4,15,7,34,29,0,Defender,
Fabian Schnellhardt,GER,Darmstadt 98,de Bundesliga,29 years,2.6,4.0,1,2,1,1,1.0,3,33.3,2,1,0,1,4,8,5,0,Midfielder,
Jan Schöppner,GER,Heidenheim,de Bundesliga,24 years,22.2,48.0,26,26,20,2,21.0,42,50.0,21,37,7,30,26,74,57,0,Midfielder,
Marcel Schuhen,GER,Darmstadt 98,de Bundesliga,30 years,31.0,1.0,0,1,0,0,1.0,3,33.3,2,0,0,0,2,3,11,4,Goalkeeper,
Perr Schuurs,NED,Torino,it Serie A,23 years,8.6,20.0,12,11,8,1,3.0,9,33.3,6,10,2,8,9,29,23,0,Defender,
Marvin Schwäbe,GER,Köln,de Bundesliga,28 years,34.0,1.0,0,1,0,0,1.0,1,100.0,0,0,0,0,0,1,10,1,Goalkeeper,
Alexander Schwolow,GER,Union Berlin,de Bundesliga,31 years,1.0,0.0,0,0,0,0,0.0,0,,0,0,0,0,0,0,2,0,Goalkeeper,
Alex Scott,ENG,Bournemouth,eng Premier League,19 years,11.3,24.0,15,8,10,6,12.0,28,42.9,16,14,4,10,12,36,18,2,Midfielder,
Simone Scuffet,ITA,Cagliari,it Serie A,27 years,31.0,1.0,0,1,0,0,1.0,2,50.0,1,1,0,1,1,2,9,0,Goalkeeper,
Jérémy Sebas,MTQ,Strasbourg,fr Ligue 1,20 years,4.4,7.0,1,2,3,2,3.0,5,60.0,2,3,1,2,1,8,1,0,Forward,Midfielder
Demba Seck,SEN,Torino,it Serie A,22 years,4.7,5.0,3,1,4,0,3.0,4,75.0,1,1,0,1,1,6,0,0,Midfielder,
Demba Seck,SEN,Frosinone,it Serie A,22 years,3.3,7.0,4,2,3,2,4.0,5,80.0,1,3,0,3,1,8,1,0,Forward,Midfielder
Aleksandar Sedlar,SRB,Alavés,es La Liga,31 years,10.5,14.0,10,10,4,0,10.0,16,62.5,6,8,4,4,13,27,43,0,Defender,
Alidu Seidu,GHA,Rennes,fr Ligue 1,23 years,6.6,21.0,9,17,3,1,14.0,19,73.7,5,11,3,8,10,31,13,0,Defender,
Alidu Seidu,GHA,Clermont Foot,fr Ligue 1,23 years,12.6,32.0,24,17,15,0,24.0,31,77.4,7,15,7,8,25,57,37,0,Defender,
Nicolas Seiwald,AUT,RB Leipzig,de Bundesliga,22 years,8.0,33.0,18,16,15,2,16.0,25,64.0,9,12,2,10,8,41,15,0,Midfielder,
Nikola Sekulov,ITA,Juventus,it Serie A,21 years,0.1,0.0,0,0,0,0,0.0,0,,0,0,0,0,0,0,0,0,Forward,
Davie Selke,GER,Köln,de Bundesliga,28 years,14.1,4.0,2,1,3,0,0.0,2,0.0,2,5,3,2,0,4,20,0,Forward,
Matz Sels,BEL,Nottingham Forest,eng Premier League,31 years,16.0,0.0,0,0,0,0,0.0,0,,0,0,0,0,0,0,11,1,Goalkeeper,
Matz Sels,BEL,Strasbourg,fr Ligue 1,31 years,19.0,0.0,0,0,0,0,0.0,0,,0,2,0,2,0,0,13,1,Goalkeeper,
Nélson Semedo,POR,Wolves,eng Premier League,29 years,34.3,79.0,48,52,19,8,38.0,64,59.4,26,44,8,36,36,115,85,1,Defender,Midfielder
Vivaldo Semedo,POR,Udinese,it Serie A,18 years,0.1,0.0,0,0,0,0,0.0,0,,0,0,0,0,0,0,0,0,Forward,
Antoine Semenyo,GHA,Bournemouth,eng Premier League,23 years,23.4,24.0,17,7,9,8,9.0,27,33.3,18,39,2,37,6,30,21,0,Forward,
Marvin Senaya,TOG,Strasbourg,fr Ligue 1,22 years,23.8,72.0,53,38,25,9,42.0,68,61.8,26,40,13,27,41,113,68,0,Defender,Midfielder
Marcos Senesi,ARG,Bournemouth,eng Premier League,26 years,24.9,55.0,32,28,23,4,24.0,56,42.9,32,50,23,27,35,90,109,1,Defender,
Stefano Sensi,ITA,Inter,it Serie A,27 years,0.5,1.0,1,0,1,0,1.0,3,33.3,2,1,0,1,1,2,0,0,Midfielder,
Suat Serdar,GER,Hellas Verona,it Serie A,26 years,18.4,51.0,39,24,23,4,22.0,45,48.9,23,29,7,22,20,71,25,1,Midfielder,
Benjamin Šeško,SVN,RB Leipzig,de Bundesliga,20 years,17.0,13.0,5,2,7,4,2.0,9,22.2,7,23,2,21,3,16,27,0,Forward,
Kevin Sessa,GER,Heidenheim,de Bundesliga,23 years,11.2,17.0,10,9,6,2,7.0,16,43.8,9,12,1,11,4,21,17,0,Midfielder,Forward
Aaron Seydel,GER,Darmstadt 98,de Bundesliga,27 years,6.9,3.0,2,0,2,1,0.0,3,0.0,3,8,2,6,1,4,9,0,Forward,
Andres Sfait,ROU,Salernitana,it Serie A,18 years,0.3,1.0,1,1,0,0,1.0,2,50.0,1,0,0,0,0,1,0,0,Defender,Midfielder
Stephan El Shaarawy,ITA,Roma,it Serie A,30 years,19.3,21.0,13,14,4,3,6.0,15,40.0,9,11,4,7,13,34,15,2,Forward,Defender
Luke Shaw,ENG,Manchester Utd,eng Premier League,28 years,10.7,11.0,8,7,3,1,9.0,15,60.0,6,18,11,7,6,17,39,0,Defender,
James Shea,ENG,Luton Town,eng Premier League,32 years,0.2,0.0,0,0,0,0,0.0,0,,0,0,0,0,0,0,2,0,Goalkeeper,
Eldor Shomurodov,UZB,Cagliari,it Serie A,28 years,10.4,11.0,4,2,6,3,6.0,10,60.0,4,5,0,5,4,15,4,0,Forward,Midfielder
Steven Shpendi,ALB,Empoli,it Serie A,20 years,4.6,0.0,0,0,0,0,0.0,4,0.0,4,2,1,1,1,1,0,0,Forward,Midfielder
Sofiane Sidi Ali,FRA,Marseille,fr Ligue 1,28 years,0.2,2.0,0,0,2,0,1.0,2,50.0,1,1,0,1,2,4,0,0,Midfielder,
Vincent Sierro,SUI,Toulouse,fr Ligue 1,27 years,25.1,41.0,24,15,20,6,27.0,77,35.1,50,37,13,24,27,68,33,0,Midfielder,
Tim Siersleben,GER,Heidenheim,de Bundesliga,23 years,10.1,27.0,11,21,6,0,8.0,20,40.0,12,16,10,6,21,48,29,1,Defender,
Kiliann Sildillia,FRA,Freiburg,de Bundesliga,21 years,20.1,43.0,19,28,8,7,26.0,42,61.9,16,33,15,18,22,65,64,0,Defender,
André Silva,POR,Real Sociedad,es La Liga,27 years,8.1,2.0,2,0,0,2,0.0,4,0.0,4,3,0,3,1,3,3,0,Forward,
Bernardo Silva,POR,Manchester City,eng Premier League,28 years,28.6,51.0,23,13,25,13,25.0,57,43.9,32,32,4,28,17,68,15,1,Midfielder,Forward
Caio Henrique Oliveira Silva,BRA,Monaco,fr Ligue 1,26 years,6.9,13.0,7,3,7,3,6.0,9,66.7,3,8,2,6,6,19,9,0,Defender,
Fábio Silva,POR,Wolves,eng Premier League,21 years,2.9,7.0,4,3,4,0,2.0,3,66.7,1,1,0,1,2,9,0,0,Forward,
Rui Silva,POR,Betis,es La Liga,29 years,27.5,0.0,0,0,0,0,0.0,3,0.0,3,0,0,0,1,1,13,1,Goalkeeper,
Thiago Silva,BRA,Chelsea,eng Premier League,38 years,28.1,29.0,15,22,6,1,20.0,34,58.8,14,33,24,9,26,55,153,4,Defender,
Marco Silvestri,ITA,Udinese,it Serie A,32 years,17.0,0.0,0,0,0,0,0.0,3,0.0,3,1,0,1,0,0,5,3,Goalkeeper,
Mohamed Simakan,FRA,RB Leipzig,de Bundesliga,23 years,23.8,48.0,29,28,19,1,32.0,44,72.7,12,36,14,22,29,77,69,0,Defender,
Giovanni Simeone,ARG,Napoli,it Serie A,28 years,8.9,12.0,4,1,3,8,3.0,12,25.0,9,11,0,11,1,13,7,0,Forward,
Giuliano Simeone,ARG,Alavés,es La Liga,20 years,7.0,7.0,5,2,3,2,5.0,17,29.4,12,10,0,10,5,12,3,0,Forward,
Jan-Carlo Simic,SRB,Milan,it Serie A,18 years,1.6,1.0,1,1,0,0,0.0,0,,0,5,4,1,0,1,3,0,Defender,
Moses Simon,NGA,Nantes,fr Ligue 1,28 years,19.9,7.0,5,2,5,0,2.0,8,25.0,6,9,1,8,3,10,5,1,Forward,Midfielder
Unai Simón,ESP,Athletic Club,es La Liga,26 years,35.4,2.0,1,1,1,0,2.0,3,66.7,1,0,0,0,1,3,9,0,Goalkeeper,
Xavi Simons,NED,RB Leipzig,de Bundesliga,20 years,29.5,30.0,17,10,11,9,15.0,31,48.4,16,23,0,23,16,46,4,0,Midfielder,
Wilfried Singo,CIV,Monaco,fr Ligue 1,22 years,24.3,34.0,25,18,14,2,17.0,26,65.4,9,27,14,13,51,85,81,2,Defender,
Luis Sinisterra,COL,Bournemouth,eng Premier League,24 years,7.8,23.0,12,9,10,4,9.0,16,56.3,7,18,0,18,8,31,4,0,Forward,Midfielder
Daley Sinkgraven,NED,Las Palmas,es La Liga,28 years,4.2,11.0,5,6,5,0,2.0,8,25.0,6,5,3,2,6,17,9,0,Defender,
Jailson Siqueira,BRA,Celta Vigo,es La Liga,27 years,10.0,27.0,18,22,5,0,13.0,24,54.2,11,13,5,8,12,39,32,0,Defender,Midfielder
Ayanda Sishuba,BEL,Lens,fr Ligue 1,18 years,0.7,3.0,1,0,2,1,1.0,2,50.0,1,1,0,1,0,3,0,0,Midfielder,Forward
Ibrahima Sissoko,MLI,Strasbourg,fr Ligue 1,25 years,18.2,47.0,33,13,25,9,23.0,30,76.7,7,21,8,13,19,66,30,0,Midfielder,
Moussa Sissoko,FRA,Nantes,fr Ligue 1,33 years,20.2,27.0,16,13,8,6,12.0,25,48.0,13,8,2,6,12,39,31,0,Midfielder,
Antonio Sivera,ESP,Alavés,es La Liga,26 years,34.0,0.0,0,0,0,0,0.0,1,0.0,1,0,0,0,0,0,17,1,Goalkeeper,
Tim Skarke,GER,Darmstadt 98,de Bundesliga,26 years,26.7,26.0,16,12,10,4,10.0,28,35.7,18,25,2,23,6,32,20,0,Forward,Defender
Ellyes Skhiri,TUN,Eintracht Frankfurt,de Bundesliga,28 years,24.1,44.0,24,18,19,7,19.0,36,52.8,17,33,4,29,39,83,47,2,Midfielder,
Oliver Skipp,ENG,Tottenham,eng Premier League,22 years,7.9,18.0,12,9,6,3,11.0,18,61.1,7,12,1,11,3,21,9,0,Midfielder,Defender
Leo Skiri Østigård,NOR,Napoli,it Serie A,23 years,18.1,24.0,12,13,10,1,6.0,11,54.5,5,18,12,6,16,40,65,0,Defender,
Łukasz Skorupski,POL,Bologna,it Serie A,32 years,32.0,2.0,2,2,0,0,2.0,3,66.7,1,0,0,0,1,3,11,3,Goalkeeper,
Robert Skov,DEN,Hoffenheim,de Bundesliga,27 years,14.0,24.0,16,15,8,1,17.0,36,47.2,19,17,4,13,10,34,23,1,Defender,Forward
Milan Škriniar,SVK,Paris S-G,fr Ligue 1,28 years,18.1,24.0,18,17,7,0,14.0,22,63.6,8,19,10,9,12,36,51,2,Defender,
Naatan Skyttä,FIN,Toulouse,fr Ligue 1,21 years,1.3,4.0,4,2,1,1,1.0,1,100.0,0,0,0,0,0,4,0,0,Midfielder,Forward
Chris Smalling,ENG,Roma,it Serie A,33 years,4.3,1.0,1,1,0,0,1.0,4,25.0,3,6,5,1,5,6,8,0,Defender,
Adam Smith,ENG,Bournemouth,eng Premier League,32 years,23.9,37.0,23,18,11,8,19.0,39,48.7,20,28,11,17,21,58,62,0,Defender,
Emile Smith Rowe,ENG,Arsenal,eng Premier League,23 years,3.9,4.0,1,2,2,0,2.0,4,50.0,2,3,1,2,3,7,1,0,Midfielder,
Hrvoje Smolčić,CRO,Eintracht Frankfurt,de Bundesliga,22 years,3.9,7.0,3,7,0,0,4.0,5,80.0,1,3,1,2,6,13,23,1,Defender,
Cédric Soares,POR,Arsenal,eng Premier League,31 years,0.7,0.0,0,0,0,0,0.0,0,,0,0,0,0,0,0,0,0,Defender,
Danilo Soares,BRA,Bochum,de Bundesliga,31 years,3.9,10.0,6,5,3,2,5.0,8,62.5,3,6,0,6,7,17,11,0,Defender,
Eduard Sobol,UKR,Strasbourg,fr Ligue 1,28 years,0.3,0.0,0,0,0,0,0.0,0,,0,0,0,0,0,0,1,0,Defender,
Rubén Sobrino,ESP,Cádiz,es La Liga,31 years,18.3,52.0,28,18,26,8,22.0,51,43.1,29,26,2,24,16,68,18,0,Midfielder,Forward
Andrea Sodero,ITA,Empoli,it Serie A,18 years,0.1,0.0,0,0,0,0,0.0,0,,0,0,0,0,0,0,0,0,Midfielder,
Emran Soglo,ENG,Marseille,fr Ligue 1,18 years,1.2,2.0,1,0,2,0,1.0,3,33.3,2,6,0,6,1,3,3,0,Midfielder,Defender
Alex Sola,ESP,Alavés,es La Liga,24 years,14.0,27.0,15,11,9,7,14.0,26,53.8,12,18,2,16,11,38,16,0,Forward,Midfielder
Alex Sola,ESP,Real Sociedad,es La Liga,24 years,0.3,0.0,0,0,0,0,0.0,0,,0,0,0,0,1,1,2,0,Defender,Midfielder
Dominic Solanke,ENG,Bournemouth,eng Premier League,25 years,36.9,23.0,11,3,13,7,10.0,29,34.5,19,24,5,19,7,30,43,0,Forward,
Ola Solbakken,NOR,Roma,it Serie A,24 years,0.3,0.0,0,0,0,0,0.0,0,,0,0,0,0,0,0,0,0,Forward,
Carlos Soler,ESP,Paris S-G,fr Ligue 1,26 years,12.1,15.0,10,9,2,4,6.0,21,28.6,15,10,3,7,5,20,11,1,Midfielder,Defender
Jhon Solis,COL,Girona,es La Liga,18 years,4.3,10.0,8,4,5,1,4.0,12,33.3,8,8,3,5,8,18,7,1,Midfielder,
Manor Solomon,ISR,Tottenham,eng Premier League,24 years,2.2,3.0,3,1,1,1,1.0,2,50.0,1,4,0,4,3,6,2,0,Forward,
Daniele Sommariva,ITA,Genoa,it Serie A,26 years,0.1,0.0,0,0,0,0,0.0,0,,0,0,0,0,0,0,0,0,Goalkeeper,
Yann Sommer,SUI,Inter,it Serie A,34 years,34.0,2.0,1,2,0,0,2.0,2,100.0,0,1,0,1,0,2,7,1,Goalkeeper,
Brandon Soppy,FRA,Torino,it Serie A,21 years,2.0,2.0,2,1,1,0,2.0,6,33.3,4,2,0,2,0,2,3,1,Defender,
David Soria,ESP,Getafe,es La Liga,30 years,37.9,0.0,0,0,0,0,0.0,2,0.0,2,0,0,0,0,0,21,6,Goalkeeper,
Alberto Soro,ESP,Granada,es La Liga,24 years,0.1,0.0,0,0,0,0,0.0,0,,0,0,0,0,0,0,0,0,Midfielder,
Alessandro Sorrentino,ITA,Monza,it Serie A,21 years,6.1,0.0,0,0,0,0,0.0,0,,0,0,0,0,0,0,0,0,Goalkeeper,
Borna Sosa,CRO,Stuttgart,de Bundesliga,25 years,0.5,0.0,0,0,0,0,0.0,1,0.0,1,0,0,0,0,0,0,0,Forward,Defender
Hugo Sotelo,ESP,Celta Vigo,es La Liga,19 years,8.0,19.0,17,3,13,3,8.0,20,40.0,12,7,1,6,2,21,5,0,Midfielder,
Florian Sotoca,FRA,Lens,fr Ligue 1,32 years,28.9,33.0,22,9,21,3,17.0,38,44.7,21,41,4,37,20,53,34,0,Midfielder,Forward
Riccardo Sottil,ITA,Fiorentina,it Serie A,24 years,12.3,10.0,5,5,1,4,3.0,8,37.5,5,12,0,12,2,12,2,0,Forward,
Tomáš Souček,CZE,West Ham,eng Premier League,28 years,31.9,53.0,35,24,26,3,21.0,47,44.7,26,55,28,27,37,90,109,0,Midfielder,
Matìas Soulé,ARG,Frosinone,it Serie A,20 years,34.7,41.0,27,12,14,15,19.0,40,47.5,21,38,4,34,18,59,9,0,Forward,Midfielder
Boubakary Soumaré,FRA,Sevilla,es La Liga,24 years,25.4,39.0,28,24,14,1,14.0,26,53.8,12,25,7,18,26,65,20,1,Midfielder,
Issa Soumaré,SEN,Le Havre,fr Ligue 1,22 years,2.6,2.0,0,2,0,0,0.0,4,0.0,4,0,0,0,0,2,2,0,Forward,Midfielder
Vinicius Souza,BRA,Sheffield Utd,eng Premier League,24 years,29.6,125.0,76,59,51,15,41.0,74,55.4,33,57,17,40,32,157,75,1,Midfielder,
Djibril Sow,SUI,Sevilla,es La Liga,26 years,16.2,28.0,21,15,8,5,9.0,25,36.0,16,20,3,17,17,45,8,1,Midfielder,
Saidou Sow,GUI,Strasbourg,fr Ligue 1,21 years,8.0,20.0,12,17,3,0,9.0,13,69.2,4,7,4,3,12,32,36,3,Defender,
Çağlar Söyüncü,TUR,Atlético Madrid,es La Liga,27 years,1.3,1.0,1,1,0,0,0.0,0,,0,1,0,1,1,2,7,0,Defender,
Djed Spence,ENG,Genoa,it Serie A,22 years,9.5,16.0,10,12,4,0,8.0,10,80.0,2,20,5,15,8,24,28,0,Defender,
Stijn Spierings,NED,Toulouse,fr Ligue 1,27 years,16.8,53.0,40,26,20,7,29.0,52,55.8,23,22,5,17,26,79,32,0,Midfielder,
Stijn Spierings,NED,Lens,fr Ligue 1,27 years,1.3,1.0,0,0,1,0,1.0,1,100.0,0,2,1,1,2,3,1,0,Midfielder,
Leonardo Spinazzola,ITA,Roma,it Serie A,30 years,14.6,15.0,7,10,5,0,8.0,18,44.4,10,8,2,6,3,18,15,0,Defender,
Marco Sportiello,ITA,Milan,it Serie A,31 years,7.0,0.0,0,0,0,0,0.0,0,,0,0,0,0,0,0,2,0,Goalkeeper,
Anton Stach,GER,Hoffenheim,de Bundesliga,24 years,25.8,73.0,42,40,27,6,33.0,63,52.4,30,38,12,26,72,145,67,1,Midfielder,
Anton Stach,GER,Mainz 05,de Bundesliga,24 years,1.9,3.0,0,2,0,1,2.0,4,50.0,2,5,0,5,2,5,5,0,Midfielder,
Jens Stage,DEN,Werder Bremen,de Bundesliga,26 years,25.9,52.0,22,21,23,8,18.0,50,36.0,32,42,23,19,23,75,55,0,Midfielder,
Benjamin Stambouli,FRA,Reims,fr Ligue 1,32 years,3.2,9.0,7,3,5,1,6.0,11,54.5,5,3,1,2,2,11,8,0,Midfielder,
Josip Stanišić,CRO,Leverkusen,de Bundesliga,23 years,14.0,38.0,20,19,13,6,22.0,33,66.7,11,18,3,15,9,47,26,0,Defender,
Carl Starfelt,SWE,Celta Vigo,es La Liga,28 years,24.6,36.0,30,30,5,1,19.0,28,67.9,9,35,28,7,34,70,159,2,Defender,
Niklas Stark,GER,Werder Bremen,de Bundesliga,28 years,12.1,26.0,15,13,11,2,12.0,18,66.7,6,14,7,7,19,45,61,1,Defender,
Jason Steele,ENG,Brighton,eng Premier League,32 years,17.0,0.0,0,0,0,0,0.0,3,0.0,3,0,0,0,0,0,8,1,Goalkeeper,
Pascal Stenzel,GER,Stuttgart,de Bundesliga,27 years,11.8,18.0,8,7,9,2,10.0,30,33.3,20,22,8,14,15,33,26,0,Defender,
Leonidas Stergiou,SUI,Stuttgart,de Bundesliga,21 years,6.6,15.0,8,7,7,1,9.0,13,69.2,4,8,1,7,5,20,13,0,Defender,
Raheem Sterling,ENG,Chelsea,eng Premier League,28 years,22.0,21.0,10,7,8,6,12.0,26,46.2,14,13,0,13,13,34,9,1,Forward,Midfielder
Trivante Stewart,JAM,Salernitana,it Serie A,23 years,1.1,0.0,0,0,0,0,0.0,0,,0,1,0,1,0,0,0,0,Forward,Midfielder
Angelo Stiller,GER,Hoffenheim,de Bundesliga,22 years,0.9,0.0,0,0,0,0,0.0,1,0.0,1,2,0,2,0,0,3,0,Midfielder,
Angelo Stiller,GER,Stuttgart,de Bundesliga,22 years,29.9,55.0,33,15,34,6,24.0,42,57.1,18,41,13,28,28,83,25,2,Midfielder,
Kevin Stöger,AUT,Bochum,de Bundesliga,29 years,29.6,49.0,30,21,21,7,25.0,63,39.7,38,46,4,42,19,68,18,0,Midfielder,
Filip Stojilković,SUI,Darmstadt 98,de Bundesliga,23 years,1.7,1.0,1,0,0,1,0.0,0,,0,0,0,0,0,1,1,0,Forward,Midfielder
John Stones,ENG,Manchester City,eng Premier League,29 years,11.8,2.0,1,1,0,1,0.0,3,0.0,3,11,7,4,10,12,21,0,Defender,Midfielder
Thomas Strakosha,ALB,Brentford,eng Premier League,28 years,1.5,0.0,0,0,0,0,0.0,0,,0,0,0,0,0,0,0,0,Goalkeeper,
Jørgen Strand Larsen,NOR,Celta Vigo,es La Liga,23 years,31.8,21.0,11,1,15,5,8.0,38,21.1,30,15,1,14,5,26,17,0,Forward,
Gabriel Strefezza,BRA,Lecce,it Serie A,26 years,12.4,24.0,17,8,7,9,14.0,20,70.0,6,17,0,17,7,31,11,0,Forward,
Kevin Strootman,NED,Genoa,it Serie A,33 years,13.4,34.0,19,13,18,3,15.0,31,48.4,16,20,6,14,7,41,22,0,Midfielder,
Cristhian Stuani,URU,Girona,es La Liga,36 years,8.9,14.0,11,4,6,4,4.0,7,57.1,3,9,2,7,5,19,13,0,Forward,
Álex Suárez,ESP,Las Palmas,es La Liga,30 years,28.5,53.0,36,33,15,5,31.0,37,83.8,6,33,14,19,18,71,84,0,Defender,
Damián Suárez,URU,Getafe,es La Liga,35 years,14.4,36.0,21,16,16,4,26.0,45,57.8,19,13,3,10,10,46,31,0,Defender,
Denis Suárez,ESP,Villarreal,es La Liga,29 years,1.5,0.0,0,0,0,0,0.0,2,0.0,2,2,2,0,0,0,4,0,Midfielder,Forward
Gabriel Suazo,CHI,Toulouse,fr Ligue 1,25 years,26.2,66.0,32,40,19,7,38.0,86,44.2,48,37,4,33,26,92,33,0,Defender,
Isaac Success,NGA,Udinese,it Serie A,27 years,9.8,6.0,4,0,5,1,1.0,3,33.3,2,6,1,5,2,8,11,0,Forward,Midfielder
Niklas Süle,GER,Dortmund,de Bundesliga,27 years,16.8,18.0,10,14,3,1,11.0,16,68.8,5,25,14,11,25,43,58,2,Defender,
Ibrahim Sulemana,GHA,Cagliari,it Serie A,20 years,14.9,36.0,14,15,15,6,17.0,27,63.0,10,24,5,19,7,43,23,0,Midfielder,
Tomáš Suslov,SVK,Hellas Verona,it Serie A,21 years,23.2,42.0,30,11,22,9,15.0,47,31.9,32,15,0,15,6,48,8,0,Midfielder,Forward
Suso,ESP,Sevilla,es La Liga,29 years,16.9,24.0,17,14,8,2,8.0,28,28.6,20,9,0,9,5,29,4,0,Midfielder,Forward
Mattias Svanberg,SWE,Wolfsburg,de Bundesliga,24 years,19.1,37.0,17,8,19,10,12.0,38,31.6,26,25,5,20,21,58,28,0,Midfielder,
Max Svensson,ESP,Osasuna,es La Liga,nan years,0.0,1.0,0,0,0,1,0.0,0,,0,0,0,0,0,1,0,0,Forward,
Mile Svilar,SRB,Roma,it Serie A,23 years,15.0,0.0,0,0,0,0,0.0,0,,0,0,0,0,0,0,2,1,Goalkeeper,
Williot Swedberg,SWE,Celta Vigo,es La Liga,19 years,4.9,9.0,4,3,6,0,5.0,8,62.5,3,11,1,10,0,9,4,0,Forward,Midfielder
Karol Świderski,POL,Hellas Verona,it Serie A,26 years,5.6,7.0,3,1,3,3,2.0,3,66.7,1,6,4,2,1,8,8,0,Forward,Midfielder
Abakar Sylla,CIV,Strasbourg,fr Ligue 1,20 years,19.9,54.0,23,30,19,5,29.0,40,72.5,11,40,11,29,26,80,70,2,Defender,
Dembo Sylla,GUI,Lorient,fr Ligue 1,20 years,0.5,1.0,1,0,1,0,0.0,0,,0,0,0,0,1,2,2,0,Defender,
Issiaga Sylla,GUI,Montpellier,fr Ligue 1,29 years,16.2,28.0,17,20,6,2,16.0,34,47.1,18,21,7,14,23,51,53,0,Defender,Forward
Mamadou Sylla,SEN,Alavés,es La Liga,29 years,0.2,0.0,0,0,0,0,0.0,0,,0,1,1,0,0,0,1,0,Forward,Midfielder
Attila Szalai,HUN,Hoffenheim,de Bundesliga,25 years,3.2,3.0,1,3,0,0,1.0,4,25.0,3,6,2,4,1,4,7,0,Defender,
Attila Szalai,HUN,Freiburg,de Bundesliga,25 years,1.1,1.0,1,1,0,0,1.0,2,50.0,1,5,2,3,1,2,11,1,Defender,
Wojciech Szczęsny,POL,Juventus,it Serie A,33 years,35.0,0.0,0,0,0,0,0.0,0,,0,0,0,0,1,1,11,2,Goalkeeper,
Dominik Szoboszlai,HUN,Liverpool,eng Premier League,22 years,23.4,32.0,19,12,12,8,16.0,50,32.0,34,37,2,35,15,47,16,1,Midfielder,
Przemysław Szymiński,POL,Frosinone,it Serie A,29 years,0.1,0.0,0,0,0,0,0.0,0,,0,1,1,0,0,0,0,0,Midfielder,
Alexander Sørloth,NOR,Villarreal,es La Liga,27 years,27.7,6.0,3,1,2,3,2.0,6,33.3,4,9,4,5,0,6,26,0,Forward,
Musa Al-Taamari,JOR,Montpellier,fr Ligue 1,26 years,21.4,20.0,16,10,5,5,9.0,21,42.9,12,18,2,16,4,24,5,0,Forward,
Nicolás Tagliafico,ARG,Lyon,fr Ligue 1,30 years,23.6,54.0,34,23,22,9,22.0,49,44.9,27,25,8,17,28,82,43,0,Defender,
Jonathan Tah,GER,Leverkusen,de Bundesliga,27 years,29.2,19.0,9,10,7,2,5.0,16,31.3,11,28,23,5,23,42,97,1,Defender,
Montassar Talbi,TUN,Lorient,fr Ligue 1,25 years,24.5,38.0,22,23,13,2,19.0,32,59.4,13,39,23,16,32,70,114,0,Defender,
Yassin Tallal,ESP,Getafe,es La Liga,18 years,0.0,0.0,0,0,0,0,0.0,0,,0,0,0,0,0,0,0,0,Forward,
Adrien Tameze,CMR,Torino,it Serie A,29 years,23.8,35.0,16,13,18,4,18.0,37,48.6,19,24,11,13,47,82,25,2,Defender,Midfielder
Renato Tapia,PER,Celta Vigo,es La Liga,28 years,14.9,41.0,29,19,19,3,14.0,25,56.0,11,31,7,24,21,62,50,1,Midfielder,Defender
Edmond Tapsoba,BFA,Leverkusen,de Bundesliga,24 years,23.2,34.0,25,17,15,2,17.0,24,70.8,7,21,10,11,24,58,52,3,Defender,
Matt Targett,ENG,Newcastle Utd,eng Premier League,27 years,0.9,2.0,0,1,1,0,1.0,1,100.0,0,1,0,1,0,2,2,0,Defender,
Oussama Targhalline,MAR,Le Havre,fr Ligue 1,21 years,11.4,23.0,11,16,7,0,15.0,25,60.0,10,9,3,6,20,43,14,2,Midfielder,
James Tarkowski,ENG,Everton,eng Premier League,30 years,38.0,61.0,42,46,14,1,27.0,48,56.3,21,82,56,26,56,117,191,2,Defender,
César Tárrega,ESP,Valencia,es La Liga,21 years,0.1,0.0,0,0,0,0,0.0,0,,0,0,0,0,0,0,2,0,Defender,
Jimi Tauriainen,ENG,Chelsea,eng Premier League,19 years,0.0,0.0,0,0,0,0,0.0,0,,0,0,0,0,0,0,0,0,Forward,
Nuno Tavares,POR,Nottingham Forest,eng Premier League,23 years,5.1,11.0,7,9,1,1,8.0,9,88.9,1,6,0,6,1,12,21,0,Defender,
Marcus Tavernier,ENG,Bournemouth,eng Premier League,24 years,23.5,53.0,34,25,22,6,26.0,48,54.2,22,31,3,28,5,58,23,0,Forward,
Elayis Tavsan,NED,Hellas Verona,it Serie A,22 years,0.6,0.0,0,0,0,0,0.0,1,0.0,1,0,0,0,0,0,1,0,Midfielder,Forward
Charlie Taylor,ENG,Burnley,eng Premier League,29 years,25.9,35.0,20,19,14,2,17.0,35,48.6,18,27,11,16,19,54,78,0,Defender,
Marciano Tchami,GNB,Almería,es La Liga,19 years,0.5,0.0,0,0,0,0,0.0,0,,0,0,0,0,0,0,0,0,Forward,Midfielder
Loum Tchaouna,FRA,Salernitana,it Serie A,19 years,23.3,20.0,10,5,13,2,10.0,20,50.0,10,20,1,19,4,24,16,1,Forward,Midfielder
Jackson Tchatchoua,CMR,Hellas Verona,it Serie A,21 years,19.2,39.0,26,25,12,2,23.0,48,47.9,25,17,7,10,23,62,49,2,Defender,
Enzo Tchato,CMR,Montpellier,fr Ligue 1,20 years,12.5,26.0,17,18,4,4,11.0,25,44.0,14,20,7,13,11,37,25,0,Defender,
Aurélien Tchouaméni,FRA,Real Madrid,es La Liga,23 years,22.1,38.0,23,19,17,2,9.0,18,50.0,9,21,13,8,28,66,52,1,Midfielder,Defender
Mathys Tel,FRA,Bayern Munich,de Bundesliga,18 years,11.7,12.0,2,3,4,5,4.0,6,66.7,2,11,0,11,6,18,6,0,Forward,Midfielder
Nathan Tella,NGA,Leverkusen,de Bundesliga,24 years,9.1,13.0,8,6,5,2,5.0,10,50.0,5,10,0,10,3,16,8,0,Defender,Midfielder
Nahuel Tenaglia,ARG,Alavés,es La Liga,27 years,12.7,29.0,19,22,4,3,16.0,28,57.1,12,14,8,6,12,41,59,0,Defender,
Arnau Tenas,ESP,Paris S-G,fr Ligue 1,22 years,5.9,0.0,0,0,0,0,0.0,0,,0,0,0,0,0,0,0,0,Goalkeeper,
Marc-André ter Stegen,GER,Barcelona,es La Liga,31 years,28.0,0.0,0,0,0,0,0.0,0,,0,0,0,0,0,0,3,3,Goalkeeper,
Filippo Terracciano,ITA,Hellas Verona,it Serie A,20 years,14.4,30.0,19,23,6,1,17.0,31,54.8,14,24,6,18,20,50,17,0,Defender,
Filippo Terracciano,ITA,Milan,it Serie A,20 years,0.8,2.0,2,1,1,0,1.0,3,33.3,2,3,0,3,0,2,1,0,Defender,Forward
Pietro Terracciano,ITA,Fiorentina,it Serie A,33 years,33.0,1.0,1,1,0,0,1.0,3,33.3,2,1,0,1,0,1,8,0,Goalkeeper,
Ramón Terrats,ESP,Villarreal,es La Liga,22 years,8.7,17.0,13,8,8,1,7.0,15,46.7,8,11,1,10,3,20,9,0,Midfielder,Defender
Martin Terrier,FRA,Rennes,fr Ligue 1,26 years,17.0,14.0,9,3,8,3,6.0,14,42.9,8,21,4,17,9,23,17,0,Forward,Midfielder
Kenny Tete,NED,Fulham,eng Premier League,27 years,9.6,27.0,17,19,6,2,11.0,19,57.9,8,10,3,7,16,43,35,0,Defender,
Benjamin Tetteh,GHA,Metz,fr Ligue 1,26 years,3.1,6.0,6,1,5,0,4.0,7,57.1,3,0,0,0,0,6,1,0,Forward,Midfielder
Teddy Teuma,MLT,Reims,fr Ligue 1,29 years,23.5,54.0,36,19,21,14,25.0,62,40.3,37,33,4,29,20,74,6,0,Midfielder,
Florian Thauvin,FRA,Udinese,it Serie A,30 years,19.0,7.0,4,2,4,1,4.0,13,30.8,9,9,1,8,3,10,2,0,Forward,
Arthur Theate,BEL,Rennes,fr Ligue 1,23 years,25.5,30.0,17,19,6,5,24.0,37,64.9,13,40,23,17,31,61,90,2,Defender,
Norman Theuerkauf,GER,Heidenheim,de Bundesliga,36 years,14.0,24.0,16,13,7,4,13.0,22,59.1,9,16,6,10,14,38,21,0,Midfielder,Defender
Malick Thiaw,GER,Milan,it Serie A,21 years,18.0,34.0,17,15,17,2,12.0,25,48.0,13,23,13,10,13,47,55,0,Defender,
Jan Thielmann,GER,Köln,de Bundesliga,21 years,17.5,28.0,18,13,9,6,12.0,24,50.0,12,31,6,25,8,36,28,0,Forward,Defender
Denis Thomalla,GER,Heidenheim,de Bundesliga,30 years,5.0,9.0,6,4,4,1,5.0,11,45.5,6,3,2,1,4,13,13,0,Midfielder,Forward
Luke Thomas,ENG,Sheffield Utd,eng Premier League,22 years,10.2,20.0,9,13,6,1,8.0,14,57.1,6,23,5,18,10,30,27,0,Defender,
Adrien Thomasson,FRA,Lens,fr Ligue 1,29 years,13.3,25.0,14,4,16,5,11.0,34,32.4,23,14,0,14,9,34,10,1,Midfielder,
Morten Thorsby,NOR,Genoa,it Serie A,27 years,12.9,19.0,11,9,8,2,7.0,14,50.0,7,21,5,16,4,23,20,0,Midfielder,
Kristian Thorstvedt,NOR,Sassuolo,it Serie A,24 years,26.6,40.0,22,7,28,5,22.0,44,50.0,22,25,9,16,21,61,36,0,Midfielder,
Khéphren Thuram,FRA,Nice,fr Ligue 1,22 years,23.4,42.0,29,13,23,6,20.0,40,50.0,20,21,10,11,18,60,37,0,Midfielder,
Marcus Thuram,FRA,Inter,it Serie A,25 years,29.9,23.0,15,9,9,5,4.0,13,30.8,9,26,3,23,4,27,19,0,Forward,
Cheikh Tidiane Sabaly,SEN,Metz,fr Ligue 1,24 years,15.3,40.0,20,23,12,5,16.0,40,40.0,24,19,2,17,10,50,14,0,Forward,Midfielder
Youri Tielemans,BEL,Aston Villa,eng Premier League,26 years,18.0,41.0,20,17,18,6,16.0,40,40.0,24,23,3,20,15,56,9,0,Midfielder,Forward
Kieran Tierney,SCO,Real Sociedad,es La Liga,26 years,13.8,37.0,24,16,18,3,18.0,27,66.7,9,22,8,14,10,47,45,0,Defender,
Phillip Tietz,GER,Augsburg,de Bundesliga,26 years,26.5,23.0,14,7,13,3,6.0,15,40.0,9,17,3,14,6,29,35,0,Forward,
Steffen Tigges,GER,Köln,de Bundesliga,25 years,8.1,10.0,6,4,5,1,3.0,7,42.9,4,4,2,2,1,11,12,0,Forward,
Antonio Tikvić,CRO,Udinese,it Serie A,19 years,0.0,0.0,0,0,0,0,0.0,0,,0,0,0,0,0,0,0,0,Defender,
Jurriën Timber,NED,Arsenal,eng Premier League,22 years,0.8,2.0,2,1,1,0,0.0,0,,0,1,0,1,0,2,1,0,Defender,
Jean-Clair Todibo,FRA,Nice,fr Ligue 1,23 years,29.5,58.0,28,35,17,6,34.0,56,60.7,22,34,15,19,38,96,97,1,Defender,
Harry Toffolo,ENG,Nottingham Forest,eng Premier League,27 years,16.2,26.0,14,20,6,0,15.0,24,62.5,9,34,13,21,14,40,49,0,Defender,
Umut Tohumcu,GER,Hoffenheim,de Bundesliga,18 years,11.2,16.0,12,9,7,0,6.0,19,31.6,13,11,1,10,6,22,12,0,Midfielder,
Corentin Tolisso,FRA,Lyon,fr Ligue 1,28 years,19.3,33.0,21,13,11,9,14.0,33,42.4,19,26,9,17,10,43,18,0,Midfielder,
Jeremy Toljan,GER,Sassuolo,it Serie A,28 years,23.1,13.0,10,8,4,1,9.0,15,60.0,6,17,5,12,16,29,49,1,Defender,
Rafael Tolói,ITA,Atalanta,it Serie A,32 years,10.7,20.0,9,7,8,5,14.0,27,51.9,13,9,4,5,13,33,29,0,Defender,
Raúl de Tomás,ESP,Rayo Vallecano,es La Liga,28 years,14.1,9.0,5,4,3,2,3.0,6,50.0,3,3,0,3,1,10,8,0,Forward,
Tiago Tomás,POR,Wolfsburg,de Bundesliga,21 years,11.5,5.0,2,3,0,2,1.0,6,16.7,5,13,0,13,3,8,9,0,Forward,Midfielder
Takehiro Tomiyasu,JPN,Arsenal,eng Premier League,24 years,12.8,20.0,9,15,4,1,11.0,18,61.1,7,10,4,6,18,38,33,0,Defender,
James Tomkins,ENG,Crystal Palace,eng Premier League,34 years,0.1,0.0,0,0,0,0,0.0,0,,0,0,0,0,1,1,0,0,Defender,
Fikayo Tomori,ENG,Milan,it Serie A,25 years,23.6,42.0,24,29,10,3,18.0,29,62.1,11,34,23,11,26,68,75,1,Defender,
Sandro Tonali,ITA,Newcastle Utd,eng Premier League,23 years,4.9,7.0,7,4,2,1,3.0,9,33.3,6,3,0,3,2,9,4,0,Midfielder,
Ivan Toney,ENG,Brentford,eng Premier League,27 years,16.1,15.0,5,2,7,6,6.0,14,42.9,8,5,1,4,10,25,18,0,Forward,
Pablo Torre,ESP,Girona,es La Liga,20 years,7.8,5.0,2,0,5,0,4.0,10,40.0,6,10,2,8,4,9,6,1,Midfielder,Forward
Raúl Torrente,ESP,Granada,es La Liga,21 years,13.9,29.0,16,20,9,0,17.0,22,77.3,5,16,10,6,11,40,68,2,Defender,
Ferrán Torres,ESP,Barcelona,es La Liga,23 years,13.5,9.0,6,1,6,2,5.0,16,31.3,11,7,1,6,5,14,6,0,Forward,
Óliver Torres,ESP,Sevilla,es La Liga,28 years,18.0,37.0,22,17,15,5,22.0,57,38.6,35,40,4,36,6,43,6,0,Midfielder,
Pau Torres,ESP,Aston Villa,eng Premier League,26 years,27.4,29.0,18,17,11,1,14.0,30,46.7,16,28,12,16,14,43,75,0,Defender,
Lucas Torró,ESP,Osasuna,es La Liga,29 years,19.9,25.0,15,11,8,6,11.0,28,39.3,17,10,2,8,33,58,37,0,Midfielder,
Fabio Torsiello,ITA,Darmstadt 98,de Bundesliga,18 years,1.7,1.0,0,1,0,0,1.0,8,12.5,7,1,0,1,1,2,1,0,Forward,Defender
Ahmed Touba,ALG,Lecce,it Serie A,25 years,3.1,6.0,4,3,3,0,3.0,4,75.0,1,4,3,1,7,13,20,0,Defender,
Abdoulaye Touré,GUI,Le Havre,fr Ligue 1,29 years,25.4,47.0,28,22,22,3,30.0,60,50.0,30,30,8,22,25,72,33,0,Midfielder,
Souleymane Touré,FRA,Lorient,fr Ligue 1,20 years,22.8,25.0,12,16,9,0,8.0,14,57.1,6,38,20,18,36,61,101,2,Defender,
Lucas Tousart,FRA,Union Berlin,de Bundesliga,26 years,17.5,35.0,20,14,17,4,17.0,37,45.9,20,32,9,23,25,60,41,0,Midfielder,
Andros Townsend,ENG,Luton Town,eng Premier League,32 years,13.4,21.0,13,11,2,8,13.0,27,48.1,14,12,0,12,5,26,10,0,Midfielder,Forward
James Trafford,ENG,Burnley,eng Premier League,20 years,28.0,2.0,1,2,0,0,2.0,2,100.0,0,0,0,0,1,3,18,1,Goalkeeper,
Adama Traoré,ESP,Fulham,eng Premier League,27 years,4.2,4.0,3,1,2,1,3.0,6,50.0,3,2,0,2,1,5,2,0,Forward,Midfielder
Bénie Traoré,CIV,Sheffield Utd,eng Premier League,20 years,4.3,4.0,2,1,2,1,0.0,4,0.0,4,4,1,3,1,5,1,0,Forward,Midfielder
Bénie Traoré,CIV,Nantes,fr Ligue 1,20 years,5.6,8.0,4,2,5,1,3.0,7,42.9,4,3,0,3,1,9,1,0,Forward,Midfielder
Bertrand Traoré,BFA,Aston Villa,eng Premier League,27 years,0.1,1.0,1,1,0,0,0.0,0,,0,0,0,0,0,1,1,0,Defender,Forward
Bertrand Traoré,BFA,Villarreal,es La Liga,27 years,6.3,5.0,4,2,1,2,1.0,4,25.0,3,6,0,6,1,6,2,0,Midfielder,
Boubacar Traoré,MLI,Wolves,eng Premier League,21 years,9.1,35.0,23,16,17,2,9.0,21,42.9,12,12,2,10,5,40,7,0,Midfielder,
Chaka Traorè,CIV,Milan,it Serie A,18 years,0.2,2.0,1,2,0,0,1.0,2,50.0,1,1,1,0,0,2,0,0,Forward,
Daouda Traoré,FRA,Nice,fr Ligue 1,17 years,0.2,0.0,0,0,0,0,0.0,0,,0,0,0,0,0,0,0,0,Midfielder,
Hamari Traoré,MLI,Real Sociedad,es La Liga,31 years,25.5,44.0,19,24,17,3,25.0,43,58.1,18,27,8,19,24,68,59,2,Defender,
Ismaël Traoré,CIV,Metz,fr Ligue 1,36 years,24.7,19.0,12,13,6,0,8.0,21,38.1,13,33,20,13,30,49,86,0,Defender,
Omar Traoré,GER,Heidenheim,de Bundesliga,25 years,27.5,60.0,33,33,21,6,32.0,56,57.1,24,32,7,25,40,100,54,1,Defender,
Kevin Trapp,GER,Eintracht Frankfurt,de Bundesliga,33 years,32.0,0.0,0,0,0,0,0.0,0,,0,0,0,0,1,1,9,1,Goalkeeper,
Mark Travers,IRL,Bournemouth,eng Premier League,24 years,4.0,0.0,0,0,0,0,0.0,0,,0,0,0,0,0,0,2,0,Goalkeeper,
Óscar Trejo,ARG,Rayo Vallecano,es La Liga,35 years,15.3,27.0,15,11,9,7,13.0,21,61.9,8,21,1,20,5,32,9,0,Forward,Midfielder
Mike Trésor,BEL,Burnley,eng Premier League,24 years,4.7,10.0,6,9,1,0,8.0,18,44.4,10,5,0,5,1,11,1,0,Forward,Midfielder
Manu Trigueros,ESP,Villarreal,es La Liga,31 years,3.4,7.0,5,6,1,0,4.0,10,40.0,6,1,1,0,3,10,9,0,Midfielder,
Christopher Trimmel,AUT,Union Berlin,de Bundesliga,36 years,18.3,23.0,15,12,10,1,13.0,33,39.4,20,16,3,13,13,36,57,0,Defender,
Kieran Trippier,ENG,Newcastle Utd,eng Premier League,32 years,24.8,57.0,27,30,16,11,37.0,77,48.1,40,41,8,33,24,81,57,3,Defender,
Leandro Trossard,BEL,Arsenal,eng Premier League,28 years,18.3,27.0,16,8,9,10,9.0,25,36.0,16,27,1,26,8,35,6,0,Forward,Midfielder
Adrien Truffert,FRA,Rennes,fr Ligue 1,21 years,23.8,39.0,21,23,10,6,25.0,40,62.5,15,31,5,26,19,58,49,0,Defender,
Auston Trusty,USA,Sheffield Utd,eng Premier League,24 years,28.6,47.0,30,31,13,3,21.0,43,48.8,22,41,22,19,35,82,153,3,Defender,
Kostas Tsimikas,GRE,Liverpool,eng Premier League,27 years,7.5,19.0,13,9,6,4,9.0,15,60.0,6,9,1,8,6,25,10,0,Defender,
Viktor Tsyhankov,UKR,Girona,es La Liga,25 years,22.8,29.0,20,11,13,5,14.0,26,53.8,12,18,1,17,12,41,24,0,Midfielder,Forward
Stefano Turati,ITA,Frosinone,it Serie A,21 years,30.5,0.0,0,0,0,0,0.0,0,,0,0,0,0,0,0,6,3,Goalkeeper,
Matt Turner,USA,Nottingham Forest,eng Premier League,29 years,17.0,0.0,0,0,0,0,0.0,0,,0,0,0,0,0,0,8,4,Goalkeeper,
Beñat Turrientes,ESP,Real Sociedad,es La Liga,21 years,18.7,31.0,17,6,20,5,13.0,30,43.3,17,19,8,11,6,37,17,0,Midfielder,
Tuta,BRA,Eintracht Frankfurt,de Bundesliga,24 years,28.9,63.0,33,38,19,6,39.0,59,66.1,20,29,12,17,36,99,99,0,Defender,
Destiny Udogie,ITA,Tottenham,eng Premier League,20 years,26.6,68.0,33,41,16,11,27.0,49,55.1,22,27,8,19,37,105,80,5,Defender,
Matthieu Udol,FRA,Metz,fr Ligue 1,27 years,30.0,55.0,37,38,12,5,38.0,56,67.9,18,62,16,46,50,105,108,0,Defender,
Manuel Ugarte Ribeiro,URU,Paris S-G,fr Ligue 1,22 years,21.5,98.0,57,39,43,16,43.0,89,48.3,46,27,6,21,40,138,25,2,Midfielder,
Lesley Ugochukwu,FRA,Chelsea,eng Premier League,19 years,3.3,14.0,10,4,8,2,4.0,10,40.0,6,6,2,4,1,15,5,0,Midfielder,
Lukas Ullrich,GER,Gladbach,de Bundesliga,19 years,0.5,1.0,0,1,0,0,1.0,4,25.0,3,0,0,0,0,1,1,0,Defender,Forward
Sven Ulreich,GER,Bayern Munich,de Bundesliga,34 years,11.0,1.0,0,1,0,0,1.0,1,100.0,0,0,0,0,0,1,3,2,Goalkeeper,
Samuel Umtiti,FRA,Lille,fr Ligue 1,29 years,2.1,1.0,1,0,1,0,1.0,4,25.0,3,0,0,0,2,3,4,0,Defender,
Enes Ünal,TUR,Bournemouth,eng Premier League,26 years,3.6,6.0,4,2,3,1,2.0,5,40.0,3,4,2,2,1,7,6,0,Forward,Midfielder
Enes Ünal,TUR,Getafe,es La Liga,26 years,1.6,0.0,0,0,0,0,0.0,0,,0,1,0,1,0,0,2,0,Forward,Midfielder
Deniz Undav,GER,Stuttgart,de Bundesliga,27 years,23.2,28.0,13,6,8,14,4.0,15,26.7,11,17,0,17,6,34,5,0,Forward,Midfielder
Dayot Upamecano,FRA,Bayern Munich,de Bundesliga,24 years,19.6,34.0,21,21,11,2,15.0,29,51.7,14,19,7,12,19,53,56,3,Defender,
Kacper Urbanski,POL,Bologna,it Serie A,18 years,10.3,16.0,10,5,10,1,6.0,13,46.2,7,15,1,14,4,20,14,0,Midfielder,Forward
Mark Uth,GER,Köln,de Bundesliga,31 years,4.1,8.0,4,2,3,3,4.0,12,33.3,8,6,0,6,1,9,2,0,Midfielder,Forward
Myrto Uzuni,ALB,Granada,es La Liga,28 years,27.2,18.0,14,8,7,3,6.0,27,22.2,21,19,3,16,4,22,7,0,Forward,
Josha Vagnoman,GER,Stuttgart,de Bundesliga,22 years,13.1,28.0,18,15,11,2,15.0,30,50.0,15,11,5,6,2,30,16,1,Defender,
Óscar Valentín,ESP,Rayo Vallecano,es La Liga,28 years,29.9,107.0,66,39,62,6,46.0,101,45.5,55,62,10,52,35,142,52,1,Midfielder,
Emanuele Valeri,ITA,Frosinone,it Serie A,24 years,13.1,19.0,16,10,5,4,10.0,21,47.6,11,14,3,11,9,28,22,0,Defender,
Martin Valjent,SVK,Mallorca,es La Liga,27 years,26.1,34.0,18,19,13,2,18.0,30,60.0,12,26,11,15,29,63,112,1,Defender,
Jesús Vallejo,ESP,Granada,es La Liga,26 years,1.2,3.0,1,1,2,0,2.0,2,100.0,0,3,2,1,0,3,1,1,Defender,
Álvaro Vallés,ESP,Las Palmas,es La Liga,26 years,36.3,3.0,2,3,0,0,3.0,8,37.5,5,0,0,0,0,3,40,1,Goalkeeper,
Federico Valverde,URU,Real Madrid,es La Liga,25 years,32.3,47.0,34,22,13,12,24.0,42,57.1,18,39,2,37,43,90,40,0,Midfielder,
Kévin Van Den Kerkhof,ALG,Metz,fr Ligue 1,27 years,21.3,31.0,24,11,13,7,13.0,32,40.6,19,15,2,13,11,42,32,1,Forward,Midfielder
Siebe Van Der Heyden,BEL,Mallorca,es La Liga,25 years,3.2,9.0,2,7,2,0,4.0,6,66.7,2,1,1,0,7,16,12,0,Defender,
Virgil van Dijk,NED,Liverpool,eng Premier League,32 years,35.3,40.0,23,24,13,3,12.0,14,85.7,2,47,34,13,39,79,144,0,Defender,
Vanderson,BRA,Monaco,fr Ligue 1,22 years,18.2,60.0,41,20,30,10,32.0,70,45.7,38,29,2,27,35,95,37,1,Defender,
Raphaël Varane,FRA,Manchester Utd,eng Premier League,30 years,15.3,18.0,11,10,7,1,10.0,14,71.4,4,23,18,5,15,33,88,0,Defender,
Ruben Vargas,SUI,Augsburg,de Bundesliga,24 years,21.8,23.0,10,6,10,7,10.0,25,40.0,15,19,4,15,7,30,17,0,Midfielder,Forward
Johan Vásquez,MEX,Genoa,it Serie A,24 years,31.7,51.0,33,38,11,2,32.0,50,64.0,18,50,26,24,45,96,113,0,Defender,
José Luis García Vayá,ESP,Valencia,es La Liga,24 years,36.7,78.0,53,36,36,6,37.0,71,52.1,34,41,10,31,49,127,71,0,Midfielder,
Borja Vázquez,ESP,Cádiz,es La Liga,18 years,0.0,1.0,0,1,0,0,1.0,1,100.0,0,0,0,0,0,1,1,0,Forward,
Jesus Vazquez,ESP,Valencia,es La Liga,20 years,8.0,24.0,12,13,8,3,10.0,16,62.5,6,17,4,13,3,27,24,0,Defender,Midfielder
Kevin Vázquez,ESP,Celta Vigo,es La Liga,30 years,7.8,15.0,13,7,7,1,12.0,21,57.1,9,11,3,8,5,20,25,0,Defender,
Lucas Vázquez,ESP,Real Madrid,es La Liga,32 years,15.8,37.0,25,22,14,1,18.0,25,72.0,7,27,5,22,12,49,36,0,Defender,
Matías Vecino,URU,Lazio,it Serie A,31 years,12.8,32.0,17,12,20,0,20.0,31,64.5,11,17,5,12,12,44,21,0,Midfielder,
Gabriel Veiga,ESP,Celta Vigo,es La Liga,21 years,0.2,0.0,0,0,0,0,0.0,0,,0,0,0,0,0,0,0,0,Forward,
Alejo Véliz,ARG,Tottenham,eng Premier League,19 years,0.6,1.0,0,1,0,0,0.0,0,,0,0,0,0,0,1,0,0,Forward,
Alejo Véliz,ARG,Sevilla,es La Liga,19 years,0.4,1.0,0,0,1,0,1.0,2,50.0,1,0,0,0,0,1,1,0,Forward,
Miloš Veljković,SRB,Werder Bremen,de Bundesliga,27 years,21.3,31.0,15,17,13,1,16.0,31,51.6,15,31,20,11,17,48,57,0,Defender,
Joël Veltman,NED,Brighton,eng Premier League,31 years,17.6,54.0,41,32,17,5,39.0,58,67.2,19,17,7,10,18,72,57,1,Defender,
Micky van de Ven,NED,Tottenham,eng Premier League,22 years,26.0,49.0,35,34,12,3,24.0,33,72.7,9,25,15,10,18,67,78,1,Defender,
Lorenzo Venuti,ITA,Lecce,it Serie A,28 years,4.0,6.0,4,5,1,0,6.0,10,60.0,4,4,3,1,5,11,14,0,Defender,
Bart Verbruggen,NED,Brighton,eng Premier League,20 years,21.0,1.0,1,1,0,0,1.0,2,50.0,1,0,0,0,0,1,11,3,Goalkeeper,
Simone Verdi,ITA,Torino,it Serie A,31 years,0.0,0.0,0,0,0,0,0.0,0,,0,0,0,0,0,0,0,0,Forward,
Jordan Veretout,FRA,Marseille,fr Ligue 1,30 years,24.3,38.0,22,19,13,6,18.0,39,46.2,21,20,4,16,13,51,25,0,Midfielder,
Arthur Vermeeren,BEL,Atlético Madrid,es La Liga,18 years,1.8,1.0,0,0,1,0,0.0,1,0.0,1,5,0,5,6,7,2,0,Midfielder,
Yorbe Vertessen,BEL,Union Berlin,de Bundesliga,22 years,6.6,3.0,2,0,3,0,1.0,4,25.0,3,8,0,8,1,4,3,0,Forward,Midfielder
Mikel Vesga,ESP,Athletic Club,es La Liga,30 years,17.0,40.0,20,11,23,6,19.0,49,38.8,30,19,7,12,32,72,35,1,Midfielder,
Guglielmo Vicario,ITA,Tottenham,eng Premier League,26 years,38.0,0.0,0,0,0,0,0.0,1,0.0,1,0,0,0,1,1,31,2,Goalkeeper,
Carlos Vicente,ESP,Alavés,es La Liga,24 years,12.4,16.0,6,7,7,2,10.0,25,40.0,15,4,0,4,4,20,9,0,Forward,
Nacho Vidal,ESP,Osasuna,es La Liga,28 years,1.1,5.0,4,2,2,1,2.0,5,40.0,3,2,0,2,0,5,6,0,Defender,Forward
Nacho Vidal,ESP,Mallorca,es La Liga,28 years,4.6,12.0,5,4,5,3,6.0,13,46.2,7,5,2,3,3,15,9,0,Defender,
Fabio Vieira,POR,Arsenal,eng Premier League,23 years,3.3,3.0,2,2,0,1,3.0,3,100.0,0,0,0,0,2,5,2,0,Midfielder,Forward
Fran Vieites,ESP,Betis,es La Liga,24 years,3.5,1.0,0,1,0,0,1.0,1,100.0,0,0,0,0,0,1,2,1,Goalkeeper,
Jonathan Viera,ESP,Las Palmas,es La Liga,33 years,6.9,6.0,3,1,2,3,1.0,9,11.1,8,0,0,0,0,6,1,0,Midfielder,Forward
Jonathan Viera,ESP,Almería,es La Liga,33 years,10.1,19.0,9,6,9,4,10.0,19,52.6,9,4,0,4,4,23,1,0,Midfielder,
Emanuel Vignato,ITA,Salernitana,it Serie A,22 years,3.5,10.0,7,4,5,1,5.0,6,83.3,1,1,0,1,1,11,7,0,Midfielder,Forward
Samuele Vignato,ITA,Monza,it Serie A,19 years,3.8,6.0,4,2,3,1,2.0,3,66.7,1,2,0,2,1,7,1,0,Midfielder,Forward
Oscar Vilhelmsson,SWE,Darmstadt 98,de Bundesliga,19 years,15.3,13.0,6,3,7,3,7.0,10,70.0,3,15,5,10,3,16,19,0,Forward,Midfielder
Toni Villa,ESP,Girona,es La Liga,28 years,0.1,0.0,0,0,0,0,0.0,0,,0,0,0,0,0,0,0,0,Forward,
Asier Villalibre,ESP,Athletic Club,es La Liga,25 years,5.7,2.0,1,0,0,2,2.0,2,100.0,0,2,1,1,0,2,6,0,Forward,
Gonzalo Villar,ESP,Granada,es La Liga,25 years,20.0,51.0,33,26,20,5,26.0,41,63.4,15,32,10,22,6,57,26,1,Midfielder,
Iván Villar,ESP,Celta Vigo,es La Liga,26 years,11.3,0.0,0,0,0,0,0.0,1,0.0,1,0,0,0,0,0,6,0,Goalkeeper,
Matías Viña,URU,Sassuolo,it Serie A,25 years,11.3,34.0,21,22,7,5,20.0,36,55.6,16,12,2,10,9,43,34,0,Defender,
Rúben Vinagre,POR,Hellas Verona,it Serie A,24 years,3.1,4.0,2,1,1,2,3.0,4,75.0,1,6,3,3,1,5,4,0,Defender,Forward
Carlos Vinícius,BRA,Fulham,eng Premier League,28 years,3.5,3.0,2,0,1,2,0.0,4,0.0,4,4,0,4,0,3,1,0,Forward,
Nicolas Viola,ITA,Cagliari,it Serie A,33 years,13.4,13.0,9,2,8,3,7.0,17,41.2,10,9,0,9,2,15,6,0,Midfielder,Forward
Alan Virginius,FRA,Lille,fr Ligue 1,20 years,0.8,1.0,1,1,0,0,0.0,1,0.0,1,0,0,0,0,1,0,0,Forward,
Alan Virginius,FRA,Clermont Foot,fr Ligue 1,20 years,10.4,9.0,5,4,4,1,4.0,11,36.4,7,7,0,7,3,12,7,0,Forward,
Ricardo Visus,ESP,Betis,es La Liga,22 years,1.8,2.0,2,1,1,0,2.0,2,100.0,0,2,2,0,2,4,9,1,Defender,
Mattia Viti,ITA,Sassuolo,it Serie A,21 years,10.9,24.0,15,14,7,3,10.0,22,45.5,12,20,10,10,10,34,44,0,Defender,
Vitinha,POR,Genoa,it Serie A,23 years,3.2,2.0,2,1,0,1,1.0,2,50.0,1,2,0,2,0,2,2,0,Forward,Midfielder
Vitinha,POR,Marseille,fr Ligue 1,23 years,10.3,14.0,8,3,5,6,3.0,12,25.0,9,11,2,9,5,19,8,0,Forward,
Vitinha,POR,Paris S-G,fr Ligue 1,23 years,23.6,39.0,24,12,16,11,16.0,48,33.3,32,29,11,18,23,62,30,2,Midfielder,
Vitinho,BRA,Burnley,eng Premier League,24 years,25.7,64.0,34,36,22,6,43.0,86,50.0,43,44,6,38,12,76,47,4,Defender,Midfielder
Daniel Vivian,ESP,Athletic Club,es La Liga,24 years,32.0,42.0,28,29,11,2,28.0,45,62.2,17,49,25,24,31,73,104,0,Defender,
Odisseas Vlachodimos,GRE,Nottingham Forest,eng Premier League,29 years,5.0,0.0,0,0,0,0,0.0,1,0.0,1,0,0,0,0,0,1,0,Goalkeeper,
Dušan Vlahović,SRB,Juventus,it Serie A,23 years,25.6,9.0,5,0,6,3,4.0,11,36.4,7,4,2,2,1,10,11,0,Forward,
Nikola Vlašić,CRO,Torino,it Serie A,25 years,29.0,28.0,16,6,14,8,4.0,30,13.3,26,26,7,19,11,39,16,0,Midfielder,Forward
Alessandro Vogliacco,ITA,Genoa,it Serie A,24 years,13.0,23.0,15,14,8,1,12.0,15,80.0,3,16,10,6,30,53,40,1,Defender,
Kevin Vogt,GER,Hoffenheim,de Bundesliga,31 years,14.7,14.0,10,7,7,0,8.0,13,61.5,5,16,13,3,9,23,54,0,Defender,
Kevin Vogt,GER,Union Berlin,de Bundesliga,31 years,14.7,10.0,9,6,4,0,6.0,12,50.0,6,22,15,7,7,17,72,2,Defender,
Mërgim Vojvoda,KVX,Torino,it Serie A,28 years,15.3,17.0,8,7,6,4,11.0,16,68.8,5,12,2,10,13,30,28,0,Defender,
Kevin Volland,GER,Union Berlin,de Bundesliga,31 years,14.9,22.0,9,8,8,6,8.0,20,40.0,12,8,0,8,6,28,12,0,Forward,Midfielder
Cristian Volpato,ITA,Sassuolo,it Serie A,19 years,7.2,16.0,8,9,6,1,9.0,25,36.0,16,7,0,7,1,17,5,0,Midfielder,Forward
Aster Vranckx,BEL,Wolfsburg,de Bundesliga,20 years,12.8,32.0,15,11,11,10,15.0,28,53.6,13,17,6,11,14,46,29,0,Midfielder,
Stefan de Vrij,NED,Inter,it Serie A,31 years,17.6,18.0,13,13,4,1,8.0,15,53.3,7,22,10,12,24,42,51,0,Defender,
Elye Wahi,FRA,Montpellier,fr Ligue 1,20 years,0.2,0.0,0,0,0,0,0.0,0,,0,0,0,0,0,0,0,0,Forward,
Elye Wahi,FRA,Lens,fr Ligue 1,20 years,18.8,6.0,4,1,3,2,2.0,10,20.0,8,5,1,4,3,9,3,0,Forward,
Walace,BRA,Udinese,it Serie A,28 years,36.0,66.0,43,40,26,0,36.0,77,46.8,41,43,6,37,43,109,66,1,Midfielder,
Luca Waldschmidt,GER,Köln,de Bundesliga,27 years,12.7,19.0,12,4,12,3,5.0,16,31.3,11,18,3,15,6,25,8,1,Midfielder,Forward
Kyle Walker,ENG,Manchester City,eng Premier League,33 years,30.7,38.0,24,19,17,2,19.0,39,48.7,20,19,6,13,27,65,40,1,Defender,
Sebastian Walukiewicz,POL,Empoli,it Serie A,23 years,22.8,39.0,28,33,6,0,28.0,41,68.3,13,50,31,19,15,54,121,0,Defender,
Aaron Wan-Bissaka,ENG,Manchester Utd,eng Premier League,25 years,19.8,42.0,25,18,20,4,19.0,26,73.1,7,29,15,14,41,83,68,1,Defender,
Joel Ward,ENG,Crystal Palace,eng Premier League,33 years,22.0,45.0,28,26,18,1,30.0,47,63.8,17,17,10,7,14,59,94,1,Defender,
James Ward-Prowse,ENG,West Ham,eng Premier League,28 years,33.3,45.0,29,14,23,8,18.0,44,40.9,26,31,9,22,38,83,49,0,Midfielder,
Lewis Warrington,ENG,Everton,eng Premier League,20 years,0.0,0.0,0,0,0,0,0.0,0,,0,0,0,0,0,0,0,0,Forward,
Deivid Washington,BRA,Chelsea,eng Premier League,18 years,0.1,1.0,1,1,0,0,0.0,1,0.0,1,0,0,0,0,1,0,0,Defender,Forward
Kjell-Arik Wätjen,GER,Dortmund,de Bundesliga,17 years,1.2,3.0,2,2,1,0,2.0,5,40.0,3,1,1,0,0,3,3,0,Midfielder,Forward
Ollie Watkins,ENG,Aston Villa,eng Premier League,27 years,35.7,12.0,7,0,5,7,5.0,11,45.5,6,26,4,22,4,16,20,0,Forward,
Timothy Weah,USA,Juventus,it Serie A,23 years,14.0,27.0,20,16,8,3,15.0,20,75.0,5,12,1,11,5,32,15,0,Defender,Forward
Adam Webster,ENG,Brighton,eng Premier League,28 years,12.7,14.0,12,8,5,1,6.0,18,33.3,12,16,12,4,16,30,43,1,Defender,
Wout Weghorst,NED,Hoffenheim,de Bundesliga,30 years,22.0,13.0,6,4,7,2,9.0,15,60.0,6,25,8,17,6,19,24,0,Forward,
Julian Weigl,GER,Gladbach,de Bundesliga,27 years,30.7,66.0,40,28,32,6,41.0,67,61.2,26,47,14,33,48,114,61,1,Midfielder,
Nelson Weiper,GER,Mainz 05,de Bundesliga,18 years,1.4,2.0,1,2,0,0,2.0,3,66.7,1,1,0,1,1,3,0,0,Forward,Midfielder
Mitchell Weiser,GER,Werder Bremen,de Bundesliga,29 years,29.3,64.0,38,29,25,10,31.0,53,58.5,22,36,6,30,20,84,43,0,Defender,Midfielder
Noah Weißhaupt,GER,Freiburg,de Bundesliga,21 years,8.4,9.0,4,6,0,3,5.0,11,45.5,6,8,1,7,8,17,12,0,Defender,Forward
Shon Weissman,ISR,Salernitana,it Serie A,27 years,5.5,4.0,3,2,0,2,0.0,4,0.0,4,2,1,1,3,7,4,0,Forward,Defender
Shon Weissman,ISR,Granada,es La Liga,27 years,0.9,1.0,1,0,0,1,1.0,4,25.0,3,3,0,3,0,1,1,0,Forward,
Danny Welbeck,ENG,Brighton,eng Premier League,32 years,18.8,35.0,17,9,17,9,10.0,17,58.8,7,12,0,12,9,44,17,1,Forward,Midfielder
Timo Werner,GER,Tottenham,eng Premier League,27 years,9.0,7.0,4,3,4,0,5.0,18,27.8,13,12,0,12,3,10,2,0,Forward,
Timo Werner,GER,RB Leipzig,de Bundesliga,27 years,2.3,2.0,1,0,1,1,0.0,0,,0,1,0,1,1,3,0,0,Forward,Midfielder
Adam Wharton,ENG,Crystal Palace,eng Premier League,19 years,14.4,48.0,32,18,22,8,23.0,46,50.0,23,17,3,14,20,68,24,1,Midfielder,
Ethan Wheatley,ENG,Manchester Utd,eng Premier League,17 years,0.2,1.0,1,0,1,0,1.0,1,100.0,0,2,0,2,2,3,0,0,Forward,
Ben White,ENG,Arsenal,eng Premier League,25 years,33.2,48.0,28,20,22,6,26.0,58,44.8,32,48,22,26,32,80,77,1,Defender,
Joe White,ENG,Newcastle Utd,eng Premier League,20 years,0.1,1.0,1,1,0,0,0.0,0,,0,0,0,0,0,1,0,0,Midfielder,
Silvan Widmer,SUI,Mainz 05,de Bundesliga,30 years,13.8,23.0,10,12,8,3,17.0,28,60.7,11,18,5,13,16,39,37,0,Defender,
Mateusz Wieteska,POL,Cagliari,it Serie A,26 years,10.7,14.0,11,9,3,2,3.0,10,30.0,7,10,5,5,14,28,48,0,Defender,
Mateusz Wieteska,POL,Clermont Foot,fr Ligue 1,26 years,1.9,4.0,1,3,1,0,3.0,5,60.0,2,4,2,2,5,9,8,0,Defender,
Iñaki Williams,GHA,Athletic Club,es La Liga,29 years,31.6,24.0,17,6,8,10,13.0,34,38.2,21,42,8,34,14,38,29,0,Forward,
Neco Williams,WAL,Nottingham Forest,eng Premier League,22 years,18.2,69.0,40,42,18,9,35.0,56,62.5,21,44,13,31,22,91,53,0,Defender,
Nico Williams,ESP,Athletic Club,es La Liga,21 years,25.1,31.0,12,9,15,7,13.0,36,36.1,23,18,2,16,3,34,4,1,Forward,
Willian,BRA,Fulham,eng Premier League,34 years,22.8,18.0,11,6,7,5,3.0,21,14.3,18,13,0,13,9,27,12,1,Forward,
Joe Willock,ENG,Newcastle Utd,eng Premier League,23 years,4.7,13.0,7,7,6,0,4.0,11,36.4,7,7,0,7,1,14,1,0,Midfielder,
Callum Wilson,ENG,Newcastle Utd,eng Premier League,31 years,11.0,5.0,3,0,2,3,0.0,4,0.0,4,6,0,6,2,7,4,0,Forward,
Harry Wilson,WAL,Fulham,eng Premier League,26 years,18.0,21.0,14,9,8,4,11.0,28,39.3,17,27,3,24,10,31,12,0,Forward,
Josh Wilson-Esbrand,ENG,Reims,fr Ligue 1,20 years,5.1,5.0,4,2,3,0,2.0,8,25.0,6,5,2,3,6,11,7,0,Defender,Midfielder
Patrick Wimmer,AUT,Wolfsburg,de Bundesliga,22 years,6.5,14.0,5,5,5,4,8.0,18,44.4,10,14,0,14,3,17,7,0,Forward,Midfielder
Jonas Wind,DEN,Wolfsburg,de Bundesliga,24 years,29.5,13.0,10,4,6,3,7.0,17,41.2,10,13,4,9,3,16,21,0,Forward,
Florian Wirtz,GER,Leverkusen,de Bundesliga,20 years,26.4,27.0,18,7,14,6,9.0,29,31.0,20,36,2,34,9,36,3,0,Midfielder,
Yoane Wissa,COD,Brentford,eng Premier League,26 years,27.7,28.0,16,13,10,5,5.0,20,25.0,15,24,3,21,9,37,15,0,Forward,
Axel Witsel,BEL,Atlético Madrid,es La Liga,34 years,30.9,35.0,21,23,12,0,17.0,24,70.8,7,40,21,19,16,51,119,0,Defender,
Maximilian Wittek,GER,Bochum,de Bundesliga,27 years,11.9,23.0,17,9,11,3,13.0,21,61.9,8,12,1,11,18,41,23,0,Defender,Forward
Maximilian Wöber,AUT,Gladbach,de Bundesliga,25 years,23.0,66.0,31,40,25,1,31.0,53,58.5,22,47,26,21,38,104,111,0,Defender,
Marius Wolf,GER,Dortmund,de Bundesliga,28 years,13.0,20.0,12,8,11,1,11.0,23,47.8,12,12,2,10,8,28,20,0,Defender,
Nick Woltemade,GER,Werder Bremen,de Bundesliga,21 years,13.2,34.0,23,7,20,7,15.0,21,71.4,6,12,0,12,5,39,17,0,Forward,Midfielder
Jeong Woo-yeong,KOR,Stuttgart,de Bundesliga,23 years,7.0,15.0,9,6,8,1,6.0,8,75.0,2,5,0,5,7,22,5,0,Midfielder,Forward
Chris Wood,NZL,Nottingham Forest,eng Premier League,31 years,20.1,7.0,4,1,4,2,3.0,9,33.3,6,11,3,8,1,8,26,0,Forward,
Cauley Woodrow,ENG,Luton Town,eng Premier League,28 years,4.7,16.0,10,8,4,4,9.0,16,56.3,7,7,1,6,1,17,14,0,Forward,Midfielder
Christopher Wooh,CMR,Rennes,fr Ligue 1,21 years,15.4,18.0,12,12,6,0,8.0,15,53.3,7,19,9,10,18,36,51,0,Defender,
Joe Worrall,ENG,Nottingham Forest,eng Premier League,26 years,4.9,7.0,5,6,1,0,3.0,6,50.0,3,5,4,1,3,10,32,1,Defender,
Xeber,ESP,Alavés,es La Liga,26 years,3.4,5.0,5,3,2,0,3.0,7,42.9,4,2,1,1,1,6,2,0,Forward,Midfielder
Granit Xhaka,SUI,Leverkusen,de Bundesliga,30 years,31.3,29.0,21,11,14,4,9.0,30,30.0,21,29,8,21,19,48,42,0,Midfielder,
Antal Yaakobishvili,HUN,Girona,es La Liga,19 years,0.7,2.0,1,1,1,0,1.0,1,100.0,0,0,0,0,3,5,3,0,Defender,
Lamine Yamal,ESP,Barcelona,es La Liga,16 years,24.5,61.0,37,32,15,14,18.0,48,37.5,30,32,0,32,19,80,11,0,Forward,
Roman Yaremchuk,UKR,Valencia,es La Liga,27 years,10.3,5.0,2,1,2,2,3.0,6,50.0,3,4,0,4,1,6,9,0,Forward,
Yehor Yarmoliuk,UKR,Brentford,eng Premier League,19 years,7.6,17.0,11,6,8,3,7.0,17,41.2,10,17,4,13,6,23,5,0,Midfielder,
Ryan Yates,ENG,Nottingham Forest,eng Premier League,25 years,22.1,66.0,40,39,21,6,20.0,36,55.6,16,42,15,27,21,87,44,1,Midfielder,
Yusuf Yazıcı,TUR,Lille,fr Ligue 1,26 years,14.6,19.0,11,6,9,4,4.0,15,26.7,11,10,1,9,5,24,5,0,Midfielder,Forward
Kelvin Yeboah,ITA,Montpellier,fr Ligue 1,23 years,3.1,4.0,2,2,2,0,1.0,3,33.3,2,3,2,1,1,5,3,0,Forward,
Bertuğ Yıldırım,TUR,Rennes,fr Ligue 1,21 years,5.2,7.0,5,2,3,2,3.0,8,37.5,5,8,0,8,0,7,4,0,Forward,
Kenan Yıldız,TUR,Juventus,it Serie A,18 years,10.6,13.0,9,5,6,2,4.0,8,50.0,4,6,0,6,1,14,4,0,Forward,Midfielder
Darlin Yongwa,CMR,Lorient,fr Ligue 1,22 years,12.9,30.0,23,17,11,2,14.0,25,56.0,11,14,2,12,15,45,36,0,Defender,
Leny Yoro,FRA,Lille,fr Ligue 1,17 years,29.7,36.0,25,27,7,2,17.0,31,54.8,14,20,14,6,36,72,97,1,Defender,
Ashley Young,ENG,Everton,eng Premier League,38 years,25.3,53.0,38,28,19,6,30.0,54,55.6,24,24,6,18,22,75,50,3,Defender,Midfielder
Etienne Youte Kinkoue,FRA,Le Havre,fr Ligue 1,21 years,21.6,15.0,9,13,2,0,7.0,11,63.6,4,21,16,5,44,59,104,0,Defender,
Illia Zabarnyi,UKR,Bournemouth,eng Premier League,20 years,37.0,59.0,32,29,29,1,23.0,50,46.0,27,53,34,19,33,92,143,4,Defender,
Mattia Zaccagni,ITA,Lazio,it Serie A,28 years,21.7,27.0,16,11,15,1,9.0,21,42.9,12,26,2,24,21,48,15,0,Forward,Midfielder
Dan-Axel Zagadou,FRA,Stuttgart,de Bundesliga,24 years,16.1,21.0,14,16,5,0,4.0,8,50.0,4,23,18,5,20,41,78,1,Defender,
Yoram Zague,FRA,Paris S-G,fr Ligue 1,17 years,4.1,18.0,8,11,4,3,11.0,24,45.8,13,3,0,3,4,22,9,1,Defender,
Warren Zaïre-Emery,FRA,Paris S-G,fr Ligue 1,17 years,21.8,51.0,28,18,24,9,28.0,51,54.9,23,32,8,24,15,66,22,2,Midfielder,Defender
Denis Zakaria,SUI,Monaco,fr Ligue 1,26 years,23.7,38.0,27,11,20,7,12.0,30,40.0,18,39,13,26,47,85,41,0,Midfielder,Defender
Arsen Zakharyan,RUS,Real Sociedad,es La Liga,20 years,13.6,22.0,15,8,11,3,9.0,22,40.9,13,16,0,16,4,26,10,0,Midfielder,Forward
Joseba Zaldúa,ESP,Cádiz,es La Liga,31 years,7.8,20.0,12,17,2,1,13.0,21,61.9,8,6,4,2,2,22,20,0,Defender,
Nicola Zalewski,POL,Roma,it Serie A,21 years,10.8,20.0,14,10,9,1,8.0,22,36.4,14,12,4,8,9,29,17,0,Defender,Forward
Andre-Frank Zambo Anguissa,CMR,Napoli,it Serie A,27 years,31.0,61.0,33,21,29,11,34.0,69,49.3,35,40,5,35,28,89,19,1,Midfielder,
Nicolò Zaniolo,ITA,Aston Villa,eng Premier League,24 years,9.3,19.0,9,10,7,2,9.0,17,52.9,8,13,0,13,1,20,11,0,Forward,Midfielder
Alessandro Zanoli,ITA,Salernitana,it Serie A,22 years,10.2,16.0,13,9,7,0,7.0,12,58.3,5,10,2,8,1,17,17,0,Defender,
Alessandro Zanoli,ITA,Napoli,it Serie A,22 years,0.6,1.0,1,1,0,0,0.0,0,,0,0,0,0,1,2,1,0,Defender,Forward
Duván Zapata,COL,Torino,it Serie A,32 years,32.0,18.0,7,9,2,7,3.0,12,25.0,9,20,6,14,7,25,26,0,Forward,
Duván Zapata,COL,Atalanta,it Serie A,32 years,1.2,0.0,0,0,0,0,0.0,1,0.0,1,0,0,0,0,0,1,0,Forward,
Gabriele Zappa,ITA,Cagliari,it Serie A,23 years,28.5,54.0,31,29,16,9,29.0,41,70.7,12,29,5,24,20,74,75,2,Defender,
Davide Zappacosta,ITA,Atalanta,it Serie A,31 years,20.7,30.0,20,15,10,5,16.0,34,47.1,18,29,4,25,5,35,19,0,Defender,
Bryan Zaragoza,ESP,Granada,es La Liga,22 years,18.2,18.0,9,8,6,4,8.0,23,34.8,15,9,0,9,3,21,3,0,Midfielder,Forward
Bryan Zaragoza,ESP,Bayern Munich,de Bundesliga,22 years,2.0,4.0,4,2,1,1,3.0,3,100.0,0,0,0,0,2,6,0,0,Forward,Midfielder
Anass Zaroury,MAR,Burnley,eng Premier League,22 years,1.7,1.0,0,1,0,0,0.0,4,0.0,4,2,0,2,0,1,1,1,Forward,Midfielder
Oier Zarraga,ESP,Udinese,it Serie A,24 years,4.5,3.0,3,2,1,0,1.0,5,20.0,4,5,2,3,5,8,16,1,Midfielder,
Mehdi Zeffane,ALG,Clermont Foot,fr Ligue 1,31 years,13.7,31.0,20,17,11,3,17.0,34,50.0,17,14,3,11,16,47,34,0,Defender,Midfielder
Jordan Zemura,ZIM,Udinese,it Serie A,23 years,11.5,24.0,16,13,7,4,11.0,19,57.9,8,5,1,4,13,37,21,0,Defender,
Robin Zentner,GER,Mainz 05,de Bundesliga,28 years,30.0,2.0,2,2,0,0,2.0,5,40.0,3,1,0,1,1,3,19,1,Goalkeeper,
Alessio Zerbin,ITA,Monza,it Serie A,24 years,7.6,18.0,10,13,2,3,4.0,13,30.8,9,16,3,13,3,21,5,0,Defender,Forward
Alessio Zerbin,ITA,Napoli,it Serie A,24 years,1.7,5.0,2,1,3,1,2.0,7,28.6,5,1,0,1,0,5,0,0,Forward,Defender
Kevin Zeroli,ITA,Milan,it Serie A,18 years,0.3,1.0,1,1,0,0,0.0,0,,0,1,0,1,0,1,1,0,Midfielder,
Cedric Zesiger,SUI,Wolfsburg,de Bundesliga,25 years,18.2,19.0,9,13,4,2,10.0,22,45.5,12,32,21,11,15,34,88,1,Defender,
Michael Zetterer,GER,Werder Bremen,de Bundesliga,28 years,27.0,3.0,1,3,0,0,3.0,3,100.0,0,0,0,0,0,3,7,3,Goalkeeper,
Nathan Zeze,FRA,Nantes,fr Ligue 1,18 years,11.4,11.0,6,9,2,0,7.0,14,50.0,7,12,3,9,12,23,47,1,Defender,
Edon Zhegrova,KVX,Lille,fr Ligue 1,24 years,25.4,32.0,18,9,15,8,14.0,36,38.9,22,17,1,16,8,40,8,0,Forward,
Piotr Zieliński,POL,Napoli,it Serie A,29 years,21.4,23.0,15,6,13,4,12.0,24,50.0,12,12,1,11,9,32,15,0,Midfielder,
David Zima,CZE,Torino,it Serie A,22 years,1.0,1.0,1,1,0,0,0.0,0,,0,0,0,0,3,4,7,0,Defender,
Christoph Zimmermann,GER,Darmstadt 98,de Bundesliga,30 years,13.6,33.0,21,26,7,0,19.0,39,48.7,20,21,14,7,21,54,66,1,Defender,
Oleksandr Zinchenko,UKR,Arsenal,eng Premier League,26 years,19.1,50.0,30,19,24,7,35.0,52,67.3,17,18,3,15,20,70,26,2,Defender,
Joshua Zirkzee,NED,Bologna,it Serie A,22 years,30.7,32.0,20,8,15,9,13.0,24,54.2,11,25,2,23,3,35,36,0,Forward,
Luc Zogbé,CIV,Brest,fr Ligue 1,18 years,0.1,0.0,0,0,0,0,0.0,1,0.0,1,1,1,0,1,1,0,0,Defender,
Simon Zoller,GER,Bochum,de Bundesliga,32 years,0.5,0.0,0,0,0,0,0.0,0,,0,1,0,1,0,0,0,0,Forward,Midfielder
Nadir Zortea,ITA,Frosinone,it Serie A,24 years,14.0,21.0,14,8,13,0,10.0,22,45.5,12,13,5,8,4,25,29,1,Defender,
Nadir Zortea,ITA,Atalanta,it Serie A,24 years,1.7,5.0,4,3,1,1,1.0,4,25.0,3,2,0,2,1,6,3,0,Defender,
Kurt Zouma,FRA,West Ham,eng Premier League,28 years,31.5,23.0,17,14,9,0,10.0,16,62.5,6,38,28,10,29,52,160,0,Defender,
Igor Zubeldia,ESP,Real Sociedad,es La Liga,26 years,28.0,32.0,25,20,10,2,19.0,26,73.1,7,28,19,9,32,64,97,3,Defender,
Martín Zubimendi,ESP,Real Sociedad,es La Liga,24 years,29.5,49.0,27,18,29,2,23.0,42,54.8,19,33,9,24,37,86,54,0,Midfielder,
Szymon Żurkowski,POL,Empoli,it Serie A,25 years,9.6,15.0,6,5,8,2,5.0,15,33.3,10,5,1,4,6,21,11,0,Midfielder,
Lovro Zvonarek,CRO,Bayern Munich,de Bundesliga,18 years,1.8,0.0,0,0,0,0,0.0,5,0.0,5,3,0,3,0,0,2,0,Forward,Midfielder
Martin Ødegaard,NOR,Arsenal,eng Premier League,24 years,34.3,49.0,17,18,21,10,17.0,58,29.3,41,23,1,22,15,64,5,0,Midfielder,
Milan Đurić,BIH,Hellas Verona,it Serie A,33 years,13.4,1.0,0,0,0,1,0.0,3,0.0,3,0,0,0,1,2,13,0,Forward,
Milan Đurić,BIH,Monza,it Serie A,33 years,14.0,5.0,5,0,5,0,2.0,4,50.0,2,6,2,4,0,5,27,0,Forward,
Mateusz Łęgowski,POL,Salernitana,it Serie A,20 years,12.7,23.0,12,8,12,3,11.0,26,42.3,15,13,2,11,7,30,16,0,Midfielder,
