Player,Nation,Squad,Comp,Age,90s,Att,Live,Dead,FK,TB,Sw,Crs,TI,CK,Corner Kicks In,Corner Kicks Out,Corner Kicks Straight,Cmp,Off,Blocks,Position 1,Position 2
Max Aarons,ENG,Bournemouth,eng Premier League,23 years,13.7,581,453,127,11,2,3,13,116,0,0,0,0,450,1,23,Defender,
Brenden Aaronson,USA,Union Berlin,de Bundesliga,22 years,14.1,472,439,29,3,5,1,22,12,6,2,3,0,365,4,21,Midfielder,Forward
Paxten Aaronson,USA,Eintracht Frankfurt,de Bundesliga,19 years,1.1,50,48,2,1,0,0,0,1,0,0,0,0,41,0,0,Midfielder,
Keyliane Abdallah,FRA,Marseille,fr Ligue 1,17 years,0.0,1,1,0,0,0,0,0,0,0,0,0,0,1,0,0,Forward,
Yunis Abdelhamid,MAR,Reims,fr Ligue 1,35 years,30.9,1836,1650,178,75,2,13,3,29,0,0,0,0,1552,8,20,Defender,
Salis Abdul Samed,GHA,Lens,fr Ligue 1,23 years,16.9,895,875,18,17,0,1,3,1,0,0,0,0,796,2,17,Midfielder,
Nabil Aberdin,FRA,Getafe,es La Liga,20 years,2.0,79,75,4,4,0,1,0,0,0,0,0,0,60,0,0,Defender,
Laurent Abergel,FRA,Lorient,fr Ligue 1,30 years,31.8,1836,1743,88,68,6,13,34,14,0,0,0,0,1551,5,25,Midfielder,
Matthis Abline,FRA,Nantes,fr Ligue 1,20 years,11.6,231,218,12,0,2,1,7,1,0,0,0,0,162,1,11,Forward,
Abner,BRA,Betis,es La Liga,23 years,15.6,797,628,165,7,0,3,26,158,0,0,0,0,615,4,23,Defender,
Zakaria Aboukhlal,MAR,Toulouse,fr Ligue 1,23 years,8.4,196,185,11,1,0,0,5,9,0,0,0,0,140,0,7,Midfielder,Forward
Abdel Abqar,MAR,Alavés,es La Liga,24 years,25.7,762,704,55,50,0,17,2,4,0,0,0,0,553,3,10,Defender,
Tammy Abraham,ENG,Roma,it Serie A,25 years,2.7,40,37,2,0,0,0,2,0,0,0,0,0,19,1,1,Forward,
Francesco Acerbi,ITA,Inter,it Serie A,35 years,26.5,1781,1719,60,43,0,11,9,8,0,0,0,0,1615,2,5,Defender,
Joshua Acheampong,ENG,Chelsea,eng Premier League,17 years,0.1,2,1,1,0,0,0,0,1,0,0,0,0,1,0,0,Defender,
Marcos Acuña,ARG,Sevilla,es La Liga,31 years,14.4,847,672,173,32,1,11,82,122,19,7,12,0,628,2,16,Defender,
Akor Adams,NGA,Montpellier,fr Ligue 1,23 years,25.0,385,375,10,0,2,1,12,1,0,0,0,0,250,0,20,Forward,
Tyler Adams,USA,Bournemouth,eng Premier League,24 years,1.3,71,67,4,3,0,1,1,1,0,0,0,0,59,0,0,Midfielder,
Junior Adamu,AUT,Freiburg,de Bundesliga,22 years,1.2,30,29,1,0,0,0,1,0,0,0,0,0,18,0,0,Forward,Midfielder
Sargis Adamyan,ARM,Köln,de Bundesliga,30 years,8.9,189,166,22,1,0,2,4,2,0,0,0,0,132,1,6,Forward,Midfielder
Tosin Adarabioyo,ENG,Fulham,eng Premier League,25 years,18.0,1216,1181,33,28,1,9,1,2,0,0,0,0,1028,2,8,Defender,
Elijah Adebayo,ENG,Luton Town,eng Premier League,25 years,15.8,204,202,1,0,1,0,5,1,0,0,0,0,144,1,5,Forward,
Karim Adeyemi,GER,Dortmund,de Bundesliga,21 years,10.1,299,280,19,3,0,1,25,11,4,1,2,0,218,0,16,Forward,Midfielder
Simon Adingra,CIV,Brighton,eng Premier League,21 years,24.7,840,815,23,3,7,2,76,15,5,0,1,0,634,2,29,Forward,
Nathaniel Adjei,GHA,Lorient,fr Ligue 1,20 years,13.8,669,628,40,27,0,3,2,11,0,0,0,0,578,1,5,Defender,
Amine Adli,MAR,Leverkusen,de Bundesliga,23 years,10.0,459,447,11,2,2,1,23,7,0,0,0,0,367,1,10,Midfielder,Forward
Yacine Adli,FRA,Milan,it Serie A,23 years,15.6,1300,1220,78,36,3,16,50,7,35,11,12,0,1125,2,14,Midfielder,
Adryelson,BRA,Lyon,fr Ligue 1,25 years,0.1,5,5,0,0,0,0,0,0,0,0,0,0,5,0,0,Defender,Forward
Adson,BRA,Nantes,fr Ligue 1,22 years,2.6,130,128,2,0,0,0,2,2,0,0,0,0,115,0,2,Midfielder,Forward
Michel Aebischer,SUI,Bologna,it Serie A,26 years,24.8,1503,1447,53,34,3,5,12,13,6,3,0,0,1370,3,17,Midfielder,
Emmanuel Agbadou,CIV,Reims,fr Ligue 1,26 years,28.8,1838,1728,106,50,5,11,6,48,0,0,0,0,1599,4,11,Defender,
Julen Agirrezabala,ESP,Athletic Club,es La Liga,22 years,2.6,100,72,28,6,0,0,0,0,0,0,0,0,67,0,1,Goalkeeper,
Lucien Agoume,FRA,Inter,it Serie A,21 years,0.1,5,5,0,0,0,0,0,0,0,0,0,0,5,0,0,Midfielder,
Lucien Agoume,FRA,Sevilla,es La Liga,21 years,8.6,360,356,4,4,1,2,2,0,0,0,0,0,301,0,6,Midfielder,
Felix Agu,GER,Werder Bremen,de Bundesliga,23 years,17.9,669,538,128,3,0,2,46,124,1,0,0,0,488,3,30,Defender,Midfielder
Nayef Aguerd,MAR,West Ham,eng Premier League,27 years,20.6,1177,1100,75,55,1,29,5,6,0,0,0,0,943,2,5,Defender,
Ruben Aguilar,FRA,Lens,fr Ligue 1,30 years,21.4,1282,1094,185,17,3,1,75,168,0,0,0,0,1044,3,35,Defender,
Brandon Aguilera,CRC,Nottingham Forest,eng Premier League,20 years,0.1,8,8,0,0,0,0,0,0,0,0,0,0,4,0,1,Forward,
Naouirou Ahamada,FRA,Crystal Palace,eng Premier League,21 years,3.9,187,183,4,1,0,0,6,2,0,0,0,0,150,0,8,Midfielder,Forward
Anel Ahmedhodžić,BIH,Sheffield Utd,eng Premier League,24 years,29.4,993,955,36,11,1,2,6,25,0,0,0,0,749,2,20,Defender,
Joseph Aidoo,GHA,Celta Vigo,es La Liga,27 years,4.5,185,175,10,6,1,0,0,4,0,0,0,0,145,0,0,Defender,
Ola Aina,NGA,Nottingham Forest,eng Premier League,26 years,18.8,803,650,150,12,2,2,28,138,0,0,0,0,605,3,17,Defender,
Rayan Aït-Nouri,ALG,Wolves,eng Premier League,22 years,25.9,1190,1047,138,24,2,5,41,106,8,5,2,0,1005,5,24,Defender,Midfielder
Tosin Aiyegun,BEN,Lorient,fr Ligue 1,25 years,10.0,203,193,7,0,0,0,8,1,0,0,0,0,154,3,4,Midfielder,Forward
Kristoffer Ajer,NOR,Brentford,eng Premier League,25 years,20.4,810,730,79,9,1,9,22,65,0,0,0,0,610,1,11,Defender,
Ludovic Ajorque,FRA,Mainz 05,de Bundesliga,29 years,15.1,453,423,28,2,2,4,3,0,0,0,0,0,318,2,6,Forward,
Manuel Akanji,SUI,Manchester City,eng Premier League,28 years,27.9,2334,2261,71,34,4,15,9,27,0,0,0,0,2180,2,10,Defender,Midfielder
Marley Aké,FRA,Udinese,it Serie A,22 years,0.1,0,0,0,0,0,0,0,0,0,0,0,0,0,0,0,Forward,
Nathan Aké,NED,Manchester City,eng Premier League,28 years,22.7,1864,1744,118,32,1,3,11,81,0,0,0,0,1716,2,14,Defender,
Ilias Akhomach,MAR,Villarreal,es La Liga,19 years,16.8,481,464,14,5,4,2,29,5,4,1,1,0,372,3,14,Midfielder,Forward
Sergio Akieme,ESP,Almería,es La Liga,25 years,18.6,801,630,169,19,1,5,57,148,2,0,1,0,620,2,22,Defender,
Sergio Akieme,ESP,Reims,fr Ligue 1,25 years,9.1,350,287,61,3,0,0,21,57,0,0,0,0,277,2,8,Defender,
Ebenezer Akinsanmiro,NGA,Inter,it Serie A,18 years,0.2,8,7,1,1,0,0,0,0,0,0,0,0,7,0,0,Midfielder,
Maghnes Akliouche,FRA,Monaco,fr Ligue 1,21 years,17.9,833,773,54,12,8,2,54,3,37,14,8,0,645,6,24,Midfielder,Forward
Paul Akouokou,CIV,Betis,es La Liga,25 years,0.3,17,17,0,0,0,0,0,0,0,0,0,0,16,0,0,Midfielder,
Paul Akouokou,CIV,Lyon,fr Ligue 1,25 years,3.4,185,183,2,2,0,0,0,0,0,0,0,0,158,0,2,Midfielder,
Jean-Daniel Akpa-Akpro,CIV,Monza,it Serie A,30 years,7.8,263,260,3,1,1,1,1,0,0,0,0,0,220,0,11,Midfielder,
David Akpan Ankeye,NGA,Genoa,it Serie A,21 years,0.6,9,9,0,0,0,0,1,0,0,0,0,0,8,0,0,Forward,
Kevin Akpoguma,NGA,Hoffenheim,de Bundesliga,28 years,12.2,711,680,30,17,0,2,4,13,0,0,0,0,611,1,6,Defender,
David Alaba,AUT,Real Madrid,es La Liga,31 years,12.8,904,835,65,23,4,7,17,5,12,7,3,0,810,4,2,Defender,
Luis Alberto,ESP,Lazio,it Serie A,30 years,25.7,1679,1452,215,71,14,6,150,13,114,45,54,0,1303,12,28,Midfielder,
Raúl Albiol,ESP,Villarreal,es La Liga,37 years,22.6,1272,1207,61,45,0,6,0,3,0,0,0,0,1095,4,8,Defender,
Thiago Alcántara,ESP,Liverpool,eng Premier League,32 years,0.1,10,9,1,1,0,0,0,0,0,0,0,0,7,0,0,Midfielder,
Carlos Alcaraz,ARG,Juventus,it Serie A,20 years,4.2,165,155,10,7,2,1,1,2,1,0,0,0,143,0,3,Midfielder,
Rubén Alcaraz,ESP,Cádiz,es La Liga,32 years,34.8,1582,1462,106,85,1,42,36,7,8,1,7,0,1271,14,17,Midfielder,
Omar Alderete,PAR,Getafe,es La Liga,26 years,24.4,1056,985,58,54,0,37,5,3,0,0,0,0,678,13,11,Defender,
Iván Alejo,ESP,Cádiz,es La Liga,28 years,18.8,481,433,46,10,1,2,151,24,12,0,11,0,245,2,32,Midfielder,
Carles Aleñá,ESP,Getafe,es La Liga,25 years,11.3,396,359,36,17,1,4,33,5,14,13,1,0,308,1,12,Midfielder,
Trent Alexander-Arnold,ENG,Liverpool,eng Premier League,24 years,23.9,2062,1705,346,77,22,32,168,198,71,10,52,0,1553,11,23,Defender,
Aboubacar Ali,COM,Strasbourg,fr Ligue 1,17 years,1.4,34,34,0,0,0,0,6,0,0,0,0,0,22,0,1,Midfielder,Forward
Mohamed Ali Cho,FRA,Real Sociedad,es La Liga,19 years,2.8,66,66,0,0,0,0,11,0,0,0,0,0,38,0,1,Forward,Midfielder
Mohamed Ali Cho,FRA,Nice,fr Ligue 1,19 years,9.6,268,245,22,6,1,0,44,0,16,8,7,0,193,1,8,Forward,
Faride Alidou,GER,Köln,de Bundesliga,22 years,14.2,305,293,12,0,0,2,39,7,1,0,1,0,196,0,17,Forward,Midfielder
Nabil Alioui,FRA,Le Havre,fr Ligue 1,24 years,11.2,358,289,66,17,6,1,54,1,36,23,13,0,228,3,14,Midfielder,Forward
Alisson,BRA,Liverpool,eng Premier League,30 years,28.0,1142,983,154,38,0,5,0,0,0,0,0,0,985,5,3,Goalkeeper,
Tadeo Allende,ARG,Celta Vigo,es La Liga,24 years,3.7,98,97,1,0,1,1,10,0,0,0,0,0,60,0,6,Midfielder,Forward
Jim Allevinah,GAB,Clermont Foot,fr Ligue 1,28 years,20.7,743,675,65,2,1,0,47,57,1,0,0,0,589,3,17,Midfielder,Defender
Domingos André Ribeiro Almeida,POR,Valencia,es La Liga,23 years,10.7,399,375,24,12,0,4,18,2,7,0,5,0,315,0,18,Forward,Midfielder
Miguel Almirón,PAR,Newcastle Utd,eng Premier League,29 years,21.5,801,788,10,2,5,0,24,7,1,0,0,0,668,3,16,Forward,
Pontus Almqvist,SWE,Lecce,it Serie A,24 years,23.4,478,472,6,2,1,0,21,3,1,1,0,0,351,0,19,Forward,Midfielder
Marcos Alonso,ESP,Barcelona,es La Liga,32 years,2.8,214,171,43,10,0,3,15,27,6,2,2,0,180,0,5,Defender,
Adrià Altimira,ESP,Villarreal,es La Liga,22 years,8.6,465,400,65,5,0,1,5,60,0,0,0,0,389,0,10,Defender,Midfielder
Sergi Altimira,ESP,Betis,es La Liga,21 years,6.3,320,315,3,1,0,4,1,1,1,1,0,0,289,2,3,Midfielder,
Edson Álvarez,MEX,West Ham,eng Premier League,25 years,26.4,1207,1184,18,15,2,9,4,3,0,0,0,0,1033,5,14,Midfielder,
Gastón Álvarez,URU,Getafe,es La Liga,23 years,28.2,1017,878,138,35,0,10,25,101,0,0,0,0,754,1,17,Defender,
Hugo Álvarez,ESP,Celta Vigo,es La Liga,20 years,8.5,455,379,73,8,4,1,22,58,7,1,5,1,380,3,10,Midfielder,Defender
Julián Álvarez,ARG,Manchester City,eng Premier League,23 years,29.4,1258,1069,185,25,9,1,137,7,129,44,36,2,1011,4,27,Midfielder,Forward
Yeray Álvarez,ESP,Athletic Club,es La Liga,28 years,12.8,710,674,32,30,2,8,1,1,0,0,0,0,572,4,7,Defender,
Skelly Alvero,FRA,Lyon,fr Ligue 1,21 years,4.7,193,190,2,2,1,1,2,0,0,0,0,0,159,1,2,Midfielder,
Skelly Alvero,FRA,Werder Bremen,de Bundesliga,21 years,1.4,76,75,1,1,0,1,0,0,0,0,0,0,59,0,2,Midfielder,
Papa Amadou Diallo,SEN,Metz,fr Ligue 1,19 years,9.9,257,255,2,1,2,0,14,1,0,0,0,0,167,0,7,Forward,
Selim Amallah,MAR,Valencia,es La Liga,26 years,6.7,164,162,2,0,2,0,4,0,0,0,0,0,120,0,5,Forward,Midfielder
Amath,SEN,Mallorca,es La Liga,27 years,4.4,113,110,2,1,2,0,7,1,0,0,0,0,76,1,4,Forward,Midfielder
Lorenzo Amatucci,ITA,Fiorentina,it Serie A,19 years,0.2,25,25,0,0,0,1,0,0,0,0,0,0,22,0,2,Midfielder,
Jordan Amavi,FRA,Brest,fr Ligue 1,29 years,1.0,54,43,11,3,0,0,1,8,0,0,0,0,47,0,1,Defender,
Zeki Amdouni,SUI,Burnley,eng Premier League,22 years,21.7,500,445,51,2,7,1,8,0,3,0,0,0,396,4,19,Forward,
Kelvin Amian,FRA,Nantes,fr Ligue 1,25 years,8.9,350,266,84,8,1,0,14,76,0,0,0,0,268,0,15,Defender,
Bruno Amione,ARG,Hellas Verona,it Serie A,21 years,6.4,273,267,6,4,0,1,1,2,0,0,0,0,217,0,3,Defender,
Michael Amir Murillo,PAN,Marseille,fr Ligue 1,27 years,11.1,602,517,84,13,0,1,16,71,0,0,0,0,492,1,10,Defender,
Nadiem Amiri,GER,Mainz 05,de Bundesliga,26 years,14.6,798,612,181,80,2,3,126,9,88,32,44,0,567,5,11,Midfielder,
Nadiem Amiri,GER,Leverkusen,de Bundesliga,26 years,1.0,100,98,2,1,0,0,1,0,1,0,0,0,92,0,2,Midfielder,
Kofi Amoako,GER,Wolfsburg,de Bundesliga,18 years,0.0,1,1,0,0,0,0,0,0,0,0,0,0,0,0,0,Midfielder,
Sofyan Amrabat,MAR,Manchester Utd,eng Premier League,26 years,10.4,664,642,21,10,0,8,7,11,0,0,0,0,578,1,10,Midfielder,Defender
Joachim Andersen,DEN,Crystal Palace,eng Premier League,27 years,37.9,2209,2073,121,110,7,31,31,8,0,0,0,0,1731,15,22,Defender,
Elliot Anderson,ENG,Newcastle Utd,eng Premier League,20 years,11.4,460,431,29,3,4,1,19,25,1,0,0,0,370,0,9,Midfielder,Forward
Felipe Anderson,BRA,Lazio,it Serie A,30 years,30.8,1336,1299,29,5,5,6,57,18,6,1,4,0,1012,8,63,Forward,Midfielder
Benjamin André,FRA,Lille,fr Ligue 1,32 years,28.6,1919,1855,58,57,5,19,19,1,0,0,0,0,1598,6,34,Midfielder,
Komnen Andrić,SRB,Clermont Foot,fr Ligue 1,28 years,1.9,59,54,5,0,0,0,1,0,0,0,0,0,45,0,0,Forward,
Robert Andrich,GER,Leverkusen,de Bundesliga,28 years,18.8,1494,1458,34,32,5,4,14,2,0,0,0,0,1346,2,10,Midfielder,Defender
Miguel Ángel Rubio,ESP,Granada,es La Liga,25 years,17.3,775,745,29,24,1,4,0,1,0,0,0,0,622,1,11,Defender,
Angeliño,ESP,Roma,it Serie A,26 years,12.7,715,610,101,12,0,4,53,87,2,1,0,0,546,4,11,Defender,
Ângelo,BRA,Strasbourg,fr Ligue 1,18 years,12.2,426,410,15,3,4,1,42,4,5,3,1,0,300,1,13,Forward,Midfielder
Fabrizio Angileri,ARG,Getafe,es La Liga,29 years,1.8,103,96,7,1,0,2,8,6,0,0,0,0,68,0,5,Defender,Midfielder
Jaidon Anthony,ENG,Bournemouth,eng Premier League,23 years,1.7,45,42,3,2,0,0,2,0,1,0,0,0,30,0,3,Forward,
Waldemar Anton,GER,Stuttgart,de Bundesliga,27 years,32.1,2624,2511,109,51,6,9,14,29,0,0,0,0,2330,4,16,Defender,
Michail Antonio,JAM,West Ham,eng Premier League,33 years,18.8,308,288,18,1,3,4,27,11,0,0,0,0,180,2,22,Forward,
Antony,BRA,Manchester Utd,eng Premier League,23 years,14.7,595,570,22,7,3,1,16,15,0,0,0,0,468,3,23,Forward,
Christopher Antwi-Adjei,GHA,Bochum,de Bundesliga,29 years,13.5,454,343,108,1,1,1,55,106,0,0,0,0,274,3,21,Forward,Midfielder
Houssem Aouar,ALG,Roma,it Serie A,25 years,8.4,359,344,15,4,0,0,10,3,8,5,2,0,300,0,8,Midfielder,Forward
Stredair Appuah,FRA,Nantes,fr Ligue 1,19 years,0.9,23,23,0,0,0,0,2,0,0,0,0,0,14,0,2,Forward,Midfielder
Mauro Arambarri,URU,Getafe,es La Liga,27 years,3.8,142,138,4,2,0,2,6,1,1,1,0,0,114,0,2,Midfielder,
Jon Aramburu,VEN,Real Sociedad,es La Liga,21 years,6.0,321,256,62,7,0,0,7,55,0,0,0,0,254,3,7,Defender,
Asaf Arania,ISR,Darmstadt 98,de Bundesliga,17 years,0.1,4,3,1,0,0,0,0,1,0,0,0,0,4,0,0,Midfielder,
Julian Araujo,MEX,Las Palmas,es La Liga,21 years,16.2,831,694,135,19,0,2,23,116,0,0,0,0,680,2,14,Defender,
Ronald Araújo,URU,Barcelona,es La Liga,24 years,22.2,1641,1540,93,45,3,14,8,37,0,0,0,0,1458,8,6,Defender,
Oliver Arblaster,ENG,Sheffield Utd,eng Premier League,19 years,10.5,441,409,29,13,1,2,7,0,6,3,0,0,351,3,9,Midfielder,
Cameron Archer,ENG,Sheffield Utd,eng Premier League,22 years,20.4,332,310,22,0,2,1,5,0,0,0,0,0,266,0,15,Forward,Midfielder
Cameron Archer,ENG,Aston Villa,eng Premier League,22 years,0.1,6,6,0,0,1,0,0,0,0,0,0,0,5,0,0,Midfielder,
Alphonse Areola,FRA,West Ham,eng Premier League,30 years,30.0,867,555,307,88,0,2,0,0,0,0,0,0,562,5,0,Goalkeeper,
Adu Ares,ESP,Athletic Club,es La Liga,21 years,2.9,104,103,1,0,0,1,11,0,1,1,0,0,79,0,5,Forward,
Jesús Areso,ESP,Osasuna,es La Liga,24 years,29.6,1368,1033,332,20,1,6,110,311,0,0,0,0,1021,3,48,Defender,
Simone Aresti,ITA,Cagliari,it Serie A,37 years,0.0,1,1,0,0,0,0,0,0,0,0,0,0,0,0,0,Goalkeeper,
Matias Arezo,URU,Granada,es La Liga,20 years,4.1,82,75,7,0,1,0,4,1,0,0,0,0,52,0,0,Forward,
Iñigo Arguibide,ESP,Osasuna,es La Liga,18 years,0.2,4,3,1,0,0,0,0,1,0,0,0,0,1,0,1,Defender,
Yoël Armougom,FRA,Clermont Foot,fr Ligue 1,25 years,2.6,131,114,17,1,0,0,14,16,0,0,0,0,97,0,3,Defender,Midfielder
José Arnaiz,ESP,Osasuna,es La Liga,28 years,10.3,318,260,58,18,0,3,46,3,25,13,8,0,233,0,8,Forward,Midfielder
Hákon Arnar Haraldsson,ISL,Lille,fr Ligue 1,20 years,14.3,549,525,21,6,3,4,7,4,2,1,0,0,451,3,13,Forward,Midfielder
Marko Arnautović,AUT,Inter,it Serie A,34 years,8.9,271,264,5,0,3,1,7,0,0,0,0,0,203,2,9,Forward,
Maximilian Arnold,GER,Wolfsburg,de Bundesliga,29 years,27.8,1582,1404,171,87,4,17,110,1,58,39,13,2,1285,7,19,Midfielder,
Mohamed El Arouch,FRA,Lyon,fr Ligue 1,19 years,0.0,1,1,0,0,0,0,0,0,0,0,0,0,1,0,0,Forward,
Sergio Arribas,ESP,Almería,es La Liga,21 years,22.7,751,661,86,32,4,4,60,7,28,13,9,0,588,4,20,Midfielder,Forward
Kepa Arrizabalaga,ESP,Real Madrid,es La Liga,28 years,13.3,456,374,82,12,0,1,0,0,0,0,0,0,386,0,1,Goalkeeper,
Arthur,BRA,Leverkusen,de Bundesliga,20 years,2.0,109,96,13,0,0,0,7,12,1,0,0,0,88,0,3,Defender,
Takuma Asano,JPN,Bochum,de Bundesliga,28 years,22.1,397,383,12,1,1,0,37,2,1,0,0,0,262,2,26,Forward,Midfielder
Marco Asensio,ESP,Paris S-G,fr Ligue 1,27 years,12.4,656,598,55,10,6,6,52,8,31,11,10,0,545,3,13,Midfielder,Forward
Kristjan Asllani,ALB,Inter,it Serie A,21 years,8.7,744,685,56,23,2,4,35,1,32,12,10,0,662,3,6,Midfielder,
Joel Asoro,SWE,Metz,fr Ligue 1,24 years,9.4,147,136,10,4,0,0,19,1,2,2,0,0,94,1,10,Forward,Midfielder
Jonathan Asp Jensen,DEN,Bayern Munich,de Bundesliga,17 years,0.0,0,0,0,0,0,0,0,0,0,0,0,0,0,0,0,Forward,
Iago Aspas,ESP,Celta Vigo,es La Liga,35 years,30.1,1305,1112,190,51,20,15,149,8,94,39,35,0,949,3,30,Forward,
Lorenz Assignon,TOG,Burnley,eng Premier League,23 years,13.7,485,378,104,3,0,0,29,101,0,0,0,0,352,3,19,Defender,
Lorenz Assignon,TOG,Rennes,fr Ligue 1,23 years,11.2,600,491,109,13,0,1,22,96,0,0,0,0,516,0,12,Defender,
Youcef Atal,ALG,Nice,fr Ligue 1,27 years,4.0,238,215,22,6,2,0,6,16,0,0,0,0,214,1,1,Defender,
Valentin Atangana Edoa,FRA,Reims,fr Ligue 1,17 years,6.2,179,171,7,1,0,0,5,6,0,0,0,0,155,1,3,Midfielder,
Arthur Atta,FRA,Metz,fr Ligue 1,20 years,10.3,401,378,20,10,1,4,10,6,1,1,0,0,301,3,11,Midfielder,Forward
Noah Atubolu,GER,Freiburg,de Bundesliga,21 years,34.0,1392,1060,329,88,0,4,0,0,0,0,0,0,982,3,1,Goalkeeper,
Pierre-Emerick Aubameyang,GAB,Marseille,fr Ligue 1,34 years,29.1,660,608,48,1,3,0,42,4,0,0,0,0,444,4,27,Forward,
Emil Audero,IDN,Inter,it Serie A,26 years,3.7,197,174,21,3,0,0,0,0,0,0,0,0,166,2,1,Goalkeeper,
Tommaso Augello,ITA,Cagliari,it Serie A,28 years,26.9,1329,1008,317,42,1,2,153,241,34,7,25,0,919,4,42,Defender,
Carlos Augusto,BRA,Inter,it Serie A,24 years,19.2,1099,977,112,14,0,3,40,92,0,0,0,0,921,10,25,Defender,
Yann Aurel Bisseck,GER,Inter,it Serie A,22 years,10.0,641,614,27,20,1,2,5,7,0,0,0,0,590,0,9,Defender,
Serge Aurier,CIV,Nottingham Forest,eng Premier League,30 years,9.3,448,407,41,6,1,0,22,35,0,0,0,0,348,0,8,Defender,Midfielder
Ezequiel Ávila,ARG,Osasuna,es La Liga,29 years,9.6,371,312,56,13,4,6,79,10,32,17,12,0,232,3,9,Forward,Midfielder
Ezequiel Ávila,ARG,Betis,es La Liga,29 years,3.3,91,89,2,1,0,3,12,1,0,0,0,0,55,0,6,Forward,
Taiwo Awoniyi,NGA,Nottingham Forest,eng Premier League,25 years,11.6,175,169,4,0,2,1,1,0,0,0,0,0,127,2,3,Forward,
André Ayew,GHA,Le Havre,fr Ligue 1,33 years,12.3,266,244,19,0,0,0,4,1,0,0,0,0,197,3,10,Forward,
Jordan Ayew,GHA,Crystal Palace,eng Premier League,31 years,28.3,920,876,42,8,4,5,97,10,22,6,8,0,681,2,43,Forward,Midfielder
Neil El Aynaoui,FRA,Lens,fr Ligue 1,22 years,17.4,670,660,9,8,2,0,7,1,0,0,0,0,576,1,6,Midfielder,
Sardar Azmoun,IRN,Roma,it Serie A,28 years,6.5,156,152,4,1,1,1,2,1,0,0,0,0,108,0,8,Forward,Midfielder
César Azpilicueta,ESP,Atlético Madrid,es La Liga,33 years,15.8,1035,899,130,19,1,2,11,111,0,0,0,0,867,6,8,Defender,
Paulo Azzi,BRA,Cagliari,it Serie A,29 years,10.6,487,394,91,6,0,1,48,84,1,0,0,0,322,2,13,Defender,Midfielder
Oussama El Azzouzi,MAR,Bologna,it Serie A,22 years,6.1,390,383,7,6,0,2,2,0,1,1,0,0,352,0,2,Midfielder,
Abdellah Baallal,MAR,Clermont Foot,fr Ligue 1,18 years,0.0,4,4,0,0,0,0,0,0,0,0,0,0,3,0,0,Midfielder,
Iddrisu Baba,GHA,Almería,es La Liga,27 years,15.9,654,636,15,15,2,2,4,0,0,0,0,0,543,3,10,Midfielder,
Srđan Babić,SRB,Almería,es La Liga,27 years,1.0,62,60,2,2,0,1,0,0,0,0,0,0,58,0,0,Defender,
Shavy Babicka,GAB,Toulouse,fr Ligue 1,23 years,4.1,127,122,3,0,0,0,13,3,0,0,0,0,77,2,10,Forward,Midfielder
Aliou Badara Baldé,GUI,Nice,fr Ligue 1,20 years,0.8,30,29,1,0,1,0,4,0,1,0,0,0,15,0,2,Forward,Defender
Loïc Bade,FRA,Sevilla,es La Liga,23 years,25.3,1346,1308,34,30,1,18,2,4,0,0,0,0,1113,4,12,Defender,
Milan Badelj,CRO,Genoa,it Serie A,34 years,28.2,1407,1344,59,39,5,14,14,9,0,0,0,0,1136,4,20,Midfielder,
Matthias Bader,GER,Darmstadt 98,de Bundesliga,26 years,20.0,912,747,160,5,1,10,32,155,0,0,0,0,687,5,31,Defender,Midfielder
Benoît Badiashile,FRA,Chelsea,eng Premier League,22 years,14.9,1173,1137,36,27,1,2,2,6,0,0,0,0,1065,0,6,Defender,
Alex Baena,ESP,Villarreal,es La Liga,22 years,28.7,1255,1087,153,38,28,15,175,15,95,44,37,1,893,15,32,Midfielder,Forward
Jaime Báez,URU,Frosinone,it Serie A,28 years,5.6,202,182,20,4,0,1,24,2,14,2,10,0,141,0,7,Forward,Midfielder
Nicola Bagnolini,ITA,Bologna,it Serie A,19 years,0.1,3,1,2,0,0,0,0,0,0,0,0,0,2,0,0,Goalkeeper,
Leon Bailey,JAM,Aston Villa,eng Premier League,25 years,23.0,790,745,40,2,11,7,75,9,29,20,0,0,573,5,38,Midfielder,Forward
Eric Bailly,CIV,Villarreal,es La Liga,29 years,9.3,385,359,24,12,0,1,0,0,0,0,0,0,337,2,2,Defender,
Stefan Bajcetic,ESP,Liverpool,eng Premier League,18 years,0.3,10,10,0,0,0,0,0,0,0,0,0,0,7,0,1,Midfielder,
Nedim Bajrami,ALB,Sassuolo,it Serie A,24 years,14.6,460,376,83,20,2,1,78,10,44,17,22,0,330,1,12,Midfielder,Forward
Cédric Bakambu,COD,Betis,es La Liga,32 years,2.2,39,35,4,0,0,0,0,0,0,0,0,0,26,0,2,Forward,
Tiemoué Bakayoko,FRA,Lorient,fr Ligue 1,28 years,14.6,637,619,17,16,1,3,1,1,0,0,0,0,550,1,11,Midfielder,
Mitchel Bakker,NED,Atalanta,it Serie A,23 years,4.2,212,168,42,3,0,0,13,36,3,0,3,0,167,2,8,Defender,
Ridle Baku,GER,Wolfsburg,de Bundesliga,25 years,22.4,1048,896,150,16,5,4,54,124,10,9,0,0,789,2,20,Defender,Midfielder
Dilane Bakwa,FRA,Strasbourg,fr Ligue 1,20 years,24.2,862,705,154,49,9,5,155,33,72,43,22,1,587,3,28,Forward,Midfielder
Tommaso Baldanzi,ITA,Empoli,it Serie A,20 years,8.3,257,223,29,6,0,0,16,9,10,4,3,0,201,5,8,Midfielder,Forward
Tommaso Baldanzi,ITA,Roma,it Serie A,20 years,5.8,205,201,4,0,1,0,7,4,0,0,0,0,175,0,2,Forward,Midfielder
Alejandro Balde,ESP,Barcelona,es La Liga,19 years,15.3,817,694,122,12,1,3,37,110,0,0,0,0,694,1,16,Defender,
George Baldock,GRE,Sheffield Utd,eng Premier League,30 years,10.8,397,335,60,2,0,0,18,58,0,0,0,0,291,2,18,Defender,
Carlos Baleba,CMR,Brighton,eng Premier League,19 years,14.7,775,767,6,6,0,5,0,0,0,0,0,0,713,2,10,Midfielder,
Carlos Baleba,CMR,Lille,fr Ligue 1,19 years,0.7,45,45,0,0,0,0,0,0,0,0,0,0,39,0,0,Midfielder,
Leonardo Balerdi,ARG,Marseille,fr Ligue 1,24 years,25.2,1628,1560,64,51,0,14,2,4,1,0,0,0,1402,4,12,Defender,
Iván Balliu,ALB,Rayo Vallecano,es La Liga,31 years,31.9,1487,1082,395,24,2,6,68,371,0,0,0,0,1116,10,43,Defender,
Fodé Ballo-Touré,SEN,Fulham,eng Premier League,26 years,0.8,78,57,20,2,0,0,4,18,0,0,0,0,56,1,3,Defender,Midfielder
Folarin Balogun,USA,Monaco,fr Ligue 1,22 years,18.8,365,333,25,1,3,1,7,0,0,0,0,0,263,7,15,Forward,
Jonathan Bamba,CIV,Celta Vigo,es La Liga,27 years,22.0,769,745,19,4,8,2,50,11,1,1,0,0,590,5,31,Midfielder,Forward
Mohamed Bamba,CIV,Lorient,fr Ligue 1,21 years,12.6,256,228,25,0,0,0,2,1,0,0,0,0,185,3,14,Forward,
Samuel Bamba,GER,Dortmund,de Bundesliga,19 years,0.5,20,19,1,0,0,0,4,1,0,0,0,0,14,0,1,Forward,
Lameck Banda,ZAM,Lecce,it Serie A,22 years,15.0,342,325,15,2,1,2,51,4,9,5,2,0,250,2,14,Forward,
Daniel Bandeira,POR,Hellas Verona,it Serie A,23 years,5.0,233,224,7,2,3,4,7,3,2,0,1,0,187,2,2,Midfielder,
Mamady Bangré,BFA,Toulouse,fr Ligue 1,22 years,1.1,74,74,0,0,0,0,4,0,0,0,0,0,59,0,3,Forward,Midfielder
Mattia Bani,ITA,Genoa,it Serie A,29 years,25.6,1152,1059,88,45,0,1,1,6,0,0,0,0,962,5,8,Defender,
Léo Baptistão,BRA,Almería,es La Liga,30 years,20.4,568,534,31,0,1,3,27,8,0,0,0,0,366,3,30,Forward,
Shandon Baptiste,GRN,Brentford,eng Premier League,25 years,2.5,90,87,3,0,0,0,3,1,0,0,0,0,66,0,5,Midfielder,
Antonín Barák,CZE,Fiorentina,it Serie A,28 years,9.0,392,372,20,3,0,1,4,4,1,0,0,0,338,0,13,Midfielder,Forward
Valentín Barco,ARG,Brighton,eng Premier League,19 years,3.4,233,204,28,5,2,1,30,15,8,3,2,2,179,1,5,Defender,Forward
Bradley Barcola,FRA,Lyon,fr Ligue 1,20 years,3.0,90,90,0,0,0,1,0,0,0,0,0,0,70,0,2,Forward,
Bradley Barcola,FRA,Paris S-G,fr Ligue 1,20 years,15.2,562,553,5,2,4,1,18,3,0,0,0,0,436,4,16,Forward,Midfielder
Melvin Bard,FRA,Nice,fr Ligue 1,22 years,29.5,1784,1509,266,32,0,2,70,233,1,1,0,0,1457,9,41,Defender,
Nicolò Barella,ITA,Inter,it Serie A,26 years,31.6,2168,2120,37,17,12,25,51,19,1,0,0,0,1835,11,37,Midfielder,
Kike Barja,ESP,Osasuna,es La Liga,26 years,3.4,114,110,4,1,0,0,23,1,2,2,0,0,83,0,3,Forward,Midfielder
Ross Barkley,ENG,Luton Town,eng Premier League,29 years,29.1,1474,1329,139,94,4,24,45,14,16,8,8,0,1218,6,31,Midfielder,
Aymen Barkok,MAR,Mainz 05,de Bundesliga,25 years,3.6,184,171,13,0,1,0,13,8,4,2,2,0,118,0,4,Midfielder,Forward
Harvey Barnes,ENG,Newcastle Utd,eng Premier League,25 years,8.9,272,262,8,2,1,2,12,4,0,0,0,0,208,2,13,Forward,Midfielder
Leandro Barreiro Martins,LUX,Mainz 05,de Bundesliga,23 years,29.0,925,900,20,18,0,3,5,2,0,0,0,0,679,5,24,Midfielder,
Enzo Barrenechea,ARG,Frosinone,it Serie A,22 years,31.2,1903,1795,104,88,1,13,1,3,0,0,0,0,1624,4,21,Midfielder,
Ander Barrenetxea,ESP,Real Sociedad,es La Liga,21 years,15.9,555,545,5,0,1,9,47,4,1,0,0,0,372,5,27,Forward,Midfielder
Pablo Barrios,ESP,Atlético Madrid,es La Liga,20 years,17.3,873,847,16,11,3,3,16,4,1,0,0,0,728,10,10,Midfielder,
Davide Bartesaghi,ITA,Milan,it Serie A,17 years,0.9,35,28,7,0,0,0,0,7,0,0,0,0,28,0,2,Defender,Midfielder
Marc Bartra,ESP,Betis,es La Liga,32 years,2.5,118,107,9,9,0,1,0,0,0,0,0,0,101,2,0,Defender,
Federico Baschirotto,ITA,Lecce,it Serie A,26 years,36.6,1808,1668,136,66,0,10,3,9,0,0,0,0,1516,4,10,Defender,
Steven Baseya,FRA,Strasbourg,fr Ligue 1,18 years,0.1,12,11,1,1,0,0,0,0,0,0,0,0,11,0,0,Defender,
Chris Basham,ENG,Sheffield Utd,eng Premier League,35 years,3.6,138,125,13,1,0,1,4,12,0,0,0,0,103,0,2,Defender,Midfielder
Toma Bašić,CRO,Salernitana,it Serie A,26 years,12.9,540,503,35,22,1,6,25,7,6,1,4,0,442,2,11,Midfielder,
Calvin Bassey,NGA,Fulham,eng Premier League,23 years,25.6,1674,1582,91,34,0,12,3,3,0,0,0,0,1440,1,20,Defender,
Alessandro Bastoni,ITA,Inter,it Serie A,24 years,25.2,1935,1787,139,58,1,29,76,71,0,0,0,0,1671,9,30,Defender,
Simone Bastoni,ITA,Empoli,it Serie A,26 years,8.3,360,281,76,17,2,2,36,41,16,4,9,0,246,3,12,Midfielder,Defender
Augusto Batalla,ARG,Granada,es La Liga,27 years,17.0,689,483,205,83,0,1,0,0,0,0,0,0,445,1,1,Goalkeeper,
Daniel Batz,GER,Mainz 05,de Bundesliga,32 years,4.0,153,120,33,12,0,0,0,0,0,0,0,0,104,0,0,Goalkeeper,
Maximilian Bauer,GER,Augsburg,de Bundesliga,23 years,9.0,491,452,39,17,0,0,1,15,0,0,0,0,423,0,3,Defender,
Elias Baum,GER,Eintracht Frankfurt,de Bundesliga,17 years,0.3,17,13,4,0,0,0,0,4,0,0,0,0,13,0,0,Defender,Midfielder
Oliver Baumann,GER,Hoffenheim,de Bundesliga,33 years,34.0,1412,1072,336,87,0,1,0,0,0,0,0,0,1055,4,0,Goalkeeper,
Christoph Baumgartner,AUT,RB Leipzig,de Bundesliga,23 years,12.9,456,443,8,5,4,1,8,3,0,0,0,0,340,5,15,Midfielder,Forward
Bebé,CPV,Rayo Vallecano,es La Liga,33 years,2.4,104,83,21,3,0,2,28,8,10,6,3,0,63,0,4,Midfielder,Forward
Ihlas Bebou,TOG,Hoffenheim,de Bundesliga,29 years,18.2,514,462,49,0,2,2,35,40,0,0,0,0,360,3,25,Forward,Defender
Mohamed Bechikh,FRA,Strasbourg,fr Ligue 1,18 years,0.2,5,5,0,0,0,0,0,0,0,0,0,0,5,0,0,Forward,Midfielder
Adrian Beck,GER,Heidenheim,de Bundesliga,26 years,10.8,431,411,18,3,2,5,6,1,0,0,0,0,311,2,17,Midfielder,Forward
Owen Beck,WAL,Liverpool,eng Premier League,20 years,0.1,4,4,0,0,0,0,0,0,0,0,0,0,3,0,0,Defender,
Sheraldo Becker,SUR,Real Sociedad,es La Liga,28 years,8.6,243,236,6,0,0,0,46,1,2,0,1,0,154,1,17,Forward,Midfielder
Sheraldo Becker,SUR,Union Berlin,de Bundesliga,28 years,7.2,280,261,18,0,0,1,57,13,1,0,0,1,183,1,13,Forward,Midfielder
Chris Bedia,CIV,Union Berlin,de Bundesliga,27 years,1.6,20,19,1,0,0,0,0,0,0,0,0,0,14,0,1,Forward,Midfielder
Donny van de Beek,NED,Manchester Utd,eng Premier League,26 years,0.0,1,1,0,0,0,0,0,0,0,0,0,0,1,0,0,Defender,
Donny van de Beek,NED,Eintracht Frankfurt,de Bundesliga,26 years,4.0,139,134,5,1,1,0,7,0,4,0,4,0,109,0,5,Midfielder,Forward
Yanis Begraoui,MAR,Toulouse,fr Ligue 1,22 years,3.3,97,89,6,1,0,0,5,1,2,0,1,0,70,2,1,Forward,Midfielder
Kevin Behrens,GER,Wolfsburg,de Bundesliga,32 years,6.8,175,171,3,0,1,0,4,0,0,0,0,0,112,1,4,Forward,
Kevin Behrens,GER,Union Berlin,de Bundesliga,32 years,14.0,336,323,11,0,2,0,6,3,0,0,0,0,215,2,15,Forward,
Maximilian Beier,GER,Hoffenheim,de Bundesliga,20 years,26.9,550,498,50,0,4,1,38,8,1,1,0,0,384,2,26,Forward,Midfielder
Jérémie Bela,ANG,Clermont Foot,fr Ligue 1,30 years,2.3,100,94,6,1,0,0,14,2,3,2,0,0,70,0,5,Midfielder,Forward
Reda Belahyane,MAR,Hellas Verona,it Serie A,19 years,1.0,25,24,1,1,0,0,0,0,0,0,0,0,23,0,0,Midfielder,
Reda Belahyane,MAR,Nice,fr Ligue 1,19 years,0.3,15,15,0,0,0,0,0,0,0,0,0,0,13,0,1,Midfielder,
Amari'i Bell,JAM,Luton Town,eng Premier League,29 years,19.1,835,783,48,15,2,3,13,29,0,0,0,0,645,4,23,Defender,
Stefan Bell,GER,Mainz 05,de Bundesliga,31 years,7.4,370,364,6,6,0,0,1,0,0,0,0,0,297,0,4,Defender,
Alaa Bellaarouch,MAR,Strasbourg,fr Ligue 1,21 years,15.0,504,404,97,36,0,1,0,0,0,0,0,0,352,3,1,Goalkeeper,
Raoul Bellanova,ITA,Torino,it Serie A,23 years,33.8,1579,1285,288,14,0,4,178,274,0,0,0,0,1232,6,44,Defender,
Jean-Ricner Bellegarde,FRA,Wolves,eng Premier League,25 years,10.6,314,297,15,4,1,0,30,1,6,3,3,0,241,2,11,Midfielder,Forward
Jean-Ricner Bellegarde,FRA,Strasbourg,fr Ligue 1,25 years,3.0,96,88,6,1,0,0,8,0,5,3,2,0,67,2,1,Midfielder,Forward
Héctor Bellerín,ESP,Betis,es La Liga,28 years,19.0,979,791,185,17,0,8,40,168,0,0,0,0,756,3,20,Defender,
Jude Bellingham,ENG,Real Madrid,es La Liga,20 years,25.7,1543,1490,43,18,18,14,21,12,1,1,0,0,1363,10,25,Midfielder,
Jeanuël Belocian,FRA,Rennes,fr Ligue 1,18 years,16.1,862,807,55,9,0,5,13,43,0,0,0,0,759,0,8,Defender,
Andrea Belotti,ITA,Fiorentina,it Serie A,29 years,10.5,201,181,20,1,1,0,4,0,0,0,0,0,133,0,6,Forward,
Andrea Belotti,ITA,Roma,it Serie A,29 years,7.5,155,141,13,0,1,0,4,2,0,0,0,0,115,1,10,Forward,
Fran Beltrán,ESP,Celta Vigo,es La Liga,24 years,27.0,1364,1309,53,46,4,4,19,1,6,2,3,0,1180,2,19,Midfielder,
Lucas Beltrán,ARG,Fiorentina,it Serie A,22 years,18.8,459,438,19,2,4,3,7,4,0,0,0,0,360,2,15,Forward,Midfielder
Eliesse Ben Seghir,MAR,Monaco,fr Ligue 1,18 years,4.8,215,206,8,2,2,2,13,4,1,0,1,0,174,1,4,Midfielder,Forward
Anis Ben Slimane,TUN,Sheffield Utd,eng Premier League,22 years,4.7,139,129,7,1,1,0,0,0,0,0,0,0,92,3,7,Midfielder,
Wissam Ben Yedder,FRA,Monaco,fr Ligue 1,32 years,25.7,752,698,51,3,12,2,9,3,0,0,0,0,555,3,25,Forward,
Carlos Benavídez,URU,Alavés,es La Liga,25 years,12.6,459,447,11,7,1,6,4,3,1,0,0,0,321,1,3,Midfielder,
Ismaël Bennacer,ALG,Milan,it Serie A,25 years,12.8,818,772,43,21,7,3,32,5,17,4,8,0,711,3,11,Midfielder,
Saïd Benrahma,ALG,West Ham,eng Premier League,27 years,6.9,257,253,2,2,5,0,17,0,0,0,0,0,193,2,9,Forward,Midfielder
Saïd Benrahma,ALG,Lyon,fr Ligue 1,27 years,8.6,349,313,34,7,2,1,67,2,25,20,4,0,238,2,12,Forward,Midfielder
Ramy Bensebaini,ALG,Dortmund,de Bundesliga,28 years,11.5,851,746,105,22,1,4,21,83,0,0,0,0,702,0,26,Defender,
Nabil Bentaleb,ALG,Lille,fr Ligue 1,28 years,21.9,1454,1405,45,42,4,18,6,2,1,1,0,0,1248,4,15,Midfielder,
Rodrigo Bentancur,URU,Tottenham,eng Premier League,26 years,11.2,800,786,10,9,4,0,9,0,0,0,0,0,674,4,26,Midfielder,
Daniel Bentley,ENG,Wolves,eng Premier League,30 years,4.3,144,98,46,13,0,0,0,0,0,0,0,0,96,0,0,Goalkeeper,
Lucas Beraldo,BRA,Paris S-G,fr Ligue 1,19 years,11.2,968,912,56,22,1,3,2,33,0,0,0,0,867,0,10,Defender,
Domenico Berardi,ITA,Sassuolo,it Serie A,28 years,15.9,641,583,55,19,8,24,72,7,29,19,0,0,409,3,15,Forward,
Yuri Berchiche,ESP,Athletic Club,es La Liga,33 years,21.4,1304,1050,249,43,0,8,44,206,0,0,0,0,1078,5,26,Defender,
Álex Berenguer,ESP,Athletic Club,es La Liga,28 years,17.7,596,478,117,38,4,5,138,13,65,22,30,0,373,1,23,Forward,
Bartosz Bereszyński,POL,Empoli,it Serie A,31 years,19.6,867,685,177,31,0,2,16,146,0,0,0,0,673,5,27,Defender,
Jóhann Berg Guðmundsson,ISL,Burnley,eng Premier League,32 years,13.2,544,465,77,28,4,5,70,7,39,18,12,5,396,2,14,Midfielder,Forward
Sander Berge,NOR,Burnley,eng Premier League,25 years,33.4,1562,1529,31,21,7,10,12,1,0,0,0,0,1376,2,14,Midfielder,
Etrit Berisha,ALB,Empoli,it Serie A,34 years,14.0,494,356,134,44,0,1,0,0,0,0,0,0,339,4,0,Goalkeeper,
Medon Berisha,ALB,Lecce,it Serie A,19 years,2.3,98,91,7,3,0,2,3,0,3,2,1,0,84,0,1,Forward,Midfielder
Mergim Berisha,GER,Hoffenheim,de Bundesliga,25 years,1.6,33,30,2,0,1,1,2,0,0,0,0,0,22,1,2,Forward,
Mergim Berisha,GER,Augsburg,de Bundesliga,25 years,1.4,14,13,1,0,0,0,1,0,0,0,0,0,10,0,1,Forward,
Bernardo,BRA,Bochum,de Bundesliga,28 years,32.5,1622,1356,259,12,0,4,30,233,0,0,0,0,1167,7,34,Defender,
Victor Bernth Kristiansen,DEN,Bologna,it Serie A,20 years,25.6,1688,1452,231,24,0,4,35,207,0,0,0,0,1422,5,22,Defender,
Matúš Bero,SVK,Bochum,de Bundesliga,27 years,18.5,535,502,28,3,7,1,16,23,0,0,0,0,355,5,20,Midfielder,Forward
Luke Berry,ENG,Luton Town,eng Premier League,31 years,3.6,99,83,16,4,0,0,8,2,6,5,1,0,64,0,3,Midfielder,Defender
Dimitry Bertaud,COD,Montpellier,fr Ligue 1,25 years,4.0,142,103,38,15,0,0,0,0,0,0,0,0,91,1,0,Goalkeeper,
Jan-Niklas Beste,GER,Heidenheim,de Bundesliga,24 years,28.9,947,675,269,85,0,13,279,34,145,75,61,0,543,3,49,Forward,Midfielder
Beto,GNB,Everton,eng Premier League,25 years,10.6,180,179,1,0,1,1,5,1,0,0,0,0,108,0,6,Forward,
Beto,GNB,Udinese,it Serie A,25 years,0.8,11,9,2,0,0,0,0,0,0,0,0,0,10,0,0,Forward,
Davide Bettella,ITA,Monza,it Serie A,23 years,0.0,5,5,0,0,0,0,0,0,0,0,0,0,3,0,0,Midfielder,
Sam Beukema,NED,Bologna,it Serie A,24 years,28.3,2055,1971,81,47,1,12,2,18,0,0,0,0,1842,3,13,Defender,
Jordan Beyer,GER,Burnley,eng Premier League,23 years,13.7,861,840,19,14,1,5,0,4,0,0,0,0,766,2,9,Defender,
Pep Biel,ESP,Augsburg,de Bundesliga,26 years,3.2,123,113,10,3,0,1,14,0,6,1,4,0,99,0,2,Midfielder,Forward
Jaka Bijol,SVN,Udinese,it Serie A,24 years,23.2,822,790,29,22,1,5,1,2,0,0,0,0,645,3,4,Defender,
El Bilal Touré,MLI,Atalanta,it Serie A,21 years,4.4,126,124,2,0,1,1,2,0,0,0,0,0,92,0,6,Forward,
Philip Billing,DEN,Bournemouth,eng Premier League,27 years,15.5,537,518,17,4,0,6,29,5,6,3,1,0,404,2,17,Midfielder,
Cristiano Biraghi,ITA,Fiorentina,it Serie A,30 years,26.2,1842,1329,510,103,0,14,226,298,109,28,53,0,1388,3,33,Defender,
Davide Biraschi,ITA,Genoa,it Serie A,29 years,1.0,37,28,9,2,0,0,0,7,0,0,0,0,31,0,0,Defender,
Samuele Birindelli,ITA,Monza,it Serie A,24 years,22.4,1104,939,160,11,1,14,54,148,1,0,0,0,902,5,31,Defender,
Tom Bischof,GER,Hoffenheim,de Bundesliga,18 years,2.0,112,106,6,1,0,1,11,0,5,1,3,0,90,0,4,Midfielder,Forward
Yves Bissouma,MLI,Tottenham,eng Premier League,26 years,23.0,1842,1787,51,48,3,4,1,3,0,0,0,0,1689,4,19,Midfielder,
Leonardo Bittencourt,GER,Werder Bremen,de Bundesliga,29 years,17.5,829,802,22,10,7,3,40,7,5,2,2,0,665,5,16,Midfielder,
Marco Bizot,NED,Brest,fr Ligue 1,32 years,32.0,1100,845,251,63,0,1,0,0,0,0,0,0,826,4,0,Goalkeeper,
Antonio Blanco,ESP,Alavés,es La Liga,23 years,27.0,1053,1018,30,25,4,21,15,2,3,1,0,0,811,5,27,Midfielder,
Rubén Blanco,ESP,Marseille,fr Ligue 1,28 years,1.3,51,36,15,5,0,0,0,0,0,0,0,0,43,0,0,Goalkeeper,
Hendry Blank,GER,Dortmund,de Bundesliga,18 years,0.5,59,56,3,1,0,1,0,0,0,0,0,0,58,0,0,Defender,
Ludovic Blas,FRA,Rennes,fr Ligue 1,25 years,17.4,506,468,36,14,1,4,53,4,18,6,5,0,395,2,12,Forward,Midfielder
Janis Blaswich,GER,RB Leipzig,de Bundesliga,32 years,21.0,957,786,170,36,0,0,0,0,0,0,0,0,836,1,1,Goalkeeper,
Alexis Blin,FRA,Lecce,it Serie A,26 years,18.2,779,744,30,18,1,2,11,8,0,0,0,0,671,5,9,Midfielder,
Daley Blind,NED,Girona,es La Liga,33 years,33.0,2585,2465,97,69,0,18,17,21,2,0,1,0,2304,23,27,Defender,
Myron Boadu,NED,Monaco,fr Ligue 1,22 years,0.9,15,15,0,0,0,0,0,0,0,0,0,0,10,0,0,Forward,
Benicio Boaitey,ENG,Brighton,eng Premier League,19 years,0.4,20,19,1,0,0,0,0,1,0,0,0,0,13,0,0,Forward,Defender
Jérôme Boateng,GER,Salernitana,it Serie A,34 years,2.6,126,124,2,2,0,0,1,0,0,0,0,0,106,0,0,Defender,
Oscar Bobb,NOR,Manchester City,eng Premier League,20 years,3.4,177,169,8,3,3,0,5,4,1,0,0,0,155,0,5,Forward,Midfielder
Sacha Boey,FRA,Bayern Munich,de Bundesliga,22 years,1.2,69,52,17,2,0,0,0,15,0,0,0,0,58,0,2,Defender,
Jeremie Boga,CIV,Nice,fr Ligue 1,26 years,22.2,753,676,73,7,3,1,88,5,61,30,24,1,583,4,18,Forward,
Jayden Bogle,ENG,Sheffield Utd,eng Premier League,23 years,31.0,969,803,164,8,1,3,40,155,0,0,0,0,684,2,32,Defender,
Emil Bohinen,NOR,Genoa,it Serie A,24 years,0.6,34,33,1,1,0,1,2,0,0,0,0,0,26,0,0,Midfielder,
Emil Bohinen,NOR,Salernitana,it Serie A,24 years,5.9,333,321,12,11,0,1,2,0,0,0,0,0,262,0,16,Midfielder,
Adama Bojang,GAM,Reims,fr Ligue 1,19 years,0.9,27,23,4,0,0,0,1,0,0,0,0,0,17,0,3,Forward,
Daniel Boloca,ROU,Sassuolo,it Serie A,24 years,22.5,1064,1048,15,13,1,3,8,0,0,0,0,0,956,1,15,Midfielder,
Willy Boly,CIV,Nottingham Forest,eng Premier League,32 years,16.0,671,599,69,13,1,1,1,56,0,0,0,0,502,3,10,Defender,
Giacomo Bonaventura,ITA,Fiorentina,it Serie A,33 years,25.3,1126,1078,46,13,15,5,54,6,5,1,3,0,928,2,27,Midfielder,
Federico Bonazzoli,ITA,Hellas Verona,it Serie A,26 years,11.3,314,294,17,0,3,5,7,1,0,0,0,0,242,3,11,Forward,Midfielder
Warren Bondo,FRA,Monza,it Serie A,19 years,16.4,621,602,16,6,0,3,2,3,1,0,0,0,557,3,11,Midfielder,
Giovanni Bonfanti,ITA,Atalanta,it Serie A,20 years,1.0,57,52,5,2,0,0,2,3,0,0,0,0,46,0,2,Defender,
Victor Boniface,NGA,Leverkusen,de Bundesliga,22 years,17.2,385,367,15,1,4,3,3,5,0,0,0,0,278,3,17,Forward,
Kevin Bonifazi,ITA,Bologna,it Serie A,27 years,1.0,82,80,2,2,0,0,0,0,0,0,0,0,72,0,1,Defender,
Kevin Bonifazi,ITA,Frosinone,it Serie A,27 years,3.4,145,133,12,8,0,1,0,4,0,0,0,0,123,0,4,Defender,
Leonardo Bonucci,ITA,Union Berlin,de Bundesliga,36 years,5.1,248,236,11,7,0,1,6,4,0,0,0,0,190,1,0,Defender,
Neto Borges,BRA,Clermont Foot,fr Ligue 1,26 years,28.0,1422,1213,209,9,3,3,79,195,1,0,0,0,1148,0,27,Defender,
Yvandro Borges Sanches,LUX,Gladbach,de Bundesliga,19 years,0.2,11,11,0,0,0,0,3,0,0,0,0,0,7,0,2,Midfielder,Forward
Sebastiaan Bornauw,BEL,Wolfsburg,de Bundesliga,24 years,15.9,842,800,42,26,0,0,1,0,0,0,0,0,737,0,3,Defender,
Rafael Borré,COL,Werder Bremen,de Bundesliga,27 years,11.0,301,284,15,0,2,4,12,6,0,0,0,0,223,2,9,Forward,
Gennaro Borrelli,ITA,Frosinone,it Serie A,23 years,0.3,1,1,0,0,0,0,1,0,0,0,0,0,0,0,1,Forward,
Adri Bosch,ESP,Granada,es La Liga,22 years,0.3,14,13,1,1,0,0,0,0,0,0,0,0,11,0,0,Defender,
Erik Botheim,NOR,Salernitana,it Serie A,23 years,3.5,65,61,4,0,0,1,1,0,0,0,0,0,48,0,1,Forward,Midfielder
Sven Botman,NED,Newcastle Utd,eng Premier League,23 years,15.3,1017,981,36,32,0,5,0,2,0,0,0,0,921,0,3,Defender,
Saïmon Bouabré,FRA,Monaco,fr Ligue 1,17 years,0.5,17,17,0,0,0,0,0,0,0,0,0,0,15,0,1,Midfielder,
Ayyoub Bouaddi,FRA,Lille,fr Ligue 1,15 years,1.5,115,115,0,0,0,0,2,0,0,0,0,0,103,0,3,Midfielder,
Badredine Bouanani,ALG,Nice,fr Ligue 1,18 years,1.8,70,70,0,0,0,1,8,0,0,0,0,0,54,0,3,Forward,
Badredine Bouanani,ALG,Lorient,fr Ligue 1,18 years,4.9,180,161,18,6,0,4,10,6,6,3,1,0,146,1,8,Midfielder,
Mohamed Bouchenna,FRA,Clermont Foot,fr Ligue 1,17 years,0.3,8,8,0,0,0,0,0,0,0,0,0,0,8,0,0,Midfielder,Forward
Hicham Boudaoui,ALG,Nice,fr Ligue 1,23 years,17.9,717,703,11,8,3,0,23,1,1,0,0,0,601,3,18,Midfielder,
Yassine Bounou,MAR,Sevilla,es La Liga,32 years,1.0,31,21,10,3,0,0,0,0,0,0,0,0,20,0,0,Goalkeeper,
Mehdi Bourabia,MAR,Frosinone,it Serie A,31 years,2.2,98,96,2,2,1,0,2,0,0,0,0,0,76,0,4,Midfielder,
Benjamin Bourigeaud,FRA,Rennes,fr Ligue 1,29 years,26.9,1566,1354,207,62,7,14,165,45,96,33,48,0,1197,5,34,Midfielder,Forward
Bilal Boutobba,FRA,Clermont Foot,fr Ligue 1,24 years,10.3,395,367,27,11,5,0,57,4,12,10,2,0,273,1,16,Forward,Midfielder
Hugo Boutsingkham,FRA,Nantes,fr Ligue 1,20 years,0.1,1,1,0,0,0,0,0,0,0,0,0,0,1,0,0,Midfielder,Forward
Edoardo Bove,ITA,Roma,it Serie A,21 years,19.8,780,764,11,10,3,3,8,1,0,0,0,0,649,5,19,Midfielder,
Jarrod Bowen,ENG,West Ham,eng Premier League,26 years,33.5,702,641,59,2,5,3,75,3,32,27,0,0,484,2,52,Forward,
Lucas Boyé,ARG,Granada,es La Liga,27 years,28.2,631,564,60,1,2,5,14,1,0,0,0,0,454,7,25,Forward,
Domagoj Bradarić,CRO,Salernitana,it Serie A,23 years,30.5,1536,1248,286,33,2,10,81,243,9,3,6,0,1184,2,41,Defender,
Conor Bradley,NIR,Liverpool,eng Premier League,20 years,8.4,530,445,85,10,3,1,18,75,0,0,0,0,419,0,16,Defender,
Bilal Brahimi,ALG,Nice,fr Ligue 1,23 years,0.1,13,11,2,1,0,0,2,0,1,0,0,0,10,0,0,Forward,
Bilal Brahimi,ALG,Brest,fr Ligue 1,23 years,2.5,122,114,8,1,1,1,32,3,4,3,1,0,72,0,8,Forward,Midfielder
Julian Brandt,GER,Dortmund,de Bundesliga,27 years,24.7,1319,1143,172,38,6,12,165,15,116,53,53,2,1054,4,24,Midfielder,Forward
Jarrad Branthwaite,ENG,Everton,eng Premier League,21 years,34.6,1385,1366,13,6,0,6,1,7,0,0,0,0,1105,6,12,Defender,
Darko Brašanac,SRB,Osasuna,es La Liga,31 years,0.5,15,15,0,0,0,0,1,0,0,0,0,0,9,0,0,Midfielder,
Lilian Brassier,FRA,Brest,fr Ligue 1,23 years,29.7,1810,1755,54,53,2,20,5,1,0,0,0,0,1503,1,10,Defender,
Brau,ESP,Granada,es La Liga,21 years,0.3,10,9,1,0,0,0,1,1,0,0,0,0,7,0,0,Defender,
Claudio Bravo,CHI,Betis,es La Liga,40 years,7.0,230,153,76,16,1,1,0,0,0,0,0,0,186,1,0,Goalkeeper,
Fabian Bredlow,GER,Stuttgart,de Bundesliga,28 years,4.0,179,158,21,10,0,0,0,0,0,0,0,0,136,0,0,Goalkeeper,
Tim Breithaupt,GER,Augsburg,de Bundesliga,21 years,7.0,281,274,6,3,0,0,2,0,0,0,0,0,232,1,6,Midfielder,
Josip Brekalo,CRO,Fiorentina,it Serie A,25 years,7.2,291,278,11,4,0,0,24,1,6,0,5,0,234,2,8,Forward,
Gleison Bremer,BRA,Juventus,it Serie A,26 years,35.9,1930,1854,71,25,0,8,1,2,0,0,0,0,1661,5,14,Defender,
Brenner,BRA,Udinese,it Serie A,23 years,2.1,54,52,2,1,0,0,1,0,0,0,0,0,47,0,0,Midfielder,Forward
Ben Brereton,CHI,Sheffield Utd,eng Premier League,24 years,12.3,266,247,19,0,0,0,9,4,1,0,0,0,201,0,8,Forward,Midfielder
Ben Brereton,CHI,Villarreal,es La Liga,24 years,3.0,74,73,1,0,1,0,4,1,0,0,0,0,55,0,4,Forward,Midfielder
Marco Brescianini,ITA,Frosinone,it Serie A,23 years,25.8,804,761,40,7,5,0,20,29,0,0,0,0,632,3,21,Midfielder,
Maximilian Breunig,GER,Freiburg,de Bundesliga,22 years,0.1,2,2,0,0,0,0,0,0,0,0,0,0,1,0,0,Forward,
Rhian Brewster,ENG,Sheffield Utd,eng Premier League,23 years,3.8,76,73,3,0,0,0,3,0,0,0,0,0,52,0,1,Forward,Midfielder
Bennit Bröger,GER,Wolfsburg,de Bundesliga,17 years,0.1,4,4,0,0,0,0,0,0,0,0,0,0,2,0,0,Forward,
Armando Broja,ALB,Chelsea,eng Premier League,21 years,5.0,94,87,7,1,0,0,1,0,0,0,0,0,83,0,0,Forward,
Armando Broja,ALB,Fulham,eng Premier League,21 years,1.0,27,26,1,0,0,0,1,0,0,0,0,0,19,0,1,Forward,
Dylan Bronn,TUN,Salernitana,it Serie A,28 years,0.6,12,12,0,0,0,0,0,0,0,0,0,0,8,0,0,Defender,Midfielder
Andre Brooks,ENG,Sheffield Utd,eng Premier League,19 years,10.4,260,251,9,2,0,2,8,5,0,0,0,0,196,0,12,Midfielder,Defender
David Brooks,WAL,Bournemouth,eng Premier League,26 years,3.1,132,120,12,1,1,1,15,5,6,5,0,0,95,0,6,Forward,Midfielder
John Brooks,USA,Hoffenheim,de Bundesliga,30 years,17.1,892,828,64,42,0,5,3,1,0,0,0,0,740,0,11,Defender,
Moritz Broschinski,GER,Bochum,de Bundesliga,22 years,13.9,223,215,5,0,0,0,12,0,0,0,0,0,135,3,10,Forward,
Jacob Brown,SCO,Luton Town,eng Premier League,25 years,11.3,247,238,7,0,0,0,10,6,0,0,0,0,136,2,18,Midfielder,Forward
Josh Brownhill,ENG,Burnley,eng Premier League,27 years,25.0,1106,998,103,29,4,3,57,16,50,23,8,2,850,5,18,Midfielder,
Alexander Brunst,GER,Darmstadt 98,de Bundesliga,28 years,3.0,150,116,34,13,0,1,0,0,0,0,0,0,103,0,0,Goalkeeper,
Jacob Bruun Larsen,DEN,Burnley,eng Premier League,24 years,13.9,526,455,69,15,1,3,62,5,46,14,17,2,378,2,18,Midfielder,Forward
Tajon Buchanan,CAN,Inter,it Serie A,24 years,1.8,72,70,2,0,0,0,11,2,0,0,0,0,58,0,3,Defender,
Ante Budimir,CRO,Osasuna,es La Liga,32 years,27.1,441,421,20,0,1,1,10,4,0,0,0,0,241,0,19,Forward,
Hugo Bueno,ESP,Wolves,eng Premier League,20 years,8.2,406,358,46,1,0,1,29,45,0,0,0,0,318,2,18,Defender,Midfielder
Manu Bueno,ESP,Sevilla,es La Liga,19 years,1.3,49,49,0,0,0,0,0,0,0,0,0,0,45,0,0,Midfielder,
Santiago Bueno,URU,Wolves,eng Premier League,24 years,9.1,480,468,12,7,0,1,2,2,0,0,0,0,426,0,5,Defender,
Marius Bülter,GER,Hoffenheim,de Bundesliga,30 years,15.0,695,589,106,5,2,4,73,98,3,1,0,0,500,0,30,Defender,Forward
Facundo Buonanotte,ARG,Brighton,eng Premier League,18 years,15.2,478,467,11,6,1,1,6,3,1,1,0,0,404,0,9,Forward,Midfielder
Alessandro Buongiorno,ITA,Torino,it Serie A,24 years,28.1,1187,1162,25,21,1,2,3,3,0,0,0,0,1012,0,7,Defender,
Jonathan Burkardt,GER,Mainz 05,de Bundesliga,23 years,17.1,394,374,18,1,2,3,33,2,0,0,0,0,266,2,16,Forward,Midfielder
Oliver Burke,SCO,Werder Bremen,de Bundesliga,26 years,0.4,12,8,4,0,0,0,2,4,0,0,0,0,6,0,0,Forward,
Reece Burke,ENG,Luton Town,eng Premier League,26 years,18.4,719,689,29,9,0,2,13,20,0,0,0,0,547,1,15,Defender,
Dan Burn,ENG,Newcastle Utd,eng Premier League,31 years,30.3,1667,1471,190,38,1,4,11,150,0,0,0,0,1351,6,25,Defender,
Rareș-Cătălin Burnete,ROU,Lecce,it Serie A,19 years,0.1,1,1,0,0,0,0,0,0,0,0,0,0,1,0,0,Forward,
Mason Burstow,ENG,Chelsea,eng Premier League,19 years,0.1,4,3,1,0,0,0,0,0,0,0,0,0,3,0,1,Forward,
Marnon Busch,GER,Heidenheim,de Bundesliga,28 years,6.6,411,327,83,6,1,3,26,77,0,0,0,0,282,1,13,Defender,
Maxime Busi,BEL,Reims,fr Ligue 1,23 years,1.8,95,73,22,0,0,1,4,22,0,0,0,0,71,0,3,Forward,Defender
Pablo Busto,ESP,Betis,es La Liga,17 years,0.5,26,22,4,0,1,0,1,4,0,0,0,0,18,0,0,Defender,
Aurélio Buta,POR,Eintracht Frankfurt,de Bundesliga,26 years,19.4,1112,930,181,10,1,3,46,171,0,0,0,0,875,1,23,Defender,Midfielder
Marcin Bułka,POL,Nice,fr Ligue 1,23 years,34.0,1235,1039,194,47,0,2,0,0,0,0,0,0,1060,2,5,Goalkeeper,
Rémy Cabella,FRA,Lille,fr Ligue 1,33 years,16.4,908,803,98,31,3,1,51,22,36,8,12,0,732,7,15,Forward,Midfielder
Jovane Cabral,CPV,Salernitana,it Serie A,25 years,7.5,245,227,16,4,1,7,14,5,1,1,0,0,185,2,6,Midfielder,Forward
Liberato Cacace,NZL,Empoli,it Serie A,22 years,21.2,1110,848,256,27,2,3,68,205,24,2,18,0,832,6,26,Defender,
Anthony Caci,FRA,Mainz 05,de Bundesliga,26 years,27.6,1523,1296,224,36,1,22,73,176,11,6,4,0,1118,3,49,Defender,
Moisés Caicedo,ECU,Chelsea,eng Premier League,21 years,31.8,2119,2065,45,39,12,12,10,3,0,0,0,0,1907,9,29,Midfielder,
Tom Cairney,SCO,Fulham,eng Premier League,32 years,16.5,1272,1239,27,15,2,1,25,0,2,1,1,0,1126,6,13,Midfielder,
Jens Cajuste,SWE,Napoli,it Serie A,23 years,11.3,435,425,8,1,1,1,6,7,0,0,0,0,369,2,9,Midfielder,
Davide Calabria,ITA,Milan,it Serie A,26 years,24.3,1541,1292,245,43,1,5,36,202,0,0,0,0,1320,4,13,Defender,
Riccardo Calafiori,ITA,Bologna,it Serie A,21 years,26.1,1810,1720,89,38,2,16,9,17,0,0,0,0,1622,1,20,Defender,
Mattia Caldara,ITA,Milan,it Serie A,29 years,0.4,24,24,0,0,0,0,0,0,0,0,0,0,20,0,0,Defender,
Luca Caldirola,ITA,Monza,it Serie A,32 years,23.8,1374,1294,78,43,0,7,4,12,0,0,0,0,1247,2,10,Defender,
Duje Ćaleta-Car,CRO,Lyon,fr Ligue 1,26 years,22.1,1204,1183,20,16,0,9,0,3,0,0,0,0,1051,1,3,Defender,
Hakan Çalhanoğlu,TUR,Inter,it Serie A,29 years,28.4,2316,2097,210,92,4,35,153,4,113,52,47,0,2045,9,18,Midfielder,
José Callejón,ESP,Granada,es La Liga,36 years,8.9,368,320,46,15,0,6,34,13,16,10,5,0,286,2,3,Midfielder,Forward
Dominic Calvert-Lewin,ENG,Everton,eng Premier League,26 years,24.1,440,437,1,0,1,0,3,1,0,0,0,0,248,2,15,Forward,
Lamine Camara,SEN,Metz,fr Ligue 1,19 years,25.1,983,840,140,61,1,19,119,3,74,33,40,0,715,3,20,Midfielder,
Mahdi Camara,FRA,Brest,fr Ligue 1,25 years,22.4,852,801,51,3,0,2,45,5,0,0,0,0,693,0,21,Midfielder,
Mohamed Camara,MLI,Monaco,fr Ligue 1,23 years,11.5,769,749,18,17,1,3,1,0,1,0,0,0,707,2,13,Midfielder,
Francesco Camarda,ITA,Milan,it Serie A,15 years,0.2,0,0,0,0,0,0,0,0,0,0,0,0,0,0,0,Forward,
Eduardo Camavinga,FRA,Real Madrid,es La Liga,20 years,20.2,1328,1278,44,24,4,9,4,20,0,0,0,0,1205,6,12,Midfielder,Defender
Nicolò Cambiaghi,ITA,Empoli,it Serie A,22 years,28.4,694,659,31,1,2,1,131,5,24,4,9,0,483,4,36,Forward,Midfielder
Andrea Cambiaso,ITA,Juventus,it Serie A,23 years,26.4,1207,1096,105,16,2,10,81,70,18,4,5,0,1007,6,38,Defender,Forward
Axel Camblan,FRA,Brest,fr Ligue 1,19 years,1.0,22,21,1,0,0,0,1,1,0,0,0,0,18,0,0,Forward,
Sergio Camello,ESP,Rayo Vallecano,es La Liga,22 years,18.5,380,350,23,0,6,3,2,0,0,0,0,0,273,7,10,Forward,
José Campaña,ESP,Las Palmas,es La Liga,30 years,1.9,162,149,11,9,0,0,4,0,2,2,0,0,135,2,4,Midfielder,
Emre Can,GER,Dortmund,de Bundesliga,29 years,21.7,1471,1431,39,32,4,7,2,5,0,0,0,0,1286,1,15,Midfielder,Defender
Matteo Cancellieri,ITA,Empoli,it Serie A,21 years,19.9,379,366,8,2,0,1,42,4,2,0,1,0,222,5,13,Forward,Midfielder
João Cancelo,POR,Barcelona,es La Liga,29 years,27.8,1852,1602,238,37,6,24,82,201,0,0,0,0,1533,12,42,Defender,
Fali Candé,GNB,Metz,fr Ligue 1,25 years,20.5,799,723,73,37,0,18,8,35,1,0,1,0,628,3,8,Defender,
Antonio Candreva,ITA,Salernitana,it Serie A,36 years,30.6,1407,1164,240,74,4,32,223,40,88,11,44,0,1019,3,41,Midfielder,Forward
Thomas Cannon,IRL,Everton,eng Premier League,20 years,0.0,0,0,0,0,0,0,0,0,0,0,0,0,0,0,0,Forward,
Sergi Canós,ESP,Valencia,es La Liga,26 years,13.7,405,392,8,1,6,2,35,5,2,1,0,0,260,5,21,Midfielder,Forward
Luigi Canotto,ITA,Frosinone,it Serie A,29 years,0.2,3,2,1,1,0,0,0,0,0,0,0,0,2,0,1,Forward,
Gino Caoki,FRA,Lorient,fr Ligue 1,19 years,0.1,4,3,1,1,0,0,1,0,0,0,0,0,2,0,0,Midfielder,
Étienne Capoue,FRA,Villarreal,es La Liga,35 years,16.2,813,790,20,13,3,14,7,5,0,0,0,0,699,3,10,Midfielder,
Gianluca Caprari,ITA,Monza,it Serie A,30 years,3.2,124,114,9,1,0,0,8,2,5,1,3,0,98,1,7,Midfielder,Forward
Elia Caprile,ITA,Empoli,it Serie A,21 years,23.0,820,590,226,67,0,0,0,0,0,0,0,0,555,4,0,Goalkeeper,
Francesco Caputo,ITA,Empoli,it Serie A,35 years,14.1,216,192,24,0,1,1,1,2,0,0,0,0,164,0,8,Forward,
Maxence Caqueret,FRA,Lyon,fr Ligue 1,23 years,33.6,2009,1877,124,51,9,11,86,9,44,10,25,0,1661,8,46,Midfielder,
Andrea Carboni,ITA,Monza,it Serie A,22 years,16.5,976,925,51,16,0,10,21,34,0,0,0,0,833,0,13,Defender,
Valentin Carboni,ARG,Monza,it Serie A,18 years,13.0,523,507,16,3,4,4,14,2,6,2,2,0,436,0,20,Midfielder,Forward
Isaac Carcelen,ESP,Cádiz,es La Liga,30 years,29.0,1163,894,263,24,0,7,67,234,5,0,5,0,851,6,25,Defender,
Cárdenas,ESP,Rayo Vallecano,es La Liga,26 years,1.0,40,33,7,3,0,0,0,0,0,0,0,0,26,0,0,Goalkeeper,
Irvin Cardona,FRA,Augsburg,de Bundesliga,25 years,0.6,15,10,5,0,0,0,6,2,3,0,3,0,8,0,0,Midfielder,Defender
Marc Cardona,ESP,Las Palmas,es La Liga,28 years,8.2,227,215,12,1,2,1,5,0,0,0,0,0,170,0,7,Forward,
Sergi Cardona,ESP,Las Palmas,es La Liga,24 years,31.3,2150,1785,354,37,3,4,89,317,0,0,0,0,1727,11,53,Defender,
Johnny Cardoso,USA,Betis,es La Liga,21 years,14.8,640,627,11,10,1,5,3,1,0,0,0,0,539,2,13,Midfielder,
Igor Carioca,BRA,Lorient,fr Ligue 1,26 years,2.9,162,134,28,4,1,1,10,24,0,0,0,0,115,0,15,Defender,Midfielder
Diego Carlos,BRA,Aston Villa,eng Premier League,30 years,20.2,1340,1293,47,41,0,6,1,0,0,0,0,0,1184,0,4,Defender,
Carmona,ESP,Getafe,es La Liga,21 years,14.6,570,489,79,6,0,3,29,73,0,0,0,0,419,2,20,Defender,Midfielder
Marco Carnesecchi,ITA,Atalanta,it Serie A,23 years,26.9,879,635,238,45,0,0,0,0,0,0,0,0,619,6,1,Goalkeeper,
Yannick Carrasco,BEL,Atlético Madrid,es La Liga,29 years,2.5,88,77,10,3,0,1,8,4,3,0,2,0,65,1,2,Defender,
Álvaro Carreras,ESP,Granada,es La Liga,20 years,5.3,222,195,27,8,1,4,14,17,2,0,1,0,169,0,7,Midfielder,Forward
Rasmus Carstensen,DEN,Köln,de Bundesliga,22 years,18.4,827,666,160,9,1,0,58,151,0,0,0,0,594,1,47,Defender,Forward
Antonin Cartillier,FRA,Monaco,fr Ligue 1,19 years,0.1,3,3,0,0,0,0,0,0,0,0,0,0,1,0,0,Defender,
Dani Carvajal,ESP,Real Madrid,es La Liga,31 years,24.1,1475,1284,190,37,3,3,49,153,0,0,0,0,1265,1,34,Defender,
Fabio Carvalho,POR,RB Leipzig,de Bundesliga,20 years,1.8,92,90,2,0,1,0,6,1,1,0,0,0,72,0,4,Midfielder,
William Carvalho,POR,Betis,es La Liga,31 years,7.6,634,612,20,19,0,1,4,1,0,0,0,0,560,2,6,Midfielder,
Cesare Casadei,ITA,Chelsea,eng Premier League,20 years,0.9,65,65,0,0,0,0,0,0,0,0,0,0,53,0,1,Forward,Midfielder
Marc Casado,ESP,Barcelona,es La Liga,19 years,0.2,6,6,0,0,0,0,0,0,0,0,0,0,6,0,0,Midfielder,
Nicolò Casale,ITA,Lazio,it Serie A,25 years,17.3,1024,989,35,25,0,2,0,2,0,0,0,0,940,0,8,Defender,
Casemiro,BRA,Manchester Utd,eng Premier League,31 years,22.0,1425,1385,34,28,4,6,13,0,0,0,0,0,1165,6,18,Midfielder,Defender
Kaelan Casey,ENG,West Ham,eng Premier League,18 years,0.0,0,0,0,0,0,0,0,0,0,0,0,0,0,0,0,Defender,
Matty Cash,POL,Aston Villa,eng Premier League,25 years,23.8,1225,1043,181,24,0,3,39,157,0,0,0,0,985,1,24,Defender,
Josué Casimir,FRA,Le Havre,fr Ligue 1,21 years,22.4,781,675,103,5,1,1,52,88,2,0,0,0,572,3,26,Forward,Defender
Giuseppe Caso,ITA,Frosinone,it Serie A,24 years,4.6,112,106,6,0,1,0,2,1,5,0,0,0,95,0,2,Forward,Midfielder
Cristian Cásseres Jr.,VEN,Toulouse,fr Ligue 1,23 years,21.6,1030,961,67,39,3,6,22,10,10,4,3,0,837,2,24,Midfielder,
Timothy Castagne,BEL,Fulham,eng Premier League,27 years,29.3,1662,1373,286,27,2,2,50,259,0,0,0,0,1350,3,55,Defender,
Koen Casteels,BEL,Wolfsburg,de Bundesliga,31 years,25.0,949,726,221,60,0,2,0,0,0,0,0,0,688,2,0,Goalkeeper,
Valentín Castellanos,ARG,Lazio,it Serie A,24 years,18.7,452,417,33,0,0,1,15,0,0,0,0,0,272,2,13,Forward,
Jean-Charles Castelletto,CMR,Nantes,fr Ligue 1,28 years,27.4,1340,1267,71,24,1,2,20,47,0,0,0,0,1147,2,10,Defender,
Samu Castillejo,ESP,Sassuolo,it Serie A,28 years,6.0,283,253,29,13,0,2,34,3,13,7,3,0,213,1,4,Forward,Midfielder
Jonny Castro,ESP,Wolves,eng Premier League,29 years,0.1,0,0,0,0,0,0,0,0,0,0,0,0,0,0,0,Midfielder,
Santiago Castro,ARG,Bologna,it Serie A,18 years,2.7,52,47,5,0,0,1,1,1,0,0,0,0,43,0,1,Forward,
Gaetano Castrovilli,ITA,Fiorentina,it Serie A,26 years,4.1,116,112,3,1,0,2,9,2,0,0,0,0,75,1,7,Forward,Midfielder
Danilo Cataldi,ITA,Lazio,it Serie A,28 years,15.1,932,882,48,23,3,3,31,5,20,4,13,0,800,2,8,Midfielder,
Catena,ESP,Osasuna,es La Liga,28 years,28.2,1341,1242,94,72,1,19,0,3,0,0,0,0,1095,5,6,Defender,
Maximiliano Caufriez,BEL,Clermont Foot,fr Ligue 1,26 years,18.4,892,799,91,31,2,4,4,14,0,0,0,0,780,2,5,Defender,
Ivan Cavaleiro,POR,Lille,fr Ligue 1,29 years,8.6,282,267,15,4,0,1,29,0,11,6,0,0,207,0,6,Forward,
Dani Ceballos,ESP,Real Madrid,es La Liga,26 years,6.6,542,519,22,11,5,5,8,5,6,1,2,0,486,1,10,Midfielder,Forward
Emil Ceide,NOR,Sassuolo,it Serie A,21 years,2.0,59,59,0,0,1,0,5,0,0,0,0,0,40,0,5,Forward,Midfielder
Zeki Çelik,TUR,Roma,it Serie A,26 years,7.5,341,280,61,5,1,3,20,56,0,0,0,0,284,0,3,Defender,
Álex Centelles,ESP,Almería,es La Liga,25 years,10.9,544,430,112,24,1,5,44,88,0,0,0,0,400,2,19,Defender,
Fabien Centonze,FRA,Hellas Verona,it Serie A,27 years,7.5,317,238,77,0,0,0,28,77,0,0,0,0,213,2,10,Defender,
Fabien Centonze,FRA,Nantes,fr Ligue 1,27 years,1.0,51,45,6,0,0,0,7,6,0,0,0,0,37,0,0,Defender,
Václav Černý,CZE,Wolfsburg,de Bundesliga,25 years,10.2,364,343,20,5,3,3,33,7,8,6,1,0,255,1,15,Forward,Midfielder
Michele Cerofolini,ITA,Frosinone,it Serie A,24 years,7.5,209,148,61,23,0,0,0,0,0,0,0,0,124,0,0,Goalkeeper,
Alberto Cerri,ITA,Empoli,it Serie A,27 years,6.1,136,134,1,0,0,0,1,0,0,0,0,0,68,1,5,Forward,
Leonardo Cerri,ITA,Juventus,it Serie A,20 years,0.1,2,2,0,0,0,0,0,0,0,0,0,0,0,0,0,Defender,
Franco Cervi,ARG,Celta Vigo,es La Liga,29 years,6.1,284,249,34,4,0,1,18,25,5,0,4,0,225,1,15,Midfielder,Defender
Julian Chabot,GER,Köln,de Bundesliga,25 years,30.0,1616,1405,208,108,0,12,4,2,0,0,0,0,1361,3,5,Defender,
El Chadaille Bitshiabu,FRA,RB Leipzig,de Bundesliga,18 years,0.4,59,53,6,0,0,0,2,6,0,0,0,0,48,0,1,Defender,Midfielder
Fares Chaïbi,ALG,Toulouse,fr Ligue 1,20 years,0.6,40,38,2,0,0,0,7,0,2,1,1,0,28,0,0,Forward,Midfielder
Fares Chaïbi,ALG,Eintracht Frankfurt,de Bundesliga,20 years,21.2,922,744,172,41,3,3,176,28,94,41,50,0,592,6,32,Midfielder,Forward
Trevoh Chalobah,ENG,Chelsea,eng Premier League,24 years,10.6,783,746,36,13,1,0,0,22,0,0,0,0,700,1,1,Defender,
Muhammed Cham,AUT,Clermont Foot,fr Ligue 1,22 years,28.4,1327,1154,162,67,14,6,118,9,71,28,36,1,1055,11,31,Midfielder,Forward
Calum Chambers,ENG,Aston Villa,eng Premier League,28 years,1.7,113,113,0,0,0,1,0,0,0,0,0,0,100,0,2,Midfielder,Defender
Timothy Chandler,USA,Eintracht Frankfurt,de Bundesliga,33 years,0.2,26,22,3,0,0,0,4,3,0,0,0,0,18,1,1,Midfielder,Defender
Brendan Chardonnet,FRA,Brest,fr Ligue 1,28 years,33.0,1824,1763,58,55,1,25,13,3,0,0,0,0,1511,3,14,Defender,
Charlys,BRA,Hellas Verona,it Serie A,19 years,0.3,6,6,0,0,0,0,0,0,0,0,0,0,5,0,0,Midfielder,
Pep Chavarría,ESP,Rayo Vallecano,es La Liga,25 years,13.0,812,710,101,4,1,3,70,97,0,0,0,0,618,1,24,Defender,Midfielder
Jhoanner Chávez,ECU,Lens,fr Ligue 1,21 years,5.3,222,173,49,2,0,2,13,47,0,0,0,0,173,0,8,Defender,
Walid Cheddira,MAR,Frosinone,it Serie A,25 years,23.6,385,349,33,0,1,2,3,1,0,0,0,0,262,3,27,Forward,
Rayan Cherki,FRA,Lyon,fr Ligue 1,19 years,19.1,1069,945,121,24,15,24,71,15,66,22,15,0,830,3,31,Midfielder,Forward
Youssef Chermiti,POR,Everton,eng Premier League,19 years,2.3,58,57,1,0,0,0,0,0,0,0,0,0,35,0,0,Forward,
Lucas Chevalier,FRA,Lille,fr Ligue 1,21 years,33.0,1186,956,226,103,1,3,0,0,0,0,0,0,914,4,0,Goalkeeper,
Fabio Chiarodia,ITA,Gladbach,de Bundesliga,18 years,1.7,87,81,6,2,0,0,1,4,0,0,0,0,78,0,0,Defender,
Federico Chiesa,ITA,Juventus,it Serie A,25 years,24.4,712,615,90,15,6,4,117,20,50,22,22,0,498,7,29,Forward,
Ben Chilwell,ENG,Chelsea,eng Premier League,26 years,8.4,495,416,73,11,0,0,43,41,21,9,11,0,373,6,19,Defender,
Tawanda Chirewa,ZIM,Wolves,eng Premier League,19 years,1.6,58,54,3,1,0,0,4,0,0,0,0,0,46,1,2,Midfielder,Forward
Pedro Chirivella,ESP,Nantes,fr Ligue 1,26 years,28.8,1743,1628,105,67,7,10,29,4,13,8,2,0,1494,10,13,Midfielder,
Leon Chiwome,ENG,Wolves,eng Premier League,17 years,1.9,22,18,4,0,0,0,0,0,0,0,0,0,19,0,1,Forward,
Tahith Chong,NED,Luton Town,eng Premier League,23 years,22.0,550,515,31,4,5,6,35,11,0,0,0,0,428,4,21,Midfielder,Forward
Joris Chotard,FRA,Montpellier,fr Ligue 1,21 years,28.7,1179,1113,62,55,6,19,33,3,3,0,3,0,961,4,27,Midfielder,
Andreas Christensen,DEN,Barcelona,es La Liga,27 years,22.0,1569,1514,55,41,0,5,0,5,0,0,0,0,1480,0,11,Defender,Midfielder
Jacob Christensen,DEN,Köln,de Bundesliga,22 years,2.4,85,85,0,0,0,1,5,0,0,0,0,0,66,0,1,Midfielder,
Oliver Christensen,DEN,Fiorentina,it Serie A,24 years,4.0,190,164,26,6,0,0,0,0,0,0,0,0,146,0,1,Goalkeeper,
Ryan Christie,SCO,Bournemouth,eng Premier League,28 years,32.3,1300,1217,78,22,17,18,73,2,30,29,0,0,988,5,26,Midfielder,
Carney Chukwuemeka,ENG,Chelsea,eng Premier League,19 years,2.5,134,134,0,0,2,0,1,0,0,0,0,0,115,0,4,Midfielder,Forward
Samuel Chukwueze,NGA,Milan,it Serie A,24 years,11.3,421,410,10,0,7,1,20,7,3,2,0,0,330,1,11,Forward,
Chumi,ESP,Almería,es La Liga,24 years,27.0,1208,1139,64,21,0,4,2,25,0,0,0,0,1044,5,11,Defender,
Víctor Chust,ESP,Cádiz,es La Liga,23 years,20.7,1040,994,38,30,0,12,2,3,0,0,0,0,831,8,12,Defender,
Pathé Ciss,SEN,Rayo Vallecano,es La Liga,29 years,18.5,890,842,41,35,2,14,3,2,0,0,0,0,738,7,10,Midfielder,
Alphadjo Cissè,ITA,Hellas Verona,it Serie A,16 years,0.1,1,1,0,0,0,0,0,0,0,0,0,0,1,0,0,Forward,
Djaoui Cissé,FRA,Rennes,fr Ligue 1,19 years,0.0,5,5,0,0,0,0,0,0,0,0,0,0,5,0,0,Midfielder,
Ibrahim Cissoko,NED,Toulouse,fr Ligue 1,20 years,2.7,116,114,2,0,0,0,20,2,0,0,0,0,89,0,4,Forward,Midfielder
Giorgio Cittadini,ITA,Monza,it Serie A,21 years,0.2,6,5,1,1,0,0,0,0,0,0,0,0,5,0,0,Defender,
Giorgio Cittadini,ITA,Genoa,it Serie A,21 years,1.2,31,28,3,0,0,0,0,3,0,0,0,0,19,0,0,Defender,
Patrick Ciurria,ITA,Monza,it Serie A,28 years,17.8,847,740,106,7,2,2,53,92,7,2,4,0,662,1,25,Defender,Midfielder
Bobby Clark,ENG,Liverpool,eng Premier League,18 years,1.0,49,49,0,0,0,0,0,0,0,0,0,0,38,0,2,Midfielder,
Jordan Clark,ENG,Luton Town,eng Premier League,29 years,14.5,513,475,36,13,1,6,23,5,0,0,0,0,369,2,18,Midfielder,
Alexis Claude-Maurice,FRA,Nice,fr Ligue 1,25 years,5.6,253,235,18,6,0,0,26,2,10,4,6,0,202,0,9,Midfielder,
Jonathan Clauss,FRA,Marseille,fr Ligue 1,30 years,23.0,1526,1227,290,36,1,4,159,201,53,0,48,0,1153,9,39,Defender,
Silvi Clúa,ESP,Girona,es La Liga,18 years,0.0,5,5,0,0,0,0,0,0,0,0,0,0,5,0,0,Midfielder,
Nathaniel Clyne,ENG,Crystal Palace,eng Premier League,32 years,14.9,600,539,58,3,0,0,9,55,0,0,0,0,495,3,16,Defender,
Marcus Coco,FRA,Nantes,fr Ligue 1,27 years,16.5,641,561,78,3,3,1,46,75,0,0,0,0,473,2,15,Defender,Forward
Saúl Coco,EQG,Las Palmas,es La Liga,24 years,25.5,1422,1361,54,48,1,3,1,2,0,0,0,0,1257,7,8,Defender,
Séamus Coleman,IRL,Everton,eng Premier League,34 years,7.4,306,232,70,1,0,1,13,69,0,0,0,0,207,4,11,Defender,
Maxime Colin,FRA,Metz,fr Ligue 1,31 years,20.4,925,684,235,19,0,2,34,216,0,0,0,0,660,6,30,Defender,
Nathan Collins,IRL,Brentford,eng Premier League,22 years,29.5,1552,1423,123,46,2,13,4,74,0,0,0,0,1261,6,16,Defender,
Nnamdi Collins,GER,Eintracht Frankfurt,de Bundesliga,19 years,1.0,75,64,10,2,0,0,2,8,0,0,0,0,61,1,0,Defender,
Lorenzo Colombo,ITA,Monza,it Serie A,21 years,15.1,263,252,11,1,0,4,2,2,0,0,0,0,185,0,7,Forward,
Andrea Colpani,ITA,Monza,it Serie A,24 years,29.5,981,876,99,24,2,33,111,9,66,15,40,0,752,6,19,Midfielder,Forward
Levi Colwill,ENG,Chelsea,eng Premier League,20 years,20.0,1163,1033,126,28,4,0,12,94,0,0,0,0,965,4,17,Defender,
Kingsley Coman,FRA,Bayern Munich,de Bundesliga,27 years,12.4,647,630,13,1,1,5,60,6,3,0,0,0,528,4,19,Forward,
Eray Cömert,SUI,Nantes,fr Ligue 1,25 years,22.2,1064,1007,57,37,1,19,3,3,0,0,0,0,941,0,10,Defender,
Santi Comesaña,ESP,Villarreal,es La Liga,26 years,18.4,868,842,24,23,2,7,5,1,0,0,0,0,752,2,8,Midfielder,
Pietro Comuzzo,ITA,Fiorentina,it Serie A,18 years,0.5,38,38,0,0,0,0,0,0,0,0,0,0,27,0,0,Defender,Forward
Alois Confais,FRA,Le Havre,fr Ligue 1,26 years,0.1,9,7,2,2,0,0,1,0,0,0,0,0,7,0,0,Midfielder,Forward
Andrea Consigli,ITA,Sassuolo,it Serie A,36 years,35.0,1235,855,379,126,0,1,0,1,0,0,0,0,838,1,0,Goalkeeper,
Bambasé Conté,GER,Hoffenheim,de Bundesliga,20 years,0.5,24,24,0,0,0,0,1,0,0,0,0,0,19,0,0,Midfielder,Forward
Nikita Contini Baranovsky,ITA,Napoli,it Serie A,27 years,0.2,4,2,2,1,0,0,0,0,0,0,0,0,4,0,0,Goalkeeper,
Lewis Cook,ENG,Bournemouth,eng Premier League,26 years,31.0,1487,1290,195,88,2,3,132,10,93,81,5,1,1135,2,25,Midfielder,
Copete,ESP,Mallorca,es La Liga,23 years,14.8,584,560,22,21,1,14,10,1,0,0,0,0,449,2,8,Defender,
Diego Coppola,ITA,Hellas Verona,it Serie A,19 years,18.2,718,687,30,28,0,7,0,1,0,0,0,0,555,1,6,Defender,
Francis Coquelin,FRA,Villarreal,es La Liga,32 years,10.1,431,421,10,10,1,7,2,0,0,0,0,0,379,0,4,Midfielder,
Tommaso Corazza,ITA,Bologna,it Serie A,19 years,2.2,145,110,35,5,0,1,8,30,0,0,0,0,119,0,9,Defender,
Theo Corbeanu,CAN,Granada,es La Liga,21 years,2.0,60,59,1,0,1,0,12,0,1,0,0,0,37,0,1,Midfielder,Forward
Jeppe Corfitzen,DEN,Lecce,it Serie A,18 years,0.1,3,3,0,0,0,0,0,0,0,0,0,0,2,0,0,Forward,
Jack Cork,ENG,Burnley,eng Premier League,34 years,0.3,33,31,2,2,0,0,1,0,0,0,0,0,25,0,2,Midfielder,
Maxwel Cornet,CIV,West Ham,eng Premier League,26 years,1.2,49,48,1,0,0,0,1,0,0,0,0,0,36,0,2,Midfielder,Forward
Giacomo Corona,ITA,Empoli,it Serie A,19 years,0.1,2,2,0,0,0,0,0,0,0,0,0,0,2,0,0,Forward,
Jesús Corona,MEX,Sevilla,es La Liga,30 years,0.2,14,14,0,0,1,0,2,0,0,0,0,0,9,0,0,Midfielder,Defender
Ángel Correa,ARG,Atlético Madrid,es La Liga,28 years,17.0,516,471,37,3,1,2,40,0,21,11,8,0,379,8,11,Forward,Midfielder
Joaquín Correa,ARG,Marseille,fr Ligue 1,28 years,4.8,167,163,3,1,1,0,1,2,0,0,0,0,131,1,10,Forward,Midfielder
Thierry Correia,POR,Valencia,es La Liga,24 years,23.9,1340,1033,300,31,2,4,48,268,1,0,0,0,1017,7,19,Defender,
Oscar Cortés,COL,Lens,fr Ligue 1,19 years,0.5,26,26,0,0,0,0,2,0,0,0,0,0,18,0,0,Forward,Midfielder
Danny da Costa,GER,Mainz 05,de Bundesliga,30 years,9.2,470,357,113,2,0,1,40,111,0,0,0,0,317,0,21,Defender,
David Costa,POR,Lens,fr Ligue 1,22 years,16.6,726,664,56,15,3,0,77,3,38,14,22,0,570,6,19,Midfielder,
Jaume Costa,ESP,Mallorca,es La Liga,35 years,18.7,834,645,178,3,0,2,63,175,0,0,0,0,615,11,16,Defender,
João Costa,BRA,Roma,it Serie A,18 years,0.2,9,7,2,0,0,0,1,1,0,0,0,0,7,0,1,Midfielder,Forward
Logan Costa,CPV,Toulouse,fr Ligue 1,22 years,29.4,1784,1676,106,52,0,14,12,19,0,0,0,0,1491,2,14,Defender,
Samu Costa,POR,Mallorca,es La Liga,22 years,25.6,1087,1063,21,14,1,14,24,2,2,1,1,0,830,3,36,Midfielder,
Benoît Costil,FRA,Salernitana,it Serie A,36 years,13.0,428,273,154,50,0,0,1,0,0,0,0,0,258,1,0,Goalkeeper,
Grégoire Coudert,FRA,Brest,fr Ligue 1,24 years,2.0,80,60,20,10,0,0,0,0,0,0,0,0,55,0,0,Goalkeeper,
Vladimír Coufal,CZE,West Ham,eng Premier League,30 years,34.8,1665,1317,337,17,2,4,106,319,1,0,0,0,1154,11,56,Defender,
Lassana Coulibaly,MLI,Salernitana,it Serie A,27 years,23.1,873,852,14,14,1,5,8,0,0,0,0,0,736,7,20,Midfielder,
Mamadou Coulibaly,SEN,Salernitana,it Serie A,24 years,0.0,3,3,0,0,0,0,0,0,0,0,0,0,1,0,0,Defender,
Mamadou Coulibaly,FRA,Monaco,fr Ligue 1,19 years,1.3,70,69,1,0,0,0,1,1,0,0,0,0,56,0,1,Midfielder,
Tanguy Coulibaly,FRA,Montpellier,fr Ligue 1,22 years,6.9,172,165,6,0,0,0,8,5,0,0,0,0,137,1,3,Forward,Midfielder
Thibaut Courtois,BEL,Real Madrid,es La Liga,31 years,3.7,123,103,20,2,0,1,0,0,0,0,0,0,113,0,0,Goalkeeper,
Philippe Coutinho,BRA,Aston Villa,eng Premier League,31 years,0.3,24,23,1,0,0,0,0,0,0,0,0,0,20,0,0,Midfielder,Forward
Yan Couto,BRA,Girona,es La Liga,21 years,24.9,1354,1181,170,24,5,4,111,145,1,0,0,0,1057,3,47,Defender,Forward
Nicolas Cozza,FRA,Nantes,fr Ligue 1,24 years,9.9,366,282,83,3,0,0,13,80,0,0,0,0,270,1,8,Defender,
Nicolas Cozza,FRA,Wolfsburg,de Bundesliga,24 years,3.1,192,161,31,0,0,1,4,31,0,0,0,0,147,0,5,Defender,
Alessio Cragno,ITA,Sassuolo,it Serie A,29 years,3.0,100,68,32,10,0,0,0,0,0,0,0,0,69,0,0,Goalkeeper,
Crespo,POR,Rayo Vallecano,es La Liga,26 years,5.9,273,262,10,7,1,1,3,0,0,0,0,0,230,1,3,Midfielder,
Aaron Cresswell,ENG,West Ham,eng Premier League,33 years,4.8,308,245,63,9,0,4,11,50,4,1,3,0,254,0,3,Defender,Forward
Bryan Cristante,ITA,Roma,it Serie A,28 years,36.5,2178,2140,30,28,5,21,29,2,0,0,0,0,1785,8,43,Midfielder,Defender
Cristian,ESP,Valencia,es La Liga,25 years,0.6,18,13,5,2,0,0,0,0,0,0,0,0,13,0,0,Goalkeeper,
Juan Cruz Armada,ESP,Osasuna,es La Liga,31 years,18.5,941,759,178,11,0,0,21,165,0,0,0,0,712,4,15,Defender,
Juan Cruz,ARG,Hellas Verona,it Serie A,24 years,1.2,27,27,0,0,0,0,1,0,0,0,0,0,18,0,1,Forward,Midfielder
Juan Cruz,ESP,Betis,es La Liga,23 years,0.8,20,20,0,0,0,0,0,0,0,0,0,0,15,0,0,Forward,
Juan Cuadrado,COL,Inter,it Serie A,35 years,3.0,189,169,20,3,0,6,18,17,0,0,0,0,158,0,0,Defender,
Pau Cubarsí,ESP,Barcelona,es La Liga,16 years,17.3,1487,1441,43,32,2,11,1,3,0,0,0,0,1360,3,6,Defender,
Marc Cucurella,ESP,Chelsea,eng Premier League,25 years,19.8,1196,1043,153,30,1,2,16,123,0,0,0,0,1036,0,26,Defender,
Iván Cuéllar,ESP,Mallorca,es La Liga,39 years,1.0,35,32,3,0,0,0,0,0,0,0,0,0,24,0,0,Goalkeeper,
Jorge Cuenca,ESP,Villarreal,es La Liga,23 years,21.8,1150,1035,111,36,0,16,13,41,0,0,0,0,957,4,9,Defender,
Josh Cullen,IRL,Burnley,eng Premier League,27 years,22.9,1373,1311,57,42,5,2,26,1,14,5,6,0,1173,5,19,Midfielder,
Matheus Cunha,BRA,Wolves,eng Premier League,24 years,27.1,831,769,56,8,8,7,24,15,3,1,0,0,658,6,19,Forward,Midfielder
Marvin Cuni,ALB,Frosinone,it Serie A,22 years,5.9,115,104,10,0,0,1,4,1,0,0,0,0,82,1,5,Forward,
Eric Curbelo,ESP,Las Palmas,es La Liga,29 years,1.1,59,52,7,3,0,1,0,1,0,0,0,0,57,0,0,Defender,Midfielder
Sam Curtis,IRL,Sheffield Utd,eng Premier League,17 years,0.3,10,8,2,0,0,0,1,2,0,0,0,0,6,0,1,Defender,
Tomáš Čvančara,CZE,Gladbach,de Bundesliga,22 years,10.0,216,206,9,0,0,0,3,0,0,0,0,0,137,1,7,Forward,
Danilo D'Ambrosio,ITA,Monza,it Serie A,34 years,17.1,1095,1029,65,34,1,2,7,27,0,0,0,0,979,1,9,Defender,
Alberto Dadie,ESP,Real Sociedad,es La Liga,21 years,0.3,7,7,0,0,0,0,1,0,0,0,0,0,3,0,1,Midfielder,
Trévis Dago,CIV,Lille,fr Ligue 1,18 years,0.3,4,4,0,0,0,0,1,0,0,0,0,0,2,0,0,Forward,Midfielder
Finn Dahmen,GER,Augsburg,de Bundesliga,25 years,31.0,1345,1053,285,98,0,3,0,0,0,0,0,0,1025,7,0,Goalkeeper,
Mahmoud Dahoud,GER,Brighton,eng Premier League,27 years,5.0,328,326,2,2,1,0,3,0,0,0,0,0,284,0,8,Midfielder,
Mahmoud Dahoud,GER,Stuttgart,de Bundesliga,27 years,2.5,235,229,5,3,1,2,6,0,2,1,1,0,205,1,3,Midfielder,
Ameen Al-Dakhil,BEL,Burnley,eng Premier League,21 years,11.7,637,590,45,11,2,2,3,34,0,0,0,0,537,2,6,Defender,
Thijs Dallinga,NED,Toulouse,fr Ligue 1,22 years,27.9,621,591,28,1,0,7,14,2,0,0,0,0,416,2,24,Forward,
Diogo Dalot,POR,Manchester Utd,eng Premier League,24 years,35.3,1830,1546,277,21,1,7,80,251,5,2,3,0,1486,7,39,Defender,
Mikkel Damsgaard,DEN,Brentford,eng Premier League,23 years,9.4,432,409,21,5,10,3,29,7,7,4,3,0,300,2,19,Midfielder,
Flavius Daniliuc,AUT,Salernitana,it Serie A,22 years,8.3,411,368,41,11,1,4,1,30,0,0,0,0,350,2,8,Defender,
Danilo,BRA,Nottingham Forest,eng Premier League,22 years,19.9,757,716,35,7,4,9,26,1,19,19,0,0,588,6,15,Midfielder,
Danilo,BRA,Juventus,it Serie A,32 years,27.2,1849,1635,205,49,2,23,18,89,0,0,0,0,1591,9,12,Defender,
Arnaut Danjuma,NED,Everton,eng Premier League,26 years,6.6,152,147,5,0,1,1,10,2,1,1,0,0,102,0,8,Midfielder,Forward
Jayden Danns,ENG,Liverpool,eng Premier League,17 years,0.1,7,7,0,0,1,0,0,0,0,0,0,0,5,0,0,Forward,
Kevin Danso,AUT,Lens,fr Ligue 1,24 years,29.5,1719,1602,114,70,0,3,3,7,0,0,0,0,1508,3,7,Defender,
Dante,BRA,Nice,fr Ligue 1,39 years,31.6,2803,2665,133,69,4,11,10,8,0,0,0,0,2540,5,11,Defender,
Raimane Daou,COM,Marseille,fr Ligue 1,18 years,0.3,13,13,0,0,0,0,0,0,0,0,0,0,11,0,0,Defender,Midfielder
Mohamed Daramy,DEN,Reims,fr Ligue 1,21 years,18.3,527,499,26,0,7,4,15,12,1,0,0,0,401,2,23,Forward,Midfielder
Sergi Darder,ESP,Mallorca,es La Liga,29 years,24.0,1002,841,150,55,10,19,149,13,63,23,36,2,725,11,25,Midfielder,
Achraf Dari,MAR,Brest,fr Ligue 1,24 years,1.3,85,83,2,2,0,0,0,0,0,0,0,0,73,0,0,Defender,Forward
Matteo Darmian,ITA,Inter,it Serie A,33 years,26.7,1389,1236,150,16,5,9,21,134,0,0,0,0,1181,3,30,Defender,
Lukas Daschner,GER,Bochum,de Bundesliga,24 years,6.0,179,164,14,4,2,2,20,2,8,6,0,0,107,1,9,Midfielder,Forward
Josh Dasilva,ENG,Brentford,eng Premier League,24 years,0.3,19,17,2,0,0,0,6,0,2,2,0,0,10,0,1,Defender,Forward
David Datro Fofana,CIV,Burnley,eng Premier League,20 years,9.8,173,167,4,0,1,0,3,0,0,0,0,0,117,2,8,Forward,
David Datro Fofana,CIV,Union Berlin,de Bundesliga,20 years,7.6,152,147,4,0,0,0,11,1,0,0,0,0,106,1,6,Forward,Midfielder
Juan David Cabal,COL,Hellas Verona,it Serie A,22 years,16.6,790,620,168,14,1,6,33,153,1,0,0,0,561,2,29,Defender,
Jonathan David,CAN,Lille,fr Ligue 1,23 years,29.2,655,610,40,2,0,0,2,0,0,0,0,0,537,5,18,Forward,
Alphonso Davies,CAN,Bayern Munich,de Bundesliga,22 years,22.9,1642,1455,187,27,4,1,31,160,0,0,0,0,1440,0,31,Defender,
Ben Davies,WAL,Tottenham,eng Premier League,30 years,12.1,850,788,61,34,3,3,10,27,0,0,0,0,766,1,10,Defender,
Tom Davies,ENG,Sheffield Utd,eng Premier League,25 years,2.5,99,92,5,2,1,0,4,1,0,0,0,0,68,2,5,Midfielder,
Keinan Davis,ENG,Udinese,it Serie A,25 years,2.1,50,49,1,0,0,0,0,0,0,0,0,0,36,0,4,Forward,Midfielder
Paweł Dawidowicz,POL,Hellas Verona,it Serie A,28 years,23.8,1173,1102,70,52,0,11,2,10,0,0,0,0,972,1,12,Defender,
Craig Dawson,ENG,Wolves,eng Premier League,33 years,24.5,1277,1236,38,29,2,22,1,1,0,0,0,0,1104,3,9,Defender,
Kevin De Bruyne,BEL,Manchester City,eng Premier League,32 years,13.6,971,840,124,23,11,6,136,24,69,29,16,5,732,7,27,Midfielder,
Bobby De Cordova-Reid,JAM,Fulham,eng Premier League,30 years,15.8,487,474,12,2,2,1,35,9,1,0,0,0,364,1,16,Forward,
Charles De Ketelaere,BEL,Atalanta,it Serie A,22 years,22.5,782,746,35,7,6,2,47,8,2,0,2,0,565,1,25,Forward,Midfielder
Rodrigo De Paul,ARG,Atlético Madrid,es La Liga,29 years,23.1,1553,1461,75,51,23,16,46,12,12,3,4,0,1291,17,23,Midfielder,
Mattia De Sciglio,ITA,Juventus,it Serie A,30 years,0.5,19,17,2,0,0,0,0,2,0,0,0,0,17,0,0,Defender,
Lorenzo De Silvestri,ITA,Bologna,it Serie A,35 years,7.5,432,365,66,16,0,1,9,50,0,0,0,0,373,1,7,Defender,
Thibault De Smet,BEL,Reims,fr Ligue 1,25 years,20.3,1046,878,163,12,0,2,31,149,2,2,0,0,837,5,29,Defender,
Koni De Winter,BEL,Genoa,it Serie A,21 years,26.4,1269,1158,111,35,1,0,5,45,0,0,0,0,1122,0,14,Defender,
Grégoire Defrel,MTQ,Sassuolo,it Serie A,32 years,8.4,221,209,10,1,0,0,2,3,2,0,0,0,187,2,6,Forward,Midfielder
Alessandro Deiola,ITA,Cagliari,it Serie A,27 years,17.9,524,511,11,4,2,11,15,7,0,0,0,0,364,2,10,Midfielder,
Romain Del Castillo,FRA,Brest,fr Ligue 1,27 years,27.7,1469,1255,209,52,9,11,251,45,104,57,45,0,989,5,67,Forward,
Thomas Delaine,FRA,Strasbourg,fr Ligue 1,31 years,22.7,882,699,179,24,2,1,104,146,9,0,8,0,638,4,25,Defender,Midfielder
Sacha Delaye,FRA,Montpellier,fr Ligue 1,21 years,1.4,48,48,0,0,0,0,3,0,0,0,0,0,38,0,3,Midfielder,Forward
Hannes Delcroix,BEL,Burnley,eng Premier League,24 years,6.5,350,320,29,3,0,0,5,26,0,0,0,0,300,1,2,Defender,
Alessandro Dellavalle,ITA,Torino,it Serie A,19 years,0.2,6,6,0,0,0,1,0,0,0,0,0,0,5,0,1,Defender,
Olivier Deman,BEL,Werder Bremen,de Bundesliga,23 years,15.2,730,607,121,6,0,5,45,110,4,2,1,0,543,2,28,Defender,
Karamoko Dembélé,ENG,Brest,fr Ligue 1,20 years,0.2,10,9,1,0,0,0,1,0,1,1,0,0,8,0,0,Midfielder,Forward
Ousmane Dembélé,FRA,Paris S-G,fr Ligue 1,26 years,16.7,1044,974,65,13,11,4,99,3,49,7,18,0,792,5,24,Midfielder,Forward
Jessy Deminguet,FRA,Strasbourg,fr Ligue 1,25 years,7.7,258,231,25,13,1,3,9,5,7,2,1,0,221,2,1,Midfielder,Forward
Ermedin Demirović,BIH,Augsburg,de Bundesliga,25 years,31.9,574,523,44,3,3,1,10,4,1,0,0,0,371,7,35,Forward,Midfielder
Diego Demme,GER,Napoli,it Serie A,31 years,0.8,76,76,0,0,0,2,3,0,0,0,0,0,63,0,1,Midfielder,
Sepp van den Berg,NED,Mainz 05,de Bundesliga,21 years,31.5,1469,1424,41,34,0,2,2,2,0,0,0,0,1190,4,10,Defender,
Leander Dendoncker,BEL,Aston Villa,eng Premier League,28 years,1.3,56,56,0,0,0,1,0,0,0,0,0,0,45,0,0,Midfielder,
Leander Dendoncker,BEL,Napoli,it Serie A,28 years,0.3,27,26,1,1,0,0,0,0,0,0,0,0,23,0,0,Midfielder,
Rémy Descamps,FRA,Nantes,fr Ligue 1,27 years,6.0,212,123,89,18,0,0,0,0,0,0,0,0,128,0,1,Goalkeeper,
Mikkel Desler,DEN,Toulouse,fr Ligue 1,28 years,17.2,944,775,169,20,0,1,30,149,0,0,0,0,788,0,23,Defender,
Arthur Desmas,FRA,Le Havre,fr Ligue 1,29 years,33.0,945,617,324,102,0,0,0,0,0,0,0,0,611,4,2,Goalkeeper,
Mattia Destro,ITA,Empoli,it Serie A,32 years,4.1,63,52,10,0,0,0,0,0,0,0,0,0,41,1,1,Forward,Midfielder
Samuele Di Benedetto,GER,Stuttgart,de Bundesliga,18 years,0.1,11,11,0,0,0,0,0,0,0,0,0,0,10,0,0,Midfielder,
Federico Di Francesco,ITA,Lecce,it Serie A,29 years,0.2,8,8,0,0,0,0,1,0,0,0,0,0,6,0,0,Forward,Midfielder
Raffaele Di Gennaro,ITA,Inter,it Serie A,29 years,0.3,17,15,1,0,0,0,0,0,0,0,0,0,15,1,0,Goalkeeper,
Michele Di Gregorio,ITA,Monza,it Serie A,26 years,31.9,1350,1053,296,73,0,2,0,0,0,0,0,0,1054,1,1,Goalkeeper,
Giovanni Di Lorenzo,ITA,Napoli,it Serie A,29 years,35.9,2732,2336,386,42,6,26,126,343,1,0,0,0,2314,10,46,Defender,
Alessandro Di Pardo,ITA,Cagliari,it Serie A,24 years,4.0,175,146,29,0,0,1,18,29,0,0,0,0,115,0,7,Defender,Midfielder
Boulaye Dia,SEN,Salernitana,it Serie A,26 years,12.7,244,227,16,2,2,5,1,0,0,0,0,0,204,1,5,Forward,Midfielder
Moussa Diaby,FRA,Aston Villa,eng Premier League,24 years,24.2,619,567,51,3,6,2,45,4,1,0,0,0,485,1,15,Forward,Midfielder
Lamine Diack,SEN,Nantes,fr Ligue 1,22 years,0.0,0,0,0,0,0,0,0,0,0,0,0,0,0,0,0,Midfielder,
Mouctar Diakhaby,GUI,Valencia,es La Liga,26 years,11.9,546,530,15,13,0,3,0,0,0,0,0,0,475,1,4,Defender,Midfielder
Mamadou Diakhon,FRA,Reims,fr Ligue 1,17 years,2.3,48,46,2,0,1,1,4,2,0,0,0,0,38,0,0,Forward,Midfielder
Bafodé Diakité,FRA,Lille,fr Ligue 1,22 years,18.8,1311,1209,102,45,0,3,3,49,0,0,0,0,1206,0,11,Defender,
Ibrahim Diakité,GUI,Reims,fr Ligue 1,19 years,1.2,85,67,18,2,0,1,9,16,0,0,0,0,57,0,3,Defender,
Moussa Diakité,MLI,Cádiz,es La Liga,19 years,0.0,0,0,0,0,0,0,0,0,0,0,0,0,0,0,0,Midfielder,
Oumar Diakité,CIV,Reims,fr Ligue 1,19 years,17.6,305,279,26,1,4,0,3,1,0,0,0,0,239,0,6,Forward,
Amad Diallo,CIV,Manchester Utd,eng Premier League,21 years,4.3,170,166,4,1,0,1,1,2,1,1,0,0,149,0,3,Forward,Midfielder
Amadou Diallo,ENG,Newcastle Utd,eng Premier League,20 years,0.0,1,1,0,0,0,0,0,0,0,0,0,0,1,0,0,Midfielder,
Assane Diao,SEN,Betis,es La Liga,17 years,11.6,264,261,2,0,0,0,9,0,0,0,0,0,200,1,12,Forward,
Habib Diarra,SEN,Strasbourg,fr Ligue 1,19 years,25.6,874,850,23,8,3,4,22,4,3,2,0,0,735,1,13,Midfielder,Forward
Moussa Diarra,MLI,Toulouse,fr Ligue 1,22 years,15.5,680,587,90,25,1,2,16,59,0,0,0,0,550,3,19,Defender,
Rúben Dias,POR,Manchester City,eng Premier League,26 years,28.4,2635,2567,65,46,2,7,13,11,0,0,0,0,2469,3,8,Defender,
Krépin Diatta,SEN,Monaco,fr Ligue 1,24 years,13.4,787,629,152,16,0,5,39,126,10,4,4,0,602,6,13,Defender,Forward
Mory Diaw,SEN,Clermont Foot,fr Ligue 1,30 years,30.0,1245,952,289,113,1,7,0,0,0,0,0,0,848,4,1,Goalkeeper,
Mahamadou Diawara,FRA,Lyon,fr Ligue 1,18 years,4.0,147,144,2,2,0,0,2,0,0,0,0,0,125,1,4,Midfielder,
Brahim Díaz,MAR,Real Madrid,es La Liga,23 years,17.2,740,705,29,8,7,2,31,6,7,3,2,0,624,6,12,Forward,Midfielder
Luis Díaz,COL,Liverpool,eng Premier League,26 years,29.2,1075,1040,29,4,4,11,26,24,0,0,0,0,898,6,29,Forward,
Víctor Díaz,ESP,Granada,es La Liga,35 years,1.8,74,63,9,6,0,0,0,3,0,0,0,0,47,2,4,Defender,Midfielder
Famara Diedhiou,SEN,Granada,es La Liga,30 years,1.0,41,40,1,0,0,0,2,1,0,0,0,0,20,0,4,Forward,Midfielder
Justin Diehl,GER,Köln,de Bundesliga,18 years,1.9,64,48,16,2,0,0,18,1,13,7,6,0,41,0,1,Forward,Midfielder
Bamba Dieng,SEN,Lorient,fr Ligue 1,23 years,6.1,117,99,18,0,0,0,5,1,0,0,0,0,90,0,2,Forward,
Eric Dier,ENG,Tottenham,eng Premier League,29 years,2.2,141,132,9,6,0,0,0,0,0,0,0,0,125,0,0,Defender,
Eric Dier,ENG,Bayern Munich,de Bundesliga,29 years,13.0,1143,1092,48,19,0,16,7,3,0,0,0,0,1042,3,4,Defender,
Guillaume Dietsch,FRA,Metz,fr Ligue 1,22 years,0.8,26,12,14,7,0,0,0,0,0,0,0,0,15,0,0,Goalkeeper,
Florian Dietz,GER,Köln,de Bundesliga,24 years,0.8,19,18,1,0,0,0,0,0,0,0,0,0,13,0,1,Forward,Midfielder
Lucas Digne,FRA,Aston Villa,eng Premier League,30 years,26.8,1351,1095,253,36,0,4,154,181,36,25,5,0,1015,3,42,Defender,
Federico Dimarco,ITA,Inter,it Serie A,25 years,23.1,1328,1116,207,24,1,6,196,124,59,22,30,0,1027,5,34,Defender,
Stole Dimitrievski,MKD,Rayo Vallecano,es La Liga,29 years,37.0,1198,794,401,134,0,5,0,0,0,0,0,0,732,3,0,Goalkeeper,
Junior Dina Ebimbe,FRA,Eintracht Frankfurt,de Bundesliga,22 years,21.7,935,839,93,5,7,5,21,88,0,0,0,0,715,3,27,Midfielder,Defender
Eren Dinkçi,GER,Heidenheim,de Bundesliga,21 years,29.4,819,791,25,3,2,5,79,18,3,0,3,0,508,3,52,Forward,Midfielder
Sinaly Diomande,CIV,Lyon,fr Ligue 1,22 years,9.9,570,554,15,13,1,3,1,2,0,0,0,0,521,1,3,Defender,
Edan Diop,FRA,Monaco,fr Ligue 1,18 years,1.8,97,86,10,1,0,0,2,9,0,0,0,0,71,1,3,Midfielder,Defender
Issa Diop,FRA,Fulham,eng Premier League,26 years,15.8,1080,1041,37,22,1,5,0,2,0,0,0,0,950,2,13,Defender,
Sofiane Diop,FRA,Nice,fr Ligue 1,23 years,5.5,176,171,5,2,0,1,13,1,2,2,0,0,143,0,2,Forward,
Andy Diouf,FRA,Lens,fr Ligue 1,20 years,14.6,737,689,45,13,1,0,47,0,32,15,14,0,591,3,27,Midfielder,
Yehvann Diouf,FRA,Reims,fr Ligue 1,23 years,34.0,1301,1065,227,70,0,3,0,0,0,0,0,0,1020,9,1,Goalkeeper,
Axel Disasi,FRA,Chelsea,eng Premier League,25 years,28.7,2256,2153,98,49,3,11,10,43,0,0,0,0,2031,5,19,Defender,
Tiago Djaló,POR,Juventus,it Serie A,23 years,0.2,13,11,2,2,0,0,0,0,0,0,0,0,12,0,1,Defender,
Chaim El Djebali,TUN,Lyon,fr Ligue 1,19 years,0.1,9,9,0,0,0,0,1,0,0,0,0,0,7,0,1,Midfielder,
Djené,TOG,Getafe,es La Liga,31 years,27.6,1121,1049,69,21,0,4,30,48,0,0,0,0,861,3,14,Defender,Midfielder
Koffi Djidji,CIV,Torino,it Serie A,30 years,8.4,434,411,20,10,0,0,2,10,0,0,0,0,372,3,3,Defender,
Berat Djimsiti,ALB,Atalanta,it Serie A,30 years,31.5,1661,1584,75,58,1,6,6,17,0,0,0,0,1454,2,11,Defender,
Marko Dmitrović,SRB,Sevilla,es La Liga,31 years,13.0,394,291,102,23,0,0,0,0,0,0,0,0,292,1,0,Goalkeeper,
Ben Doak,SCO,Liverpool,eng Premier League,17 years,0.2,4,4,0,0,0,0,0,0,0,0,0,0,4,0,0,Forward,
Ritsu Doan,JPN,Freiburg,de Bundesliga,25 years,25.0,713,678,31,11,5,6,61,5,15,10,5,0,504,4,26,Defender,Midfielder
Lewis Dobbin,ENG,Everton,eng Premier League,20 years,2.6,65,60,3,1,0,0,7,2,0,0,0,0,44,2,3,Midfielder,
Dodô,BRA,Fiorentina,it Serie A,24 years,5.8,347,296,50,4,1,1,19,46,0,0,0,0,278,1,6,Defender,
Danilho Doekhi,NED,Union Berlin,de Bundesliga,25 years,24.0,919,894,23,21,0,5,4,2,0,0,0,0,738,2,9,Defender,
Matt Doherty,IRL,Wolves,eng Premier League,31 years,12.8,653,566,87,11,0,5,13,76,0,0,0,0,515,0,18,Defender,Midfielder
Josh Doig,SCO,Hellas Verona,it Serie A,21 years,9.2,338,261,74,4,0,1,30,70,0,0,0,0,251,3,9,Defender,
Josh Doig,SCO,Sassuolo,it Serie A,21 years,14.9,591,413,177,4,0,2,47,172,1,0,1,0,404,1,19,Defender,
Jeremy Doku,BEL,Manchester City,eng Premier League,21 years,17.7,852,844,8,0,2,2,61,5,3,0,0,0,693,0,34,Forward,Midfielder
Jeremy Doku,BEL,Rennes,fr Ligue 1,21 years,1.2,49,49,0,0,0,0,1,0,0,0,0,0,43,0,1,Forward,
Jaume Doménech,ESP,Valencia,es La Liga,32 years,0.9,31,18,13,6,0,0,0,0,0,0,0,0,13,0,0,Goalkeeper,
Carlos Dominguez,ESP,Celta Vigo,es La Liga,22 years,17.6,864,831,30,27,0,12,3,3,0,0,0,0,681,3,10,Defender,
Mario Dominguez,ESP,Valencia,es La Liga,19 years,0.3,5,5,0,0,0,0,1,0,0,0,0,0,4,0,0,Forward,
Nicolás Domínguez,ARG,Nottingham Forest,eng Premier League,25 years,16.6,843,817,22,10,2,5,6,4,1,0,1,0,714,4,13,Midfielder,Forward
Nicolás Domínguez,ARG,Bologna,it Serie A,25 years,1.1,92,90,2,1,0,0,0,1,0,0,0,0,83,0,1,Midfielder,
Giulio Donati,ITA,Monza,it Serie A,33 years,0.4,46,40,6,1,0,0,4,5,0,0,0,0,38,0,1,Defender,
Jamie Donley,NIR,Tottenham,eng Premier League,18 years,0.0,1,0,1,0,0,0,0,0,0,0,0,0,1,0,0,Forward,
Gianluigi Donnarumma,ITA,Paris S-G,fr Ligue 1,24 years,24.1,773,609,163,31,0,0,0,1,0,0,0,0,686,1,0,Goalkeeper,
Patrick Dorgu,DEN,Lecce,it Serie A,18 years,17.4,729,612,115,19,0,5,41,91,5,0,0,0,582,2,16,Defender,Midfielder
Niklas Dorsch,GER,Augsburg,de Bundesliga,25 years,15.4,628,600,25,22,2,4,3,0,1,0,1,0,545,3,5,Midfielder,
Alberto Dossena,ITA,Cagliari,it Serie A,24 years,33.1,1305,1255,49,41,3,11,1,7,0,0,0,0,1042,1,8,Defender,
Carlos Dotor,ESP,Celta Vigo,es La Liga,22 years,7.9,350,339,10,2,1,0,9,4,3,3,0,0,289,1,7,Midfielder,
Abdoulaye Doucouré,MLI,Everton,eng Premier League,30 years,29.2,893,876,16,0,1,1,26,0,0,0,0,0,683,1,29,Forward,Midfielder
Cheick Doucouré,MLI,Crystal Palace,eng Premier League,23 years,10.2,422,418,4,4,5,0,1,0,0,0,0,0,367,0,7,Midfielder,
Siriné Doucouré,MLI,Lorient,fr Ligue 1,21 years,4.7,94,87,7,0,2,1,1,0,0,0,0,0,71,0,1,Forward,
Désiré Doué,FRA,Rennes,fr Ligue 1,18 years,18.1,779,734,41,18,6,6,70,4,18,11,7,0,576,4,24,Midfielder,Forward
Guela Doué,CIV,Rennes,fr Ligue 1,20 years,13.7,669,556,113,8,2,1,43,105,0,0,0,0,502,0,18,Defender,
Alfie Doughty,ENG,Luton Town,eng Premier League,23 years,32.5,1686,1190,489,89,0,9,340,249,151,66,80,5,1121,7,60,Defender,
Douglas,BRA,Nantes,fr Ligue 1,26 years,19.7,1040,991,47,34,4,8,20,2,11,8,2,0,904,2,11,Midfielder,
Ismaël Doukouré,FRA,Strasbourg,fr Ligue 1,20 years,18.4,771,729,40,23,4,7,0,8,0,0,0,0,660,2,9,Midfielder,Defender
Kamory Doumbia,MLI,Brest,fr Ligue 1,20 years,9.8,487,472,14,5,2,0,8,3,2,0,2,0,420,1,8,Midfielder,
Anastasios Douvikas,GRE,Celta Vigo,es La Liga,23 years,10.1,166,154,12,0,1,1,2,0,0,0,0,0,105,0,4,Forward,
Artem Dovbyk,UKR,Girona,es La Liga,26 years,28.7,392,359,28,0,2,2,1,0,0,0,0,0,277,5,16,Forward,
Nikola Dovedan,AUT,Heidenheim,de Bundesliga,29 years,7.3,204,187,16,2,4,1,8,3,3,0,0,0,125,1,15,Midfielder,Forward
Damion Downs,USA,Köln,de Bundesliga,19 years,2.0,36,35,1,0,0,0,1,1,0,0,0,0,24,0,4,Forward,Midfielder
Tommy Doyle,ENG,Wolves,eng Premier League,21 years,13.6,955,878,69,44,2,15,28,8,15,8,3,0,801,8,11,Midfielder,
Radu Drăgușin,ROU,Tottenham,eng Premier League,21 years,4.8,370,352,18,8,1,0,0,1,0,0,0,0,326,0,3,Defender,
Radu Drăgușin,ROU,Genoa,it Serie A,21 years,19.0,721,623,98,20,0,3,1,34,0,0,0,0,592,0,3,Defender,
Dion Drena Beljo,CRO,Augsburg,de Bundesliga,21 years,6.5,160,150,9,0,2,1,3,2,0,0,0,0,115,1,2,Forward,Midfielder
Tim Drexler,GER,Hoffenheim,de Bundesliga,18 years,6.4,349,341,7,6,0,0,0,1,0,0,0,0,315,1,1,Defender,
Domingos Duarte,POR,Getafe,es La Liga,28 years,10.1,380,365,13,11,1,3,1,1,0,0,0,0,294,2,4,Defender,
Rubén Duarte,ESP,Alavés,es La Liga,27 years,20.9,827,658,160,55,0,8,70,104,1,0,0,0,566,9,10,Defender,
Martin Dúbravka,SVK,Newcastle Utd,eng Premier League,34 years,22.1,651,443,206,37,0,1,0,0,0,0,0,0,519,2,0,Goalkeeper,
Marvin Ducksch,GER,Werder Bremen,de Bundesliga,29 years,30.0,950,751,192,55,11,10,159,5,97,35,49,0,566,7,16,Forward,
Ondrej Duda,SVK,Hellas Verona,it Serie A,28 years,27.3,1209,1049,156,94,5,20,94,5,54,11,32,0,906,4,19,Midfielder,
Denzel Dumfries,NED,Inter,it Serie A,27 years,18.2,801,656,142,4,0,2,47,138,0,0,0,0,614,3,16,Defender,
Paul Dummett,WAL,Newcastle Utd,eng Premier League,31 years,0.2,23,22,1,0,0,0,0,1,0,0,0,0,21,0,0,Defender,
Alfred Duncan,GHA,Fiorentina,it Serie A,30 years,21.0,1030,961,63,22,5,18,65,5,35,11,17,0,800,6,22,Midfielder,
Lewis Dunk,ENG,Brighton,eng Premier League,31 years,31.9,3233,3005,219,115,2,16,7,5,0,0,0,0,2977,9,5,Defender,
Jáder Durán,COL,Aston Villa,eng Premier League,19 years,5.3,121,117,4,1,0,0,6,1,0,0,0,0,83,0,10,Forward,Midfielder
Julien Duranville,BEL,Dortmund,de Bundesliga,17 years,0.1,4,4,0,0,0,0,0,0,0,0,0,0,0,0,1,Forward,Midfielder
Hugo Duro,ESP,Valencia,es La Liga,23 years,33.1,570,522,45,1,0,0,7,4,0,0,0,0,406,3,16,Forward,
Jean-Kevin Duverne,HAI,Nantes,fr Ligue 1,26 years,15.0,743,653,86,15,0,2,13,71,0,0,0,0,597,4,11,Defender,
Paulo Dybala,ARG,Roma,it Serie A,29 years,21.8,1000,877,117,27,7,11,88,10,54,22,27,0,790,6,20,Forward,Midfielder
Aron Dønnum,NOR,Toulouse,fr Ligue 1,25 years,17.7,571,545,24,5,4,13,28,10,9,2,5,0,428,2,17,Forward,Midfielder
George Earthy,ENG,West Ham,eng Premier League,18 years,0.4,17,17,0,0,0,0,0,0,0,0,0,0,16,0,0,Forward,
Simon Ebonog,CMR,Le Havre,fr Ligue 1,18 years,0.2,21,21,0,0,0,0,0,0,0,0,0,0,17,0,0,Midfielder,
Festy Ebosele,IRL,Udinese,it Serie A,20 years,18.9,419,358,60,2,1,5,45,58,0,0,0,0,278,1,21,Defender,
Enzo Ebosse,CMR,Udinese,it Serie A,24 years,0.1,15,15,0,0,0,0,0,0,0,0,0,0,12,0,0,Defender,
Tyronne Ebuehi,NGA,Empoli,it Serie A,27 years,12.2,570,442,127,9,0,3,23,118,0,0,0,0,426,1,19,Defender,
Ederson,BRA,Manchester City,eng Premier League,29 years,30.9,1234,1077,157,43,0,9,0,0,0,0,0,0,1077,0,1,Goalkeeper,
Éderson,BRA,Atalanta,it Serie A,24 years,31.9,1662,1611,44,42,6,17,17,2,0,0,0,0,1390,7,27,Midfielder,
Odsonne Édouard,FRA,Crystal Palace,eng Premier League,25 years,17.3,350,338,9,0,4,0,10,0,1,0,0,0,249,3,20,Forward,Midfielder
John Egan,IRL,Sheffield Utd,eng Premier League,30 years,5.4,185,181,2,2,0,0,0,0,0,0,0,0,128,2,1,Defender,
Maximilian Eggestein,GER,Freiburg,de Bundesliga,26 years,32.4,1330,1296,28,21,4,2,9,5,0,0,0,0,1080,6,48,Midfielder,
Lilian Egloff,GER,Stuttgart,de Bundesliga,20 years,1.2,41,40,1,0,0,0,0,0,0,0,0,0,32,0,1,Midfielder,Defender
Kingsley Ehizibue,NED,Udinese,it Serie A,28 years,10.6,257,223,33,0,0,0,17,33,0,0,0,0,175,1,15,Defender,
Hjalmar Ekdal,SWE,Burnley,eng Premier League,24 years,4.9,217,213,4,4,0,2,0,0,0,0,0,0,191,0,1,Defender,
Hugo Ekitike,FRA,Paris S-G,fr Ligue 1,21 years,0.1,8,8,0,0,0,0,0,0,0,0,0,0,7,0,1,Forward,
Hugo Ekitike,FRA,Eintracht Frankfurt,de Bundesliga,21 years,8.0,193,180,12,0,1,2,9,0,0,0,0,0,131,1,11,Forward,
Emmanuel Ekong,SWE,Empoli,it Serie A,21 years,0.1,1,1,0,0,0,0,0,0,0,0,0,0,1,0,0,Forward,
Caleb Ekuban,GHA,Genoa,it Serie A,29 years,12.6,211,205,6,0,1,1,4,0,0,0,0,0,138,0,10,Forward,
Anthony Elanga,SWE,Nottingham Forest,eng Premier League,21 years,27.0,712,695,13,0,4,2,58,6,0,0,0,0,498,4,37,Forward,Midfielder
Simon Elisor,FRA,Metz,fr Ligue 1,24 years,8.5,157,139,18,0,0,0,4,0,0,0,0,0,111,0,5,Forward,
Harvey Elliott,ENG,Liverpool,eng Premier League,20 years,15.0,986,932,44,4,3,8,62,10,19,9,7,0,825,10,17,Midfielder,Forward
Elif Elmas,MKD,Napoli,it Serie A,23 years,3.8,191,183,7,1,0,0,6,3,3,0,1,0,167,1,4,Forward,Midfielder
Elif Elmas,MKD,RB Leipzig,de Bundesliga,23 years,3.0,120,115,3,1,0,1,0,2,0,0,0,0,100,2,1,Midfielder,Forward
Mohamed Elneny,EGY,Arsenal,eng Premier League,31 years,0.3,40,39,1,1,0,0,0,0,0,0,0,0,39,0,0,Midfielder,
Aritz Elustondo,ESP,Real Sociedad,es La Liga,29 years,9.0,468,417,51,14,0,1,1,37,0,0,0,0,402,0,3,Defender,
Nico Elvedi,SUI,Gladbach,de Bundesliga,26 years,27.6,1690,1605,83,32,2,1,3,26,0,0,0,0,1500,2,11,Defender,
Adri Embarba,ESP,Almería,es La Liga,31 years,27.5,928,770,150,35,0,16,171,16,94,36,31,0,609,8,43,Forward,Midfielder
Breel Embolo,SUI,Monaco,fr Ligue 1,26 years,2.0,46,46,0,0,0,0,1,0,0,0,0,0,37,0,2,Forward,
Emanuel Emegha,NED,Strasbourg,fr Ligue 1,20 years,23.1,295,278,17,1,0,0,1,1,0,0,0,0,216,0,10,Forward,
Emerson,BRA,Tottenham,eng Premier League,24 years,12.9,1038,915,122,45,1,2,14,75,0,0,0,0,937,1,23,Defender,
Youssef En-Nesyri,MAR,Sevilla,es La Liga,26 years,28.6,318,271,47,0,2,2,4,3,0,0,0,0,205,0,13,Forward,
Julio Enciso,PAR,Brighton,eng Premier League,19 years,5.3,178,168,8,2,2,0,8,1,2,0,0,0,132,2,5,Midfielder,Forward
Wataru Endo,JPN,Liverpool,eng Premier League,30 years,19.1,1315,1295,16,13,5,1,4,2,0,0,0,0,1157,4,19,Midfielder,
Arne Engels,BEL,Augsburg,de Bundesliga,19 years,15.6,587,498,85,19,3,9,80,30,36,20,13,0,394,4,23,Midfielder,Defender
Christian Eriksen,DEN,Manchester Utd,eng Premier League,31 years,12.7,805,745,55,25,5,9,43,3,26,12,8,2,648,5,13,Midfielder,
Martin Erlic,CRO,Sassuolo,it Serie A,25 years,29.1,1214,1144,68,53,0,13,5,7,0,0,0,0,972,2,7,Defender,
Gonzalo Escalante,ARG,Cádiz,es La Liga,30 years,18.9,711,689,15,7,2,2,5,1,0,0,0,0,537,7,12,Midfielder,
Aarón Escandell,ESP,Las Palmas,es La Liga,27 years,1.7,86,65,20,8,0,0,0,0,0,0,0,0,64,1,0,Goalkeeper,
Alfonso Espino,URU,Rayo Vallecano,es La Liga,31 years,27.9,1423,1132,288,28,2,5,50,260,0,0,0,0,1061,3,41,Defender,
Bernardo Espinosa,COL,Girona,es La Liga,34 years,0.0,8,8,0,0,0,0,0,0,0,0,0,0,7,0,0,Defender,
Maxime Estève,FRA,Burnley,eng Premier League,21 years,14.5,821,754,66,13,1,3,5,5,0,0,0,0,690,1,10,Defender,
Maxime Estève,FRA,Montpellier,fr Ligue 1,21 years,11.1,369,340,29,11,1,2,2,14,0,0,0,0,289,0,5,Defender,
Oscar Estupiñan,COL,Metz,fr Ligue 1,26 years,2.9,61,54,5,0,0,0,1,0,0,0,0,0,41,2,1,Forward,
Pervis Estupiñán,ECU,Brighton,eng Premier League,25 years,13.8,962,851,107,22,1,3,65,73,12,6,2,0,809,4,20,Defender,
Karl Etta,CMR,Cádiz,es La Liga,19 years,0.2,2,2,0,0,0,0,0,0,0,0,0,0,2,0,0,Forward,
Jonny Evans,NIR,Manchester Utd,eng Premier League,35 years,15.5,832,778,51,18,1,0,0,3,0,0,0,0,729,3,7,Defender,
Eberechi Eze,ENG,Crystal Palace,eng Premier League,25 years,22.8,909,759,144,54,7,6,107,5,71,30,23,3,700,6,20,Midfielder,Forward
Abde Ezzalzouli,MAR,Barcelona,es La Liga,21 years,0.8,37,32,5,0,0,0,7,4,1,1,0,0,23,0,1,Forward,Midfielder
Abde Ezzalzouli,MAR,Betis,es La Liga,21 years,9.6,353,340,11,3,3,2,33,5,3,1,1,0,232,2,20,Forward,
Giovanni Fabbian,ITA,Bologna,it Serie A,20 years,11.7,287,282,5,3,1,1,4,2,0,0,0,0,225,0,7,Midfielder,Forward
Łukasz Fabiański,POL,West Ham,eng Premier League,38 years,8.0,239,161,77,21,0,3,0,0,0,0,0,0,160,1,1,Goalkeeper,
Nicolò Fagioli,ITA,Juventus,it Serie A,22 years,4.9,223,202,21,6,1,4,19,3,10,1,7,0,193,0,2,Midfielder,
Romain Faivre,FRA,Bournemouth,eng Premier League,25 years,0.5,26,25,1,1,0,0,3,0,0,0,0,0,19,0,0,Midfielder,Forward
Romain Faivre,FRA,Lorient,fr Ligue 1,25 years,16.1,601,546,54,19,2,2,38,4,25,11,3,0,495,1,9,Midfielder,Forward
Ilhan Fakili,FRA,Clermont Foot,fr Ligue 1,17 years,1.0,23,22,1,0,0,0,1,0,1,1,0,0,18,0,0,Midfielder,Forward
Radamel Falcao,COL,Rayo Vallecano,es La Liga,37 years,4.5,110,103,7,1,1,0,1,2,0,0,0,0,92,0,1,Forward,Defender
Wladimiro Falcone,ITA,Lecce,it Serie A,28 years,38.0,1145,836,305,57,0,2,0,0,0,0,0,0,778,4,0,Goalkeeper,
Fali,ESP,Cádiz,es La Liga,29 years,28.3,1050,989,54,49,5,21,10,0,0,0,0,0,799,7,7,Defender,
Davide Faraoni,ITA,Hellas Verona,it Serie A,31 years,6.7,304,235,65,4,1,4,19,59,2,0,1,0,228,4,6,Defender,
Davide Faraoni,ITA,Fiorentina,it Serie A,31 years,4.4,248,200,47,5,1,0,17,41,1,0,1,0,190,1,7,Defender,
Ansu Fati,ESP,Brighton,eng Premier League,20 years,5.8,210,203,4,2,1,1,3,0,0,0,0,0,178,3,10,Midfielder,Forward
Ansu Fati,ESP,Barcelona,es La Liga,20 years,0.6,28,25,3,1,0,0,0,1,1,0,0,0,24,0,0,Midfielder,Forward
Khalil Fayad,FRA,Montpellier,fr Ligue 1,19 years,11.4,345,333,10,4,1,4,13,4,0,0,0,0,276,2,6,Forward,Midfielder
Federico Fazio,ARG,Salernitana,it Serie A,36 years,15.1,587,540,44,34,0,2,0,8,0,0,0,0,440,3,5,Defender,
Jacopo Fazzini,ITA,Empoli,it Serie A,20 years,13.7,499,445,52,23,4,1,54,4,24,7,13,0,343,2,19,Midfielder,
Nabil Fekir,FRA,Betis,es La Liga,30 years,11.7,611,534,73,29,3,5,56,3,34,13,17,0,482,4,16,Midfielder,Forward
Felipe,BRA,Nottingham Forest,eng Premier League,34 years,4.2,215,206,8,7,0,1,0,1,0,0,0,0,183,1,1,Defender,
Luiz Felipe,ITA,Betis,es La Liga,26 years,4.0,169,163,4,4,0,0,0,0,0,0,0,0,151,2,0,Defender,
João Félix,POR,Barcelona,es La Liga,23 years,17.1,663,631,25,5,8,7,17,12,8,4,0,0,538,7,13,Forward,
Ohis Felix Uduokhai,GER,Augsburg,de Bundesliga,25 years,32.5,1658,1562,91,45,0,11,3,4,0,0,0,0,1349,5,6,Defender,
Kiko Femenía,ESP,Villarreal,es La Liga,32 years,17.6,1121,939,179,26,0,4,28,153,0,0,0,0,939,3,19,Defender,
Evan Ferguson,IRL,Brighton,eng Premier League,18 years,15.2,303,269,32,0,1,0,1,0,0,0,0,0,244,2,13,Forward,
Lewis Ferguson,SCO,Bologna,it Serie A,23 years,30.1,1778,1740,34,16,7,9,11,17,1,0,0,0,1571,4,37,Midfielder,
Bruno Fernandes,POR,Manchester Utd,eng Premier League,28 years,34.6,2179,1872,284,64,30,22,223,22,151,46,55,8,1590,23,62,Midfielder,Forward
Edimilson Fernandes,SUI,Mainz 05,de Bundesliga,27 years,14.3,801,705,90,44,2,10,53,18,28,15,9,1,615,6,9,Defender,
Aitor Fernández,ESP,Osasuna,es La Liga,32 years,6.1,198,147,49,27,0,0,0,0,0,0,0,0,127,2,0,Goalkeeper,
Álex Fernández,ESP,Cádiz,es La Liga,30 years,14.3,649,578,67,29,0,6,35,6,20,6,10,0,539,4,11,Midfielder,
Carlos Fernández,ESP,Real Sociedad,es La Liga,27 years,4.5,83,78,5,1,1,0,1,0,0,0,0,0,44,0,4,Forward,
Enzo Fernández,ARG,Chelsea,eng Premier League,22 years,24.5,1862,1756,89,52,21,28,45,5,22,4,7,0,1574,17,30,Midfielder,
Raúl Fernández,ESP,Granada,es La Liga,35 years,3.1,107,73,32,15,0,0,0,0,0,0,0,0,69,2,0,Goalkeeper,
Valery Fernández,ESP,Girona,es La Liga,23 years,5.6,221,211,10,0,1,0,13,10,0,0,0,0,188,0,4,Midfielder,Forward
Fernando,ESP,Almería,es La Liga,33 years,4.0,160,123,36,10,0,0,0,0,0,0,0,0,110,1,0,Goalkeeper,
Fernando,BRA,Sevilla,es La Liga,36 years,5.1,242,233,8,8,1,3,4,0,0,0,0,0,209,1,2,Midfielder,
Ichem Ferrah,FRA,Lille,fr Ligue 1,17 years,0.0,1,1,0,0,0,0,0,0,0,0,0,0,1,0,0,Forward,
Andrea Ferraris,ITA,Monza,it Serie A,20 years,0.1,4,3,1,0,0,0,0,1,0,0,0,0,4,0,0,Midfielder,
André Ferreira,POR,Granada,es La Liga,27 years,14.9,498,331,167,57,0,0,0,0,0,0,0,0,359,0,1,Goalkeeper,
João Ferreira,POR,Udinese,it Serie A,22 years,20.2,858,703,153,24,2,10,21,129,0,0,0,0,649,2,22,Defender,
Jordan Ferri,FRA,Montpellier,fr Ligue 1,31 years,22.6,1331,1299,32,19,5,8,38,11,2,0,0,0,1101,0,20,Midfielder,
Nacho Ferri,ESP,Eintracht Frankfurt,de Bundesliga,18 years,0.8,26,25,0,0,0,0,0,0,0,0,0,0,13,1,1,Forward,Midfielder
Rachad Fettal,MAR,Almería,es La Liga,18 years,0.2,6,5,0,0,0,0,0,0,0,0,0,0,4,1,0,Forward,
Seydou Fini,ITA,Genoa,it Serie A,17 years,0.4,14,12,2,0,0,0,1,2,0,0,0,0,9,0,0,Defender,Forward
Max Finkgräfe,GER,Köln,de Bundesliga,19 years,19.5,859,662,196,17,1,8,61,172,7,3,3,0,598,1,35,Defender,Forward
Vincenzo Fiorillo,ITA,Salernitana,it Serie A,33 years,4.0,128,59,67,13,0,0,0,0,0,0,0,0,53,2,0,Goalkeeper,
Kilian Fischer,GER,Wolfsburg,de Bundesliga,22 years,3.2,148,115,33,1,0,0,11,32,0,0,0,0,104,0,6,Defender,Midfielder
John Fleck,SCO,Sheffield Utd,eng Premier League,31 years,1.0,40,36,4,2,1,0,0,0,0,0,0,0,29,0,0,Midfielder,Defender
Mark Flekken,NED,Brentford,eng Premier League,30 years,36.5,1580,1122,455,166,0,5,0,0,0,0,0,0,1131,3,0,Goalkeeper,
Alessandro Florenzi,ITA,Milan,it Serie A,32 years,19.2,1277,1055,218,51,1,20,122,104,63,28,30,0,1055,4,16,Defender,
Phil Foden,ENG,Manchester City,eng Premier League,23 years,31.7,1767,1684,79,19,15,6,89,4,50,26,14,0,1511,4,49,Forward,Midfielder
Wes Foderingham,ENG,Sheffield Utd,eng Premier League,32 years,29.4,1055,659,386,124,0,4,0,0,0,0,0,0,596,10,1,Goalkeeper,
Malick Fofana,BEL,Lyon,fr Ligue 1,18 years,6.2,180,175,5,0,0,0,20,5,0,0,0,0,143,0,8,Forward,
Youssouf Fofana,FRA,Monaco,fr Ligue 1,24 years,30.0,1789,1693,83,77,13,4,14,6,0,0,0,0,1453,13,30,Midfielder,
Jonas Föhrenbach,GER,Heidenheim,de Bundesliga,27 years,31.0,1462,1151,307,17,0,17,73,289,1,1,0,0,1046,4,38,Defender,
Thomas Foket,BEL,Reims,fr Ligue 1,28 years,20.4,1069,865,192,8,0,0,37,184,0,0,0,0,862,12,27,Defender,
Michael Folorunsho,ITA,Hellas Verona,it Serie A,25 years,30.9,796,768,25,14,1,12,64,11,0,0,0,0,486,3,32,Midfielder,Forward
Tiago Fonseca Morais,POR,Lille,fr Ligue 1,19 years,0.5,15,13,2,0,0,0,1,0,2,1,0,0,11,0,0,Forward,
Pablo Fornals,ESP,West Ham,eng Premier League,27 years,4.7,210,204,6,2,0,2,8,2,0,0,0,0,162,0,6,Midfielder,Forward
Pablo Fornals,ESP,Betis,es La Liga,27 years,12.8,672,625,43,5,3,5,51,12,26,12,11,0,500,4,28,Forward,Midfielder
Emil Forsberg,SWE,RB Leipzig,de Bundesliga,31 years,5.2,199,190,7,1,0,3,8,0,5,3,2,0,163,2,6,Midfielder,Forward
Omari Forson,ENG,Manchester Utd,eng Premier League,19 years,0.8,33,32,1,0,0,0,0,0,0,0,0,0,30,0,1,Forward,
Philipp Förster,GER,Bochum,de Bundesliga,28 years,4.3,208,183,24,12,0,0,28,0,11,5,5,0,156,1,4,Midfielder,Forward
Héctor Fort,ESP,Barcelona,es La Liga,16 years,3.5,230,203,27,6,0,2,6,21,0,0,0,0,200,0,2,Defender,
Lyle Foster,RSA,Burnley,eng Premier League,22 years,21.1,461,430,29,2,3,5,3,4,0,0,0,0,312,2,16,Forward,Midfielder
Dimitri Foulquier,FRA,Valencia,es La Liga,30 years,20.5,1042,791,245,22,1,4,42,223,0,0,0,0,766,6,43,Defender,Midfielder
Juan Foyth,ARG,Villarreal,es La Liga,25 years,11.8,690,579,109,15,1,5,18,94,0,0,0,0,565,2,16,Defender,
Matheus França,BRA,Crystal Palace,eng Premier League,19 years,2.6,79,69,10,1,0,1,14,0,9,5,2,0,51,0,5,Midfielder,Forward
Bartol Franjić,CRO,Darmstadt 98,de Bundesliga,23 years,13.7,556,534,21,13,0,1,4,8,0,0,0,0,462,1,9,Midfielder,
Przemysław Frankowski,POL,Lens,fr Ligue 1,28 years,24.4,1320,1108,206,8,3,5,118,188,10,3,4,0,1008,6,38,Defender,
Nathan Fraser,IRL,Wolves,eng Premier League,18 years,2.1,42,39,3,0,0,0,0,0,0,0,0,0,33,0,3,Forward,
Davide Frattesi,ITA,Inter,it Serie A,23 years,10.6,301,293,7,6,2,2,11,1,0,0,0,0,235,1,7,Midfielder,
Morten Frendrup,DEN,Genoa,it Serie A,22 years,34.9,1224,1181,41,10,1,4,12,22,0,0,0,0,979,2,38,Midfielder,
Remo Freuler,SUI,Bologna,it Serie A,31 years,29.2,1890,1789,97,87,1,4,9,10,0,0,0,0,1710,4,22,Midfielder,
Marco Friedl,AUT,Werder Bremen,de Bundesliga,25 years,24.4,1081,1033,43,37,0,3,4,5,0,0,0,0,930,5,5,Defender,
Marvin Friedrich,GER,Gladbach,de Bundesliga,27 years,17.4,905,859,43,22,0,4,2,20,0,0,0,0,755,3,9,Defender,
Jeremie Frimpong,NED,Leverkusen,de Bundesliga,22 years,25.0,1026,919,103,3,4,4,93,100,0,0,0,0,797,4,38,Defender,
Jorge de Frutos,ESP,Rayo Vallecano,es La Liga,26 years,17.2,483,463,17,2,0,1,53,8,7,3,4,0,344,3,24,Forward,Midfielder
Chris Führich,GER,Stuttgart,de Bundesliga,25 years,28.5,1370,1235,131,29,7,10,100,41,61,31,7,0,1112,4,34,Forward,Midfielder
Shiō Fukuda,JPN,Gladbach,de Bundesliga,19 years,0.4,6,6,0,0,0,0,0,0,0,0,0,0,3,0,0,Forward,Midfielder
Angelo Fulgini,FRA,Lens,fr Ligue 1,26 years,15.3,789,661,113,29,10,5,114,8,74,34,35,0,569,15,15,Midfielder,
Niclas Füllkrug,GER,Werder Bremen,de Bundesliga,30 years,2.0,66,65,1,0,0,0,0,0,0,0,0,0,48,0,2,Forward,
Niclas Füllkrug,GER,Dortmund,de Bundesliga,30 years,24.6,572,557,14,1,4,5,5,0,0,0,0,0,378,1,23,Forward,
Gerardo Fusco,ITA,Salernitana,it Serie A,18 years,0.2,7,7,0,0,0,0,1,0,0,0,0,0,5,0,0,Forward,
Daniel Fuzato,BRA,Getafe,es La Liga,26 years,0.1,10,6,4,0,0,0,0,0,0,0,0,0,5,0,0,Goalkeeper,
Matteo Gabbia,ITA,Milan,it Serie A,23 years,14.2,902,862,39,19,0,2,0,4,0,0,0,0,815,1,7,Defender,
Matteo Gabbia,ITA,Villarreal,es La Liga,23 years,5.3,299,283,15,9,0,5,0,0,0,0,0,0,267,1,0,Defender,
Gianluca Gaetano,ITA,Cagliari,it Serie A,23 years,8.3,236,216,18,8,2,1,15,0,4,1,2,0,171,2,5,Forward,Midfielder
Gianluca Gaetano,ITA,Napoli,it Serie A,23 years,1.8,79,78,1,1,0,1,3,0,0,0,0,0,70,0,1,Midfielder,
Roberto Gagliardini,ITA,Monza,it Serie A,29 years,26.2,1487,1427,57,45,2,13,8,8,3,0,0,0,1339,3,11,Midfielder,Defender
Cody Gakpo,NED,Liverpool,eng Premier League,24 years,18.3,564,547,15,5,1,2,21,6,0,0,0,0,436,2,15,Forward,Midfielder
Javi Galán,ESP,Atlético Madrid,es La Liga,28 years,1.0,60,49,11,0,0,0,6,9,2,0,1,0,45,0,3,Defender,
Javi Galán,ESP,Real Sociedad,es La Liga,28 years,11.9,657,534,122,11,1,8,46,111,0,0,0,0,526,1,16,Defender,
Iñigo Ruiz de Galarreta,ESP,Athletic Club,es La Liga,29 years,23.2,1232,1157,69,29,8,20,57,2,36,1,30,0,993,6,18,Midfielder,
Pablo Galdames Millán,CHI,Genoa,it Serie A,26 years,0.1,23,23,0,0,0,0,0,0,0,0,0,0,21,0,0,Midfielder,Defender
Conor Gallagher,ENG,Chelsea,eng Premier League,23 years,34.8,2018,1889,122,50,5,7,64,17,45,15,12,2,1801,7,29,Midfielder,
Antonino Gallo,ITA,Lecce,it Serie A,23 years,27.7,1408,1087,313,49,0,9,138,249,15,1,7,0,995,8,37,Defender,
Cristian Gamboa,CRC,Bochum,de Bundesliga,33 years,13.2,475,383,91,3,0,3,23,88,0,0,0,0,350,1,6,Defender,
Kévin Gameiro,FRA,Strasbourg,fr Ligue 1,36 years,15.0,461,448,12,1,4,1,10,0,0,0,0,0,373,1,14,Forward,Midfielder
Idrissa Gana Gueye,SEN,Everton,eng Premier League,33 years,20.9,898,882,13,3,2,6,11,4,0,0,0,0,758,3,14,Midfielder,
Ignatius Ganago,CMR,Nantes,fr Ligue 1,24 years,2.0,53,52,0,0,1,0,6,0,0,0,0,0,31,1,3,Forward,Midfielder
Aleix García,ESP,Girona,es La Liga,26 years,35.5,2935,2673,254,119,5,87,192,11,122,50,52,1,2567,8,24,Midfielder,
Álvaro García,ESP,Rayo Vallecano,es La Liga,30 years,27.5,825,789,35,7,1,3,121,16,10,5,3,0,518,1,35,Forward,Midfielder
Dani García,ESP,Athletic Club,es La Liga,33 years,8.3,331,321,10,9,0,2,0,1,0,0,0,0,279,0,2,Midfielder,
David García,ESP,Osasuna,es La Liga,29 years,25.9,1339,1258,77,50,3,11,2,8,0,0,0,0,1109,4,6,Defender,
Eric García,ESP,Barcelona,es La Liga,22 years,0.6,48,42,6,2,0,2,0,4,0,0,0,0,46,0,0,Defender,
Eric García,ESP,Girona,es La Liga,22 years,29.3,2306,2123,175,71,7,18,10,95,0,0,0,0,2064,8,20,Defender,
Fran Garcia,ESP,Real Madrid,es La Liga,23 years,15.5,997,866,129,7,2,3,60,122,0,0,0,0,841,2,20,Defender,
Gonzalo García,ESP,Real Madrid,es La Liga,19 years,0.2,7,7,0,0,0,0,0,0,0,0,0,0,4,0,0,Forward,Midfielder
Jastin García,ESP,Girona,es La Liga,19 years,0.4,11,11,0,0,0,0,1,0,0,0,0,0,7,0,1,Forward,
Raúl García,ESP,Athletic Club,es La Liga,37 years,4.7,138,136,0,0,1,2,7,0,0,0,0,0,79,2,3,Forward,Midfielder
Rubén García,ESP,Osasuna,es La Liga,30 years,17.2,774,692,82,24,2,4,101,7,47,25,16,1,519,0,32,Forward,Midfielder
Santiago García,ESP,Getafe,es La Liga,21 years,0.3,7,6,1,1,0,0,0,0,0,0,0,0,6,0,0,Forward,
Ulisses Garcia,SUI,Marseille,fr Ligue 1,27 years,10.1,570,461,109,11,0,1,49,91,7,0,7,0,449,0,13,Defender,
Unai García,ESP,Osasuna,es La Liga,31 years,6.2,202,184,17,15,0,6,5,2,0,0,0,0,158,1,0,Defender,
Alejandro Garnacho,ARG,Manchester Utd,eng Premier League,19 years,28.5,901,885,13,3,2,4,58,6,4,2,0,0,675,3,50,Forward,
James Garner,ENG,Everton,eng Premier League,22 years,33.4,1244,1082,155,36,4,6,112,14,59,55,3,0,958,7,28,Midfielder,
Luca Garritano,ITA,Frosinone,it Serie A,29 years,5.4,220,203,17,4,0,2,16,5,8,3,3,0,147,0,10,Midfielder,Defender
Yarek Gasiorowski,ESP,Valencia,es La Liga,18 years,8.2,292,235,57,7,0,0,6,48,0,0,0,0,208,0,6,Defender,
Johan Gastien,FRA,Clermont Foot,fr Ligue 1,35 years,25.1,1706,1599,103,59,10,12,39,11,33,12,13,0,1408,4,21,Midfielder,
Federico Gatti,ITA,Juventus,it Serie A,25 years,29.3,1370,1295,71,23,1,13,19,48,0,0,0,0,1166,4,21,Defender,
Federico Gattoni,ARG,Sevilla,es La Liga,24 years,0.1,9,7,2,1,0,0,0,1,0,0,0,0,7,0,0,Defender,Forward
Gavi,ESP,Barcelona,es La Liga,18 years,10.5,541,514,26,18,3,6,8,6,0,0,0,0,489,1,8,Midfielder,Forward
Paulo Gazzaniga,ARG,Girona,es La Liga,31 years,38.0,1391,1065,321,75,1,5,0,0,0,0,0,0,1094,5,1,Goalkeeper,
Yann Gboho,FRA,Toulouse,fr Ligue 1,22 years,13.3,285,277,2,1,5,0,15,0,0,0,0,0,211,6,26,Midfielder,Forward
Dennis Geiger,GER,Hoffenheim,de Bundesliga,25 years,0.7,12,12,0,0,0,0,0,0,0,0,0,0,8,0,0,Midfielder,
Gelabert,ESP,Toulouse,fr Ligue 1,22 years,8.4,356,339,16,5,6,3,9,2,5,0,3,0,275,1,16,Midfielder,Forward
Francesco Gelli,ITA,Frosinone,it Serie A,26 years,17.3,743,612,129,32,2,0,53,52,43,18,5,1,604,2,18,Midfielder,Defender
Luca Gemello,ITA,Torino,it Serie A,23 years,2.0,118,99,17,5,0,0,0,0,0,0,0,0,95,2,0,Goalkeeper,
Valentin Gendrey,FRA,Lecce,it Serie A,23 years,33.8,1380,1030,347,31,4,2,61,316,0,0,0,0,1031,3,32,Defender,
Denis Genreau,AUS,Toulouse,fr Ligue 1,24 years,5.2,205,197,8,1,2,0,7,2,0,0,0,0,148,0,15,Midfielder,Forward
Yannick Gerhardt,GER,Wolfsburg,de Bundesliga,29 years,18.1,756,716,39,9,2,2,27,24,0,0,0,0,585,1,24,Midfielder,Defender
Anwar El Ghazi,NED,Mainz 05,de Bundesliga,28 years,0.6,22,22,0,0,0,0,1,0,0,0,0,0,15,0,1,Midfielder,Defender
Farés Ghedjemis,FRA,Frosinone,it Serie A,20 years,2.0,61,60,1,0,0,0,6,1,0,0,0,0,48,0,3,Forward,Midfielder
Saman Ghoddos,IRN,Brentford,eng Premier League,29 years,8.2,448,370,74,15,0,3,42,34,24,10,10,0,325,4,8,Defender,
Lautaro Gianetti,ARG,Udinese,it Serie A,29 years,7.0,300,291,9,6,0,0,0,3,0,0,0,0,263,0,4,Defender,
Morgan Gibbs-White,ENG,Nottingham Forest,eng Premier League,23 years,35.1,1482,1257,214,91,17,17,182,5,97,42,45,0,1046,11,30,Midfielder,Forward
Samuel Gigot,FRA,Marseille,fr Ligue 1,29 years,19.2,964,882,81,42,2,0,6,5,0,0,0,0,846,1,7,Defender,
Bryan Gil,ESP,Tottenham,eng Premier League,22 years,2.3,157,155,2,0,0,0,11,2,0,0,0,0,127,0,7,Forward,Midfielder
David Gil,ESP,Cádiz,es La Liga,29 years,4.1,152,74,78,30,0,0,0,0,0,0,0,0,78,0,0,Goalkeeper,
Mario Gila,ESP,Lazio,it Serie A,22 years,20.1,1294,1209,81,45,4,16,8,18,0,0,0,0,1161,4,7,Defender,
Alfie Gilchrist,ENG,Chelsea,eng Premier League,19 years,2.3,141,121,19,3,0,0,1,16,0,0,0,0,121,1,0,Defender,
Ryan Giles,ENG,Luton Town,eng Premier League,23 years,5.6,218,157,61,6,0,0,49,41,14,6,8,0,140,0,8,Defender,Midfielder
Billy Gilmour,SCO,Brighton,eng Premier League,22 years,23.6,2107,2036,64,34,9,8,34,1,20,11,9,0,1915,7,15,Midfielder,
Benedikt Gimber,GER,Heidenheim,de Bundesliga,26 years,22.5,846,809,36,33,1,3,3,1,0,0,0,0,681,1,13,Defender,
Gvidas Gineitis,LTU,Torino,it Serie A,19 years,6.0,284,256,27,12,0,2,22,0,15,10,4,0,227,1,7,Midfielder,
Matthias Ginter,GER,Freiburg,de Bundesliga,29 years,21.3,1250,1180,68,38,2,2,16,29,0,0,0,0,1039,2,10,Defender,
Olivier Giroud,FRA,Milan,it Serie A,36 years,26.3,492,435,55,1,2,1,3,3,0,0,0,0,338,2,9,Forward,
Jamie Gittens,ENG,Dortmund,de Bundesliga,18 years,11.8,363,357,5,1,2,2,13,4,0,0,0,0,284,1,13,Forward,Midfielder
Klaus Gjasula,ALB,Darmstadt 98,de Bundesliga,33 years,15.1,746,732,11,11,1,6,7,0,0,0,0,0,615,3,10,Defender,Midfielder
Serge Gnabry,GER,Bayern Munich,de Bundesliga,28 years,4.8,214,205,8,0,3,1,10,6,1,1,0,0,180,1,5,Forward,Midfielder
Ben Godfrey,ENG,Everton,eng Premier League,25 years,12.4,484,363,118,0,0,1,21,118,0,0,0,0,336,3,20,Defender,
Edoardo Goldaniga,ITA,Cagliari,it Serie A,29 years,11.2,553,505,46,19,0,19,10,26,0,0,0,0,438,2,0,Defender,
Pierluigi Gollini,ITA,Napoli,it Serie A,28 years,7.0,266,197,69,16,0,2,0,0,0,0,0,0,218,0,0,Goalkeeper,
Aleksandr Golovin,RUS,Monaco,fr Ligue 1,27 years,23.9,1236,1096,129,34,14,11,110,13,82,26,46,0,935,11,27,Midfielder,Forward
André Gomes,POR,Everton,eng Premier League,30 years,5.6,291,257,32,11,4,3,26,4,10,7,0,0,223,2,7,Midfielder,Forward
Angel Gomes,ENG,Lille,fr Ligue 1,22 years,28.6,1751,1683,63,34,10,22,45,4,24,13,3,0,1566,5,25,Midfielder,
João Gomes,BRA,Wolves,eng Premier League,22 years,29.4,1279,1209,62,35,7,5,25,9,14,4,4,3,1051,8,32,Midfielder,
Toti Gomes,POR,Wolves,eng Premier League,24 years,30.8,1847,1685,158,41,1,5,13,117,0,0,0,0,1516,4,22,Defender,
Joe Gomez,ENG,Liverpool,eng Premier League,26 years,19.8,1345,1172,169,14,3,9,39,153,0,0,0,0,1114,4,29,Defender,
Maxi Gómez,URU,Cádiz,es La Liga,26 years,12.9,255,247,6,1,1,3,20,0,0,0,0,0,132,2,10,Forward,
Moi Gómez,ESP,Osasuna,es La Liga,29 years,22.3,1177,1109,61,29,0,17,52,8,18,3,11,0,953,7,36,Midfielder,Forward
Papu Gómez,ARG,Monza,it Serie A,35 years,0.5,19,13,5,1,1,0,5,0,4,1,2,0,11,1,0,Midfielder,Forward
Sergio Gómez,ESP,Manchester City,eng Premier League,22 years,0.6,54,52,2,0,1,0,4,1,1,1,0,0,46,0,1,Forward,Midfielder
Unai Gómez,ESP,Athletic Club,es La Liga,20 years,9.7,260,234,26,6,1,1,21,0,14,11,1,0,198,0,5,Midfielder,
Iron Gomis,FRA,Salernitana,it Serie A,23 years,1.5,69,67,2,1,0,0,1,0,1,0,0,0,62,0,2,Midfielder,
Maxime Gonalons,FRA,Clermont Foot,fr Ligue 1,34 years,14.4,772,756,15,15,4,13,1,0,0,0,0,0,666,1,13,Midfielder,
Édgar González,ESP,Almería,es La Liga,26 years,28.0,1350,1296,51,35,0,8,2,2,0,0,0,0,1150,3,6,Defender,Midfielder
Enso Gonzalez,PAR,Wolves,eng Premier League,18 years,0.0,6,6,0,0,0,0,0,0,0,0,0,0,6,0,0,Midfielder,Defender
Fabio González,ESP,Las Palmas,es La Liga,26 years,1.4,129,125,4,2,0,1,2,1,0,0,0,0,119,0,1,Midfielder,
Giovanni González,URU,Mallorca,es La Liga,28 years,27.4,1244,1047,187,12,0,4,62,175,0,0,0,0,936,10,31,Defender,
Hugo González,ESP,Valencia,es La Liga,20 years,1.0,39,35,4,1,0,0,9,0,3,0,2,0,24,0,4,Midfielder,Forward
Iñaki González,ESP,Las Palmas,es La Liga,19 years,0.1,4,4,0,0,0,0,0,0,0,0,0,0,4,0,0,Midfielder,
Joan Gonzàlez,ESP,Lecce,it Serie A,21 years,14.3,463,444,16,5,0,7,10,5,0,0,0,0,348,3,10,Midfielder,
Nicolás González,ARG,Fiorentina,it Serie A,25 years,21.3,789,753,33,3,5,15,39,29,1,1,0,0,560,3,27,Forward,
Peter González,DOM,Valencia,es La Liga,21 years,7.2,162,150,12,4,0,0,18,8,0,0,0,0,108,0,12,Midfielder,Forward
Urko González,ESP,Real Sociedad,es La Liga,22 years,1.7,89,89,0,0,0,0,0,0,0,0,0,0,71,0,1,Midfielder,
Anthony Gordon,ENG,Newcastle Utd,eng Premier League,22 years,32.1,1055,963,90,14,8,11,111,20,50,18,16,0,803,2,33,Forward,
Kaide Gordon,ENG,Liverpool,eng Premier League,18 years,0.0,1,1,0,0,0,0,0,0,0,0,0,0,1,0,0,Forward,
Daniel Gore,ENG,Manchester Utd,eng Premier League,18 years,0.0,0,0,0,0,0,0,0,0,0,0,0,0,0,0,0,Midfielder,
Leon Goretzka,GER,Bayern Munich,de Bundesliga,28 years,24.9,1754,1708,43,30,9,10,10,10,0,0,0,0,1559,3,22,Midfielder,
Mathieu Gorgelin,FRA,Le Havre,fr Ligue 1,32 years,1.0,19,16,3,1,0,0,0,0,0,0,0,0,12,0,0,Goalkeeper,
Andoni Gorosabel,ESP,Alavés,es La Liga,26 years,31.7,1329,1014,311,25,0,3,81,285,1,0,0,0,1059,4,32,Defender,
Robin Gosens,GER,Union Berlin,de Bundesliga,29 years,25.4,1184,961,220,11,3,2,64,207,2,0,2,0,858,3,36,Defender,Midfielder
Mario Götze,GER,Eintracht Frankfurt,de Bundesliga,31 years,23.0,1325,1259,61,23,6,4,54,10,27,9,13,0,1050,5,33,Midfielder,
Amine Gouiri,ALG,Rennes,fr Ligue 1,23 years,23.0,764,741,22,3,2,0,7,3,7,0,0,0,625,1,25,Forward,Midfielder
Jeffrey Gouweleeuw,NED,Augsburg,de Bundesliga,32 years,28.8,1490,1414,64,58,3,17,18,3,0,0,0,0,1147,12,14,Defender,
Pablo Gozalbez,ESP,Valencia,es La Liga,22 years,1.1,32,31,0,0,0,0,1,0,0,0,0,0,16,1,2,Midfielder,Forward
Jonathan Gradit,FRA,Lens,fr Ligue 1,30 years,23.5,1383,1335,43,42,1,14,17,1,0,0,0,0,1181,5,8,Defender,
Jens Grahl,GER,Eintracht Frankfurt,de Bundesliga,34 years,2.0,92,71,21,6,0,0,0,0,0,0,0,0,61,0,0,Goalkeeper,
Samuel Grandsir,FRA,Le Havre,fr Ligue 1,26 years,6.7,292,269,23,6,2,2,44,5,12,3,8,0,209,0,20,Midfielder,Forward
Alberto Grassi,ITA,Empoli,it Serie A,28 years,20.1,861,818,39,31,3,1,5,4,0,0,0,0,696,4,13,Midfielder,
Ryan Gravenberch,NED,Liverpool,eng Premier League,21 years,12.5,504,492,9,3,4,2,4,4,0,0,0,0,415,3,14,Midfielder,
Ryan Gravenberch,NED,Bayern Munich,de Bundesliga,21 years,0.1,7,7,0,0,0,0,0,0,0,0,0,0,5,0,1,Forward,
Adrian Grbić,AUT,Lorient,fr Ligue 1,26 years,0.3,13,10,3,1,0,0,1,0,0,0,0,0,7,0,0,Forward,
Ivo Grbić,CRO,Sheffield Utd,eng Premier League,27 years,8.6,298,162,134,45,0,0,0,0,0,0,0,0,148,2,0,Goalkeeper,
Jack Grealish,ENG,Manchester City,eng Premier League,27 years,11.2,580,560,19,3,3,2,16,11,5,2,0,0,499,1,21,Forward,Midfielder
Mason Greenwood,ENG,Getafe,es La Liga,21 years,29.6,1036,962,66,21,4,32,107,3,39,28,1,0,777,8,24,Midfielder,Forward
Michael Gregoritsch,AUT,Freiburg,de Bundesliga,29 years,18.7,440,422,16,1,0,0,11,0,0,0,0,0,268,2,16,Forward,
Dominik Greif,SVK,Mallorca,es La Liga,26 years,1.0,32,20,12,3,0,0,0,0,0,0,0,0,24,0,0,Goalkeeper,
Antoine Griezmann,FRA,Atlético Madrid,es La Liga,32 years,29.4,1383,1212,161,33,13,14,123,4,94,28,42,0,1062,10,32,Forward,Midfielder
Vincenzo Grifo,ITA,Freiburg,de Bundesliga,30 years,25.8,1335,1131,193,63,7,17,173,13,79,43,28,0,971,11,24,Midfielder,Forward
Florian Grillitsch,AUT,Hoffenheim,de Bundesliga,27 years,25.5,1753,1643,107,71,7,4,17,7,5,1,4,0,1496,3,20,Defender,Midfielder
Álex Grimaldo,ESP,Leverkusen,de Bundesliga,27 years,30.9,2148,1801,338,35,5,11,202,192,111,60,17,1,1762,9,49,Defender,
Christian Groß,GER,Werder Bremen,de Bundesliga,34 years,8.9,499,484,14,9,0,0,8,2,0,0,0,0,427,1,4,Defender,Midfielder
Pascal Groß,GER,Brighton,eng Premier League,32 years,34.6,3223,2903,309,120,5,16,238,47,133,56,57,3,2774,11,41,Midfielder,Defender
Brajan Gruda,GER,Mainz 05,de Bundesliga,19 years,18.2,658,562,95,7,5,2,53,73,12,6,2,0,425,1,24,Midfielder,Forward
Ilia Gruev,BUL,Werder Bremen,de Bundesliga,23 years,0.0,1,1,0,0,0,0,0,0,0,0,0,0,1,0,0,Midfielder,
Vicente Guaita,ESP,Celta Vigo,es La Liga,36 years,26.7,804,524,278,65,0,2,0,0,0,0,0,0,555,2,0,Goalkeeper,
Andrés Guardado,MEX,Betis,es La Liga,36 years,5.0,298,275,22,11,0,7,11,2,9,2,6,0,253,1,5,Midfielder,
Sergi Guardiola,ESP,Cádiz,es La Liga,32 years,5.5,209,202,7,3,0,3,17,1,0,0,0,0,148,0,12,Forward,Midfielder
Nemanja Gudelj,SRB,Sevilla,es La Liga,31 years,19.4,1061,1011,46,43,1,14,3,3,0,0,0,0,914,4,11,Defender,Midfielder
Gabriel Gudmundsson,SWE,Lille,fr Ligue 1,24 years,14.1,560,479,80,11,0,0,36,68,1,0,0,0,437,1,24,Defender,Forward
Gonçalo Guedes,POR,Villarreal,es La Liga,26 years,10.6,333,306,23,2,0,3,27,1,8,1,1,0,255,4,11,Forward,Midfielder
Axel Gueguin,FRA,Montpellier,fr Ligue 1,18 years,1.5,43,38,5,0,0,0,2,5,0,0,0,0,28,0,3,Defender,Forward
Marc Guéhi,ENG,Crystal Palace,eng Premier League,23 years,22.5,1309,1251,56,51,1,18,3,5,0,0,0,0,1138,2,5,Defender,
Mattéo Guendouzi,FRA,Lazio,it Serie A,24 years,26.3,1119,1081,33,16,5,3,42,17,0,0,0,0,926,5,27,Midfielder,
Mattéo Guendouzi,FRA,Marseille,fr Ligue 1,24 years,0.2,12,10,2,1,0,0,1,0,1,0,0,0,9,0,1,Midfielder,
Javier Guerra,ESP,Valencia,es La Liga,20 years,27.8,969,944,21,13,6,12,24,2,0,0,0,0,700,4,31,Midfielder,
Raphaël Guerreiro,POR,Bayern Munich,de Bundesliga,29 years,13.2,1017,940,76,9,0,0,42,52,15,3,9,0,880,1,16,Defender,Midfielder
Axel Guessand,FRA,Udinese,it Serie A,18 years,0.5,27,27,0,0,0,1,0,0,0,0,0,0,21,0,0,Defender,
Evann Guessand,CIV,Nice,fr Ligue 1,22 years,17.3,294,263,31,0,3,1,11,1,0,0,0,0,218,0,12,Forward,
Ander Guevara,ESP,Alavés,es La Liga,26 years,32.6,1471,1431,35,26,8,3,8,2,7,1,0,0,1111,5,35,Midfielder,
Pape Gueye,SEN,Marseille,fr Ligue 1,24 years,8.5,487,475,11,10,0,1,9,1,0,0,0,0,396,1,10,Midfielder,Defender
Josuha Guilavogui,FRA,Mainz 05,de Bundesliga,32 years,4.5,180,171,9,9,0,0,0,0,0,0,0,0,155,0,0,Defender,
Morgan Guilavogui,GUI,Lens,fr Ligue 1,25 years,6.3,222,213,7,0,0,0,5,1,0,0,0,0,166,2,9,Forward,Midfielder
Frederic Guilbert,FRA,Strasbourg,fr Ligue 1,28 years,27.7,1467,1242,224,48,1,7,85,161,15,8,4,1,1108,1,25,Defender,Midfielder
Hugo Guillamón,ESP,Valencia,es La Liga,23 years,14.6,695,649,43,42,2,11,6,0,0,0,0,0,564,3,9,Midfielder,
Bruno Guimarães,BRA,Newcastle Utd,eng Premier League,25 years,36.3,2313,2186,115,100,26,27,32,5,3,1,1,0,1941,12,31,Midfielder,
Serhou Guirassy,GUI,Stuttgart,de Bundesliga,27 years,24.5,777,752,21,1,9,1,1,3,0,0,0,0,629,4,17,Forward,
Marc Guiu,ESP,Barcelona,es La Liga,17 years,0.8,8,8,0,0,0,0,0,0,0,0,0,0,8,0,0,Forward,Midfielder
Péter Gulácsi,HUN,RB Leipzig,de Bundesliga,33 years,13.0,470,351,119,22,0,0,0,0,0,0,0,0,406,0,0,Goalkeeper,
Manuel Gulde,GER,Freiburg,de Bundesliga,32 years,22.7,1095,1031,62,39,0,6,3,4,0,0,0,0,942,2,6,Defender,
Arda Güler,TUR,Real Madrid,es La Liga,18 years,4.2,218,205,13,4,0,3,13,2,6,5,0,0,183,0,4,Forward,Midfielder
Gerard Gumbau,ESP,Granada,es La Liga,28 years,29.7,1504,1289,201,112,7,24,150,3,86,30,36,1,1079,14,29,Midfielder,
Robert Gumny,POL,Augsburg,de Bundesliga,25 years,5.3,195,144,51,0,0,0,8,51,0,0,0,0,138,0,5,Defender,
İlkay Gündoğan,GER,Barcelona,es La Liga,32 years,33.3,2510,2228,271,96,16,17,157,5,140,60,50,1,2163,11,29,Midfielder,
Christian Günter,GER,Freiburg,de Bundesliga,30 years,11.8,505,409,96,12,0,1,62,68,16,10,4,0,387,0,16,Defender,
Jon Guridi,ESP,Alavés,es La Liga,28 years,29.8,830,805,19,1,2,3,21,1,0,0,0,0,643,6,20,Midfielder,
Gorka Guruzeta,ESP,Athletic Club,es La Liga,26 years,24.6,618,585,30,1,1,3,11,1,0,0,0,0,422,3,27,Forward,
Malo Gusto,FRA,Chelsea,eng Premier League,20 years,19.5,1423,1244,176,38,2,0,64,138,0,0,0,0,1230,3,29,Defender,
Miguel Gutiérrez,ESP,Girona,es La Liga,22 years,33.7,1855,1586,263,28,9,3,97,235,0,0,0,0,1595,6,33,Defender,
Albert Guðmundsson,ISL,Genoa,it Serie A,26 years,33.5,1213,1006,204,80,5,8,179,16,93,34,48,2,907,3,34,Forward,Midfielder
Joško Gvardiol,CRO,Manchester City,eng Premier League,21 years,25.9,1919,1737,178,28,3,10,33,150,0,0,0,0,1671,4,38,Defender,
Emmanuel Gyasi,GHA,Empoli,it Serie A,29 years,20.9,550,500,45,3,1,0,23,41,0,0,0,0,412,5,23,Defender,Forward
Norbert Gyömbér,SVK,Salernitana,it Serie A,31 years,19.6,750,709,39,30,0,1,0,9,0,0,0,0,630,2,2,Defender,
Erling Haaland,NOR,Manchester City,eng Premier League,23 years,28.4,388,375,12,1,2,0,5,1,0,0,0,0,295,1,17,Forward,
Nicolas Haas,SUI,Empoli,it Serie A,27 years,1.0,51,50,1,1,1,0,0,0,0,0,0,0,46,0,1,Midfielder,
Janik Haberer,GER,Union Berlin,de Bundesliga,29 years,13.6,553,517,34,2,0,3,15,29,0,0,0,0,412,2,13,Midfielder,Defender
Robin Hack,GER,Gladbach,de Bundesliga,24 years,15.0,525,485,39,10,3,4,44,3,20,9,9,0,389,1,22,Forward,Midfielder
Antwoine Hackford,ENG,Sheffield Utd,eng Premier League,19 years,0.1,2,1,1,0,0,0,0,0,0,0,0,0,2,0,0,Forward,
Munir El Haddadi,MAR,Las Palmas,es La Liga,27 years,27.2,760,716,41,16,4,15,41,2,9,4,2,0,584,3,22,Forward,
Jaouen Hadjam,ALG,Nantes,fr Ligue 1,20 years,1.2,103,96,7,1,0,0,12,6,0,0,0,0,80,0,1,Defender,
Ianis Hagi,ROU,Alavés,es La Liga,24 years,8.9,301,227,71,15,4,5,54,15,32,10,12,0,194,3,14,Midfielder,Forward
Amadou Haidara,MLI,RB Leipzig,de Bundesliga,25 years,17.0,825,810,14,13,2,4,4,1,0,0,0,0,694,1,16,Midfielder,
Massadio Haïdara,MLI,Lens,fr Ligue 1,30 years,8.2,431,373,56,12,0,3,22,42,0,0,0,0,358,2,11,Defender,
Oualid El Hajjam,MAR,Le Havre,fr Ligue 1,32 years,4.4,234,203,29,2,0,0,10,27,0,0,0,0,176,2,4,Defender,Midfielder
Achraf Hakimi,MAR,Paris S-G,fr Ligue 1,24 years,21.5,1979,1773,203,29,4,6,79,160,14,1,7,0,1712,3,42,Defender,
Lewis Hall,ENG,Newcastle Utd,eng Premier League,18 years,8.7,552,474,76,11,0,2,23,59,6,6,0,0,452,2,12,Defender,
Sébastien Haller,CIV,Dortmund,de Bundesliga,29 years,4.4,115,109,6,0,1,0,0,0,0,0,0,0,78,0,2,Forward,
Gustavo Hamer,NED,Sheffield Utd,eng Premier League,26 years,32.3,1103,946,152,43,5,9,115,1,78,45,22,4,756,5,27,Midfielder,
Andreas Hanche-Olsen,NOR,Mainz 05,de Bundesliga,26 years,11.0,439,427,10,8,0,4,0,0,0,0,0,0,342,2,2,Defender,
Isak Hansen-Aarøen,NOR,Werder Bremen,de Bundesliga,18 years,0.3,14,13,1,0,0,0,0,1,0,0,0,0,11,0,0,Midfielder,
Ridgeciano Haps,SUR,Genoa,it Serie A,30 years,8.6,221,199,22,0,0,0,16,22,0,0,0,0,161,0,7,Defender,
Genki Haraguchi,JPN,Stuttgart,de Bundesliga,32 years,0.3,18,18,0,0,0,0,0,0,0,0,0,0,14,0,0,Midfielder,
Amine Harit,MAR,Marseille,fr Ligue 1,26 years,20.2,966,904,55,12,9,0,39,14,25,10,7,0,815,7,15,Midfielder,Forward
Luke Harris,WAL,Fulham,eng Premier League,18 years,0.8,14,11,3,0,0,0,0,0,0,0,0,0,11,0,0,Midfielder,
Jack Harrison,ENG,Everton,eng Premier League,26 years,24.6,631,608,17,2,4,0,81,10,4,4,0,0,409,6,32,Midfielder,Forward
Abdou Harroui,NED,Frosinone,it Serie A,25 years,11.3,383,361,18,4,4,2,12,6,2,1,0,0,303,4,11,Midfielder,Forward
Makoto Hasebe,JPN,Eintracht Frankfurt,de Bundesliga,39 years,2.4,189,183,6,6,1,0,1,0,0,0,0,0,166,0,1,Defender,Midfielder
Daiki Hashioka,JPN,Luton Town,eng Premier League,24 years,6.6,282,264,18,1,0,2,9,17,0,0,0,0,227,0,7,Defender,
Hans Hateboer,NED,Atalanta,it Serie A,29 years,12.4,616,515,97,4,0,2,34,93,0,0,0,0,514,4,16,Defender,
Pantelis Hatzidiakos,GRE,Cagliari,it Serie A,26 years,9.5,405,369,31,11,0,4,6,19,0,0,0,0,328,5,6,Defender,
Kai Havertz,GER,Arsenal,eng Premier League,24 years,29.3,955,938,12,3,2,0,12,6,0,0,0,0,764,5,16,Midfielder,Forward
Thorgan Hazard,BEL,Dortmund,de Bundesliga,30 years,0.1,9,9,0,0,0,0,0,0,0,0,0,0,7,0,0,Defender,
Jan Paul van Hecke,NED,Brighton,eng Premier League,23 years,26.3,2415,2344,65,42,3,6,4,6,0,0,0,0,2225,6,4,Defender,
Hwang Hee-chan,KOR,Wolves,eng Premier League,27 years,23.5,551,508,43,1,3,3,11,10,4,0,0,0,424,0,23,Forward,Midfielder
Silvan Hefti,SUI,Genoa,it Serie A,25 years,1.3,39,30,9,0,0,0,2,9,0,0,0,0,24,0,1,Midfielder,Defender
Silvan Hefti,SUI,Montpellier,fr Ligue 1,25 years,7.9,328,268,59,2,0,1,19,57,0,0,0,0,238,1,15,Defender,Forward
Dominique Heintz,GER,Köln,de Bundesliga,29 years,6.3,423,359,64,5,0,2,23,54,0,0,0,0,349,0,6,Defender,
Dean Henderson,ENG,Crystal Palace,eng Premier League,26 years,18.0,485,342,140,35,0,0,0,0,0,0,0,0,280,3,0,Goalkeeper,
Liam Henderson,SCO,Empoli,it Serie A,27 years,0.1,5,3,2,1,0,0,1,0,1,1,0,0,2,0,0,Midfielder,
Benjamin Henrichs,GER,RB Leipzig,de Bundesliga,26 years,28.1,1670,1415,245,23,15,5,67,222,0,0,0,0,1314,10,40,Defender,
Henrique,BRA,Lyon,fr Ligue 1,29 years,6.7,400,342,57,4,0,0,17,53,0,0,0,0,351,1,9,Defender,
Luis Henrique,BRA,Marseille,fr Ligue 1,21 years,8.7,387,369,13,1,0,4,27,11,0,0,0,0,300,5,6,Forward,Defender
Luiz Henrique,BRA,Betis,es La Liga,22 years,6.8,211,207,3,1,1,2,24,1,1,0,0,0,146,1,11,Forward,
Matheus Henrique,BRA,Sassuolo,it Serie A,25 years,27.8,1017,963,51,22,5,16,26,9,15,5,8,0,831,3,17,Midfielder,
Rico Henry,ENG,Brentford,eng Premier League,26 years,4.5,183,165,17,2,0,3,11,15,0,0,0,0,147,1,4,Defender,
Thomas Henry,FRA,Hellas Verona,it Serie A,28 years,3.7,67,66,1,0,0,1,3,1,0,0,0,0,33,0,2,Forward,
Christophe Hérelle,MTQ,Metz,fr Ligue 1,30 years,18.0,609,580,28,27,0,2,1,1,0,0,0,0,543,1,4,Defender,
Mario Hermoso,ESP,Atlético Madrid,es La Liga,28 years,28.4,1947,1747,194,65,2,47,38,123,0,0,0,0,1676,6,25,Defender,
Javi Hernández,ESP,Cádiz,es La Liga,25 years,27.9,1292,992,299,62,1,4,127,193,44,15,22,0,922,1,27,Defender,
Aridane Hernández,ESP,Rayo Vallecano,es La Liga,34 years,18.8,788,748,38,36,0,2,0,2,0,0,0,0,675,2,2,Defender,
Lucas Hernández,FRA,Paris S-G,fr Ligue 1,27 years,21.2,1859,1686,169,41,1,16,19,128,0,0,0,0,1670,4,20,Defender,
Luis Hernández,ESP,Cádiz,es La Liga,34 years,8.0,363,297,66,8,1,2,2,58,0,0,0,0,257,0,1,Defender,
Theo Hernández,FRA,Milan,it Serie A,25 years,31.0,1994,1738,252,80,6,17,68,146,18,4,7,0,1717,4,45,Defender,
Jorge Herrando,ESP,Osasuna,es La Liga,22 years,18.3,738,679,58,34,0,3,0,1,0,0,0,0,589,1,11,Defender,
Ander Herrera,ESP,Athletic Club,es La Liga,33 years,11.4,756,727,24,20,4,4,13,1,0,0,0,0,643,5,6,Midfielder,
Cristian Herrera,ESP,Las Palmas,es La Liga,32 years,1.8,101,98,3,1,0,0,1,1,0,0,0,0,92,0,2,Forward,Midfielder
Sergio Herrera,ESP,Osasuna,es La Liga,30 years,31.9,1185,842,341,118,0,0,0,1,0,0,0,0,766,2,1,Goalkeeper,
Yangel Herrera,VEN,Girona,es La Liga,25 years,23.4,1137,1110,22,7,1,6,29,2,0,0,0,0,972,5,14,Midfielder,
Patrick Herrmann,GER,Gladbach,de Bundesliga,32 years,1.0,44,37,7,1,0,0,5,0,6,4,0,0,29,0,1,Forward,Defender
Juan Herzog,ESP,Las Palmas,es La Liga,20 years,3.2,220,206,14,12,0,0,0,0,0,0,0,0,195,0,6,Defender,
Son Heung-min,KOR,Tottenham,eng Premier League,31 years,32.6,1075,996,75,3,17,2,36,10,3,0,0,0,887,4,36,Forward,
Aaron Hickey,SCO,Brentford,eng Premier League,21 years,7.9,277,254,23,3,1,3,5,20,0,0,0,0,243,0,7,Defender,
Isak Hien,SWE,Hellas Verona,it Serie A,24 years,9.6,394,381,13,12,0,2,0,1,0,0,0,0,324,0,2,Defender,
Isak Hien,SWE,Atalanta,it Serie A,24 years,10.4,472,451,21,14,0,1,0,1,0,0,0,0,417,0,2,Defender,
James Hill,ENG,Bournemouth,eng Premier League,21 years,0.8,42,34,8,0,0,0,0,8,0,0,0,0,28,0,2,Defender,
Piero Hincapié,ECU,Leverkusen,de Bundesliga,21 years,16.5,1435,1375,58,18,2,5,8,30,0,0,0,0,1307,2,8,Defender,
Jack Hinshelwood,ENG,Brighton,eng Premier League,18 years,9.7,498,431,67,14,0,3,10,53,0,0,0,0,418,0,4,Defender,
Adam Hložek,CZE,Leverkusen,de Bundesliga,21 years,5.1,152,151,1,0,0,0,0,1,0,0,0,0,123,0,4,Midfielder,Forward
Nicolas Höfler,GER,Freiburg,de Bundesliga,33 years,25.9,1153,1098,52,26,0,3,2,1,0,0,0,0,985,3,19,Midfielder,
Jonas Hofmann,GER,Leverkusen,de Bundesliga,31 years,24.5,1530,1355,169,28,7,10,126,33,97,47,23,1,1214,6,43,Midfielder,
Philipp Hofmann,GER,Bochum,de Bundesliga,30 years,17.5,416,403,11,0,1,0,3,0,0,0,0,0,266,2,9,Forward,
Lucas Höler,GER,Freiburg,de Bundesliga,29 years,25.6,739,717,16,4,2,3,12,3,0,0,0,0,494,6,28,Forward,Midfielder
Mason Holgate,ENG,Sheffield Utd,eng Premier League,26 years,7.9,211,169,41,3,0,1,7,38,0,0,0,0,138,1,2,Defender,
Fabian Holland,GER,Darmstadt 98,de Bundesliga,33 years,20.4,919,836,78,30,3,4,26,40,8,2,5,0,720,5,24,Midfielder,Defender
Benedict Hollerbach,GER,Union Berlin,de Bundesliga,22 years,14.2,398,382,14,0,0,2,44,5,0,0,0,0,253,2,38,Forward,Midfielder
Emil Holm,SWE,Atalanta,it Serie A,23 years,10.5,457,362,94,2,1,1,35,92,0,0,0,0,304,1,21,Defender,
Gerrit Holtmann,PHI,Darmstadt 98,de Bundesliga,28 years,4.4,155,143,12,0,0,0,12,12,0,0,0,0,113,0,5,Midfielder,Forward
Martin Hongla,CMR,Hellas Verona,it Serie A,25 years,12.0,474,448,24,19,0,2,4,4,0,0,0,0,391,2,5,Midfielder,
Martin Hongla,CMR,Granada,es La Liga,25 years,6.2,283,273,9,7,0,3,2,2,0,0,0,0,237,1,4,Midfielder,Defender
Franck Honorat,FRA,Gladbach,de Bundesliga,26 years,26.1,1207,998,199,39,3,2,236,42,115,40,62,1,802,10,38,Defender,Forward
Mathias Honsak,AUT,Darmstadt 98,de Bundesliga,26 years,11.3,285,269,14,0,1,0,11,13,0,0,0,0,210,2,10,Forward,Midfielder
Sydney van Hooijdonk,NED,Bologna,it Serie A,23 years,2.4,36,30,5,0,0,0,1,0,0,0,0,0,28,1,2,Forward,
Fraser Hornby,SCO,Darmstadt 98,de Bundesliga,23 years,2.4,63,55,6,0,0,0,4,1,0,0,0,0,35,2,6,Forward,Midfielder
Lukáš Hrádecký,FIN,Leverkusen,de Bundesliga,33 years,33.0,886,695,186,41,0,2,0,0,0,0,0,0,706,5,1,Goalkeeper,
Xabier Huarte Armendáriz,ESP,Osasuna,es La Liga,22 years,0.1,2,2,0,0,0,0,0,0,0,0,0,0,2,0,0,Midfielder,
Timo Hübers,GER,Köln,de Bundesliga,27 years,30.9,1743,1665,73,60,1,8,3,7,0,0,0,0,1473,5,10,Defender,
Callum Hudson-Odoi,ENG,Nottingham Forest,eng Premier League,22 years,20.6,738,707,27,6,3,8,74,11,9,5,2,0,576,4,17,Forward,Midfielder
Will Hughes,ENG,Crystal Palace,eng Premier League,28 years,21.0,878,806,71,19,2,1,30,0,17,7,10,0,731,1,13,Midfielder,
Dean Huijsen,ESP,Roma,it Serie A,18 years,5.7,459,441,18,6,0,2,1,7,0,0,0,0,400,0,10,Defender,
Dean Huijsen,ESP,Juventus,it Serie A,18 years,0.1,19,18,0,0,0,1,0,0,0,0,0,0,18,1,0,Defender,
Mats Hummels,GER,Dortmund,de Bundesliga,34 years,17.6,1418,1366,50,44,3,16,3,3,0,0,0,0,1262,2,10,Defender,
Denis Huseinbasic,BIH,Köln,de Bundesliga,22 years,18.1,791,777,12,7,1,2,15,5,0,0,0,0,674,2,17,Midfielder,
Elseid Hysaj,ALB,Lazio,it Serie A,29 years,13.3,850,734,115,15,1,0,18,100,0,0,0,0,713,1,8,Defender,
Pierre Højbjerg,DEN,Tottenham,eng Premier League,27 years,14.6,1415,1364,41,31,2,12,14,8,2,0,0,0,1234,10,14,Midfielder,
Rasmus Højlund,DEN,Manchester Utd,eng Premier League,20 years,24.0,402,369,30,0,1,0,6,2,0,0,0,0,304,3,16,Forward,
Iago,BRA,Augsburg,de Bundesliga,26 years,18.0,735,614,116,10,1,3,44,106,0,0,0,0,536,5,22,Defender,
Pablo Ibáñez,ESP,Osasuna,es La Liga,24 years,12.8,452,437,13,3,0,1,12,5,0,0,0,0,343,2,9,Midfielder,
Arijon Ibrahimović,GER,Frosinone,it Serie A,17 years,5.3,225,212,11,1,0,2,7,7,3,2,0,0,163,2,6,Forward,Defender
Iglesias,ESP,Getafe,es La Liga,25 years,15.7,635,505,123,10,2,10,58,113,0,0,0,0,382,7,15,Defender,Forward
Borja Iglesias,ESP,Betis,es La Liga,30 years,4.5,101,91,10,0,1,1,1,0,0,0,0,0,83,0,1,Forward,
Borja Iglesias,ESP,Leverkusen,de Bundesliga,30 years,2.8,75,74,0,0,0,0,1,0,0,0,0,0,58,1,3,Forward,
Igor,BRA,Brighton,eng Premier League,25 years,18.2,1497,1388,105,25,2,3,1,75,0,0,0,0,1398,4,13,Defender,
Jonathan Ikone,FRA,Fiorentina,it Serie A,25 years,18.7,476,466,10,2,7,3,11,8,0,0,0,0,388,0,11,Forward,
Chukwubuikem Ikwuemesi,NGA,Salernitana,it Serie A,21 years,11.8,167,156,10,0,3,0,2,0,0,0,0,0,110,1,4,Forward,
Andrej Ilic,SRB,Lille,fr Ligue 1,23 years,0.1,1,1,0,0,0,0,0,0,0,0,0,0,1,0,0,Forward,
Ivan Ilić,SRB,Torino,it Serie A,22 years,23.3,1336,1184,145,81,1,7,91,5,59,59,0,0,1101,7,21,Midfielder,
Samuel Iling-Junior,ENG,Juventus,it Serie A,19 years,9.0,433,371,60,10,0,3,46,38,12,2,9,0,330,2,17,Defender,Midfielder
Imanol,ESP,Athletic Club,es La Liga,23 years,5.8,343,277,65,3,0,3,21,61,1,0,1,0,280,1,11,Defender,
Joel Imasuen,USA,Werder Bremen,de Bundesliga,18 years,0.0,1,1,0,0,0,0,0,0,0,0,0,0,1,0,0,Forward,
Ciro Immobile,ITA,Lazio,it Serie A,33 years,18.4,461,428,30,2,2,1,7,2,1,0,0,0,338,3,17,Forward,
Gino Infantino,ARG,Fiorentina,it Serie A,20 years,1.1,46,43,1,0,0,1,0,0,0,0,0,0,39,2,1,Midfielder,
Danny Ings,ENG,West Ham,eng Premier League,31 years,4.5,107,100,6,0,0,0,1,0,0,0,0,0,76,1,6,Forward,
Bonke Innocent,NGA,Lorient,fr Ligue 1,27 years,2.3,96,95,1,1,0,0,0,0,0,0,0,0,91,0,1,Midfielder,
Tim Iroegbunam,ENG,Aston Villa,eng Premier League,20 years,1.8,55,54,1,1,0,0,0,0,0,0,0,0,51,0,1,Midfielder,
Alexander Isak,SWE,Newcastle Utd,eng Premier League,23 years,25.1,493,428,62,0,5,2,10,6,1,0,0,0,385,3,21,Forward,
Gustav Isaksen,DEN,Lazio,it Serie A,22 years,11.9,328,311,15,3,3,1,29,9,3,2,0,0,218,2,17,Forward,
Isco,ESP,Betis,es La Liga,31 years,25.8,1502,1288,206,63,15,23,152,7,127,47,46,2,1201,8,27,Midfielder,
Thomas Isherwood,SWE,Darmstadt 98,de Bundesliga,25 years,7.1,268,263,5,5,0,1,1,0,0,0,0,0,223,0,6,Defender,
Ismaily,BRA,Lille,fr Ligue 1,33 years,27.4,1505,1278,225,27,0,4,29,198,0,0,0,0,1262,2,25,Defender,
Ardian Ismajli,ALB,Empoli,it Serie A,26 years,22.7,1042,943,96,34,1,1,4,48,0,0,0,0,864,3,12,Defender,
Yanis Issoufou,FRA,Montpellier,fr Ligue 1,16 years,0.1,2,2,0,0,0,0,1,0,0,0,0,0,2,0,0,Midfielder,
Ko Itakura,JPN,Gladbach,de Bundesliga,26 years,17.7,910,882,28,15,1,2,5,0,0,0,0,0,798,0,4,Defender,Midfielder
Hiroki Ito,JPN,Stuttgart,de Bundesliga,24 years,24.8,2066,1926,135,28,3,9,23,70,0,0,0,0,1833,5,15,Defender,
Junya Ito,JPN,Reims,fr Ligue 1,30 years,30.2,1131,993,130,23,10,12,201,23,84,23,47,0,741,8,42,Forward,Midfielder
Diego Iturralde,ESP,Sevilla,es La Liga,20 years,0.4,14,9,5,0,0,0,0,5,0,0,0,0,9,0,0,Defender,
Alex Iwobi,NGA,Everton,eng Premier League,27 years,1.6,42,34,7,0,0,0,10,1,6,4,2,0,27,1,2,Midfielder,
Alex Iwobi,NGA,Fulham,eng Premier League,27 years,24.4,1051,1029,21,1,6,7,60,8,1,0,0,0,821,1,32,Forward,Midfielder
Armando Izzo,ITA,Monza,it Serie A,31 years,18.3,1235,1181,54,43,0,5,3,8,0,0,0,0,1122,0,7,Defender,
Nicolas Jackson,SEN,Chelsea,eng Premier League,22 years,31.1,666,613,52,1,11,0,5,2,0,0,0,0,515,1,25,Forward,
Jérémy Jacquet,FRA,Rennes,fr Ligue 1,18 years,0.1,6,6,0,0,0,0,0,0,0,0,0,0,5,0,0,Midfielder,
Jérémy Jacquet,FRA,Clermont Foot,fr Ligue 1,18 years,2.8,123,98,25,1,0,0,1,24,0,0,0,0,94,0,3,Defender,
Lee Jae-sung,KOR,Mainz 05,de Bundesliga,30 years,23.5,777,764,10,2,4,1,17,6,0,0,0,0,605,3,22,Midfielder,Forward
Paul Jaeckel,GER,Union Berlin,de Bundesliga,25 years,2.6,136,132,4,2,0,1,0,2,0,0,0,0,121,0,1,Defender,
Filip Jagiełło,POL,Genoa,it Serie A,25 years,0.4,17,17,0,0,0,0,0,0,0,0,0,0,15,0,1,Midfielder,
Kristijan Jakić,CRO,Augsburg,de Bundesliga,26 years,11.7,503,489,11,10,0,5,6,0,1,1,0,0,398,3,6,Midfielder,
Kristijan Jakić,CRO,Eintracht Frankfurt,de Bundesliga,26 years,2.2,111,107,4,3,0,0,1,1,0,0,0,0,91,0,4,Midfielder,Forward
Ismail Jakobs,SEN,Monaco,fr Ligue 1,23 years,16.3,874,718,152,14,1,0,76,120,18,5,7,0,626,4,23,Defender,
Ablie Jallow,GAM,Metz,fr Ligue 1,24 years,10.2,318,295,21,6,2,8,23,2,12,8,3,0,248,2,7,Midfielder,Forward
Reece James,ENG,Chelsea,eng Premier League,23 years,4.7,341,284,57,10,4,2,28,46,1,0,1,0,275,0,5,Defender,
Vitaly Janelt,GER,Brentford,eng Premier League,25 years,33.9,1398,1345,49,14,4,12,59,29,6,2,1,2,1088,4,26,Midfielder,Defender
Jakub Jankto,CZE,Cagliari,it Serie A,27 years,9.7,253,223,29,8,3,0,26,7,6,1,4,1,161,1,7,Midfielder,Forward
Tony Jantschke,GER,Gladbach,de Bundesliga,33 years,0.3,12,11,1,1,0,0,0,0,0,0,0,0,12,0,0,Defender,Midfielder
Adnan Januzaj,BEL,Sevilla,es La Liga,28 years,2.1,88,80,8,3,0,3,8,3,2,0,1,0,70,0,1,Forward,Midfielder
Nuha Jatta,GAM,RB Leipzig,de Bundesliga,17 years,0.0,0,0,0,0,0,0,0,0,0,0,0,0,0,0,0,Forward,
Mikel Jauregizar,ESP,Athletic Club,es La Liga,19 years,1.7,79,71,8,1,1,0,6,1,6,1,4,0,56,0,4,Midfielder,
Luis Javier Suárez,COL,Almería,es La Liga,25 years,10.2,202,184,17,1,2,1,7,0,0,0,0,0,150,1,7,Forward,
Danley Jean-Jacques,HAI,Metz,fr Ligue 1,23 years,29.8,743,728,14,14,1,8,20,0,0,0,0,0,572,1,20,Midfielder,
Salim El Jebari,MAR,Atlético Madrid,es La Liga,19 years,0.1,4,4,0,0,0,0,1,0,0,0,0,0,3,0,0,Midfielder,
Daniel Jebbison,ENG,Sheffield Utd,eng Premier League,19 years,0.2,3,3,0,0,0,0,0,0,0,0,0,0,1,0,2,Forward,
Jeffinho,BRA,Lyon,fr Ligue 1,23 years,3.4,129,124,5,2,0,1,2,1,2,0,0,0,95,0,7,Forward,Midfielder
Fredrik Jensen,FIN,Augsburg,de Bundesliga,25 years,14.9,476,407,62,19,1,2,91,2,41,20,19,0,290,7,23,Midfielder,Forward
Mathias Jensen,DEN,Brentford,eng Premier League,27 years,24.5,1202,924,272,47,8,25,113,111,65,32,16,5,875,6,24,Midfielder,
Moritz Jenz,GER,Wolfsburg,de Bundesliga,24 years,19.4,1068,1034,32,23,0,1,0,2,0,0,0,0,941,2,6,Defender,
Gabriel Jesus,BRA,Arsenal,eng Premier League,26 years,16.4,513,482,23,2,8,2,9,6,0,0,0,0,403,8,18,Forward,
Juan Jesus,BRA,Napoli,it Serie A,32 years,23.5,1709,1621,86,60,0,7,0,16,0,0,0,0,1547,2,12,Defender,
Alejandro Jiménez,ESP,Milan,it Serie A,18 years,0.8,43,35,8,0,0,0,1,8,0,0,0,0,39,0,1,Defender,
Raúl Jiménez,MEX,Fulham,eng Premier League,32 years,15.5,382,370,11,4,4,3,7,1,0,0,0,0,262,1,13,Forward,
João Pedro,BRA,Brighton,eng Premier League,21 years,22.7,818,775,38,2,6,2,29,10,2,0,0,0,659,5,26,Forward,Midfielder
Joelinton,BRA,Newcastle Utd,eng Premier League,26 years,14.2,627,600,25,18,3,2,2,7,0,0,0,0,524,2,18,Midfielder,Forward
Ben Johnson,ENG,West Ham,eng Premier League,23 years,6.0,334,289,43,3,0,3,31,39,1,0,0,0,246,2,15,Defender,Forward
Brennan Johnson,WAL,Tottenham,eng Premier League,22 years,23.2,728,710,14,0,0,1,68,13,0,0,0,0,519,4,37,Forward,
Brennan Johnson,WAL,Nottingham Forest,eng Premier League,22 years,2.6,61,55,5,0,0,0,2,0,0,0,0,0,47,1,2,Forward,Midfielder
Joseph Johnson,ENG,Luton Town,eng Premier League,17 years,0.9,36,33,2,1,0,0,0,1,0,0,0,0,30,1,0,Defender,
Sam Johnstone,ENG,Crystal Palace,eng Premier League,30 years,20.0,599,408,186,45,0,3,0,0,0,0,0,0,343,5,0,Goalkeeper,
Curtis Jones,ENG,Liverpool,eng Premier League,22 years,13.0,776,749,25,4,4,2,4,20,1,0,0,0,707,2,5,Midfielder,
Frenkie de Jong,NED,Barcelona,es La Liga,26 years,18.2,1674,1619,51,42,12,7,25,6,1,1,0,0,1542,4,14,Midfielder,
Joan Jordán,ESP,Sevilla,es La Liga,29 years,4.2,243,232,10,7,0,4,3,2,0,0,0,0,212,1,3,Midfielder,
Jordi,ESP,Getafe,es La Liga,22 years,6.4,242,233,6,0,1,1,22,6,0,0,0,0,150,3,7,Midfielder,Defender
Jeremy Jorge,ESP,Getafe,es La Liga,20 years,0.0,0,0,0,0,0,0,0,0,0,0,0,0,0,0,0,Forward,
Kaio Jorge,BRA,Frosinone,it Serie A,21 years,9.0,159,133,26,0,0,1,3,1,0,0,0,0,116,0,5,Forward,
Jorginho,ITA,Arsenal,eng Premier League,31 years,10.2,785,759,18,13,5,1,3,1,0,0,0,0,699,8,5,Midfielder,
Willian José,BRA,Betis,es La Liga,31 years,21.9,541,495,44,0,0,9,7,0,0,0,0,0,429,2,13,Forward,
Joselu,ESP,Real Madrid,es La Liga,33 years,18.7,360,342,15,0,2,1,6,3,0,0,0,0,260,3,9,Forward,
Diogo Jota,POR,Liverpool,eng Premier League,26 years,12.7,394,393,1,0,5,1,9,1,0,0,0,0,287,0,22,Forward,
Antoine Joujou,FRA,Le Havre,fr Ligue 1,20 years,8.7,260,256,3,1,0,0,18,1,0,0,0,0,184,1,8,Forward,Midfielder
Luka Jović,SRB,Milan,it Serie A,25 years,9.7,182,153,26,2,0,0,1,1,1,0,0,0,133,3,6,Forward,
Kamil Jóźwiak,POL,Granada,es La Liga,25 years,6.3,180,177,2,0,1,0,6,2,0,0,0,0,128,1,4,Midfielder,
Juanmi,ESP,Cádiz,es La Liga,30 years,9.7,226,204,22,1,2,1,2,2,1,0,0,0,181,0,5,Forward,
Juanpe,ESP,Girona,es La Liga,32 years,8.3,550,528,22,15,0,4,1,1,0,0,0,0,500,0,1,Defender,
Mads Juel Andersen,DEN,Luton Town,eng Premier League,25 years,4.4,117,115,2,0,0,1,0,2,0,0,0,0,87,0,1,Defender,
Christopher Jullien,FRA,Montpellier,fr Ligue 1,30 years,13.7,512,477,34,18,0,0,1,1,0,0,0,0,441,1,2,Defender,
Anthony Jung,GER,Werder Bremen,de Bundesliga,31 years,28.7,1795,1626,166,52,1,3,23,33,2,2,0,0,1553,3,20,Defender,
Eli Junior Kroupi,FRA,Lorient,fr Ligue 1,17 years,12.0,279,239,38,3,3,0,14,4,9,3,3,0,216,2,8,Forward,Midfielder
Hamed Junior Traorè,CIV,Bournemouth,eng Premier League,23 years,0.5,27,26,1,0,1,0,3,0,1,1,0,0,18,0,1,Midfielder,
Hamed Junior Traorè,CIV,Napoli,it Serie A,23 years,4.2,196,195,1,1,0,3,7,0,0,0,0,0,167,0,1,Midfielder,
Vinicius Júnior,BRA,Real Madrid,es La Liga,23 years,20.7,690,663,22,4,10,22,56,7,5,0,0,0,499,5,34,Forward,
Josip Juranović,CRO,Union Berlin,de Bundesliga,27 years,14.4,725,489,233,38,1,7,104,133,61,24,31,0,513,3,17,Defender,
David Jurásek,CZE,Hoffenheim,de Bundesliga,22 years,5.5,256,206,47,2,0,0,24,45,0,0,0,0,166,3,9,Defender,
Julian Justvan,GER,Hoffenheim,de Bundesliga,25 years,0.5,55,49,6,0,0,0,9,6,0,0,0,0,35,0,3,Forward,Midfielder
Julian Justvan,GER,Darmstadt 98,de Bundesliga,25 years,11.4,408,358,49,13,5,7,41,14,18,11,7,0,294,1,16,Midfielder,Forward
Filip Jørgensen,DEN,Villarreal,es La Liga,21 years,36.0,1303,975,325,80,0,2,0,0,0,0,0,0,1052,3,1,Goalkeeper,
Mathias Jørgensen,DEN,Brentford,eng Premier League,33 years,12.1,593,526,64,3,1,0,8,61,0,0,0,0,446,3,11,Defender,
Mohamed Kaba,FRA,Lecce,it Serie A,21 years,15.3,438,414,21,7,1,1,7,2,0,0,0,0,349,3,7,Midfielder,
Sory Kaba,GUI,Las Palmas,es La Liga,28 years,8.0,158,148,10,0,2,2,0,1,0,0,0,0,111,0,5,Forward,
Ozan Kabak,TUR,Hoffenheim,de Bundesliga,23 years,25.4,1358,1337,19,19,4,11,3,0,0,0,0,0,1159,2,8,Defender,
Christian Kabasele,BEL,Udinese,it Serie A,32 years,9.6,314,269,44,11,0,1,2,17,0,0,0,0,257,1,6,Defender,
Issa Kaboré,BFA,Luton Town,eng Premier League,22 years,19.2,759,601,157,6,1,0,66,151,0,0,0,0,533,1,44,Defender,
Abdoul Kader Bamba,FRA,Nantes,fr Ligue 1,29 years,6.8,336,307,26,11,3,1,26,6,9,4,3,0,267,3,1,Forward,Midfielder
Yaya Kader Fofana,MLI,Reims,fr Ligue 1,19 years,0.4,21,20,1,0,0,1,1,0,0,0,0,0,12,0,0,Midfielder,Defender
Pavel Kadeřábek,CZE,Hoffenheim,de Bundesliga,31 years,26.8,1273,1027,239,11,1,2,101,228,0,0,0,0,888,7,29,Defender,Forward
Tino Kadewere,ZIM,Lyon,fr Ligue 1,27 years,3.3,111,104,6,0,0,0,2,2,0,0,0,0,89,1,1,Forward,Midfielder
Tino Kadewere,ZIM,Nantes,fr Ligue 1,27 years,8.7,213,203,8,0,1,1,6,4,1,0,0,0,154,2,7,Forward,Midfielder
Kaiky,BRA,Almería,es La Liga,19 years,5.8,263,252,11,10,0,3,1,1,0,0,0,0,217,0,4,Defender,
Florian Kainz,AUT,Köln,de Bundesliga,30 years,24.4,1119,940,175,51,3,5,167,25,80,30,35,0,770,4,31,Midfielder,Forward
Sasa Kalajdzic,AUT,Wolves,eng Premier League,26 years,1.8,60,59,1,0,0,0,1,0,0,0,0,0,38,0,0,Forward,
Sasa Kalajdzic,AUT,Eintracht Frankfurt,de Bundesliga,26 years,3.6,79,72,6,0,2,1,1,0,0,0,0,0,61,1,1,Forward,
Arnaud Kalimuendo,FRA,Rennes,fr Ligue 1,21 years,23.8,502,451,47,2,2,2,11,1,0,0,0,0,405,4,18,Forward,
Yayah Kallon,SLE,Hellas Verona,it Serie A,22 years,0.0,3,3,0,0,0,0,0,0,0,0,0,0,1,0,0,Forward,
Gedeon Kalulu,COD,Lorient,fr Ligue 1,25 years,10.8,528,456,70,7,0,5,21,63,0,0,0,0,433,2,17,Defender,
Pierre Kalulu,FRA,Milan,it Serie A,23 years,4.2,259,242,17,6,1,0,5,11,0,0,0,0,230,0,8,Defender,
Daichi Kamada,JPN,Lazio,it Serie A,26 years,17.2,921,907,12,6,4,5,11,4,0,0,0,0,810,2,21,Midfielder,
Waren Kamanzi,NOR,Toulouse,fr Ligue 1,22 years,13.2,604,537,63,6,0,1,20,57,0,0,0,0,502,4,10,Defender,Forward
Boubacar Kamara,FRA,Aston Villa,eng Premier League,23 years,18.4,1035,994,40,32,6,8,2,8,0,0,0,0,922,1,13,Midfielder,
Hassane Kamara,CIV,Udinese,it Serie A,29 years,24.7,818,694,120,6,0,4,71,113,1,0,0,0,600,4,29,Defender,
Willy Kambwala,FRA,Manchester Utd,eng Premier League,18 years,3.7,192,187,5,3,0,0,0,1,0,0,0,0,163,0,2,Defender,
Jakub Kamiński,POL,Wolfsburg,de Bundesliga,21 years,5.3,195,176,19,0,0,2,16,17,2,2,0,0,152,0,6,Forward,Midfielder
Thomas Kaminski,BEL,Luton Town,eng Premier League,30 years,37.8,1468,969,493,152,0,2,0,0,0,0,0,0,869,6,0,Goalkeeper,
Kevin Kampl,SVN,RB Leipzig,de Bundesliga,32 years,15.1,1019,983,36,28,3,0,11,8,0,0,0,0,931,0,8,Midfielder,
Harry Kane,ENG,Bayern Munich,de Bundesliga,30 years,31.5,664,620,41,10,13,14,31,8,2,1,0,0,474,3,31,Forward,
Lee Kang-in,KOR,Paris S-G,fr Ligue 1,22 years,16.3,1011,903,104,24,3,5,97,7,68,27,21,0,835,4,18,Forward,Midfielder
Yann Karamoh,FRA,Torino,it Serie A,25 years,1.8,66,61,5,0,0,0,5,5,0,0,0,0,45,0,1,Midfielder,Forward
Yann Karamoh,FRA,Montpellier,fr Ligue 1,25 years,3.2,88,85,3,0,0,0,5,0,0,0,0,0,63,0,3,Forward,Midfielder
Atakan Karazor,,Stuttgart,de Bundesliga,26 years,29.1,1900,1820,75,73,5,2,4,2,0,0,0,0,1698,5,34,Midfielder,
Ayman Kari,FRA,Lorient,fr Ligue 1,18 years,9.9,386,384,1,1,4,2,1,0,0,0,0,0,338,1,11,Midfielder,
Emir Karic,AUT,Darmstadt 98,de Bundesliga,26 years,19.8,1210,1028,178,13,0,12,52,165,0,0,0,0,953,4,28,Defender,
Loris Karius,GER,Newcastle Utd,eng Premier League,30 years,1.0,37,24,12,3,0,0,0,0,0,0,0,0,21,1,0,Goalkeeper,
Jesper Karlsson,SWE,Bologna,it Serie A,25 years,3.8,152,131,20,4,0,0,24,2,14,7,5,0,103,1,5,Forward,
Jon Karrikaburu,ESP,Alavés,es La Liga,20 years,0.2,5,3,1,0,0,0,0,0,0,0,0,0,2,1,0,Midfielder,Forward
Rick Karsdorp,NED,Roma,it Serie A,28 years,13.2,684,559,119,4,0,2,28,115,0,0,0,0,544,6,15,Defender,
Grigoris Kastanos,CYP,Salernitana,it Serie A,25 years,16.4,650,549,98,21,4,10,38,49,27,5,6,0,458,3,23,Midfielder,Defender
Silas Katompa,COD,Stuttgart,de Bundesliga,24 years,10.0,279,276,3,1,5,1,28,2,0,0,0,0,210,0,18,Forward,Midfielder
Panos Katseris,GRE,Lorient,fr Ligue 1,22 years,11.6,393,307,86,2,0,0,45,83,1,0,0,0,275,0,20,Defender,
Mikkel Kaufmann,DEN,Union Berlin,de Bundesliga,22 years,5.4,126,123,3,0,0,1,5,1,0,0,0,0,67,0,5,Forward,
Michael Kayode,ITA,Fiorentina,it Serie A,19 years,22.9,1297,1083,211,17,0,4,66,194,0,0,0,0,1056,3,40,Defender,
Moise Kean,ITA,Juventus,it Serie A,23 years,7.3,96,88,7,0,0,1,1,1,0,0,0,0,66,1,5,Forward,
Michael Keane,ENG,Everton,eng Premier League,30 years,4.9,221,217,3,3,0,1,0,0,0,0,0,0,171,1,0,Defender,
Ibrahima Kebe,MLI,Girona,es La Liga,22 years,0.1,8,7,1,1,0,0,0,0,0,0,0,0,5,0,0,Midfielder,
Kévin Keben Biakolo,CMR,Toulouse,fr Ligue 1,19 years,5.8,260,222,38,3,0,0,3,35,0,0,0,0,209,0,7,Defender,
Yassine Kechta,MAR,Le Havre,fr Ligue 1,21 years,20.5,960,931,27,15,4,5,19,7,4,2,0,0,778,2,20,Midfielder,
Thilo Kehrer,GER,West Ham,eng Premier League,26 years,0.2,9,7,2,0,0,0,0,2,0,0,0,0,9,0,0,Defender,Midfielder
Thilo Kehrer,GER,Monaco,fr Ligue 1,26 years,14.7,966,900,66,32,1,2,4,19,0,0,0,0,859,0,11,Defender,
Habib Keita,MLI,Clermont Foot,fr Ligue 1,21 years,14.2,675,663,11,10,1,8,4,1,0,0,0,0,591,1,6,Midfielder,
Naby Keïta,GUI,Werder Bremen,de Bundesliga,28 years,1.2,67,67,0,0,1,0,0,0,0,0,0,0,52,0,1,Midfielder,Defender
Yannik Keitel,GER,Freiburg,de Bundesliga,23 years,10.2,560,549,11,11,0,3,2,0,0,0,0,0,443,0,4,Defender,Midfielder
Caoimhín Kelleher,IRL,Liverpool,eng Premier League,24 years,10.0,442,401,38,10,0,0,0,0,0,0,0,0,359,3,0,Goalkeeper,
Thomas Keller,GER,Heidenheim,de Bundesliga,23 years,0.0,7,7,0,0,0,0,0,0,0,0,0,0,5,0,0,Midfielder,Forward
Lloyd Kelly,ENG,Bournemouth,eng Premier League,24 years,17.3,906,771,129,22,1,10,21,107,0,0,0,0,673,6,19,Defender,
Omari Kellyman,ENG,Aston Villa,eng Premier League,17 years,0.4,7,6,1,0,0,0,0,0,0,0,0,0,6,0,0,Forward,
Aljoscha Kemlein,GER,Union Berlin,de Bundesliga,18 years,0.3,9,8,0,0,0,0,0,0,0,0,0,0,7,1,0,Midfielder,
Tobias Kempe,GER,Darmstadt 98,de Bundesliga,34 years,15.0,557,454,100,40,1,2,81,2,55,20,31,0,413,3,13,Midfielder,
Milos Kerkez,HUN,Bournemouth,eng Premier League,19 years,21.9,844,677,165,5,1,3,55,160,0,0,0,0,613,2,20,Defender,
Kaine Kesler-Hayden,ENG,Aston Villa,eng Premier League,20 years,0.1,0,0,0,0,0,0,0,0,0,0,0,0,0,0,0,Midfielder,Defender
Reda Khadra,GER,Reims,fr Ligue 1,22 years,15.2,389,347,40,7,4,2,46,19,9,4,2,0,289,2,15,Forward,Midfielder
Wahbi Khazri,TUN,Montpellier,fr Ligue 1,32 years,12.6,318,298,18,3,3,14,11,7,4,2,1,0,227,2,11,Forward,
Rani Khedira,GER,Union Berlin,de Bundesliga,29 years,14.9,450,436,12,6,0,3,6,0,0,0,0,0,329,2,12,Midfielder,
Abdukodir Khusanov,UZB,Lens,fr Ligue 1,19 years,9.0,439,426,13,8,0,2,2,0,0,0,0,0,383,0,1,Defender,
Kiké,ESP,Alavés,es La Liga,33 years,15.8,301,288,10,0,2,1,10,0,0,0,0,0,200,3,9,Forward,Midfielder
Luca Kilian,GER,Köln,de Bundesliga,23 years,7.1,317,302,15,8,0,1,1,5,0,0,0,0,241,0,4,Defender,
Max Kilman,ENG,Wolves,eng Premier League,26 years,38.0,2309,2245,55,38,2,20,6,8,0,0,0,0,1979,9,13,Defender,
Joshua Kimmich,GER,Bayern Munich,de Bundesliga,28 years,24.2,2267,1983,273,75,11,15,195,77,121,41,57,2,1951,11,20,Midfielder,Defender
Jakub Kiwior,POL,Arsenal,eng Premier League,23 years,10.5,625,550,73,6,1,1,12,67,0,0,0,0,523,2,2,Defender,
Simon Kjær,DEN,Milan,it Serie A,34 years,13.0,833,807,26,20,0,4,1,2,0,0,0,0,735,0,2,Defender,
Davy Klaassen,NED,Inter,it Serie A,30 years,2.3,95,94,1,1,0,1,0,0,0,0,0,0,82,0,2,Midfielder,
Christoph Klarer,AUT,Darmstadt 98,de Bundesliga,23 years,26.2,1200,1153,46,38,0,13,8,8,0,0,0,0,1044,1,11,Defender,
Tim Kleindienst,GER,Heidenheim,de Bundesliga,27 years,31.9,874,828,43,0,2,7,19,11,0,0,0,0,516,3,50,Forward,
Lukas Klostermann,GER,RB Leipzig,de Bundesliga,27 years,16.0,1155,1126,28,14,3,4,8,14,0,0,0,0,1035,1,8,Defender,
Justin Kluivert,NED,Bournemouth,eng Premier League,24 years,21.3,421,399,18,1,0,3,29,7,2,0,0,1,288,4,19,Midfielder,Forward
Ansgar Knauff,GER,Eintracht Frankfurt,de Bundesliga,21 years,23.4,747,684,57,2,3,1,46,55,0,0,0,0,475,6,44,Midfielder,Defender
Robin Knoche,GER,Union Berlin,de Bundesliga,31 years,21.3,1153,1109,42,29,0,4,3,8,0,0,0,0,931,2,8,Defender,
Gregor Kobel,SUI,Dortmund,de Bundesliga,25 years,26.3,1175,951,220,55,0,0,0,0,0,0,0,0,974,4,0,Goalkeeper,
Robin Koch,GER,Eintracht Frankfurt,de Bundesliga,27 years,30.4,2161,2097,63,48,2,2,4,2,0,0,0,0,1902,1,12,Defender,
Philipp Köhn,SUI,Monaco,fr Ligue 1,25 years,22.0,667,484,182,52,0,0,0,0,0,0,0,0,479,1,0,Goalkeeper,
Dominik Kohr,GER,Mainz 05,de Bundesliga,29 years,24.3,1159,1108,47,40,0,7,22,6,0,0,0,0,876,4,27,Defender,Midfielder
Koke,ESP,Atlético Madrid,es La Liga,31 years,27.7,2263,2183,67,64,14,31,11,2,1,0,1,0,2037,13,19,Midfielder,
Sead Kolašinac,BIH,Atalanta,it Serie A,30 years,24.2,1278,1192,81,28,1,4,9,53,0,0,0,0,1077,5,26,Defender,
Luca Koleosho,ITA,Burnley,eng Premier League,18 years,10.8,274,267,6,2,0,0,23,4,0,0,0,0,192,1,16,Midfielder,Forward
Randal Kolo Muani,FRA,Paris S-G,fr Ligue 1,24 years,14.1,359,354,4,0,1,0,9,0,0,0,0,0,259,1,17,Forward,Midfielder
Randal Kolo Muani,FRA,Eintracht Frankfurt,de Bundesliga,24 years,1.7,26,25,1,0,0,0,0,0,0,0,0,0,17,0,1,Forward,
Mert Kömür,GER,Augsburg,de Bundesliga,18 years,1.3,34,33,1,0,1,0,1,1,0,0,0,0,30,0,1,Midfielder,Defender
Cheick Konaté,MLI,Clermont Foot,fr Ligue 1,19 years,11.9,484,419,65,5,0,6,43,60,0,0,0,0,319,0,21,Defender,
Ibrahima Konaté,FRA,Liverpool,eng Premier League,24 years,17.5,1463,1426,35,24,5,6,1,11,0,0,0,0,1286,2,8,Defender,
Geoffrey Kondogbia,CTA,Marseille,fr Ligue 1,30 years,16.3,952,935,11,9,2,10,2,1,1,0,0,0,832,6,7,Midfielder,
Abdoul Koné,FRA,Reims,fr Ligue 1,18 years,2.1,85,65,20,3,0,1,1,17,0,0,0,0,53,0,3,Defender,
Amadou Koné,MLI,Reims,fr Ligue 1,18 years,5.3,256,251,3,3,0,2,1,0,0,0,0,0,204,2,5,Midfielder,
Ibrahima Koné,MLI,Almería,es La Liga,24 years,3.1,56,49,7,0,0,0,2,2,0,0,0,0,38,0,0,Forward,
Ibrahima Koné,MLI,Lorient,fr Ligue 1,24 years,0.4,3,3,0,0,0,0,0,0,0,0,0,0,2,0,0,Forward,
Manu Koné,FRA,Gladbach,de Bundesliga,22 years,17.3,688,676,10,9,0,2,3,0,0,0,0,0,583,2,15,Midfielder,
Ezri Konsa,ENG,Aston Villa,eng Premier League,25 years,34.1,2094,1896,197,71,1,0,17,123,0,0,0,0,1907,1,24,Defender,
Teun Koopmeiners,NED,Atalanta,it Serie A,25 years,29.2,1419,1280,129,34,3,9,121,13,59,31,20,0,1092,10,32,Midfielder,
Odilon Kossounou,CIV,Leverkusen,de Bundesliga,22 years,20.1,1428,1339,88,31,4,7,2,57,0,0,0,0,1274,1,17,Defender,
Filip Kostić,SRB,Juventus,it Serie A,30 years,20.2,997,808,187,18,0,5,168,109,60,19,37,0,726,2,38,Defender,
N'Guessan Kouadio,CIV,Metz,fr Ligue 1,20 years,1.2,46,44,2,2,0,0,1,0,0,0,0,0,37,0,1,Midfielder,Forward
Christian Kouamé,CIV,Fiorentina,it Serie A,25 years,12.1,448,431,11,2,3,1,20,7,2,0,0,0,325,6,13,Forward,
Rominigue Kouamé,MLI,Cádiz,es La Liga,26 years,9.1,411,408,3,3,0,3,1,0,0,0,0,0,355,0,4,Midfielder,
Koffi Kouao,CIV,Metz,fr Ligue 1,25 years,9.6,401,317,81,6,0,1,16,75,0,0,0,0,317,3,7,Defender,
Tomáš Koubek,CZE,Augsburg,de Bundesliga,30 years,3.0,98,70,28,4,0,0,0,0,0,0,0,0,69,0,1,Goalkeeper,
Therence Koudou,FRA,Reims,fr Ligue 1,18 years,3.5,173,137,36,2,0,0,14,34,0,0,0,0,142,0,3,Defender,
Jules Koundé,FRA,Barcelona,es La Liga,24 years,32.2,2757,2482,267,61,2,29,34,198,0,0,0,0,2478,8,29,Defender,
Boubakar Kouyaté,MLI,Montpellier,fr Ligue 1,26 years,21.4,873,836,34,25,1,5,1,2,0,0,0,0,719,3,8,Defender,
Cheikhou Kouyaté,SEN,Nottingham Forest,eng Premier League,33 years,2.4,74,73,0,0,0,0,0,0,0,0,0,0,47,1,1,Midfielder,
Mateo Kovačić,CRO,Manchester City,eng Premier League,29 years,17.2,1527,1491,34,24,4,1,0,2,1,0,0,0,1435,2,10,Midfielder,
Viktor Kovalenko,UKR,Empoli,it Serie A,27 years,6.8,250,233,17,4,2,1,13,3,6,3,2,0,179,0,5,Midfielder,
Matej Kovar,CZE,Leverkusen,de Bundesliga,23 years,1.0,17,16,1,1,0,0,0,0,0,0,0,0,17,0,0,Goalkeeper,
Dawid Kownacki,POL,Werder Bremen,de Bundesliga,26 years,4.2,109,104,4,0,0,1,3,2,0,0,0,0,69,1,3,Forward,
Emil Krafth,SWE,Newcastle Utd,eng Premier League,28 years,10.1,580,514,65,11,0,0,17,53,1,0,0,0,488,1,14,Defender,
Alex Král,CZE,Union Berlin,de Bundesliga,25 years,15.2,487,449,35,5,3,3,17,16,0,0,0,0,340,3,15,Midfielder,
Andrej Kramarić,CRO,Hoffenheim,de Bundesliga,32 years,24.4,1139,971,164,44,9,4,113,21,73,27,27,1,904,4,30,Midfielder,Forward
Christoph Kramer,GER,Gladbach,de Bundesliga,32 years,2.8,183,176,6,4,0,0,3,0,1,0,0,0,145,1,4,Midfielder,
Frans Krätzig,GER,Bayern Munich,de Bundesliga,20 years,0.6,50,45,5,0,1,1,0,5,0,0,0,0,45,0,0,Defender,
Tom Krauß,GER,Mainz 05,de Bundesliga,22 years,15.0,651,629,19,14,2,2,7,2,0,0,0,0,486,3,20,Midfielder,
Rasmus Kristensen,DEN,Roma,it Serie A,26 years,19.4,1037,879,152,8,1,1,44,144,0,0,0,0,799,6,25,Defender,
Thomas Kristensen,DEN,Udinese,it Serie A,21 years,23.3,863,725,134,32,0,11,1,97,0,0,0,0,662,4,8,Defender,
Toni Kroos,GER,Real Madrid,es La Liga,33 years,23.6,2505,2260,239,137,6,53,118,13,89,32,34,0,2291,6,13,Midfielder,
Nikola Krstović,MNE,Lecce,it Serie A,23 years,26.4,526,476,48,1,5,2,4,7,0,0,0,0,354,2,20,Forward,
Rade Krunić,BIH,Milan,it Serie A,29 years,7.6,431,401,30,27,1,1,4,3,0,0,0,0,388,0,2,Midfielder,
Lukas Kübler,GER,Freiburg,de Bundesliga,30 years,20.5,1030,841,187,14,2,3,21,172,0,0,0,0,805,2,10,Defender,
Takefusa Kubo,JPN,Real Sociedad,es La Liga,22 years,23.9,862,759,98,13,6,3,145,2,82,46,18,0,611,5,32,Forward,Midfielder
Mahmut Kücüksahin,,Augsburg,de Bundesliga,19 years,0.0,4,4,0,0,0,0,0,0,0,0,0,0,4,0,0,Midfielder,
Mohammed Kudus,GHA,West Ham,eng Premier League,22 years,27.6,875,855,16,8,3,6,94,4,2,1,0,0,677,4,43,Forward,Midfielder
Christian Kühlwetter,GER,Heidenheim,de Bundesliga,27 years,0.1,2,2,0,0,0,0,0,0,0,0,0,0,1,0,0,Midfielder,
Dejan Kulusevski,SWE,Tottenham,eng Premier League,23 years,30.7,1234,1185,42,8,12,6,89,6,24,6,0,0,953,7,55,Forward,Midfielder
Sael Kumbedi,FRA,Lyon,fr Ligue 1,18 years,10.3,592,506,85,9,1,0,28,76,0,0,0,0,470,1,11,Defender,
Marash Kumbulla,ALB,Sassuolo,it Serie A,23 years,4.0,106,98,8,3,0,0,0,0,0,0,0,0,83,0,0,Defender,
Justin Kumi,ITA,Sassuolo,it Serie A,19 years,0.0,2,2,0,0,0,0,0,0,0,0,0,0,2,0,0,Forward,
Layvin Kurzawa,FRA,Paris S-G,fr Ligue 1,30 years,0.1,13,11,2,1,0,0,0,1,0,0,0,0,13,0,0,Defender,
Berkan Kutlu,TUR,Genoa,it Serie A,25 years,2.2,64,59,5,2,0,2,12,0,2,1,1,0,46,0,3,Midfielder,
Daler Kuzyaev,RUS,Le Havre,fr Ligue 1,30 years,23.2,1050,1010,36,19,4,0,27,1,15,2,7,0,824,4,27,Midfielder,
Khvicha Kvaratskhelia,GEO,Napoli,it Serie A,22 years,30.4,1200,1110,86,17,6,30,99,22,45,27,12,0,965,4,22,Forward,
Giorgi Kvernadze,GEO,Frosinone,it Serie A,20 years,0.7,36,32,4,0,0,0,1,4,0,0,0,0,31,0,2,Forward,Defender
Moritz-Broni Kwarteng,GHA,Bochum,de Bundesliga,25 years,3.1,94,91,3,0,0,0,5,1,2,0,1,0,67,0,1,Forward,
Grejohn Kyei,FRA,Clermont Foot,fr Ligue 1,27 years,11.4,265,235,27,0,0,2,2,0,0,0,0,0,198,3,8,Forward,
Giorgos Kyriakopoulos,GRE,Monza,it Serie A,27 years,19.0,1080,908,170,17,0,0,84,136,17,1,16,0,891,2,30,Defender,
Luca de la Torre,USA,Celta Vigo,es La Liga,25 years,21.7,764,756,4,2,1,0,17,0,0,0,0,0,620,4,36,Midfielder,
Gaëtan Laborde,FRA,Nice,fr Ligue 1,29 years,21.2,558,540,16,3,0,2,62,4,6,5,1,0,366,2,21,Forward,Midfielder
Alexandre Lacazette,FRA,Lyon,fr Ligue 1,32 years,25.5,561,514,42,1,8,6,10,2,0,0,0,0,397,5,18,Forward,
Maxence Lacroix,FRA,Wolfsburg,de Bundesliga,23 years,26.2,1449,1353,91,65,0,12,5,2,0,0,0,0,1228,5,9,Defender,
Alban Lafont,FRA,Nantes,fr Ligue 1,24 years,27.7,1006,770,235,69,0,3,0,0,0,0,0,0,720,1,0,Goalkeeper,
Yoel Lago,ESP,Celta Vigo,es La Liga,19 years,1.0,86,83,3,2,0,0,0,0,0,0,0,0,82,0,0,Defender,
Aïssa Laïdouni,TUN,Union Berlin,de Bundesliga,26 years,11.9,512,491,19,5,2,1,22,3,1,0,0,0,404,2,11,Midfielder,
Konrad Laimer,AUT,Bayern Munich,de Bundesliga,26 years,19.7,1457,1339,113,24,4,5,31,83,4,0,0,0,1294,5,29,Defender,Midfielder
Stefan Lainer,AUT,Gladbach,de Bundesliga,30 years,8.3,483,415,67,4,1,0,19,62,1,0,0,0,375,1,11,Defender,Midfielder
Kenny Lala,MAD,Brest,fr Ligue 1,31 years,33.0,2195,1784,404,85,0,20,143,310,9,3,6,0,1713,7,62,Defender,
Adam Lallana,ENG,Brighton,eng Premier League,35 years,9.4,509,491,15,5,3,0,7,0,4,0,0,0,451,3,9,Midfielder,Forward
Mathis Lambourde,FRA,Rennes,fr Ligue 1,17 years,0.1,5,5,0,0,0,0,0,0,0,0,0,0,4,0,0,Forward,
Érik Lamela,ARG,Sevilla,es La Liga,31 years,5.1,174,165,9,2,1,0,12,5,1,1,0,0,142,0,3,Forward,Midfielder
Mohamed Lamine Bayo,GUI,Le Havre,fr Ligue 1,25 years,15.4,310,283,26,0,3,2,8,0,0,0,0,0,201,1,14,Forward,
Didier Lamkel Zé,CMR,Metz,fr Ligue 1,26 years,6.1,190,179,10,5,0,6,13,1,2,1,0,0,137,1,5,Forward,Midfielder
Tariq Lamptey,GHA,Brighton,eng Premier League,22 years,10.2,454,400,51,2,0,0,31,49,0,0,0,0,379,3,9,Defender,Forward
Bruno Langa,MOZ,Almería,es La Liga,25 years,9.1,400,320,80,13,0,3,16,67,0,0,0,0,307,0,13,Defender,
Gianluca Lapadula,PER,Cagliari,it Serie A,33 years,13.4,171,148,22,1,0,0,7,0,0,0,0,0,120,1,5,Forward,
Aymeric Laporte,ESP,Manchester City,eng Premier League,29 years,0.1,11,11,0,0,0,0,0,0,0,0,0,0,11,0,0,Defender,
Julien Laporte,FRA,Lorient,fr Ligue 1,29 years,20.2,1023,975,45,20,0,5,1,1,0,0,0,0,883,3,5,Defender,
Cyle Larin,CAN,Mallorca,es La Liga,28 years,20.3,294,278,13,0,1,1,7,1,0,0,0,0,184,3,14,Forward,
Yasser Larouci,ALG,Sheffield Utd,eng Premier League,22 years,5.9,185,171,13,0,0,0,6,13,0,0,0,0,131,1,14,Defender,
Hugo Larsson,SWE,Eintracht Frankfurt,de Bundesliga,19 years,21.0,965,944,19,14,1,2,8,5,0,0,0,0,835,2,13,Midfielder,
Jamaal Lascelles,ENG,Newcastle Utd,eng Premier League,29 years,12.0,774,764,8,6,0,3,1,2,0,0,0,0,669,2,5,Defender,
Juanmi Latasa,ESP,Getafe,es La Liga,22 years,17.3,368,354,11,0,2,0,2,0,0,0,0,0,192,3,5,Forward,
Toni Lato,ESP,Mallorca,es La Liga,25 years,17.2,788,619,167,2,1,3,49,164,1,0,0,0,595,2,23,Defender,
Armand Lauriente,FRA,Sassuolo,it Serie A,24 years,32.3,908,805,103,15,4,11,135,14,72,47,6,1,628,0,32,Forward,
Roméo Lavia,BEL,Chelsea,eng Premier League,19 years,0.4,27,27,0,0,0,0,0,0,0,0,0,0,22,0,2,Midfielder,
Lázaro,BRA,Almería,es La Liga,21 years,3.2,100,87,12,4,1,2,12,3,5,3,2,0,69,1,4,Forward,Midfielder
Valentino Lazaro,AUT,Torino,it Serie A,27 years,22.2,1106,884,216,17,1,3,127,147,52,37,11,0,839,6,23,Defender,Midfielder
Darko Lazović,SRB,Hellas Verona,it Serie A,32 years,21.4,671,581,88,18,1,3,97,41,28,13,14,0,431,2,33,Forward,Midfielder
Manuel Lazzari,ITA,Lazio,it Serie A,29 years,18.6,975,819,156,11,0,2,56,145,0,0,0,0,826,0,28,Defender,
Théo Le Bris,FRA,Lorient,fr Ligue 1,20 years,16.8,680,602,75,2,0,1,33,68,3,2,0,0,531,3,16,Defender,Midfielder
Julien Le Cardinal,FRA,Brest,fr Ligue 1,25 years,5.3,258,246,11,5,0,3,5,6,0,0,0,0,212,1,3,Defender,
Julien Le Cardinal,FRA,Lens,fr Ligue 1,25 years,0.6,32,27,5,1,0,0,4,4,0,0,0,0,23,0,1,Defender,
Jérémy Le Douaron,FRA,Brest,fr Ligue 1,25 years,18.0,387,385,2,1,1,3,44,1,0,0,0,0,252,0,21,Forward,
Enzo Le Fée,FRA,Rennes,fr Ligue 1,23 years,17.0,1043,998,44,27,5,14,24,6,10,3,5,0,897,1,11,Midfielder,
Vincent Le Goff,FRA,Lorient,fr Ligue 1,33 years,6.0,322,280,40,3,1,0,18,34,3,1,2,0,252,2,7,Defender,Midfielder
Robin Le Normand,ESP,Real Sociedad,es La Liga,26 years,27.4,1765,1712,51,34,0,11,1,0,0,0,0,0,1562,2,9,Defender,
Nicola Leali,ITA,Genoa,it Serie A,30 years,2.0,72,53,19,9,0,0,0,0,0,0,0,0,40,0,0,Goalkeeper,
Rafael Leão,POR,Milan,it Serie A,24 years,27.9,1032,984,42,5,7,8,108,25,10,0,0,0,760,6,27,Forward,
Adrien Lebeau,FRA,Brest,fr Ligue 1,24 years,0.6,29,26,3,0,0,0,3,0,3,2,1,0,19,0,3,Midfielder,Forward
Jean-Louis Leca,FRA,Lens,fr Ligue 1,37 years,1.0,26,20,6,2,0,0,0,0,0,0,0,0,16,0,1,Goalkeeper,
Benjamin Lecomte,FRA,Montpellier,fr Ligue 1,32 years,30.0,1006,669,333,112,0,2,0,0,0,0,0,0,670,4,1,Goalkeeper,
Jeremías Ledesma,ARG,Cádiz,es La Liga,30 years,33.9,1186,734,447,163,0,1,0,0,0,0,0,0,689,5,5,Goalkeeper,
Pierre Lees-Melou,FRA,Brest,fr Ligue 1,30 years,28.0,1673,1618,54,48,6,32,31,5,1,0,0,0,1425,1,26,Midfielder,
Diogo Leite,POR,Union Berlin,de Bundesliga,24 years,30.0,1581,1471,98,54,1,6,4,14,0,0,0,0,1263,12,15,Defender,
Maxim Leitsch,GER,Mainz 05,de Bundesliga,25 years,4.2,171,169,2,2,0,0,0,0,0,0,0,0,133,0,0,Defender,
Florian Lejeune,FRA,Rayo Vallecano,es La Liga,32 years,37.0,2031,1850,167,117,1,35,7,4,1,1,0,0,1636,14,13,Defender,
Stefan Lekovic,SRB,Villarreal,es La Liga,19 years,0.3,14,14,0,0,0,0,0,0,0,0,0,0,12,0,0,Defender,
Iñigo Lekue,ESP,Athletic Club,es La Liga,30 years,22.2,1273,1036,233,23,2,4,37,207,0,0,0,0,1012,4,29,Defender,
Thomas Lemar,FRA,Atlético Madrid,es La Liga,27 years,1.8,84,81,3,0,1,0,6,1,2,2,0,0,71,0,0,Midfielder,
Mario Lemina,GAB,Wolves,eng Premier League,29 years,33.0,1470,1432,31,21,8,12,15,9,0,0,0,0,1261,7,9,Midfielder,
Álvaro Lemos,ESP,Las Palmas,es La Liga,30 years,2.8,185,146,39,4,0,1,5,35,0,0,0,0,145,0,6,Defender,
Ruben Lendinez,ESP,Valencia,es La Liga,20 years,0.1,6,6,0,0,0,0,0,0,0,0,0,0,6,0,0,Defender,
Clément Lenglet,FRA,Aston Villa,eng Premier League,28 years,12.8,918,859,58,40,0,8,3,4,0,0,0,0,822,1,3,Defender,
Bernd Leno,GER,Fulham,eng Premier League,31 years,38.0,1577,1281,292,91,0,2,0,0,0,0,0,0,1250,4,0,Goalkeeper,
Christopher Lenz,GER,RB Leipzig,de Bundesliga,28 years,0.5,49,37,12,2,0,0,5,8,2,0,1,0,38,0,1,Defender,Midfielder
Christopher Lenz,GER,Eintracht Frankfurt,de Bundesliga,28 years,0.1,9,6,3,2,0,0,0,1,0,0,0,0,5,0,0,Defender,
Johann Lepenant,FRA,Lyon,fr Ligue 1,20 years,2.8,186,179,6,5,1,0,2,1,0,0,0,0,165,1,4,Midfielder,
Jefferson Lerma,COL,Crystal Palace,eng Premier League,28 years,26.7,1250,1209,36,30,8,13,14,6,0,0,0,0,1018,5,20,Midfielder,Defender
Léo Leroy,FRA,Montpellier,fr Ligue 1,23 years,5.5,184,183,0,0,1,3,1,0,0,0,0,0,132,1,6,Midfielder,
Robert Lewandowski,POL,Barcelona,es La Liga,34 years,30.6,592,569,16,2,9,5,18,1,0,0,0,0,416,7,23,Forward,
Jamie Leweling,GER,Stuttgart,de Bundesliga,22 years,16.9,599,580,19,1,2,2,46,16,1,0,0,0,470,0,22,Forward,Midfielder
Rico Lewis,ENG,Manchester City,eng Premier League,18 years,9.0,568,525,43,9,1,0,1,34,0,0,0,0,518,0,11,Defender,Midfielder
Keane Lewis-Potter,ENG,Brentford,eng Premier League,22 years,16.0,415,404,10,3,2,4,50,6,0,0,0,0,289,1,13,Forward,Defender
Philipp Lienhart,AUT,Freiburg,de Bundesliga,27 years,14.1,982,914,65,31,2,8,4,17,0,0,0,0,814,3,6,Defender,
Matthijs de Ligt,NED,Bayern Munich,de Bundesliga,23 years,15.4,1193,1169,23,19,0,3,2,1,0,0,0,0,1120,1,4,Defender,
Victor Lindelöf,SWE,Manchester Utd,eng Premier League,29 years,14.8,927,854,73,8,2,5,1,50,0,0,0,0,826,0,7,Defender,
Jesper Lindstrøm,DEN,Napoli,it Serie A,23 years,4.8,229,215,14,4,1,2,12,6,4,1,2,1,188,0,11,Forward,Midfielder
Jesper Lindstrøm,DEN,Eintracht Frankfurt,de Bundesliga,23 years,0.9,32,31,1,0,0,0,1,0,0,0,0,0,24,0,0,Forward,
Karol Linetty,POL,Torino,it Serie A,28 years,20.6,884,849,31,24,0,7,19,2,5,2,3,0,755,4,8,Midfielder,
Samuel Lino,BRA,Atlético Madrid,es La Liga,23 years,23.1,1015,961,48,4,5,8,41,42,2,0,0,0,816,6,35,Defender,Midfielder
Luca Lipani,ITA,Sassuolo,it Serie A,18 years,4.3,160,157,3,3,0,2,5,0,0,0,0,0,123,0,3,Midfielder,
Pol Lirola,ESP,Frosinone,it Serie A,25 years,17.1,722,627,93,15,2,2,25,78,0,0,0,0,556,2,20,Defender,
Marcin Listkowski,POL,Lecce,it Serie A,25 years,0.1,3,3,0,0,0,0,0,0,0,0,0,0,3,0,0,Forward,
Valentino Livramento,ENG,Newcastle Utd,eng Premier League,20 years,14.6,802,697,105,4,0,1,26,101,0,0,0,0,689,0,12,Defender,
Dejan Ljubicic,AUT,Köln,de Bundesliga,25 years,22.8,843,833,8,2,5,6,31,5,0,0,0,0,670,2,22,Midfielder,Forward
Javier Llabrés,ESP,Mallorca,es La Liga,20 years,2.7,97,91,6,0,0,0,20,1,5,2,3,0,64,0,3,Midfielder,Forward
Diego Llorente,ESP,Roma,it Serie A,29 years,24.1,1648,1592,55,28,1,3,6,8,0,0,0,0,1501,1,11,Defender,
Marcos Llorente,ESP,Atlético Madrid,es La Liga,28 years,28.5,1219,1135,80,1,1,3,70,79,0,0,0,0,974,4,46,Midfielder,Defender
Gautier Lloris,FRA,Le Havre,fr Ligue 1,28 years,30.9,1398,1369,27,18,2,3,3,8,0,0,0,0,1194,2,14,Defender,
Abou Lô,SEN,Metz,fr Ligue 1,23 years,2.2,74,73,1,1,0,0,0,0,0,0,0,0,65,0,1,Midfielder,Defender
Giovani Lo Celso,ARG,Tottenham,eng Premier League,27 years,5.6,503,466,32,23,2,0,13,2,7,5,0,0,449,5,8,Midfielder,
Stanislav Lobotka,SVK,Napoli,it Serie A,28 years,36.5,2278,2209,63,37,4,14,3,2,0,0,0,0,2081,6,14,Midfielder,
Manuel Locatelli,ITA,Juventus,it Serie A,25 years,33.4,1988,1871,108,98,5,34,10,10,0,0,0,0,1703,9,15,Midfielder,
Bradley Locko,FRA,Brest,fr Ligue 1,21 years,32.9,1852,1528,320,44,1,18,94,276,0,0,0,0,1544,4,32,Defender,
Tom Lockyer,WAL,Luton Town,eng Premier League,28 years,13.0,422,401,20,17,1,5,1,2,0,0,0,0,301,1,7,Defender,
Renan Lodi,BRA,Marseille,fr Ligue 1,25 years,13.7,748,603,141,32,0,2,70,94,15,1,14,0,579,4,18,Defender,
Ruben Loftus-Cheek,ENG,Milan,it Serie A,27 years,23.0,733,724,7,1,1,1,13,1,0,0,0,0,619,2,8,Midfielder,
Elysée Logbo,FRA,Le Havre,fr Ligue 1,19 years,2.8,40,38,2,0,0,0,1,0,0,0,0,0,31,0,0,Forward,
Enzo Loiodice,FRA,Las Palmas,es La Liga,22 years,19.9,1129,1096,29,9,8,6,23,2,13,7,4,0,935,4,29,Midfielder,
Sean Longstaff,ENG,Newcastle Utd,eng Premier League,25 years,30.5,1241,1193,46,19,8,8,25,5,2,0,1,1,991,2,30,Midfielder,
Ademola Lookman,NGA,Atalanta,it Serie A,25 years,21.0,838,759,79,6,6,4,69,8,52,20,17,0,635,0,28,Forward,Midfielder
Noah Loosli,SUI,Bochum,de Bundesliga,26 years,3.8,127,120,6,1,0,0,2,5,0,0,0,0,81,1,4,Defender,
Anthony Lopes,POR,Lyon,fr Ligue 1,32 years,31.0,1035,770,265,69,1,0,0,0,0,0,0,0,773,0,0,Goalkeeper,
David López,ESP,Girona,es La Liga,33 years,21.8,1582,1499,81,33,0,3,0,2,0,0,0,0,1468,2,4,Defender,
Diego López,ESP,Valencia,es La Liga,21 years,29.5,791,761,27,2,4,3,65,17,0,0,0,0,512,3,42,Midfielder,Forward
Fermin López,ESP,Barcelona,es La Liga,20 years,16.1,631,614,12,1,3,10,17,3,0,0,0,0,522,5,20,Midfielder,Forward
Javi López,ESP,Alavés,es La Liga,21 years,26.5,1129,865,258,14,2,12,105,244,0,0,0,0,775,6,47,Defender,
Maxime Lopez,FRA,Fiorentina,it Serie A,25 years,8.9,673,646,27,14,0,3,16,1,11,0,10,0,595,0,5,Midfielder,
Maxime Lopez,FRA,Sassuolo,it Serie A,25 years,1.6,136,134,2,2,1,1,0,0,0,0,0,0,124,0,1,Midfielder,
Pau López,ESP,Marseille,fr Ligue 1,28 years,32.7,1195,964,229,80,0,0,0,0,0,0,0,0,924,2,1,Goalkeeper,
Unai López,ESP,Rayo Vallecano,es La Liga,27 years,23.4,1462,1340,109,53,3,18,73,10,43,22,8,1,1184,13,19,Midfielder,
Dion Lopy,SEN,Almería,es La Liga,21 years,21.3,882,855,25,18,2,15,7,7,0,0,0,0,745,2,11,Midfielder,
Anthony Losilla,FRA,Bochum,de Bundesliga,37 years,28.6,896,881,13,4,2,3,6,2,0,0,0,0,649,2,21,Midfielder,
Jordan Lotomba,SUI,Nice,fr Ligue 1,24 years,20.0,994,799,193,36,0,2,20,156,1,0,0,0,834,2,22,Defender,
Tom Louchet,FRA,Nice,fr Ligue 1,20 years,4.5,257,211,46,12,0,0,33,21,13,6,7,0,195,0,5,Midfielder,Defender
Imran Louza,MAR,Lorient,fr Ligue 1,24 years,9.6,583,493,87,37,1,4,53,6,37,19,13,0,465,3,4,Midfielder,
Matteo Lovato,ITA,Torino,it Serie A,23 years,6.0,272,266,6,5,0,0,0,1,0,0,0,0,243,0,1,Defender,
Matteo Lovato,ITA,Salernitana,it Serie A,23 years,10.5,400,366,30,28,0,1,1,1,0,0,0,0,323,4,2,Defender,
Dejan Lovren,CRO,Lyon,fr Ligue 1,34 years,8.0,440,418,22,10,0,2,3,1,0,0,0,0,371,0,5,Defender,
Sandi Lovrić,SVN,Udinese,it Serie A,25 years,22.1,718,621,92,37,2,7,82,10,43,15,22,0,543,5,17,Midfielder,
Max Lowe,ENG,Sheffield Utd,eng Premier League,26 years,5.6,130,113,17,0,0,0,8,15,2,2,0,0,84,0,6,Defender,Midfielder
Anthony Lozano,HON,Getafe,es La Liga,30 years,1.0,16,16,0,0,0,0,1,0,0,0,0,0,10,0,1,Midfielder,Forward
Anthony Lozano,HON,Almería,es La Liga,30 years,8.6,136,120,15,0,0,0,4,0,0,0,0,0,98,1,4,Forward,
Lucas,BRA,Cádiz,es La Liga,22 years,17.1,807,632,169,14,2,4,72,145,10,6,2,0,595,6,14,Defender,
Lorenzo Lucca,ITA,Udinese,it Serie A,22 years,28.8,454,432,18,0,0,3,8,2,0,0,0,0,271,4,15,Forward,
Jhon Lucumí,COL,Bologna,it Serie A,25 years,24.6,1857,1771,84,57,0,13,1,16,0,0,0,0,1734,2,8,Defender,
José Luis Gayà,ESP,Valencia,es La Liga,28 years,19.9,1062,851,206,24,1,11,82,182,0,0,0,0,801,5,28,Defender,
José Luis Morales,ESP,Villarreal,es La Liga,36 years,11.6,214,204,7,0,1,2,10,0,0,0,0,0,154,3,9,Forward,Midfielder
José Luis Palomino,ARG,Atalanta,it Serie A,33 years,0.3,32,31,1,1,0,0,0,0,0,0,0,0,25,0,0,Defender,
Douglas Luiz,BRA,Aston Villa,eng Premier League,25 years,33.3,2101,1857,237,129,11,13,115,6,100,61,7,2,1800,7,21,Midfielder,
Romelu Lukaku,BEL,Roma,it Serie A,30 years,29.3,621,574,40,0,0,1,13,0,0,0,0,0,438,7,26,Forward,
Castello Lukeba,FRA,RB Leipzig,de Bundesliga,20 years,24.3,1885,1839,45,34,1,10,5,5,0,0,0,0,1726,1,12,Defender,
Dodi Lukebakio,BEL,Sevilla,es La Liga,25 years,12.5,351,337,11,4,1,4,36,2,2,1,1,0,269,3,16,Forward,Midfielder
Saša Lukić,SRB,Fulham,eng Premier League,26 years,12.5,496,472,21,15,4,1,4,0,0,0,0,0,428,3,7,Midfielder,
Karlo Lulić,CRO,Frosinone,it Serie A,27 years,0.2,12,12,0,0,0,0,0,0,0,0,0,0,8,0,0,Midfielder,
Andriy Lunin,UKR,Real Madrid,es La Liga,24 years,21.0,666,531,133,17,0,1,0,0,0,0,0,0,580,2,2,Goalkeeper,
Sebastiano Luperto,ITA,Empoli,it Serie A,26 years,37.8,1785,1657,122,71,2,8,12,33,0,0,0,0,1455,6,10,Defender,
Mateus Lusuardi,BRA,Frosinone,it Serie A,19 years,2.4,154,134,19,4,0,0,1,15,0,0,0,0,134,1,0,Defender,
Andreas Luthe,GER,Bochum,de Bundesliga,36 years,1.0,49,37,12,5,0,0,0,0,0,0,0,0,25,0,0,Goalkeeper,
Zito Luvumbo,ANG,Cagliari,it Serie A,21 years,21.6,388,354,29,3,2,2,82,10,8,0,3,0,246,5,23,Forward,Midfielder
Charalambos Lykogiannis,GRE,Bologna,it Serie A,29 years,10.0,594,496,96,9,0,8,59,84,3,2,1,0,451,2,16,Defender,
Senne Lynen,BEL,Werder Bremen,de Bundesliga,24 years,20.0,903,863,39,24,2,6,4,1,0,0,0,0,746,1,13,Midfielder,
Joshua M'Bahia,CIV,Clermont Foot,fr Ligue 1,18 years,0.2,15,14,1,0,0,0,0,1,0,0,0,0,12,0,0,Midfielder,
Othmane Maamma,MAR,Montpellier,fr Ligue 1,17 years,1.0,32,32,0,0,0,0,4,0,0,0,0,0,25,0,1,Forward,
Ian Maatsen,NED,Chelsea,eng Premier League,21 years,2.3,138,126,12,0,1,0,8,11,1,0,1,0,97,0,1,Forward,Midfielder
Ian Maatsen,NED,Dortmund,de Bundesliga,21 years,14.0,1060,945,112,17,3,8,26,94,1,1,0,0,928,3,20,Defender,
Alexis Mac Allister,ARG,Liverpool,eng Premier League,24 years,28.9,1967,1900,61,38,14,11,32,2,11,2,9,0,1704,6,32,Midfielder,
Deiver Machado,COL,Lens,fr Ligue 1,29 years,12.5,488,396,91,3,0,0,29,87,0,0,0,0,383,1,17,Defender,
Darwin Machís,VEN,Cádiz,es La Liga,30 years,8.7,290,253,36,10,0,6,64,6,20,12,3,0,177,1,16,Midfielder,
James Maddison,ENG,Tottenham,eng Premier League,26 years,23.7,1500,1322,167,59,14,6,133,10,96,45,34,0,1210,11,30,Midfielder,
Noni Madueke,ENG,Chelsea,eng Premier League,21 years,11.7,486,472,10,2,2,0,22,6,2,1,0,0,412,4,6,Forward,
Pablo Maffeo,ESP,Mallorca,es La Liga,26 years,16.2,603,482,119,2,2,2,67,116,1,0,0,0,374,2,20,Defender,
Gabriel Magalhães,BRA,Arsenal,eng Premier League,25 years,33.8,2157,2030,122,53,2,4,4,4,0,0,0,0,1914,5,22,Defender,
Soungoutou Magassa,FRA,Monaco,fr Ligue 1,19 years,15.0,998,977,21,18,1,21,3,3,0,0,0,0,871,0,14,Defender,Midfielder
Giulio Maggiore,ITA,Salernitana,it Serie A,25 years,20.0,797,777,13,12,1,4,3,0,0,0,0,0,619,7,23,Midfielder,
Matej Maglica,CRO,Darmstadt 98,de Bundesliga,24 years,18.9,999,955,41,37,1,8,7,4,0,0,0,0,759,3,14,Defender,
Giangiacomo Magnani,ITA,Hellas Verona,it Serie A,27 years,27.2,994,939,49,48,0,21,12,1,0,0,0,0,785,6,6,Defender,
Hugo Magnetti,FRA,Brest,fr Ligue 1,25 years,26.0,1143,1105,36,13,1,7,20,10,2,0,0,0,1008,2,17,Midfielder,
Yohann Magnin,FRA,Clermont Foot,fr Ligue 1,26 years,18.7,836,810,25,13,1,4,14,9,3,3,0,0,698,1,12,Midfielder,
Frank Magri,CMR,Toulouse,fr Ligue 1,23 years,16.0,333,323,9,0,3,1,17,4,0,0,0,0,231,1,11,Forward,Midfielder
Harry Maguire,ENG,Manchester Utd,eng Premier League,30 years,18.4,1103,1018,83,36,0,13,3,2,0,0,0,0,917,2,3,Defender,
Jon Magunazelaia,ESP,Real Sociedad,es La Liga,23 years,1.3,45,45,0,0,0,0,3,0,0,0,0,0,30,0,3,Forward,Midfielder
Adel Mahamoud,COM,Nantes,fr Ligue 1,20 years,0.1,4,4,0,0,0,0,0,0,0,0,0,0,2,0,0,Forward,
Arne Maier,GER,Augsburg,de Bundesliga,24 years,11.1,593,498,92,21,0,2,85,8,61,17,34,0,449,3,12,Midfielder,
Habib Maïga,CIV,Metz,fr Ligue 1,27 years,1.6,63,62,0,0,0,0,1,0,0,0,0,0,47,1,1,Midfielder,Forward
Mike Maignan,FRA,Milan,it Serie A,28 years,29.0,1228,1027,190,43,0,2,0,0,0,0,0,0,1033,11,2,Goalkeeper,
Linton Maina,GER,Köln,de Bundesliga,24 years,21.1,661,613,47,3,0,1,74,40,3,1,1,0,484,1,43,Forward,Midfielder
Patrick Mainka,GER,Heidenheim,de Bundesliga,28 years,34.0,1555,1523,29,25,0,3,0,4,0,0,0,0,1289,3,16,Defender,
Kobbie Mainoo,ENG,Manchester Utd,eng Premier League,18 years,21.4,868,863,5,4,8,3,6,0,0,0,0,0,748,0,16,Midfielder,
Ainsley Maitland-Niles,ENG,Lyon,fr Ligue 1,25 years,15.9,796,694,98,9,1,5,21,86,3,1,0,0,663,4,12,Defender,Midfielder
Radosław Majecki,POL,Monaco,fr Ligue 1,23 years,12.0,376,271,105,25,0,0,0,0,0,0,0,0,277,0,0,Goalkeeper,
Lovro Majer,CRO,Rennes,fr Ligue 1,25 years,0.2,16,15,1,0,0,0,1,0,1,0,1,0,14,0,1,Midfielder,
Lovro Majer,CRO,Wolfsburg,de Bundesliga,25 years,23.4,1039,968,68,18,1,2,89,3,42,21,17,0,760,3,40,Midfielder,Forward
Jean-Victor Makengo,FRA,Lorient,fr Ligue 1,25 years,5.3,277,271,6,4,0,2,5,1,1,0,0,0,244,0,6,Midfielder,Forward
Jordy Makengo,FRA,Freiburg,de Bundesliga,21 years,11.4,545,479,66,9,0,1,23,57,0,0,0,0,449,0,10,Defender,
Antoine Makoumbou,CGO,Cagliari,it Serie A,25 years,30.0,1210,1171,33,23,4,19,11,8,0,0,0,0,1065,6,11,Midfielder,
Nemanja Maksimović,SRB,Getafe,es La Liga,28 years,36.3,1036,969,63,19,1,3,5,5,0,0,0,0,844,4,16,Midfielder,
Julián Malatini,ARG,Werder Bremen,de Bundesliga,22 years,6.7,364,346,16,14,0,1,6,2,0,0,0,0,295,2,8,Defender,
Daniel Maldini,ITA,Monza,it Serie A,21 years,3.7,114,103,11,2,1,0,9,0,8,3,2,0,89,0,1,Midfielder,Forward
Daniel Maldini,ITA,Empoli,it Serie A,21 years,2.9,80,68,10,3,0,1,5,1,1,1,0,0,61,2,3,Forward,Midfielder
Youssef Maleh,MAR,Empoli,it Serie A,24 years,28.9,1028,975,44,18,4,5,47,7,9,4,4,0,790,9,27,Midfielder,
Donyell Malen,NED,Dortmund,de Bundesliga,24 years,19.8,546,525,18,4,6,4,39,9,4,0,0,0,410,3,23,Forward,Midfielder
Ruslan Malinovskyi,UKR,Genoa,it Serie A,30 years,17.2,719,688,26,15,5,9,19,5,5,4,0,1,573,5,13,Midfielder,
Lennard Maloney,USA,Heidenheim,de Bundesliga,23 years,25.4,942,921,19,15,0,15,4,3,0,0,0,0,698,2,21,Midfielder,
Aaron Malouda,FRA,Lille,fr Ligue 1,17 years,0.0,0,0,0,0,0,0,0,0,0,0,0,0,0,0,0,Forward,
Giorgi Mamardashvili,GEO,Valencia,es La Liga,22 years,36.5,1111,714,395,150,0,0,0,0,0,0,0,0,589,2,1,Goalkeeper,
David Mamutovic,GER,Mainz 05,de Bundesliga,22 years,0.1,10,10,0,0,0,0,1,0,0,0,0,0,7,0,0,Forward,Defender
Wilson Manafá,POR,Granada,es La Liga,29 years,2.7,135,106,29,0,1,1,8,29,0,0,0,0,104,0,3,Defender,Midfielder
Hianga Mananga Mbock,FRA,Brest,fr Ligue 1,23 years,0.1,7,7,0,0,0,0,0,0,0,0,0,0,6,0,0,Midfielder,Forward
Gianluca Mancini,ITA,Roma,it Serie A,27 years,31.9,2011,1909,98,72,2,7,24,5,0,0,0,0,1744,4,6,Defender,
Marco Mancosu,ITA,Cagliari,it Serie A,34 years,1.7,62,54,7,2,1,0,4,0,1,0,1,0,39,1,2,Midfielder,Forward
Steve Mandanda,FRA,Rennes,fr Ligue 1,38 years,34.0,1209,921,288,96,0,0,0,0,0,0,0,0,885,0,0,Goalkeeper,
Christos Mandas,GRE,Lazio,it Serie A,21 years,8.0,269,220,49,20,0,0,0,0,0,0,0,0,181,0,0,Goalkeeper,
Reinildo Mandava,MOZ,Atlético Madrid,es La Liga,29 years,8.1,414,360,53,7,0,2,6,46,0,0,0,0,353,1,6,Defender,
Aïssa Mandi,ALG,Villarreal,es La Liga,31 years,12.4,734,688,45,24,2,3,0,4,0,0,0,0,671,1,4,Defender,
Rolando Mandragora,ITA,Fiorentina,it Serie A,26 years,17.6,761,701,60,32,0,8,34,5,19,4,7,0,606,0,16,Midfielder,
Orel Mangala,BEL,Nottingham Forest,eng Premier League,25 years,17.4,646,639,5,4,1,2,2,0,0,0,0,0,570,2,6,Midfielder,
Orel Mangala,BEL,Lyon,fr Ligue 1,25 years,4.4,182,179,3,3,1,2,2,0,0,0,0,0,154,0,3,Midfielder,
Vito Mannone,ITA,Lille,fr Ligue 1,35 years,1.0,38,33,5,4,0,0,0,0,0,0,0,0,27,0,0,Goalkeeper,
Kostas Manolas,GRE,Salernitana,it Serie A,32 years,5.4,303,295,8,8,1,2,1,0,0,0,0,0,276,0,0,Defender,
Javier Manquillo,ESP,Celta Vigo,es La Liga,29 years,8.3,436,360,76,6,1,0,5,70,0,0,0,0,357,0,9,Defender,Midfielder
Braydon Manu,GHA,Darmstadt 98,de Bundesliga,26 years,1.9,33,29,3,0,0,0,4,3,0,0,0,0,24,1,4,Midfielder,
Benson Manuel,ANG,Burnley,eng Premier League,26 years,1.3,59,52,6,0,0,0,9,2,4,0,1,0,48,1,3,Midfielder,Forward
Faitout Maouassa,FRA,Granada,es La Liga,25 years,2.5,97,67,30,5,0,1,20,19,6,6,0,0,58,0,6,Defender,Midfielder
Faitout Maouassa,FRA,Lens,fr Ligue 1,25 years,0.8,29,20,9,0,0,0,3,8,1,0,1,0,20,0,1,Midfielder,Defender
Marcão,BRA,Sevilla,es La Liga,27 years,3.9,199,190,6,5,0,0,0,1,0,0,0,0,176,3,1,Defender,
Solly March,ENG,Brighton,eng Premier League,29 years,6.2,261,222,39,8,1,1,21,19,12,6,2,0,203,0,7,Forward,Defender
Riccardo Marchizza,ITA,Frosinone,it Serie A,25 years,12.8,558,444,112,10,0,2,22,102,0,0,0,0,423,2,16,Defender,
Gian Marco Ferrari,ITA,Sassuolo,it Serie A,31 years,25.2,1300,1193,104,69,0,10,14,7,0,0,0,0,1073,3,6,Defender,
Óscar de Marcos,ESP,Athletic Club,es La Liga,34 years,25.1,1566,1262,298,30,1,3,121,267,1,1,0,0,1243,6,33,Defender,
Alberto Marí,ESP,Valencia,es La Liga,22 years,3.1,61,56,5,0,0,0,2,0,0,0,0,0,38,0,6,Forward,
José Mari,ESP,Cádiz,es La Liga,35 years,0.2,21,18,2,2,0,0,0,0,0,0,0,0,16,1,1,Midfielder,Forward
Pablo Marí,ESP,Monza,it Serie A,29 years,29.1,1737,1670,66,31,0,5,4,12,0,0,0,0,1581,1,6,Defender,
José María Giménez,URU,Atlético Madrid,es La Liga,28 years,14.7,653,626,25,21,0,12,1,0,0,0,0,0,562,2,6,Defender,
Mariano,DOM,Sevilla,es La Liga,29 years,2.7,53,46,7,0,1,1,1,1,0,0,0,0,37,0,2,Forward,Midfielder
Mirko Marić,CRO,Monza,it Serie A,28 years,3.2,91,87,4,0,0,0,1,0,0,0,0,0,66,0,4,Forward,
Rafa Marín,ESP,Alavés,es La Liga,21 years,27.1,1025,962,60,54,0,23,1,3,0,0,0,0,846,3,7,Defender,
Răzvan Marin,ROU,Empoli,it Serie A,27 years,20.2,907,747,154,90,8,2,98,3,57,20,33,0,671,6,11,Midfielder,
Diego Mariño,ESP,Almería,es La Liga,33 years,1.0,27,25,2,0,0,0,0,0,0,0,0,0,23,0,0,Goalkeeper,
Guillermo Maripán,CHI,Monaco,fr Ligue 1,29 years,19.6,1054,1010,42,36,0,2,0,4,0,0,0,0,934,2,9,Defender,
Mika Mármol,ESP,Las Palmas,es La Liga,22 years,35.3,2586,2368,211,95,1,7,5,36,0,0,0,0,2282,7,20,Defender,
Omar Marmoush,EGY,Eintracht Frankfurt,de Bundesliga,24 years,25.6,574,494,78,7,7,5,33,5,16,5,10,0,407,2,27,Forward,Midfielder
Marquinhos,BRA,Nantes,fr Ligue 1,20 years,1.7,67,62,5,1,0,0,5,3,0,0,0,0,50,0,2,Forward,Midfielder
Marquinhos,BRA,Paris S-G,fr Ligue 1,29 years,17.1,1807,1757,47,22,4,3,0,21,0,0,0,0,1706,3,6,Defender,
Unai Marrero,ESP,Real Sociedad,es La Liga,21 years,1.6,45,22,23,15,0,0,0,0,0,0,0,0,28,0,1,Goalkeeper,
Agustín Martegani,ARG,Salernitana,it Serie A,23 years,8.1,297,280,12,8,1,1,1,2,2,0,0,0,248,5,4,Midfielder,
Eric Martel,GER,Köln,de Bundesliga,21 years,27.3,1126,1109,14,10,0,0,19,4,0,0,0,0,913,3,26,Midfielder,
Roger Martí,ESP,Cádiz,es La Liga,32 years,15.1,344,313,28,1,3,2,9,0,0,0,0,0,225,3,15,Forward,
Anthony Martial,FRA,Manchester Utd,eng Premier League,27 years,5.0,139,131,6,0,0,0,0,0,0,0,0,0,109,2,3,Forward,
Aarón Martín,ESP,Genoa,it Serie A,26 years,15.3,619,495,119,16,0,2,106,71,32,7,21,0,431,5,22,Defender,
Iván Martín,ESP,Girona,es La Liga,24 years,30.3,1628,1583,37,20,2,4,10,6,0,0,0,0,1487,8,19,Midfielder,
Jon Martin,ESP,Real Sociedad,es La Liga,17 years,0.3,7,7,0,0,0,1,0,0,0,0,0,0,5,0,0,Defender,
Jonas Martin,FRA,Brest,fr Ligue 1,33 years,13.4,962,927,33,21,0,9,7,8,2,1,0,0,839,2,12,Midfielder,
Mario Martín,ESP,Real Madrid,es La Liga,19 years,0.2,15,14,1,1,0,0,0,0,0,0,0,0,12,0,0,Midfielder,
Gabriel Martinelli,BRA,Arsenal,eng Premier League,22 years,22.4,929,878,49,3,3,3,109,11,35,30,0,0,724,2,29,Forward,
Tommaso Martinelli,ITA,Fiorentina,it Serie A,17 years,1.0,49,38,11,2,0,1,0,0,0,0,0,0,37,0,0,Goalkeeper,
Arnau Martinez,ESP,Girona,es La Liga,20 years,13.8,834,731,101,25,2,3,7,76,0,0,0,0,751,2,8,Defender,
Emiliano Martínez,ARG,Aston Villa,eng Premier League,30 years,33.5,1436,1170,259,100,0,0,0,0,0,0,0,0,1190,7,1,Goalkeeper,
Iñigo Martínez,ESP,Barcelona,es La Liga,32 years,14.4,1132,1092,37,22,3,22,3,8,0,0,0,0,1001,3,4,Defender,
Josep Martinez,ESP,Genoa,it Serie A,25 years,36.0,1430,1129,295,124,0,5,0,0,0,0,0,0,1017,6,2,Goalkeeper,
Lautaro Martínez,ARG,Inter,it Serie A,25 years,29.5,782,734,42,4,12,3,15,1,0,0,0,0,604,6,28,Forward,
Lisandro Martínez,ARG,Manchester Utd,eng Premier League,25 years,7.2,446,414,30,10,1,1,2,0,0,0,0,0,411,2,1,Defender,
Marc Martínez,ESP,Granada,es La Liga,33 years,3.0,98,64,34,10,0,0,0,0,0,0,0,0,75,0,0,Goalkeeper,
Lucas Martínez Quarta,ARG,Fiorentina,it Serie A,27 years,25.5,1668,1609,50,47,2,28,5,3,0,0,0,0,1362,9,14,Defender,
Adam Marušić,MNE,Lazio,it Serie A,30 years,34.4,1880,1575,304,20,0,4,44,284,0,0,0,0,1560,1,27,Defender,
Marvin,ESP,Las Palmas,es La Liga,23 years,20.6,774,723,49,5,0,1,91,43,1,0,1,0,557,2,36,Forward,Defender
Omar Mascarell,EQG,Mallorca,es La Liga,30 years,17.5,779,766,13,12,2,12,4,1,0,0,0,0,638,0,13,Midfielder,
Adam Masina,MAR,Udinese,it Serie A,29 years,0.7,30,27,3,0,0,0,0,3,0,0,0,0,22,0,1,Defender,
Adam Masina,MAR,Torino,it Serie A,29 years,11.4,652,620,31,8,0,1,4,17,0,0,0,0,557,1,2,Defender,
Erhan Mašović,SRB,Bochum,de Bundesliga,24 years,24.7,732,692,39,20,2,4,5,18,0,0,0,0,570,1,9,Defender,Midfielder
Han-Noah Massengo,FRA,Burnley,eng Premier League,22 years,0.2,12,11,1,0,0,0,2,1,0,0,0,0,6,0,1,Midfielder,Defender
Roberto Massimo,GER,Stuttgart,de Bundesliga,22 years,0.9,39,34,5,0,0,0,0,5,0,0,0,0,30,0,5,Forward,Defender
Clinton Mata,ANG,Lyon,fr Ligue 1,30 years,24.7,1514,1332,181,32,0,2,52,149,0,0,0,0,1286,1,26,Defender,
Jaime Mata,ESP,Getafe,es La Liga,34 years,19.9,521,502,17,1,0,1,39,8,1,0,0,0,340,2,21,Forward,Midfielder
Pape Matar Sarr,SEN,Tottenham,eng Premier League,20 years,23.0,1349,1329,18,5,6,3,25,9,1,0,0,0,1179,2,27,Midfielder,
Eliot Matazo,BEL,Monaco,fr Ligue 1,21 years,1.1,63,61,2,1,0,1,1,1,0,0,0,0,50,0,0,Midfielder,
Jean-Philippe Mateta,FRA,Crystal Palace,eng Premier League,26 years,25.4,433,421,12,0,1,3,20,0,0,0,0,0,309,0,14,Forward,
Nemanja Matić,SRB,Rennes,fr Ligue 1,34 years,11.4,804,760,41,38,2,5,5,3,0,0,0,0,695,3,14,Midfielder,
Nemanja Matić,SRB,Lyon,fr Ligue 1,34 years,13.9,989,948,34,34,3,6,4,0,0,0,0,0,845,7,26,Midfielder,
Joël Matip,CMR,Liverpool,eng Premier League,31 years,8.7,564,559,4,4,0,0,0,0,0,0,0,0,494,1,4,Defender,
Alex Matos,ENG,Chelsea,eng Premier League,18 years,0.0,0,0,0,0,0,0,0,0,0,0,0,0,0,0,0,Midfielder,
Chrislain Matsima,FRA,Clermont Foot,fr Ligue 1,21 years,13.1,655,635,19,13,0,1,0,3,0,0,0,0,569,1,10,Defender,
Chrislain Matsima,FRA,Monaco,fr Ligue 1,21 years,3.3,231,224,6,2,0,0,0,3,0,0,0,0,215,1,0,Defender,
Jean Mattéo Bahoya,FRA,Eintracht Frankfurt,de Bundesliga,18 years,2.0,82,80,2,0,0,0,6,2,0,0,0,0,62,0,2,Midfielder,Forward
Remi Matthews,ENG,Crystal Palace,eng Premier League,29 years,0.0,5,2,3,2,0,0,0,0,0,0,0,0,0,0,0,Goalkeeper,
Alan Matturro,URU,Genoa,it Serie A,18 years,1.2,25,24,1,0,0,0,0,1,0,0,0,0,16,0,1,Defender,
Azor Matusiwa,NED,Reims,fr Ligue 1,25 years,15.4,750,740,9,8,0,5,0,1,0,0,0,0,650,1,8,Midfielder,
Azor Matusiwa,NED,Rennes,fr Ligue 1,25 years,8.8,454,442,12,11,1,1,1,1,0,0,0,0,398,0,5,Midfielder,
Neal Maupay,FRA,Brentford,eng Premier League,26 years,14.7,392,362,28,6,5,2,8,10,1,0,0,0,282,2,28,Forward,
Neal Maupay,FRA,Everton,eng Premier League,26 years,1.2,26,23,3,0,0,1,0,0,0,0,0,0,22,0,1,Forward,
Aïman Maurer,MAR,Clermont Foot,fr Ligue 1,18 years,0.6,29,25,4,0,0,0,4,1,3,3,0,0,21,0,0,Midfielder,Forward
Konstantinos Mavropanos,GRE,West Ham,eng Premier League,25 years,16.7,635,597,36,29,1,11,1,5,0,0,0,0,482,2,7,Defender,
Christian Mawissa,FRA,Toulouse,fr Ligue 1,18 years,12.4,617,562,55,7,0,3,4,44,0,0,0,0,511,0,9,Defender,
Philipp Max,GER,Eintracht Frankfurt,de Bundesliga,29 years,15.0,898,730,166,23,1,3,59,130,13,5,6,0,742,2,12,Defender,
Eric Maxim Choupo-Moting,CMR,Bayern Munich,de Bundesliga,34 years,8.0,282,273,9,0,3,0,11,0,0,0,0,0,232,0,13,Midfielder,Forward
Luís Maximiano,POR,Almería,es La Liga,24 years,33.0,1266,862,397,133,0,1,0,0,0,0,0,0,833,7,0,Goalkeeper,
Noam Mayoka-Tika,BEL,Marseille,fr Ligue 1,19 years,0.0,1,1,0,0,0,0,0,0,0,0,0,0,1,0,0,Midfielder,
Borja Mayoral,ESP,Getafe,es La Liga,26 years,23.9,558,530,26,0,0,8,22,1,1,0,0,0,422,2,26,Forward,
Senny Mayulu,FRA,Paris S-G,fr Ligue 1,17 years,3.6,175,172,3,0,2,0,13,1,2,0,0,0,145,0,5,Forward,Midfielder
Youssef Maziz,FRA,Metz,fr Ligue 1,25 years,1.4,39,33,5,1,1,2,4,1,3,2,1,0,30,1,0,Forward,Midfielder
Noussair Mazraoui,MAR,Bayern Munich,de Bundesliga,25 years,13.3,980,865,112,14,0,0,19,98,0,0,0,0,865,3,23,Defender,
Luca Mazzitelli,ITA,Frosinone,it Serie A,27 years,24.6,1309,1234,67,38,5,10,42,5,12,7,3,0,974,8,21,Midfielder,
Pasquale Mazzocchi,ITA,Salernitana,it Serie A,28 years,14.1,635,502,131,11,1,4,42,119,1,0,1,0,460,2,17,Defender,
Pasquale Mazzocchi,ITA,Napoli,it Serie A,28 years,4.8,276,237,39,4,2,3,14,35,0,0,0,0,225,0,2,Defender,
Kevin Mbabu,SUI,Augsburg,de Bundesliga,28 years,22.7,1020,780,236,6,1,2,101,230,0,0,0,0,644,4,42,Defender,
Noah Mbamba,BEL,Leverkusen,de Bundesliga,18 years,0.2,20,20,0,0,0,0,1,0,0,0,0,0,19,0,0,Midfielder,
Ethan Mbappé,FRA,Paris S-G,fr Ligue 1,16 years,0.5,46,44,2,0,0,0,1,2,0,0,0,0,42,0,0,Midfielder,Defender
Kylian Mbappé,FRA,Paris S-G,fr Ligue 1,24 years,24.0,965,936,24,5,12,10,23,6,7,0,0,0,801,5,19,Forward,
Malick Mbaye,SEN,Metz,fr Ligue 1,19 years,1.7,54,49,5,1,0,0,13,0,3,0,3,0,34,0,5,Midfielder,Forward
Mamadou Mbaye,SEN,Cádiz,es La Liga,25 years,3.2,84,80,3,3,0,0,0,0,0,0,0,0,47,1,1,Defender,
Chancel Mbemba,COD,Marseille,fr Ligue 1,28 years,24.5,1398,1325,71,36,0,2,15,18,0,0,0,0,1222,2,8,Defender,
Nolan Mbemba,CGO,Le Havre,fr Ligue 1,28 years,0.2,34,33,1,0,0,1,2,0,1,0,1,0,28,0,0,Midfielder,
Bryan Mbeumo,CMR,Brentford,eng Premier League,23 years,21.8,765,668,89,26,15,4,92,15,47,21,10,3,511,8,29,Forward,
Christ Mbondi,FRA,Reims,fr Ligue 1,18 years,0.0,1,1,0,0,0,0,0,0,0,0,0,0,1,0,0,Forward,
Jordi Mboula,ESP,Hellas Verona,it Serie A,24 years,3.4,69,68,1,1,0,1,8,0,0,0,0,0,46,0,9,Forward,Midfielder
Nathanael Mbuku,COD,Augsburg,de Bundesliga,21 years,0.1,7,7,0,0,0,0,0,0,0,0,0,0,6,0,0,Forward,
James Mcatee,ENG,Sheffield Utd,eng Premier League,20 years,20.2,530,484,42,7,6,1,36,1,7,5,0,0,362,4,17,Midfielder,Forward
James Mcatee,ENG,Manchester City,eng Premier League,20 years,0.0,0,0,0,0,0,0,0,0,0,0,0,0,0,0,0,Midfielder,
Oliver McBurnie,SCO,Sheffield Utd,eng Premier League,27 years,14.2,408,400,3,0,1,1,5,0,0,0,0,0,242,5,14,Forward,
James McConnell,ENG,Liverpool,eng Premier League,18 years,0.0,6,6,0,0,0,0,0,0,0,0,0,0,5,0,1,Midfielder,
John McGinn,SCO,Aston Villa,eng Premier League,28 years,33.3,1223,1137,82,31,15,8,74,3,37,28,0,0,972,4,25,Midfielder,Forward
Scott McKenna,SCO,Nottingham Forest,eng Premier League,26 years,4.6,186,168,18,1,0,0,0,17,0,0,0,0,137,0,2,Defender,
Weston McKennie,USA,Juventus,it Serie A,24 years,28.8,1172,990,178,9,3,6,59,168,1,0,0,0,898,4,23,Midfielder,Defender
Dwight McNeil,ENG,Everton,eng Premier League,23 years,32.1,1266,1098,158,46,14,5,229,26,82,59,14,2,874,10,62,Midfielder,Forward
Scott McTominay,SCO,Manchester Utd,eng Premier League,26 years,21.1,655,639,13,4,2,3,4,5,0,0,0,0,528,3,19,Midfielder,Forward
Facundo Medina,ARG,Lens,fr Ligue 1,24 years,30.2,2112,2018,90,79,6,10,20,9,0,0,0,0,1823,4,27,Defender,
Ben Mee,ENG,Brentford,eng Premier League,33 years,14.1,667,594,72,15,0,3,5,56,0,0,0,0,511,1,6,Defender,
Marvin Mehlem,GER,Darmstadt 98,de Bundesliga,25 years,16.5,587,535,47,5,2,0,18,10,2,0,0,0,448,5,18,Midfielder,
Bamo Meïté,CIV,Marseille,fr Ligue 1,21 years,7.1,507,473,34,10,0,0,4,20,0,0,0,0,462,0,6,Defender,
Bamo Meïté,CIV,Lorient,fr Ligue 1,21 years,1.6,56,54,2,1,0,0,0,1,0,0,0,0,48,0,1,Defender,
Hannibal Mejbri,TUN,Manchester Utd,eng Premier League,20 years,1.5,38,37,1,1,2,0,1,0,0,0,0,0,31,0,2,Midfielder,Forward
Hannibal Mejbri,TUN,Sevilla,es La Liga,20 years,1.2,50,49,1,1,0,1,2,0,0,0,0,0,41,0,0,Midfielder,
Óscar Melendo,ESP,Granada,es La Liga,25 years,12.5,409,398,8,4,6,3,9,2,2,0,2,0,328,3,9,Midfielder,Forward
Gonzalo Melero,ESP,Almería,es La Liga,29 years,12.3,465,443,20,10,0,0,4,3,0,0,0,0,381,2,5,Midfielder,Forward
Birger Meling,NOR,Rennes,fr Ligue 1,28 years,0.2,7,4,3,1,0,0,0,2,0,0,0,0,7,0,0,Defender,
Arthur Melo,BRA,Fiorentina,it Serie A,26 years,22.1,1502,1413,87,63,3,8,21,13,9,0,8,1,1372,2,15,Midfielder,
Memphis,NED,Atlético Madrid,es La Liga,29 years,9.9,264,238,23,4,3,4,12,2,7,2,3,0,195,3,10,Forward,
Houboulang Mendes,GNB,Almería,es La Liga,25 years,4.4,177,114,61,8,0,1,4,53,0,0,0,0,129,2,3,Defender,
Nuno Mendes,POR,Paris S-G,fr Ligue 1,21 years,3.0,222,197,24,0,0,2,7,24,0,0,0,0,183,1,9,Defender,
Tomás Mendes,ESP,Alavés,es La Liga,18 years,0.1,6,6,0,0,0,0,0,0,0,0,0,0,4,0,0,Midfielder,
Brais Méndez,ESP,Real Sociedad,es La Liga,26 years,26.8,1244,1092,145,80,10,10,104,4,49,21,19,0,942,7,35,Midfielder,Forward
Bruno Méndez,URU,Granada,es La Liga,23 years,14.8,636,536,94,13,1,3,8,79,0,0,0,0,452,6,10,Defender,
Diego Méndez,ESP,Rayo Vallecano,es La Liga,19 years,0.1,2,2,0,0,0,0,0,0,0,0,0,0,2,0,0,Midfielder,
Leonardo Mendicino,ITA,Atalanta,it Serie A,17 years,0.0,0,0,0,0,0,0,0,0,0,0,0,0,0,0,0,Midfielder,
Antoine Mendy,SEN,Nice,fr Ligue 1,19 years,4.6,244,223,21,4,0,2,4,17,0,0,0,0,211,0,2,Defender,
Benjamin Mendy,FRA,Lorient,fr Ligue 1,29 years,7.9,468,364,101,25,0,1,96,59,17,6,10,0,318,3,12,Defender,
Ferland Mendy,FRA,Real Madrid,es La Liga,28 years,19.1,1275,1127,148,12,0,4,5,136,0,0,0,0,1201,0,8,Defender,
Formose Mendy,SEN,Lorient,fr Ligue 1,22 years,14.0,739,658,80,35,0,18,13,44,0,0,0,0,587,1,11,Defender,
Nampalys Mendy,SEN,Lens,fr Ligue 1,31 years,11.7,653,637,14,13,3,3,7,1,0,0,0,0,577,2,4,Midfielder,
Teden Mengi,ENG,Luton Town,eng Premier League,21 years,27.4,938,912,22,18,1,13,2,4,0,0,0,0,728,4,7,Defender,
Chris Mepham,WAL,Bournemouth,eng Premier League,25 years,6.9,359,350,8,5,0,1,1,3,0,0,0,0,296,1,1,Defender,
Jorge Meré,ESP,Cádiz,es La Liga,26 years,7.5,233,221,8,5,0,0,1,3,0,0,0,0,166,4,2,Defender,
Alex Meret,ITA,Napoli,it Serie A,26 years,30.8,914,726,185,48,0,1,0,0,0,0,0,0,769,3,1,Goalkeeper,
Mikel Merino,ESP,Real Sociedad,es La Liga,27 years,27.6,1413,1387,15,12,7,13,19,3,0,0,0,0,1076,11,24,Midfielder,
Quentin Merlin,FRA,Marseille,fr Ligue 1,21 years,7.8,465,379,84,18,1,1,40,59,7,1,6,0,360,2,11,Defender,
Quentin Merlin,FRA,Nantes,fr Ligue 1,21 years,14.3,841,689,148,11,8,6,63,121,16,6,5,0,615,4,17,Defender,
Junior Messias,BRA,Genoa,it Serie A,32 years,11.7,337,307,30,5,1,3,24,14,4,2,2,0,245,0,7,Midfielder,Defender
Thomas Meunier,BEL,Dortmund,de Bundesliga,31 years,6.5,495,424,70,7,0,1,17,63,0,0,0,0,399,1,7,Defender,
Bastien Meupiyou,FRA,Nantes,fr Ligue 1,17 years,0.1,5,5,0,0,0,0,0,0,0,0,0,0,5,0,0,Defender,
Alexander Meyer,GER,Dortmund,de Bundesliga,32 years,7.7,366,323,42,11,0,0,0,0,0,0,0,0,302,1,0,Goalkeeper,
Omenuke Mfulu,COD,Las Palmas,es La Liga,29 years,0.9,60,59,1,1,0,0,0,0,0,0,0,0,53,0,1,Midfielder,Forward
Lucas Michal,FRA,Monaco,fr Ligue 1,18 years,0.1,1,1,0,0,0,0,0,0,0,0,0,0,1,0,0,Forward,
Sven Michel,GER,Augsburg,de Bundesliga,33 years,6.5,173,155,15,0,2,0,10,2,0,0,0,0,97,3,10,Forward,Midfielder
Miguel,ESP,Alavés,es La Liga,23 years,0.7,15,12,3,0,0,0,0,0,0,0,0,0,7,0,1,Forward,Midfielder
Georges Mikautadze,GEO,Metz,fr Ligue 1,22 years,19.4,430,358,67,9,2,1,34,4,8,3,3,0,299,5,16,Forward,
Nikola Milenković,SRB,Fiorentina,it Serie A,25 years,27.9,1584,1540,40,36,0,15,0,3,0,0,0,0,1341,4,14,Defender,
Lewis Miley,ENG,Newcastle Utd,eng Premier League,17 years,13.4,535,535,0,0,4,2,11,0,0,0,0,0,441,0,13,Midfielder,
Arkadiusz Milik,POL,Juventus,it Serie A,29 years,10.2,270,260,9,1,3,2,4,1,0,0,0,0,215,1,3,Forward,
Vanja Milinković-Savić,SRB,Torino,it Serie A,26 years,36.0,1536,1207,320,81,0,4,0,0,0,0,0,0,984,9,0,Goalkeeper,
Éder Militão,BRA,Real Madrid,es La Liga,25 years,5.5,329,308,20,10,0,8,1,1,0,0,0,0,297,1,2,Defender,
Luis Milla,ESP,Getafe,es La Liga,28 years,23.5,1273,1101,165,93,1,40,102,3,65,30,24,0,1011,7,17,Midfielder,
Enzo Millot,FRA,Stuttgart,de Bundesliga,21 years,24.9,1456,1408,47,12,12,3,38,7,13,5,3,0,1238,1,38,Midfielder,Forward
James Milner,ENG,Brighton,eng Premier League,37 years,8.6,585,516,66,7,4,2,29,53,6,3,0,0,492,3,10,Defender,Midfielder
Jovan Milošević,SRB,Stuttgart,de Bundesliga,18 years,0.3,13,12,1,0,0,0,0,1,0,0,0,0,8,0,1,Forward,Midfielder
Marko Milovanović,SRB,Almería,es La Liga,19 years,3.4,68,64,4,0,0,0,1,0,0,0,0,0,43,0,2,Forward,Midfielder
Kim Min-jae,KOR,Bayern Munich,de Bundesliga,26 years,21.9,2139,2071,66,22,4,13,2,4,0,0,0,0,1986,2,8,Defender,
Yerry Mina,COL,Fiorentina,it Serie A,28 years,0.5,17,15,2,2,0,0,0,0,0,0,0,0,15,0,0,Defender,Midfielder
Yerry Mina,COL,Cagliari,it Serie A,28 years,13.5,562,517,44,43,0,4,2,1,0,0,0,0,448,1,2,Defender,
Takumi Minamino,JPN,Monaco,fr Ligue 1,28 years,23.5,885,846,32,7,12,2,32,13,9,1,2,0,646,7,37,Midfielder,
Lucas Mincarelli,FRA,Montpellier,fr Ligue 1,19 years,10.9,438,346,92,2,1,0,26,90,0,0,0,0,326,0,17,Defender,Midfielder
Tyrone Mings,ENG,Aston Villa,eng Premier League,30 years,0.3,5,5,0,0,1,0,0,0,0,0,0,0,5,0,0,Defender,
Óscar Mingueza,ESP,Celta Vigo,es La Liga,24 years,33.3,1967,1640,317,57,9,7,148,237,19,2,12,0,1478,10,50,Defender,Midfielder
Ignasi Miquel,ESP,Granada,es La Liga,30 years,33.2,1549,1462,82,68,2,7,3,4,0,0,0,0,1265,5,11,Defender,
Rafa Mir,ESP,Sevilla,es La Liga,26 years,4.3,88,83,4,0,0,2,2,0,0,0,0,0,61,1,5,Forward,Midfielder
Ignacio Miramon,ARG,Lille,fr Ligue 1,20 years,0.4,32,32,0,0,0,0,0,0,0,0,0,0,28,0,1,Midfielder,
Aleksei Miranchuk,RUS,Atalanta,it Serie A,27 years,13.1,622,553,68,11,2,5,83,2,52,31,16,0,454,1,22,Midfielder,Forward
Juan Miranda,ESP,Betis,es La Liga,23 years,20.6,1166,934,226,43,0,7,62,178,5,0,3,0,913,6,19,Defender,
Kevin Miranda,ITA,Sassuolo,it Serie A,20 years,0.2,10,10,0,0,0,0,0,0,0,0,0,0,9,0,0,Defender,
Antonio Mirante,ITA,Milan,it Serie A,40 years,2.0,54,45,9,1,0,0,0,0,0,0,0,0,41,0,0,Goalkeeper,
Fabio Miretti,ITA,Juventus,it Serie A,19 years,12.3,449,412,36,5,2,5,32,3,23,2,15,0,344,1,12,Midfielder,
Filippo Missori,ITA,Sassuolo,it Serie A,19 years,3.0,113,86,27,2,0,0,5,25,0,0,0,0,89,0,2,Defender,
Tyrick Mitchell,ENG,Crystal Palace,eng Premier League,23 years,35.6,1627,1262,361,14,1,2,69,347,0,0,0,0,1177,4,70,Defender,Midfielder
Kaoru Mitoma,JPN,Brighton,eng Premier League,26 years,16.5,650,639,9,1,3,0,44,7,1,0,0,0,509,2,18,Forward,
Aleksandar Mitrović,SRB,Fulham,eng Premier League,28 years,0.4,8,8,0,0,0,0,0,0,0,0,0,0,4,0,0,Forward,
Stefan Mitrović,SRB,Hellas Verona,it Serie A,20 years,4.3,105,101,2,0,0,1,15,0,2,0,2,0,77,2,5,Forward,Midfielder
Stefan Mitrović,SRB,Getafe,es La Liga,33 years,7.8,251,223,28,24,1,1,0,0,0,0,0,0,191,0,0,Defender,
Maximilian Mittelstädt,GER,Stuttgart,de Bundesliga,26 years,23.4,1708,1520,184,15,3,4,105,155,14,4,5,0,1447,4,32,Defender,
Henrikh Mkhitaryan,ARM,Inter,it Serie A,34 years,30.9,1679,1654,22,14,8,11,32,8,0,0,0,0,1453,3,44,Midfielder,
Marko Mladenović,SRB,Eintracht Frankfurt,de Bundesliga,18 years,0.1,3,3,0,0,0,0,0,0,0,0,0,0,2,0,0,Midfielder,
Jakub Moder,POL,Brighton,eng Premier League,24 years,6.9,304,292,9,2,1,0,6,6,0,0,0,0,243,3,11,Midfielder,Defender
Luka Modrić,CRO,Real Madrid,es La Liga,37 years,18.8,1669,1506,156,67,6,27,90,9,69,15,38,0,1452,7,23,Midfielder,
Max Moerstedt,GER,Hoffenheim,de Bundesliga,nan years,0.1,3,3,0,0,0,0,0,0,0,0,0,0,2,0,0,Defender,Forward
Terem Moffi,NGA,Nice,fr Ligue 1,24 years,21.7,387,349,32,1,1,0,7,2,0,0,0,0,274,6,18,Forward,
Mostafa Mohamed,EGY,Nantes,fr Ligue 1,25 years,22.2,369,341,26,0,5,2,14,2,0,0,0,0,238,2,13,Forward,
Dion Moise Sahi,CIV,Strasbourg,fr Ligue 1,21 years,7.0,175,165,9,0,0,0,5,3,0,0,0,0,137,1,2,Midfielder,Forward
Johan Mojica,COL,Osasuna,es La Liga,30 years,22.7,1193,1001,186,18,1,12,116,167,1,0,0,0,865,6,57,Defender,
Alberto Moleiro,ESP,Las Palmas,es La Liga,19 years,20.0,735,709,22,1,11,0,27,8,9,4,2,0,581,4,37,Forward,Midfielder
Nahuel Molina,ARG,Atlético Madrid,es La Liga,25 years,20.6,1304,1074,219,16,1,11,87,188,15,6,9,0,957,11,37,Defender,
Florent Mollet,FRA,Nantes,fr Ligue 1,31 years,23.1,1063,902,160,36,1,2,142,15,95,41,42,0,826,1,23,Midfielder,Forward
Jon Moncayola,ESP,Osasuna,es La Liga,25 years,20.0,1025,948,74,26,0,12,90,8,40,19,20,0,786,3,16,Midfielder,
Enzo Mongo,FRA,Nantes,fr Ligue 1,18 years,0.1,2,0,2,0,0,0,0,2,0,0,0,0,0,0,0,Defender,
Ilario Monterisi,ITA,Frosinone,it Serie A,21 years,16.3,997,911,85,22,2,0,5,55,0,0,0,0,802,1,18,Defender,
César Montes,MEX,Almería,es La Liga,26 years,19.9,973,927,39,36,1,16,3,0,0,0,0,0,750,7,4,Defender,
Gonzalo Montiel,ARG,Nottingham Forest,eng Premier League,26 years,8.9,386,328,57,6,1,0,16,51,0,0,0,0,292,1,9,Defender,
Lorenzo Montipò,ITA,Hellas Verona,it Serie A,27 years,37.0,1272,833,432,127,0,2,0,0,0,0,0,0,783,7,0,Goalkeeper,
Kieffer Moore,WAL,Bournemouth,eng Premier League,30 years,1.2,42,41,1,0,0,0,2,0,0,0,0,0,28,0,3,Forward,Midfielder
Mikey Moore,ENG,Tottenham,eng Premier League,15 years,0.0,5,5,0,0,0,0,0,0,0,0,0,0,4,0,0,Midfielder,
Álvaro Morata,ESP,Atlético Madrid,es La Liga,30 years,21.2,384,357,25,0,0,4,10,0,0,0,0,0,267,2,16,Forward,
Diego Moreira,POR,Lyon,fr Ligue 1,18 years,3.0,108,105,2,1,0,0,6,1,0,0,0,0,74,1,3,Forward,Midfielder
Alberto Moreno,ESP,Villarreal,es La Liga,31 years,16.5,733,628,100,13,0,11,49,85,2,1,1,0,586,5,14,Defender,
Álex Moreno,ESP,Aston Villa,eng Premier League,30 years,11.5,542,435,106,9,0,0,37,97,0,0,0,0,428,1,33,Defender,
Gerard Moreno,ESP,Villarreal,es La Liga,31 years,24.6,1001,934,62,5,10,10,27,6,0,0,0,0,779,5,49,Forward,
Jorge Moreno,ESP,Osasuna,es La Liga,22 years,0.2,7,7,0,0,0,0,1,0,0,0,0,0,2,0,0,Defender,
Mateu Morey,ESP,Dortmund,de Bundesliga,23 years,1.2,87,78,9,3,0,1,1,6,0,0,0,0,74,0,3,Defender,
Ilaix Moriba,GUI,Getafe,es La Liga,20 years,6.7,204,201,3,2,1,1,2,1,0,0,0,0,150,0,7,Midfielder,Forward
Manu Morlanes,ESP,Mallorca,es La Liga,24 years,17.9,809,786,15,7,6,8,17,3,1,0,1,0,669,8,10,Midfielder,
Nikola Moro,CRO,Bologna,it Serie A,25 years,9.3,572,560,10,6,1,7,13,4,0,0,0,0,469,2,18,Midfielder,
Carlton Morris,ENG,Luton Town,eng Premier League,27 years,31.8,751,719,19,1,0,2,15,3,1,0,1,0,484,13,33,Forward,Midfielder
Cristhian Mosquera,ESP,Valencia,es La Liga,19 years,34.2,1646,1561,82,54,0,6,1,18,0,0,0,0,1454,3,13,Defender,
Yerson Mosquera,COL,Villarreal,es La Liga,22 years,13.7,734,659,74,30,1,4,7,28,0,0,0,0,628,1,13,Defender,
Dany Mota,POR,Monza,it Serie A,25 years,22.8,836,775,58,9,1,5,89,5,31,3,23,0,625,3,33,Forward,Midfielder
Lebo Mothiba,RSA,Strasbourg,fr Ligue 1,27 years,6.9,118,115,1,0,0,0,1,0,0,0,0,0,86,2,3,Forward,
Youssoufa Moukoko,GER,Dortmund,de Bundesliga,18 years,6.9,128,120,6,0,1,2,4,1,0,0,0,0,104,2,6,Forward,
Steve Mounié,BEN,Brest,fr Ligue 1,28 years,19.7,454,451,2,0,0,2,11,2,0,0,0,0,282,1,12,Forward,
Mason Mount,ENG,Manchester Utd,eng Premier League,24 years,5.7,219,207,12,1,1,1,14,2,8,3,4,0,179,0,4,Midfielder,Forward
Samuel Moutoussamy,COD,Nantes,fr Ligue 1,26 years,12.3,498,491,6,5,1,0,2,1,0,0,0,0,417,1,7,Midfielder,
Loris Mouyokolo,FRA,Lorient,fr Ligue 1,22 years,1.0,55,54,1,1,0,0,0,0,0,0,0,0,48,0,1,Defender,
Divin Mubama,ENG,West Ham,eng Premier League,18 years,0.9,22,20,2,0,0,0,0,0,0,0,0,0,16,0,0,Forward,
Mykhailo Mudryk,UKR,Chelsea,eng Premier League,22 years,17.5,566,498,62,4,5,9,78,5,52,24,11,2,385,6,14,Forward,
François Mughe,CMR,Marseille,fr Ligue 1,19 years,2.0,45,41,4,0,0,0,7,4,0,0,0,0,29,0,5,Midfielder,Defender
Nordi Mukiele,FRA,Paris S-G,fr Ligue 1,25 years,8.8,578,521,57,13,1,4,3,44,0,0,0,0,486,0,16,Defender,
Samuele Mulattieri,ITA,Sassuolo,it Serie A,22 years,5.1,116,100,15,0,0,2,0,0,0,0,0,0,81,1,1,Forward,Midfielder
Andreas Müller,GER,Darmstadt 98,de Bundesliga,23 years,3.9,168,165,3,1,0,0,2,1,0,0,0,0,129,0,4,Midfielder,
Jannik Müller,GER,Darmstadt 98,de Bundesliga,29 years,12.6,549,514,35,7,0,4,7,28,0,0,0,0,424,0,11,Defender,Midfielder
Kevin Müller,GER,Heidenheim,de Bundesliga,32 years,34.0,1482,1038,442,126,0,2,0,0,0,0,0,0,1104,2,1,Goalkeeper,
Marcus Müller,GER,Mainz 05,de Bundesliga,20 years,0.2,5,5,0,0,0,0,0,0,0,0,0,0,3,0,0,Midfielder,
Thomas Müller,GER,Bayern Munich,de Bundesliga,33 years,18.4,810,767,41,3,7,2,55,34,0,0,0,0,602,2,25,Midfielder,Forward
Abdul Mumin,GHA,Rayo Vallecano,es La Liga,25 years,18.8,773,743,28,26,0,7,2,2,0,0,0,0,617,2,3,Defender,
Marshall Munetsi,ZIM,Reims,fr Ligue 1,27 years,24.1,542,527,13,3,0,2,18,1,0,0,0,0,380,2,22,Midfielder,
Iker Muniain,ESP,Athletic Club,es La Liga,30 years,6.6,410,360,50,17,4,1,31,1,26,6,14,0,345,0,4,Midfielder,Forward
Rodrigo Muniz,BRA,Fulham,eng Premier League,22 years,17.7,222,207,14,0,1,1,2,0,0,0,0,0,136,1,4,Forward,
Aihen Muñoz,ESP,Real Sociedad,es La Liga,25 years,12.5,702,524,175,11,0,1,29,164,0,0,0,0,504,3,19,Defender,
Daniel Muñoz,COL,Crystal Palace,eng Premier League,27 years,16.0,720,573,145,4,0,0,11,141,0,0,0,0,561,2,17,Defender,Midfielder
Iker Muñoz,ESP,Osasuna,es La Liga,20 years,20.6,991,966,18,17,0,10,13,1,0,0,0,0,739,7,12,Midfielder,
Javier Muñoz,ESP,Las Palmas,es La Liga,28 years,29.3,1285,1251,29,8,5,7,47,7,13,4,4,1,1018,5,37,Midfielder,
Finley Munroe,ENG,Aston Villa,eng Premier League,18 years,0.0,1,1,0,0,0,0,0,0,0,0,0,0,1,0,0,Midfielder,
Arijanet Muric,KVX,Burnley,eng Premier League,24 years,10.0,585,495,85,52,0,4,0,0,0,0,0,0,404,5,0,Goalkeeper,
Luis Muriel,COL,Atalanta,it Serie A,32 years,4.5,241,203,36,5,1,1,31,5,21,16,0,1,170,2,5,Forward,Midfielder
Murillo,BRA,Nottingham Forest,eng Premier League,21 years,31.0,1459,1377,73,42,6,18,4,3,0,0,0,0,1122,9,12,Defender,
Vedat Muriqi,KVX,Mallorca,es La Liga,29 years,25.9,660,642,8,1,5,4,11,0,0,0,0,0,411,10,24,Forward,
Alex Murphy,IRL,Newcastle Utd,eng Premier League,19 years,0.1,17,17,0,0,0,0,0,0,0,0,0,0,17,0,0,Defender,Forward
Jacob Murphy,ENG,Newcastle Utd,eng Premier League,28 years,13.2,519,478,38,8,10,0,77,18,11,7,2,0,343,3,23,Forward,Defender
Yunus Musah,USA,Milan,it Serie A,20 years,16.4,666,628,37,1,0,3,28,36,0,0,0,0,566,1,12,Midfielder,Forward
Jamal Musiala,GER,Bayern Munich,de Bundesliga,20 years,19.5,772,745,21,3,12,2,11,9,1,0,0,0,621,6,38,Midfielder,Forward
Florent Muslija,KVX,Freiburg,de Bundesliga,25 years,1.2,83,74,9,2,1,0,9,1,6,6,0,0,57,0,5,Midfielder,Forward
Juan Musso,ARG,Atalanta,it Serie A,29 years,11.0,371,282,87,17,0,1,0,0,0,0,0,0,278,2,0,Goalkeeper,
Kingstone Mutandwa,ZAM,Cagliari,it Serie A,20 years,0.4,9,9,0,0,0,0,0,0,0,0,0,0,3,0,0,Forward,Midfielder
Yvon Mvogo,SUI,Lorient,fr Ligue 1,29 years,34.0,1149,835,314,86,0,1,0,0,0,0,0,0,869,0,1,Goalkeeper,
Joel Mvuka,NOR,Lorient,fr Ligue 1,20 years,2.2,49,41,8,2,0,0,12,1,5,2,3,0,33,0,2,Defender,Forward
Junior Mwanga,FRA,Strasbourg,fr Ligue 1,20 years,16.1,520,487,31,12,5,4,4,1,0,0,0,0,415,2,17,Midfielder,Forward
Phillipp Mwene,AUT,Mainz 05,de Bundesliga,29 years,22.2,934,703,225,16,0,4,86,183,26,5,16,0,652,6,35,Defender,
Vitaliy Mykolenko,UKR,Everton,eng Premier League,24 years,27.4,1166,938,225,0,2,2,56,225,0,0,0,0,869,3,35,Defender,
Joakim Mæhle,DEN,Wolfsburg,de Bundesliga,26 years,27.2,1555,1260,289,34,0,6,60,254,0,0,0,0,1263,6,42,Defender,Midfielder
Obite N'Dicka,CIV,Roma,it Serie A,23 years,24.1,1587,1523,62,38,0,2,11,7,0,0,0,0,1437,2,7,Defender,
Kévin N'Doram,FRA,Metz,fr Ligue 1,27 years,17.8,611,566,43,39,1,19,2,2,0,0,0,0,481,2,10,Midfielder,
Nathan N'Goumou,CMR,Gladbach,de Bundesliga,23 years,15.4,445,425,16,4,0,2,28,7,1,0,0,0,329,4,9,Forward,Midfielder
Stanley N'Soki,FRA,Hoffenheim,de Bundesliga,24 years,7.0,399,358,40,12,0,3,7,28,0,0,0,0,318,1,10,Defender,
Nacho,ESP,Real Madrid,es La Liga,33 years,19.4,1281,1191,89,41,0,5,3,10,0,0,0,0,1183,1,4,Defender,
Bilal Nadir,MAR,Marseille,fr Ligue 1,19 years,1.3,47,46,1,0,0,0,0,1,0,0,0,0,41,0,3,Midfielder,Forward
Mahamadou Nagida,CMR,Rennes,fr Ligue 1,18 years,1.2,65,59,6,0,0,1,12,6,0,0,0,0,47,0,3,Defender,
Marvelous Nakamba,ZIM,Luton Town,eng Premier League,29 years,12.6,423,404,18,14,0,5,4,3,0,0,0,0,356,1,10,Midfielder,
Keito Nakamura,JPN,Reims,fr Ligue 1,23 years,15.3,400,391,5,1,2,5,23,2,1,1,0,0,292,4,13,Forward,Midfielder
Nahitan Nández,URU,Cagliari,it Serie A,27 years,26.0,916,787,125,16,2,13,154,65,42,6,33,0,544,4,28,Midfielder,Defender
Matija Nastasić,SRB,Mallorca,es La Liga,30 years,25.1,992,954,33,29,0,3,5,1,0,0,0,0,788,5,3,Defender,
Natan,BRA,Napoli,it Serie A,22 years,10.6,666,619,46,22,0,7,5,24,0,0,0,0,581,1,6,Defender,
Lapo Nava,ITA,Milan,it Serie A,19 years,0.0,1,1,0,0,0,0,0,0,0,0,0,0,1,0,0,Goalkeeper,
Roberto Navarro,ESP,Cádiz,es La Liga,21 years,21.0,737,672,59,9,2,0,96,6,43,20,17,0,531,6,25,Midfielder,Forward
Jesús Navas,ESP,Sevilla,es La Liga,37 years,22.3,1270,1067,192,16,1,9,143,176,0,0,0,0,922,11,39,Defender,
Keylor Navas,CRC,Paris S-G,fr Ligue 1,36 years,4.0,98,78,20,2,0,0,0,0,0,0,0,0,91,0,0,Goalkeeper,
Michel Ndary Adopo,FRA,Atalanta,it Serie A,23 years,1.2,89,88,1,1,0,0,1,0,0,0,0,0,74,0,1,Midfielder,
Youssouf Ndayishimiye,BDI,Nice,fr Ligue 1,24 years,19.0,1361,1313,46,41,3,7,1,5,0,0,0,0,1223,2,9,Midfielder,Defender
Bassirou Ndiaye,SEN,Lorient,fr Ligue 1,21 years,1.7,39,35,4,0,0,0,1,0,1,1,0,0,27,0,2,Forward,
Iliman Ndiaye,SEN,Marseille,fr Ligue 1,23 years,18.0,562,554,7,1,2,0,18,1,0,0,0,0,465,1,20,Forward,Midfielder
Massamba Ndiaye,SEN,Clermont Foot,fr Ligue 1,21 years,4.0,174,140,32,8,0,0,0,0,0,0,0,0,129,2,1,Goalkeeper,
Rassoul Ndiaye,SEN,Le Havre,fr Ligue 1,21 years,5.8,263,260,3,3,0,1,8,0,0,0,0,0,209,0,7,Midfielder,Forward
Michael Ndiweni,ENG,Newcastle Utd,eng Premier League,19 years,0.0,2,2,0,0,0,0,0,0,0,0,0,0,1,0,1,Forward,
Cher Ndour,ITA,Paris S-G,fr Ligue 1,19 years,0.3,25,25,0,0,0,0,0,0,0,0,0,0,23,0,0,Midfielder,
Dan Ndoye,SUI,Bologna,it Serie A,22 years,19.7,602,577,21,1,0,5,47,5,15,11,2,0,467,4,27,Forward,Midfielder
Joseph Nduquidi,FRA,Metz,fr Ligue 1,18 years,8.3,212,194,17,4,1,2,0,13,0,0,0,0,173,1,1,Midfielder,Defender
Loïc Nego,HUN,Le Havre,fr Ligue 1,32 years,17.3,639,552,85,3,0,0,44,81,1,0,0,0,481,2,17,Defender,Midfielder
Álvaro Negredo,ESP,Cádiz,es La Liga,37 years,0.6,22,17,3,0,0,0,2,1,0,0,0,0,10,2,1,Forward,Midfielder
Reiss Nelson,ENG,Arsenal,eng Premier League,23 years,3.0,144,132,12,4,0,1,14,3,5,4,0,0,127,0,3,Forward,
Zack Nelson,ENG,Luton Town,eng Premier League,18 years,0.1,4,2,2,0,0,0,0,0,0,0,0,0,4,0,0,Midfielder,Defender
Neto,BRA,Bournemouth,eng Premier League,34 years,32.0,1060,749,307,84,0,2,0,0,0,0,0,0,692,4,2,Goalkeeper,
Pedro Neto,POR,Wolves,eng Premier League,23 years,16.8,722,645,73,23,1,5,115,14,34,16,10,2,538,4,17,Forward,Midfielder
Luca Netz,GER,Gladbach,de Bundesliga,20 years,24.7,1220,999,216,22,2,1,74,172,22,6,13,0,945,5,28,Defender,
Manuel Neuer,GER,Bayern Munich,de Bundesliga,37 years,22.8,876,754,122,24,0,3,0,1,0,0,0,0,754,0,0,Goalkeeper,
Florian Neuhaus,GER,Gladbach,de Bundesliga,26 years,13.6,567,548,16,14,7,14,10,2,0,0,0,0,470,3,8,Midfielder,
Carlos Neva,ESP,Granada,es La Liga,27 years,35.0,1701,1295,401,52,0,4,83,349,0,0,0,0,1291,5,66,Defender,
Jessic Ngankam,GER,Mainz 05,de Bundesliga,23 years,2.0,24,22,2,0,0,0,1,0,0,0,0,0,13,0,0,Forward,Midfielder
Jessic Ngankam,GER,Eintracht Frankfurt,de Bundesliga,23 years,3.1,45,42,3,0,0,0,0,0,0,0,0,0,33,0,2,Forward,
Cyril Ngonge,BEL,Hellas Verona,it Serie A,23 years,15.9,361,324,35,10,4,5,51,2,10,2,7,0,234,2,12,Forward,Midfielder
Cyril Ngonge,BEL,Napoli,it Serie A,23 years,3.5,144,131,13,2,1,1,20,2,9,4,5,0,107,0,4,Forward,
Steve Ngoura,FRA,Le Havre,fr Ligue 1,18 years,2.5,50,48,2,0,0,1,1,0,0,0,0,0,33,0,2,Forward,Midfielder
Moussa Niakhate,SEN,Nottingham Forest,eng Premier League,27 years,16.2,775,687,87,12,0,3,11,74,0,0,0,0,618,1,7,Defender,
M'Baye Niang,SEN,Empoli,it Serie A,28 years,7.9,140,132,8,1,1,5,4,0,0,0,0,0,90,0,3,Forward,
Tanguy Nianzou,FRA,Sevilla,es La Liga,21 years,3.5,156,147,8,4,0,2,0,4,0,0,0,0,137,1,1,Defender,
Shamar Nicholson,JAM,Clermont Foot,fr Ligue 1,26 years,16.5,386,353,33,0,1,5,6,0,0,0,0,0,272,0,13,Forward,
Rasmus Nicolaisen,DEN,Toulouse,fr Ligue 1,26 years,32.5,1679,1616,61,42,1,4,0,4,0,0,0,0,1426,2,6,Defender,
Moritz Nicolas,GER,Gladbach,de Bundesliga,25 years,27.0,1055,836,213,52,0,0,0,0,0,0,0,0,818,6,0,Goalkeeper,
Hans Nicolussi Caviglia,ITA,Juventus,it Serie A,23 years,3.0,136,114,22,8,0,6,18,1,13,3,8,0,107,0,1,Midfielder,
Saúl Ñíguez,ESP,Atlético Madrid,es La Liga,28 years,15.3,682,662,16,11,2,3,16,3,0,0,0,0,549,4,10,Midfielder,
Justin Njinmah,GER,Werder Bremen,de Bundesliga,22 years,11.3,215,211,2,1,1,1,10,1,0,0,0,0,146,2,11,Forward,
Eddie Nketiah,ENG,Arsenal,eng Premier League,24 years,12.0,215,199,16,0,3,0,5,1,0,0,0,0,168,0,10,Forward,
Niels Nkounkou,FRA,Eintracht Frankfurt,de Bundesliga,22 years,14.5,868,706,162,13,8,4,53,144,5,0,2,0,625,0,33,Defender,Midfielder
Christopher Nkunku,FRA,Chelsea,eng Premier League,25 years,4.9,183,166,16,0,3,1,4,1,3,1,0,0,159,1,5,Forward,Midfielder
Felix Nmecha,GER,Dortmund,de Bundesliga,22 years,11.3,457,445,12,12,1,4,3,0,0,0,0,0,382,0,10,Midfielder,
Lukas Nmecha,GER,Wolfsburg,de Bundesliga,24 years,0.5,12,11,1,0,0,0,0,0,0,0,0,0,6,0,0,Forward,
Peru Nolaskoain,ESP,Athletic Club,es La Liga,24 years,0.1,8,8,0,0,0,0,0,0,0,0,0,0,5,0,0,Defender,Midfielder
Joseph Nonge,BEL,Juventus,it Serie A,18 years,0.3,9,9,0,0,0,0,0,0,0,0,0,0,7,0,0,Midfielder,
Jonathan Norbye,NOR,RB Leipzig,de Bundesliga,16 years,0.0,1,1,0,0,0,0,0,0,0,0,0,0,1,0,0,Midfielder,
Arnaud Nordin,FRA,Montpellier,fr Ligue 1,25 years,13.8,390,376,11,1,2,0,35,3,1,0,1,0,304,3,17,Forward,Midfielder
Rhys Norrington-Davies,WAL,Sheffield Utd,eng Premier League,24 years,1.2,67,55,12,1,0,1,2,11,0,0,0,0,48,0,2,Defender,
Oliver Norwood,NIR,Sheffield Utd,eng Premier League,32 years,16.0,911,813,95,55,2,8,52,1,35,5,25,2,634,3,10,Midfielder,
Tijjani Noslin,NED,Hellas Verona,it Serie A,24 years,14.9,338,330,7,0,0,0,15,0,0,0,0,0,235,1,9,Forward,Midfielder
Randy Nteka,ANG,Rayo Vallecano,es La Liga,25 years,6.4,180,171,6,0,1,1,3,1,0,0,0,0,129,3,6,Forward,Midfielder
Ernest Nuamah,GHA,Lyon,fr Ligue 1,19 years,20.4,692,643,48,18,0,7,75,5,24,19,2,0,535,1,26,Forward,Midfielder
Alexander Nübel,GER,Stuttgart,de Bundesliga,26 years,30.0,1218,1056,159,47,0,1,0,0,0,0,0,0,998,3,0,Goalkeeper,
Kasim Nuhu,GHA,Hoffenheim,de Bundesliga,28 years,0.1,3,1,0,0,0,0,0,0,0,0,0,0,1,2,0,Defender,
Matheus Nunes,POR,Wolves,eng Premier League,24 years,2.0,106,97,8,4,0,0,3,2,1,1,0,0,87,1,2,Midfielder,
Matheus Nunes,POR,Manchester City,eng Premier League,24 years,7.3,443,429,14,9,1,1,19,2,3,2,0,0,373,0,12,Midfielder,
Darwin Núñez,URU,Liverpool,eng Premier League,24 years,22.7,493,472,17,2,6,1,19,5,0,0,0,0,341,4,18,Forward,
Unai Núñez,ESP,Celta Vigo,es La Liga,26 years,31.1,1635,1547,86,82,2,35,1,4,0,0,0,0,1303,2,15,Defender,
Fabian Nürnberger,BUL,Darmstadt 98,de Bundesliga,24 years,16.8,895,747,141,25,2,7,64,99,17,2,12,1,713,7,12,Defender,Midfielder
Ethan Nwaneri,ENG,Arsenal,eng Premier League,16 years,0.2,18,18,0,0,0,0,0,0,0,0,0,0,15,0,0,Forward,
Simeon Nwankwo,NGA,Salernitana,it Serie A,31 years,7.6,133,125,7,1,1,0,0,1,0,0,0,0,83,1,7,Forward,
Gerzino Nyamsi,FRA,Strasbourg,fr Ligue 1,26 years,12.1,632,595,37,29,0,6,1,0,0,0,0,0,555,0,6,Defender,
Ørjan Nyland,NOR,Sevilla,es La Liga,32 years,24.0,787,497,287,86,0,2,0,0,0,0,0,0,486,3,0,Goalkeeper,
Rabby Nzingoula,CGO,Strasbourg,fr Ligue 1,17 years,1.5,43,43,0,0,0,0,3,0,0,0,0,0,27,0,1,Midfielder,Forward
M'Bala Nzola,ANG,Fiorentina,it Serie A,26 years,17.2,345,333,12,0,0,0,6,3,0,0,0,0,283,0,9,Forward,
Christian Nørgaard,DEN,Brentford,eng Premier League,29 years,27.8,1501,1422,73,23,8,8,22,32,1,0,0,0,1199,6,16,Midfielder,
Jake O'Brien,IRL,Lyon,fr Ligue 1,22 years,26.3,1440,1375,63,37,0,9,1,9,0,0,0,0,1270,2,9,Defender,
Mark O'Mahony,IRL,Brighton,eng Premier League,18 years,0.7,16,16,0,0,0,0,0,0,0,0,0,0,13,0,0,Forward,
Dara O'Shea,IRL,Burnley,eng Premier League,24 years,32.1,1759,1705,47,34,3,10,11,9,0,0,0,0,1393,7,19,Defender,
Michael Obafemi,IRL,Burnley,eng Premier League,23 years,0.2,5,5,0,0,0,0,0,0,0,0,0,0,4,0,0,Forward,Midfielder
Adam Obert,SVK,Cagliari,it Serie A,20 years,10.5,474,429,43,17,1,14,15,24,2,0,2,0,372,2,11,Defender,
Pedro Obiang,EQG,Sassuolo,it Serie A,31 years,5.0,188,177,11,10,0,2,1,0,0,0,0,0,152,0,4,Midfielder,
Jan Oblak,SVN,Atlético Madrid,es La Liga,30 years,38.0,1025,675,348,65,1,0,0,0,0,0,0,0,773,2,0,Goalkeeper,
Brian Ocampo,URU,Cádiz,es La Liga,24 years,2.8,132,118,14,1,1,3,19,6,7,3,3,0,83,0,3,Midfielder,Forward
Lucas Ocampos,ARG,Sevilla,es La Liga,29 years,31.9,1247,1112,131,5,2,19,120,124,1,0,1,0,837,4,51,Forward,Midfielder
Guillermo Ochoa,MEX,Salernitana,it Serie A,38 years,21.0,652,397,253,82,0,0,0,0,0,0,0,0,393,2,1,Goalkeeper,
Jens Odgaard,DEN,Bologna,it Serie A,24 years,4.8,135,130,5,1,0,0,8,1,1,1,0,0,94,0,9,Forward,Midfielder
Wilson Odobert,FRA,Burnley,eng Premier League,18 years,23.3,584,567,15,0,3,2,35,2,1,0,1,0,446,2,33,Midfielder,Forward
Álvaro Odriozola,ESP,Real Sociedad,es La Liga,27 years,4.4,244,196,48,2,0,1,10,46,0,0,0,0,212,0,7,Defender,
Tim Oermann,GER,Bochum,de Bundesliga,19 years,7.9,262,196,63,1,0,1,8,62,0,0,0,0,181,3,7,Defender,
Odeluga Offiah,ENG,Brighton,eng Premier League,20 years,1.4,80,70,9,0,0,0,3,9,0,0,0,0,63,1,5,Defender,
Chiedozie Ogbene,IRL,Luton Town,eng Premier League,26 years,22.2,790,697,91,5,0,2,79,80,0,0,0,0,589,2,47,Midfielder,Defender
Angelo Ogbonna,ITA,West Ham,eng Premier League,35 years,7.1,214,194,20,12,0,2,0,0,0,0,0,0,171,0,2,Defender,
Florent Ogier,FRA,Clermont Foot,fr Ligue 1,34 years,10.5,512,488,24,15,0,1,0,0,0,0,0,0,425,0,0,Defender,
Noah Okafor,SUI,Milan,it Serie A,23 years,9.9,193,184,6,0,1,1,22,2,0,0,0,0,120,3,6,Forward,Midfielder
David Okereke,NGA,Torino,it Serie A,25 years,2.8,92,91,1,0,0,0,4,1,0,0,0,0,72,0,4,Forward,Midfielder
Caleb Okoli,ITA,Frosinone,it Serie A,22 years,32.4,1720,1588,129,66,0,6,2,27,0,0,0,0,1407,3,16,Defender,
Maduka Okoye,NGA,Udinese,it Serie A,23 years,21.0,451,244,203,42,0,0,0,0,0,0,0,0,275,4,1,Goalkeeper,
Masaya Okugawa,JPN,Augsburg,de Bundesliga,27 years,0.4,11,9,2,0,0,0,0,2,0,0,0,0,7,0,0,Forward,Defender
Joseph Okumu,KEN,Reims,fr Ligue 1,26 years,19.4,1293,1256,29,24,0,17,3,2,0,0,0,0,1062,8,12,Defender,
Aingeru Olabarrieta,ESP,Athletic Club,es La Liga,17 years,0.1,5,5,0,0,0,0,2,0,0,0,0,0,2,0,2,Forward,
Michael Olakigbe,ENG,Brentford,eng Premier League,19 years,0.7,40,38,2,1,0,0,7,1,0,0,0,0,27,0,3,Defender,Forward
Olasagasti,ESP,Real Sociedad,es La Liga,22 years,4.0,172,166,3,2,1,3,1,0,1,0,1,0,127,3,7,Midfielder,
Finn Ole Becker,GER,Hoffenheim,de Bundesliga,23 years,6.7,315,302,11,2,1,1,7,4,5,4,0,0,247,2,6,Midfielder,
Mathias Olesen,LUX,Köln,de Bundesliga,22 years,1.2,53,52,0,0,0,0,1,0,0,0,0,0,42,1,2,Midfielder,Forward
Michael Olise,FRA,Crystal Palace,eng Premier League,21 years,14.2,721,605,111,44,7,4,97,10,41,25,10,2,540,5,23,Forward,Midfielder
Mathías Olivera,URU,Napoli,it Serie A,25 years,17.4,1175,992,182,26,1,6,27,156,0,0,0,0,1024,1,22,Defender,
Dani Olmo,ESP,RB Leipzig,de Bundesliga,25 years,16.1,657,639,13,9,9,9,21,4,0,0,0,0,511,5,21,Midfielder,
Robin Olsen,SWE,Aston Villa,eng Premier League,33 years,4.5,203,163,40,13,0,0,0,0,0,0,0,0,165,0,0,Goalkeeper,
Warmed Omari,COM,Rennes,fr Ligue 1,23 years,23.0,1291,1252,38,32,4,8,0,2,0,0,0,0,1162,1,12,Defender,
Becir Omeragic,SUI,Montpellier,fr Ligue 1,21 years,25.7,1060,1003,57,34,0,10,3,4,0,0,0,0,904,0,12,Defender,Midfielder
Jonas Omlin,SUI,Gladbach,de Bundesliga,29 years,7.0,276,224,52,18,0,0,0,0,0,0,0,0,208,0,0,Goalkeeper,
Andrew Omobamidele,IRL,Nottingham Forest,eng Premier League,21 years,8.7,310,304,6,5,0,0,0,1,0,0,0,0,271,0,1,Defender,
Samu Omorodion,ESP,Alavés,es La Liga,19 years,21.3,322,278,43,1,1,1,2,3,0,0,0,0,232,1,8,Forward,
Samu Omorodion,ESP,Granada,es La Liga,19 years,0.9,15,13,2,0,0,0,0,0,0,0,0,0,10,0,1,Forward,
Amadou Onana,BEL,Everton,eng Premier League,21 years,23.2,1036,1017,10,6,6,14,3,1,0,0,0,0,871,9,10,Midfielder,
André Onana,CMR,Manchester Utd,eng Premier League,27 years,38.0,1521,1277,236,74,1,6,0,0,0,0,0,0,1105,8,2,Goalkeeper,
Jean Onana,CMR,Marseille,fr Ligue 1,23 years,6.3,458,446,8,8,1,3,2,0,0,0,0,0,398,4,6,Midfielder,
Ryan One,SCO,Sheffield Utd,eng Premier League,17 years,0.1,1,1,0,0,0,0,0,0,0,0,0,0,1,0,0,Forward,
Karim Onisiwo,AUT,Mainz 05,de Bundesliga,31 years,16.6,338,304,30,0,3,1,21,5,0,0,0,0,205,4,20,Forward,Midfielder
Tyler Onyango,ENG,Everton,eng Premier League,20 years,0.0,0,0,0,0,0,0,0,0,0,0,0,0,0,0,0,Midfielder,
Fred Onyedinma,ENG,Luton Town,eng Premier League,26 years,4.5,135,97,38,1,0,0,13,37,0,0,0,0,91,0,7,Defender,Midfielder
Frank Onyeka,NGA,Brentford,eng Premier League,25 years,12.9,396,389,6,2,2,0,16,4,0,0,0,0,299,1,13,Midfielder,
Loïs Openda,BEL,RB Leipzig,de Bundesliga,23 years,30.0,524,495,28,1,5,1,32,11,0,0,0,0,348,1,30,Forward,
Royce Openda Owaga,GAB,Lorient,fr Ligue 1,21 years,0.2,3,3,0,0,0,0,0,0,0,0,0,0,2,0,0,Forward,
Christopher Operi,CIV,Le Havre,fr Ligue 1,26 years,27.2,1570,1191,371,93,0,9,190,223,55,23,26,0,1147,8,32,Defender,
Leon Opitz,GER,Werder Bremen,de Bundesliga,18 years,0.2,13,9,4,0,0,1,2,4,0,0,0,0,6,0,1,Forward,Defender
Gift Orban,NGA,Lyon,fr Ligue 1,21 years,5.3,103,97,6,3,0,1,3,0,1,0,0,0,73,0,6,Forward,
Willi Orban,HUN,RB Leipzig,de Bundesliga,30 years,17.6,1396,1352,42,39,0,4,1,3,0,0,0,0,1251,2,7,Defender,
Ivan Ordets,UKR,Bochum,de Bundesliga,31 years,20.9,653,641,9,7,0,3,1,2,0,0,0,0,473,3,5,Defender,
Divock Origi,BEL,Nottingham Forest,eng Premier League,28 years,6.7,144,143,1,1,3,0,13,0,0,0,0,0,92,0,10,Forward,
Gaetano Oristanio,ITA,Cagliari,it Serie A,20 years,12.3,242,225,17,6,0,9,32,2,5,3,2,0,164,0,13,Forward,Midfielder
Aimar Oroz,ESP,Osasuna,es La Liga,21 years,26.0,1035,986,43,5,3,3,11,7,1,1,0,0,839,6,35,Midfielder,
Riccardo Orsolini,ITA,Bologna,it Serie A,26 years,19.9,731,646,80,18,3,21,100,3,59,43,14,0,490,5,38,Forward,Midfielder
Stefan Ortega,GER,Manchester City,eng Premier League,30 years,7.1,266,240,26,7,0,0,0,0,0,0,0,0,213,0,1,Goalkeeper,
Eneko Ortiz,ESP,Alavés,es La Liga,20 years,0.2,4,2,2,0,0,0,1,2,0,0,0,0,3,0,1,Defender,
Asier Osambela,ESP,Osasuna,es La Liga,19 years,0.1,5,5,0,0,0,0,0,0,0,0,0,0,2,0,0,Midfielder,
Ben Osborn,ENG,Sheffield Utd,eng Premier League,28 years,15.2,608,526,77,8,1,1,47,50,12,10,0,0,448,5,15,Defender,Midfielder
Gabriel Osho,NGA,Luton Town,eng Premier League,24 years,20.5,706,697,8,8,0,1,3,0,0,0,0,0,580,1,3,Defender,
Victor Osimhen,NGA,Napoli,it Serie A,24 years,22.0,290,269,17,0,1,1,14,3,0,0,0,0,194,4,15,Forward,
Milutin Osmajić,MNE,Cádiz,es La Liga,24 years,0.1,3,3,0,0,0,0,0,0,0,0,0,0,2,0,1,Midfielder,
Patrick Osterhage,GER,Bochum,de Bundesliga,23 years,20.7,835,812,20,10,5,1,20,7,3,1,0,0,658,3,27,Midfielder,
William Osula,DEN,Sheffield Utd,eng Premier League,19 years,8.7,93,90,2,0,0,0,2,0,0,0,0,0,49,1,1,Forward,
Dango Ouattara,BFA,Bournemouth,eng Premier League,21 years,13.7,558,473,84,8,2,1,36,73,3,0,0,0,371,1,23,Forward,Defender
Kassoum Ouattara,FRA,Monaco,fr Ligue 1,18 years,7.1,329,266,61,2,0,0,35,59,0,0,0,0,213,2,11,Defender,Forward
Remi Oudin,FRA,Lecce,it Serie A,26 years,20.2,804,626,173,66,2,19,156,17,87,44,31,0,497,5,21,Midfielder,Forward
Alexandre Oukidja,ALG,Metz,fr Ligue 1,35 years,33.2,1002,593,407,115,0,6,0,0,0,0,0,0,513,2,2,Goalkeeper,
Azzedine Ounahi,MAR,Marseille,fr Ligue 1,23 years,13.4,817,799,15,10,3,2,22,3,1,1,0,0,722,3,15,Midfielder,
Adam Ounas,ALG,Lille,fr Ligue 1,26 years,4.6,194,181,12,2,2,1,22,2,8,5,1,0,138,1,4,Forward,
Patrick Ouotro,CIV,Strasbourg,fr Ligue 1,17 years,0.1,2,2,0,0,0,0,0,0,0,0,0,0,1,0,0,Forward,
Aiham Ousou,SYR,Cádiz,es La Liga,23 years,4.8,181,174,6,5,1,2,0,1,0,0,0,0,142,1,2,Defender,
Jesús Owono,EQG,Alavés,es La Liga,22 years,4.0,119,75,44,13,0,0,0,0,0,0,0,0,77,0,0,Goalkeeper,
Mikel Oyarzabal,ESP,Real Sociedad,es La Liga,26 years,24.0,507,476,27,3,2,2,10,1,0,0,0,0,373,4,17,Forward,Midfielder
Anthony Oyono,GAB,Frosinone,it Serie A,22 years,13.3,621,490,130,5,0,1,11,125,0,0,0,0,518,1,16,Defender,
Salih Özcan,TUR,Dortmund,de Bundesliga,25 years,13.2,794,758,35,27,4,4,1,7,0,0,0,0,680,1,13,Midfielder,
Cenk Özkacar,TUR,Valencia,es La Liga,22 years,17.8,860,810,48,25,1,9,6,21,0,0,0,0,698,2,15,Defender,
David Ozoh,ENG,Crystal Palace,eng Premier League,18 years,1.7,51,51,0,0,0,0,0,0,0,0,0,0,48,0,1,Midfielder,Defender
Jon Pacheco,ESP,Real Sociedad,es La Liga,22 years,17.0,1173,1113,54,44,1,13,1,2,0,0,0,0,1019,6,2,Defender,
Willian Pacho,ECU,Eintracht Frankfurt,de Bundesliga,21 years,33.0,2286,2183,94,50,3,10,7,13,0,0,0,0,1930,9,26,Defender,
Gonçalo Paciência,POR,Bochum,de Bundesliga,28 years,7.2,176,161,12,3,1,1,10,2,2,1,1,0,111,3,11,Forward,Midfielder
Simone Pafundi,ITA,Udinese,it Serie A,17 years,0.1,6,4,2,2,0,0,1,0,0,0,0,0,5,0,0,Midfielder,
Riccardo Pagano,ITA,Roma,it Serie A,18 years,0.6,23,22,1,0,0,0,1,0,1,1,0,0,20,0,0,Midfielder,Defender
Pablo Pagis,FRA,Lorient,fr Ligue 1,20 years,1.8,61,58,3,0,0,1,2,0,3,1,0,0,46,0,0,Midfielder,
Exequiel Palacios,ARG,Leverkusen,de Bundesliga,24 years,20.3,2023,1967,51,28,7,9,6,10,2,0,0,0,1856,5,23,Midfielder,
Isaac Palazón Camacho,ESP,Rayo Vallecano,es La Liga,28 years,31.0,1203,1046,146,50,8,12,131,6,83,37,28,1,825,11,31,Midfielder,Forward
João Palhinha,POR,Fulham,eng Premier League,28 years,30.0,1333,1272,55,52,6,20,5,1,0,0,0,0,1098,6,29,Midfielder,
Nicolas Pallois,FRA,Nantes,fr Ligue 1,35 years,17.7,774,729,42,21,0,2,13,16,0,0,0,0,620,3,7,Defender,
Cole Palmer,ENG,Chelsea,eng Premier League,21 years,29.0,1415,1294,111,23,27,14,81,22,55,24,12,0,1121,10,37,Forward,Midfielder
Cole Palmer,ENG,Manchester City,eng Premier League,21 years,0.1,5,5,0,0,0,0,0,0,0,0,0,0,4,0,0,Midfielder,
Emerson Palmieri,ITA,West Ham,eng Premier League,28 years,34.9,1745,1459,280,18,2,5,49,256,6,0,5,0,1421,6,57,Defender,
Joaquín Panichelli,ARG,Alavés,es La Liga,20 years,2.5,46,43,2,0,0,1,0,1,0,0,0,0,29,1,3,Forward,Midfielder
Miloš Pantović,SRB,Union Berlin,de Bundesliga,27 years,0.2,7,7,0,0,0,0,0,0,0,0,0,0,4,0,1,Midfielder,
Antonios Papadopoulos,GER,Dortmund,de Bundesliga,23 years,1.3,74,74,0,0,0,1,0,0,0,0,0,0,59,0,2,Defender,
Christos Papadopoulos,GRE,Genoa,it Serie A,18 years,0.0,0,0,0,0,0,0,0,0,0,0,0,0,0,0,0,Forward,
Sokratis Papastathopoulos,GRE,Betis,es La Liga,35 years,12.6,574,547,27,26,0,0,0,1,0,0,0,0,507,0,3,Defender,
Merveille Papela,GER,Mainz 05,de Bundesliga,22 years,2.9,91,82,8,1,1,0,2,7,0,0,0,0,64,1,3,Midfielder,Defender
Leart Paqarada,KVX,Köln,de Bundesliga,28 years,11.9,717,548,164,21,0,7,92,103,40,25,11,0,490,5,40,Defender,
Lucas Paquetá,BRA,West Ham,eng Premier League,25 years,29.1,1465,1397,60,20,30,17,35,11,0,0,0,0,1082,8,53,Forward,Midfielder
Victor Parada,ESP,Alavés,es La Liga,21 years,0.0,0,0,0,0,0,0,0,0,0,0,0,0,0,0,0,Forward,Midfielder
Aitor Paredes,ESP,Athletic Club,es La Liga,23 years,30.0,1556,1507,47,39,2,11,1,2,0,0,0,0,1331,2,7,Defender,
Kevin Paredes,USA,Wolfsburg,de Bundesliga,20 years,15.9,592,542,49,8,0,2,33,40,1,0,1,0,455,1,21,Forward,Midfielder
Leandro Paredes,ARG,Roma,it Serie A,29 years,29.3,2129,1950,177,104,3,20,82,12,60,33,24,0,1880,2,20,Midfielder,
Daniel Parejo,ESP,Villarreal,es La Liga,34 years,28.7,1847,1668,166,114,5,13,57,2,48,24,14,1,1624,13,22,Midfielder,
Fabiano Parisi,ITA,Fiorentina,it Serie A,22 years,16.2,1001,851,148,25,2,4,42,123,0,0,0,0,830,2,23,Defender,
Ben Parkinson,ENG,Newcastle Utd,eng Premier League,18 years,0.3,3,2,1,0,0,0,0,0,0,0,0,0,1,0,0,Forward,
Thomas Partey,GHA,Arsenal,eng Premier League,30 years,8.8,636,609,24,14,3,3,2,10,0,0,0,0,570,3,3,Midfielder,Defender
Mario Pašalić,CRO,Atalanta,it Serie A,28 years,22.8,1145,1107,35,29,4,11,10,2,0,0,0,0,988,3,13,Midfielder,
Triantafyllos Pasaridīs,GRE,Salernitana,it Serie A,27 years,5.0,172,164,8,7,0,0,0,1,0,0,0,0,141,0,2,Defender,
Pascu,ESP,Villarreal,es La Liga,20 years,0.2,5,5,0,0,0,0,0,0,0,0,0,0,4,0,0,Forward,
Felix Passlack,GER,Bochum,de Bundesliga,25 years,10.7,414,310,99,0,2,1,40,98,1,0,1,0,262,5,24,Defender,
Patric,ESP,Lazio,it Serie A,30 years,17.9,1199,1143,51,34,2,11,11,16,0,0,0,0,1051,5,4,Defender,
Rui Patrício,POR,Roma,it Serie A,35 years,23.0,630,442,187,50,0,0,0,0,0,0,0,0,493,1,0,Goalkeeper,
Nathan Patterson,SCO,Everton,eng Premier League,21 years,11.2,550,439,110,1,1,1,32,109,0,0,0,0,393,1,13,Defender,
Gabriel Paulista,BRA,Atlético Madrid,es La Liga,32 years,4.5,274,268,5,4,0,1,0,0,0,0,0,0,240,1,0,Defender,
Gabriel Paulista,BRA,Valencia,es La Liga,32 years,15.5,816,771,41,37,2,10,0,0,0,0,0,0,699,4,2,Defender,
Benjamin Pavard,FRA,Inter,it Serie A,27 years,18.6,1308,1247,59,33,0,3,24,26,0,0,0,0,1180,2,10,Defender,
Jiří Pavlenka,CZE,Werder Bremen,de Bundesliga,31 years,7.0,246,148,98,29,0,0,0,0,0,0,0,0,187,0,0,Goalkeeper,
Aleksandar Pavlovic,GER,Bayern Munich,de Bundesliga,19 years,13.6,971,935,31,15,0,6,18,2,14,3,9,0,897,5,4,Midfielder,
Leonardo Pavoletti,ITA,Cagliari,it Serie A,34 years,7.0,157,152,3,1,1,0,1,1,0,0,0,0,87,2,3,Forward,
Martín Payero,ARG,Udinese,it Serie A,24 years,20.0,547,520,23,10,2,1,20,7,5,2,3,0,413,4,7,Midfielder,
Nicolás Paz,ARG,Real Madrid,es La Liga,18 years,0.3,24,23,1,0,0,0,1,0,1,1,0,0,18,0,0,Midfielder,Forward
Myles Peart-Harris,ENG,Brentford,eng Premier League,20 years,0.1,10,8,2,0,0,0,1,2,0,0,0,0,6,0,0,Defender,Midfielder
Sydie Peck,ENG,Sheffield Utd,eng Premier League,18 years,0.1,1,1,0,0,0,0,0,0,0,0,0,0,1,0,0,Midfielder,
Mads Pedersen,DEN,Augsburg,de Bundesliga,26 years,19.8,853,652,196,19,3,6,53,176,1,1,0,0,637,5,22,Defender,
Marcus Pedersen,NOR,Sassuolo,it Serie A,23 years,17.9,735,566,168,8,0,1,57,160,0,0,0,0,563,1,22,Defender,
Alfonso Pedraza,ESP,Villarreal,es La Liga,27 years,12.4,598,482,113,13,2,7,58,100,0,0,0,0,459,3,25,Defender,
Pedri,ESP,Barcelona,es La Liga,20 years,16.4,1189,1138,44,23,11,5,9,8,3,0,2,0,1035,7,23,Midfielder,Forward
Pedro,ESP,Lazio,it Serie A,36 years,9.1,431,422,8,4,2,2,20,0,4,2,2,0,357,1,7,Forward,Midfielder
Adrià Pedrosa,ESP,Sevilla,es La Liga,25 years,19.5,931,747,179,18,2,3,111,151,10,6,1,0,681,5,28,Defender,
Jordan Pefok,USA,Gladbach,de Bundesliga,27 years,15.8,281,259,22,1,0,0,0,0,0,0,0,0,221,0,6,Forward,
Jordan Pefok,USA,Union Berlin,de Bundesliga,27 years,0.3,5,5,0,0,0,0,0,0,0,0,0,0,2,0,1,Forward,
Dženan Pejčinović,GER,Wolfsburg,de Bundesliga,18 years,0.4,10,10,0,0,1,0,0,0,0,0,0,0,6,0,0,Forward,
Pejiño,ESP,Las Palmas,es La Liga,27 years,5.6,232,213,18,1,1,4,31,4,13,8,3,0,166,1,6,Forward,
Pietro Pellegri,ITA,Torino,it Serie A,22 years,8.4,138,124,14,0,0,0,5,2,0,0,0,0,86,0,8,Forward,
Lorenzo Pellegrini,ITA,Roma,it Serie A,27 years,20.7,850,779,70,27,9,3,76,2,40,19,17,0,665,1,16,Midfielder,
Luca Pellegrini,ITA,Lazio,it Serie A,24 years,8.7,515,419,94,6,1,1,28,87,1,0,0,0,372,2,21,Defender,
Marco Pellegrino,ARG,Salernitana,it Serie A,21 years,6.1,256,238,18,7,0,0,1,11,0,0,0,0,211,0,3,Defender,
Marco Pellegrino,ARG,Milan,it Serie A,21 years,0.8,48,46,2,0,0,0,0,0,0,0,0,0,43,0,1,Defender,
Facundo Pellistri,URU,Manchester Utd,eng Premier League,21 years,1.9,79,78,0,0,0,0,4,0,0,0,0,0,60,1,5,Forward,Midfielder
Facundo Pellistri,URU,Granada,es La Liga,21 years,13.7,305,287,15,1,1,0,30,10,4,0,1,0,213,3,23,Midfielder,Forward
Andy Pelmard,FRA,Clermont Foot,fr Ligue 1,23 years,33.2,1666,1551,107,52,2,2,6,42,0,0,0,0,1412,8,16,Defender,
Aurélien Pelon,FRA,Lorient,fr Ligue 1,19 years,1.0,33,33,0,0,0,0,0,0,0,0,0,0,26,0,0,Defender,
Faris Pemi Moumbagna,CMR,Marseille,fr Ligue 1,23 years,6.1,107,99,6,0,0,0,4,0,0,0,0,0,74,2,2,Forward,
Iñaki Peña,ESP,Barcelona,es La Liga,24 years,10.0,297,230,67,19,0,0,0,0,0,0,0,0,259,0,0,Goalkeeper,
Marcos Peña,ESP,Almería,es La Liga,18 years,4.9,217,209,8,8,0,0,0,0,0,0,0,0,188,0,2,Midfielder,
Rubén Peña,ESP,Osasuna,es La Liga,32 years,23.2,955,785,162,5,2,3,111,149,4,3,1,0,626,8,38,Defender,Forward
Pepín,EQG,Monza,it Serie A,26 years,2.7,143,134,7,2,2,1,4,2,3,0,3,0,113,2,3,Midfielder,Forward
Alberto Perea,ESP,Granada,es La Liga,32 years,0.0,7,5,2,2,0,0,1,0,0,0,0,0,6,0,0,Midfielder,Forward
Andreas Pereira,BRA,Fulham,eng Premier League,27 years,29.0,1295,1035,255,67,14,11,220,7,148,49,74,1,912,5,44,Midfielder,
Danilo Pereira,POR,Paris S-G,fr Ligue 1,31 years,22.2,2223,2181,39,33,1,4,1,5,0,0,0,0,2089,3,2,Defender,
Mathias Pereira Lage,POR,Brest,fr Ligue 1,26 years,13.2,395,342,52,24,0,2,66,2,26,12,12,0,266,1,8,Forward,Midfielder
Pedro Pereira,POR,Monza,it Serie A,25 years,9.3,517,448,66,2,0,2,37,64,0,0,0,0,406,3,17,Defender,
Daniel Peretz,ISR,Bayern Munich,de Bundesliga,23 years,0.2,17,15,2,0,0,0,0,0,0,0,0,0,12,0,0,Goalkeeper,
Roberto Pereyra,ARG,Udinese,it Serie A,32 years,20.6,598,554,41,6,3,3,24,14,2,2,0,0,472,3,25,Forward,Midfielder
Ayoze Pérez,ESP,Betis,es La Liga,30 years,25.5,738,721,13,1,5,4,19,5,0,0,0,0,572,4,44,Forward,
Carles Pérez,ESP,Celta Vigo,es La Liga,25 years,8.6,259,253,5,0,3,1,17,5,0,0,0,0,201,1,8,Midfielder,Defender
Francisco Perez,ESP,Valencia,es La Liga,20 years,22.8,584,574,10,2,3,1,50,5,3,0,0,0,436,0,28,Midfielder,Forward
Kike Pérez,ESP,Rayo Vallecano,es La Liga,26 years,9.3,368,341,24,7,6,7,18,5,4,1,2,0,279,3,7,Midfielder,Forward
Nehuén Pérez,ARG,Udinese,it Serie A,23 years,36.0,1599,1386,209,94,1,29,19,107,0,0,0,0,1267,4,11,Defender,
Matteo Perez Vinlöf,SWE,Bayern Munich,de Bundesliga,17 years,0.2,13,10,3,1,0,0,1,2,0,0,0,0,11,0,0,Forward,
Simone Perilli,ITA,Hellas Verona,it Serie A,28 years,1.0,38,29,8,3,0,0,0,0,0,0,0,0,17,1,0,Goalkeeper,
Mattia Perin,ITA,Juventus,it Serie A,30 years,2.5,66,49,17,5,0,1,0,0,0,0,0,0,54,0,0,Goalkeeper,
Samuele Perisan,ITA,Empoli,it Serie A,25 years,1.0,34,21,13,1,0,0,0,0,0,0,0,0,27,0,0,Goalkeeper,
Ivan Perišić,CRO,Tottenham,eng Premier League,34 years,1.1,76,72,4,1,0,1,13,2,1,1,0,0,53,0,1,Forward,
Romain Perraud,FRA,Nice,fr Ligue 1,25 years,4.1,243,191,52,6,0,0,21,39,7,0,4,0,176,0,8,Defender,Forward
Lucas Perrin,FRA,Strasbourg,fr Ligue 1,24 years,30.3,1839,1693,143,84,4,9,5,14,0,0,0,0,1608,3,8,Defender,
Máximo Perrone,ARG,Las Palmas,es La Liga,20 years,18.0,1311,1278,29,28,4,1,0,0,0,0,0,0,1181,4,11,Midfielder,
Pavao Pervan,AUT,Wolfsburg,de Bundesliga,35 years,9.0,300,234,66,29,0,0,0,0,0,0,0,0,229,0,0,Goalkeeper,
Matteo Pessina,ITA,Monza,it Serie A,26 years,35.8,2154,2037,112,65,1,9,19,4,0,0,0,0,1903,5,26,Midfielder,
Andrea Petagna,ITA,Cagliari,it Serie A,28 years,11.1,239,215,24,3,1,2,2,2,0,0,0,0,170,0,8,Forward,
Denis Petrić,SRB,Nantes,fr Ligue 1,35 years,0.3,8,5,2,2,0,0,0,0,0,0,0,0,6,1,0,Goalkeeper,
Njegoš Petrović,SRB,Granada,es La Liga,24 years,1.7,81,78,2,1,0,0,1,1,0,0,0,0,67,1,1,Midfielder,Forward
Đorđe Petrović,SRB,Chelsea,eng Premier League,23 years,22.1,806,629,175,26,0,0,0,0,0,0,0,0,635,2,0,Goalkeeper,
Jens Petter Hauge,NOR,Eintracht Frankfurt,de Bundesliga,23 years,1.6,85,78,7,2,1,1,2,3,2,1,0,0,69,0,2,Midfielder,Forward
Germán Pezzella,ARG,Betis,es La Liga,32 years,30.7,1485,1413,72,68,1,6,2,3,0,0,0,0,1277,0,3,Defender,
Giuseppe Pezzella,ITA,Empoli,it Serie A,25 years,12.1,585,452,132,16,1,0,54,116,0,0,0,0,434,1,28,Defender,
Luca Pfeiffer,GER,Darmstadt 98,de Bundesliga,26 years,18.0,414,378,34,2,1,2,5,5,0,0,0,0,290,2,7,Forward,Midfielder
Patric Pfeiffer,GER,Augsburg,de Bundesliga,23 years,5.7,267,257,9,6,0,3,1,3,0,0,0,0,193,1,7,Defender,
Maximilian Philipp,GER,Freiburg,de Bundesliga,29 years,3.6,109,106,3,1,0,0,4,0,1,0,0,0,81,0,7,Forward,Midfielder
Kalvin Phillips,ENG,West Ham,eng Premier League,27 years,3.4,179,170,7,6,1,1,1,1,0,0,0,0,141,2,2,Midfielder,
Kalvin Phillips,ENG,Manchester City,eng Premier League,27 years,1.0,70,67,3,3,0,0,2,0,0,0,0,0,62,0,1,Midfielder,
Jaden Philogene Bidace,ENG,Aston Villa,eng Premier League,21 years,0.0,4,4,0,0,0,0,0,0,0,0,0,0,3,0,1,Forward,
Kamil Piątkowski,POL,Granada,es La Liga,23 years,5.6,230,225,4,3,0,2,2,1,0,0,0,0,197,1,1,Defender,
Roberto Piccoli,ITA,Empoli,it Serie A,22 years,0.4,6,5,1,0,0,0,0,0,0,0,0,0,4,0,0,Forward,
Roberto Piccoli,ITA,Lecce,it Serie A,22 years,15.3,246,229,16,0,1,1,6,1,0,0,0,0,147,1,9,Forward,
Florian Pick,GER,Heidenheim,de Bundesliga,27 years,3.6,183,146,35,13,0,1,32,4,18,9,8,0,118,2,10,Midfielder,Forward
Jordan Pickford,ENG,Everton,eng Premier League,29 years,38.0,1576,1074,496,223,1,5,0,0,0,0,0,0,986,6,0,Goalkeeper,
Amos Pieper,GER,Werder Bremen,de Bundesliga,25 years,6.6,312,297,12,11,1,1,2,1,0,0,0,0,229,3,6,Defender,
Marvin Pieringer,GER,Heidenheim,de Bundesliga,23 years,16.8,431,415,15,0,3,2,7,2,0,0,0,0,298,1,11,Midfielder,Forward
Santiago Pierotti,ARG,Lecce,it Serie A,22 years,2.2,67,65,1,0,0,0,4,0,0,0,0,0,48,1,2,Midfielder,Forward
Niccolò Pierozzi,ITA,Salernitana,it Serie A,21 years,9.7,348,294,54,18,0,0,6,36,0,0,0,0,264,0,8,Defender,
Ronaël Pierre-Gabriel,FRA,Nantes,fr Ligue 1,25 years,6.6,289,238,50,5,0,0,9,45,0,0,0,0,227,1,11,Defender,
Andrea Pinamonti,ITA,Sassuolo,it Serie A,24 years,34.2,630,553,75,0,1,1,10,0,0,0,0,0,411,2,27,Forward,
Ethan Pinnock,JAM,Brentford,eng Premier League,30 years,28.0,1432,1374,55,26,0,8,7,24,0,0,0,0,1192,3,13,Defender,
Yeremi Pino,ESP,Villarreal,es La Liga,20 years,5.3,171,164,5,1,2,0,7,4,0,0,0,0,137,2,1,Midfielder,Forward
Carlo Pinsoglio,ITA,Juventus,it Serie A,33 years,0.5,21,19,2,2,0,0,0,0,0,0,0,0,14,0,0,Goalkeeper,
Lorenzo Pirola,ITA,Salernitana,it Serie A,21 years,22.1,1040,980,59,36,0,3,2,10,0,0,0,0,868,1,12,Defender,
Niccolò Pisilli,ITA,Roma,it Serie A,18 years,0.1,6,6,0,0,0,0,0,0,0,0,0,0,5,0,0,Midfielder,
Alassane Pléa,FRA,Gladbach,de Bundesliga,30 years,21.3,774,720,54,7,13,8,44,4,7,3,3,0,541,0,33,Forward,Midfielder
Tommaso Pobega,ITA,Milan,it Serie A,24 years,3.5,132,131,1,1,1,0,0,0,0,0,0,0,103,0,5,Midfielder,
Paul Pogba,FRA,Juventus,it Serie A,30 years,0.6,35,32,3,3,1,1,1,0,0,0,0,0,27,0,2,Midfielder,
Ole Pohlmann,GER,Dortmund,de Bundesliga,22 years,0.6,20,17,3,1,0,0,3,0,2,2,0,0,13,0,0,Midfielder,
Matteo Politano,ITA,Napoli,it Serie A,29 years,26.2,1292,1137,145,36,2,31,135,38,65,30,13,2,994,10,43,Forward,
Sebastian Polter,GER,Darmstadt 98,de Bundesliga,32 years,5.0,112,103,7,0,0,0,4,0,0,0,0,0,65,2,7,Forward,
Julien Ponceau,FRA,Lorient,fr Ligue 1,22 years,24.9,1200,1126,66,26,2,4,49,16,23,8,15,0,1014,8,29,Midfielder,
Marin Pongračić,CRO,Lecce,it Serie A,25 years,35.8,1872,1701,166,139,0,10,1,5,0,0,0,0,1583,5,9,Defender,
Nick Pope,ENG,Newcastle Utd,eng Premier League,31 years,14.9,399,274,125,30,0,0,0,0,0,0,0,0,307,0,0,Goalkeeper,
Pedro Porro,ESP,Tottenham,eng Premier League,23 years,34.3,2369,1907,451,56,14,11,198,295,100,36,36,1,1806,11,68,Defender,
Portu,ESP,Getafe,es La Liga,31 years,1.1,23,21,2,1,0,0,2,0,1,0,1,0,17,0,2,Forward,
Portu,ESP,Girona,es La Liga,31 years,13.2,308,291,14,1,4,0,19,0,2,0,2,0,232,3,15,Midfielder,Forward
Stefan Posch,AUT,Bologna,it Serie A,26 years,26.8,2082,1779,298,50,0,7,39,248,0,0,0,0,1712,5,48,Defender,
Yussuf Poulsen,DEN,RB Leipzig,de Bundesliga,29 years,13.5,289,272,14,1,3,0,4,2,0,0,0,0,207,3,13,Forward,
José Pozo,ESP,Rayo Vallecano,es La Liga,27 years,0.2,11,11,0,0,0,0,0,0,0,0,0,0,11,0,0,Midfielder,
Alejandro Pozo Pozo,ESP,Almería,es La Liga,24 years,10.8,598,481,112,9,1,1,41,103,0,0,0,0,443,5,20,Defender,Midfielder
Beñat Prados,ESP,Athletic Club,es La Liga,22 years,16.1,811,771,34,20,5,3,10,13,0,0,0,0,667,6,9,Midfielder,Defender
Matteo Prati,ITA,Cagliari,it Serie A,19 years,21.9,755,705,43,25,3,0,15,4,2,0,2,0,560,7,22,Midfielder,
Abdón Prats,ESP,Mallorca,es La Liga,30 years,14.1,240,228,11,2,5,3,8,0,2,1,1,0,132,1,14,Forward,Midfielder
Sanjin Prcić,BIH,Strasbourg,fr Ligue 1,29 years,1.0,47,42,4,4,0,1,0,0,0,0,0,0,44,1,0,Midfielder,
Grischa Prömel,GER,Hoffenheim,de Bundesliga,28 years,23.8,983,963,17,14,6,5,10,3,0,0,0,0,802,3,27,Midfielder,
Ivan Provedel,ITA,Lazio,it Serie A,29 years,30.0,1022,790,227,51,0,3,0,0,0,0,0,0,835,5,0,Goalkeeper,
Marc Pubill,ESP,Almería,es La Liga,20 years,20.9,958,743,213,26,0,3,68,187,0,0,0,0,686,2,32,Defender,
Gustavo Puerta,COL,Leverkusen,de Bundesliga,20 years,0.5,42,40,2,1,0,0,1,0,1,0,1,0,39,0,0,Defender,Midfielder
Antonio Puertas,ESP,Granada,es La Liga,31 years,8.1,214,200,12,0,2,1,20,7,0,0,0,0,154,2,6,Midfielder,Forward
Arnau Puigmal,ESP,Almería,es La Liga,22 years,2.8,93,80,13,2,0,0,14,5,5,3,2,0,65,0,3,Forward,Defender
Christian Pulisic,USA,Milan,it Serie A,24 years,28.9,1074,1035,36,3,3,2,101,12,21,5,13,0,832,3,48,Forward,Midfielder
George Pușcaș,ROU,Genoa,it Serie A,27 years,2.1,61,58,3,0,0,0,0,0,0,0,0,0,34,0,3,Forward,
Jarell Quansah,ENG,Liverpool,eng Premier League,20 years,13.2,1172,1147,22,16,1,5,0,4,0,0,0,0,1038,3,2,Defender,
Domingos Quina,POR,Udinese,it Serie A,23 years,0.1,1,1,0,0,0,0,0,0,0,0,0,0,1,0,0,Midfielder,
Adrien Rabiot,FRA,Juventus,it Serie A,28 years,29.5,1211,1167,40,15,3,7,45,25,0,0,0,0,996,4,27,Midfielder,
Uroš Račić,SRB,Sassuolo,it Serie A,25 years,9.1,396,391,5,4,1,7,2,1,0,0,0,0,322,0,4,Midfielder,
Nemanja Radonjić,SRB,Torino,it Serie A,27 years,4.2,89,86,2,0,0,1,11,2,0,0,0,0,57,1,5,Midfielder,Forward
Nemanja Radonjić,SRB,Mallorca,es La Liga,27 years,3.9,119,107,12,0,0,1,20,3,6,0,6,0,78,0,3,Midfielder,Defender
Aleksandar Radovanović,SRB,Almería,es La Liga,29 years,6.3,197,190,6,3,0,4,0,0,0,0,0,0,181,1,0,Defender,
Ionuț Radu,ROU,Bournemouth,eng Premier League,26 years,2.0,68,54,14,3,0,0,0,0,0,0,0,0,56,0,0,Goalkeeper,
Boris Radunović,SRB,Cagliari,it Serie A,27 years,7.0,222,139,83,17,0,0,0,0,0,0,0,0,169,0,0,Goalkeeper,
Hamza Rafia,TUN,Lecce,it Serie A,24 years,13.4,504,469,34,12,4,4,38,4,14,5,7,0,359,1,18,Midfielder,
Abdellah Raihani,MAR,Atlético Madrid,es La Liga,19 years,0.1,0,0,0,0,0,0,0,0,0,0,0,0,0,0,0,Forward,
Antonio Raillo,ESP,Mallorca,es La Liga,31 years,24.4,1159,1084,72,57,0,3,2,0,0,0,0,0,990,3,6,Defender,
Luca Raimund,GER,Stuttgart,de Bundesliga,18 years,0.3,23,23,0,0,0,0,1,0,0,0,0,0,16,0,0,Forward,Midfielder
Predrag Rajković,SRB,Mallorca,es La Liga,27 years,36.0,1249,820,426,126,0,2,0,0,0,0,0,0,735,3,0,Goalkeeper,
Jesurun Rak Sakyi,ENG,Crystal Palace,eng Premier League,20 years,1.5,50,50,0,0,0,0,3,0,0,0,0,0,37,0,2,Midfielder,Forward
Ivan Rakitić,CRO,Sevilla,es La Liga,35 years,15.8,1095,912,175,71,2,32,131,22,82,24,39,0,821,8,19,Midfielder,
Ylber Ramadani,ALB,Lecce,it Serie A,27 years,33.0,1250,1229,19,17,3,6,14,2,0,0,0,0,991,2,27,Midfielder,
Largie Ramazani,BEL,Almería,es La Liga,22 years,17.3,340,331,7,1,4,2,32,3,1,1,0,0,203,2,17,Forward,Midfielder
Benito Ramírez,ESP,Las Palmas,es La Liga,28 years,4.3,196,170,26,6,1,0,33,12,8,3,4,0,136,0,12,Forward,Midfielder
Sandro Ramírez,ESP,Las Palmas,es La Liga,28 years,20.1,690,574,111,12,1,4,89,3,69,18,34,0,516,5,24,Forward,
Chris Ramos,ESP,Cádiz,es La Liga,26 years,29.0,486,469,13,0,0,0,12,3,0,0,0,0,274,4,9,Forward,Midfielder
Gonçalo Ramos,POR,Paris S-G,fr Ligue 1,22 years,15.8,397,389,7,1,4,0,3,1,0,0,0,0,304,1,14,Forward,
Sergio Ramos,ESP,Sevilla,es La Liga,37 years,28.0,1524,1470,52,46,1,31,2,5,0,0,0,0,1356,2,3,Defender,
Aaron Ramsdale,ENG,Arsenal,eng Premier League,25 years,6.0,188,153,35,16,0,0,0,0,0,0,0,0,131,0,2,Goalkeeper,
Aaron Ramsey,ENG,Burnley,eng Premier League,20 years,5.9,151,141,9,1,1,0,2,2,0,0,0,0,118,1,9,Midfielder,Forward
Jacob Ramsey,ENG,Aston Villa,eng Premier League,22 years,9.5,322,310,12,1,3,0,11,1,10,3,0,0,257,0,9,Forward,Midfielder
Luca Ranieri,ITA,Fiorentina,it Serie A,24 years,22.9,1362,1289,69,51,0,5,13,16,0,0,0,0,1142,4,8,Defender,
Filippo Ranocchia,ITA,Empoli,it Serie A,22 years,5.3,216,199,17,13,1,3,10,2,2,2,0,0,152,0,5,Midfielder,Defender
Grant Ranos,ARM,Gladbach,de Bundesliga,20 years,0.5,25,25,0,0,0,1,1,0,0,0,0,0,20,0,0,Midfielder,Forward
Raphinha,BRA,Barcelona,es La Liga,26 years,15.2,693,600,88,18,6,11,82,19,50,20,19,0,522,5,16,Forward,Midfielder
Nicolai Rapp,GER,Werder Bremen,de Bundesliga,26 years,0.8,40,39,1,0,0,0,0,1,0,0,0,0,32,0,0,Defender,
Elba Rashani,KVX,Clermont Foot,fr Ligue 1,30 years,13.1,392,382,9,3,1,0,28,3,3,0,0,0,294,1,20,Midfielder,Forward
Marcus Rashford,ENG,Manchester Utd,eng Premier League,25 years,25.2,742,708,26,0,6,4,35,16,3,0,0,0,559,8,18,Forward,
Giacomo Raspadori,ITA,Napoli,it Serie A,23 years,17.6,709,638,68,15,6,18,65,5,28,5,18,0,525,3,20,Forward,Midfielder
Andrei Ratiu,ROU,Rayo Vallecano,es La Liga,25 years,7.0,313,253,60,4,0,1,18,56,0,0,0,0,245,0,14,Defender,Midfielder
Raúl,ESP,Osasuna,es La Liga,22 years,15.1,306,285,18,1,1,0,6,2,0,0,0,0,191,3,11,Forward,
David Raum,GER,RB Leipzig,de Bundesliga,25 years,30.4,2154,1675,469,63,2,11,306,277,129,46,54,2,1566,10,61,Defender,
Federico Ravaglia,ITA,Bologna,it Serie A,23 years,5.9,206,160,46,12,0,0,0,0,0,0,0,0,166,0,0,Goalkeeper,
David Raya,ESP,Arsenal,eng Premier League,27 years,32.0,1068,898,167,71,0,1,0,0,0,0,0,0,800,3,2,Goalkeeper,
Tim Ream,USA,Fulham,eng Premier League,35 years,16.7,1060,1010,49,19,0,8,1,0,0,0,0,0,944,1,9,Defender,
Abderrahman Rebbach,ALG,Alavés,es La Liga,24 years,8.0,225,179,44,3,0,1,63,12,28,10,8,2,124,2,18,Forward,Midfielder
Nathan Redmond,ENG,Burnley,eng Premier League,29 years,1.6,73,71,0,0,0,1,3,0,0,0,0,0,48,2,1,Forward,Midfielder
Harrison Reed,ENG,Fulham,eng Premier League,28 years,14.7,748,702,46,23,2,0,19,7,5,2,3,0,627,0,24,Midfielder,
Sergio Reguilón,ESP,Manchester Utd,eng Premier League,26 years,4.6,314,252,60,5,0,1,29,49,6,1,4,0,244,2,7,Defender,
Sergio Reguilón,ESP,Brentford,eng Premier League,26 years,12.4,522,428,91,29,1,1,72,35,27,8,11,0,351,3,19,Defender,
Tijjani Reijnders,NED,Milan,it Serie A,25 years,31.3,1746,1669,73,33,7,2,39,14,23,11,7,0,1575,4,22,Midfielder,
Pepe Reina,ESP,Villarreal,es La Liga,40 years,2.0,69,55,14,3,0,0,0,0,0,0,0,0,57,0,0,Goalkeeper,
Reinier,BRA,Frosinone,it Serie A,21 years,11.8,401,383,18,3,2,2,13,4,8,1,0,0,318,0,10,Midfielder,Forward
Rocco Reitz,GER,Gladbach,de Bundesliga,21 years,23.7,1043,1005,33,18,11,2,15,1,0,0,0,0,782,5,43,Midfielder,
Álex Remiro,ESP,Real Sociedad,es La Liga,28 years,36.4,1258,977,276,113,0,1,0,0,0,0,0,0,965,5,0,Goalkeeper,
Guillaume Restes,FRA,Toulouse,fr Ligue 1,18 years,34.0,897,604,291,97,0,0,0,1,0,0,0,0,666,2,2,Goalkeeper,
Mateo Retegui,ITA,Genoa,it Serie A,24 years,24.6,412,381,27,0,0,0,20,2,0,0,0,0,265,4,21,Forward,
Marco Reus,GER,Dortmund,de Bundesliga,34 years,17.8,707,634,70,21,6,2,32,7,19,8,9,0,588,3,19,Midfielder,Forward
Elvis Rexhbeçaj,KVX,Augsburg,de Bundesliga,25 years,22.1,709,670,37,21,3,1,21,3,3,0,2,0,523,2,19,Midfielder,
Gio Reyna,USA,Nottingham Forest,eng Premier League,20 years,2.6,140,129,9,4,0,0,8,1,4,3,1,0,118,2,3,Forward,Midfielder
Gio Reyna,USA,Dortmund,de Bundesliga,20 years,3.1,193,188,5,2,0,2,4,2,0,0,0,0,166,0,3,Midfielder,Forward
Chadi Riad,MAR,Betis,es La Liga,20 years,24.0,1198,1166,31,29,0,1,0,2,0,0,0,0,1074,1,9,Defender,
Alexsandro Ribeiro,BRA,Lille,fr Ligue 1,23 years,24.7,1804,1706,96,65,3,12,2,6,0,0,0,0,1615,2,9,Defender,
Rodrigo Ribeiro,POR,Nottingham Forest,eng Premier League,18 years,0.2,8,8,0,0,0,0,0,0,0,0,0,0,6,0,0,Midfielder,Forward
Samuele Ricci,ITA,Torino,it Serie A,21 years,26.6,1310,1224,83,68,1,3,54,7,8,4,2,1,1121,3,21,Midfielder,
Declan Rice,ENG,Arsenal,eng Premier League,24 years,35.8,2295,2181,107,48,2,17,60,1,47,38,0,0,2041,7,26,Midfielder,
Chris Richards,USA,Crystal Palace,eng Premier League,23 years,23.3,942,902,37,18,1,5,1,14,0,0,0,0,778,3,15,Defender,Midfielder
Amir Richardson,MAR,Reims,fr Ligue 1,21 years,15.0,651,635,14,8,3,3,13,5,0,0,0,0,534,2,11,Midfielder,
Richarlison,BRA,Tottenham,eng Premier League,26 years,16.6,392,360,29,3,2,3,14,1,0,0,0,0,267,3,25,Forward,
Marco Richter,GER,Mainz 05,de Bundesliga,25 years,8.0,291,256,34,12,4,3,36,12,10,3,7,0,184,1,10,Midfielder,Forward
Diego Rico,ESP,Getafe,es La Liga,30 years,28.2,1495,1150,335,24,2,28,130,311,0,0,0,0,993,10,49,Defender,
Clemens Riedel,GER,Darmstadt 98,de Bundesliga,20 years,8.4,576,545,30,5,0,3,8,25,0,0,0,0,490,1,9,Defender,
Fabian Rieder,SUI,Rennes,fr Ligue 1,21 years,4.1,212,196,14,9,0,3,9,1,4,3,0,0,169,2,4,Midfielder,
Jaïro Riedewald,NED,Crystal Palace,eng Premier League,26 years,2.6,113,104,7,5,0,0,3,0,2,1,0,1,87,2,3,Midfielder,Forward
Manuel Riemann,GER,Bochum,de Bundesliga,34 years,33.0,1715,1313,393,184,0,8,4,0,0,0,0,0,1031,9,0,Goalkeeper,
Luis Rioja,ESP,Alavés,es La Liga,29 years,27.8,855,757,91,22,2,4,174,16,53,12,22,2,551,7,51,Forward,Midfielder
Rémy Riou,FRA,Lyon,fr Ligue 1,35 years,3.0,104,69,35,12,0,0,0,0,0,0,0,0,80,0,0,Goalkeeper,
Rodrigo Riquelme,ESP,Atlético Madrid,es La Liga,23 years,17.0,673,612,59,14,1,4,65,30,14,7,4,0,501,2,27,Defender,Midfielder
Alberto Risco,ESP,Getafe,es La Liga,17 years,1.5,47,44,3,0,0,0,1,3,0,0,0,0,39,0,1,Midfielder,
Mihailo Ristić,SRB,Celta Vigo,es La Liga,27 years,9.0,513,408,103,15,0,4,39,83,4,0,4,0,371,2,17,Defender,Midfielder
Matt Ritchie,SCO,Newcastle Utd,eng Premier League,33 years,1.4,93,91,2,0,0,0,7,0,2,1,0,0,70,0,3,Forward,Midfielder
Gorka Rivera Alonso,ESP,Getafe,es La Liga,18 years,0.0,6,5,1,0,0,0,0,1,0,0,0,0,4,0,0,Defender,
Sergi Roberto,ESP,Barcelona,es La Liga,31 years,9.6,654,621,30,11,0,0,9,11,0,0,0,0,582,3,10,Midfielder,Defender
Lucas Robertone,ARG,Almería,es La Liga,26 years,26.5,1363,1250,105,58,10,12,67,8,30,7,18,0,1107,8,18,Midfielder,
Connor Roberts,WAL,Burnley,eng Premier League,27 years,9.1,495,406,87,13,0,2,10,74,0,0,0,0,395,2,9,Defender,
Andrew Robertson,SCO,Liverpool,eng Premier League,29 years,18.8,1547,1297,240,41,0,7,184,109,90,34,53,0,1248,10,29,Defender,
Antonee Robinson,USA,Fulham,eng Premier League,25 years,36.3,2054,1736,314,25,1,11,132,289,0,0,0,0,1514,4,68,Defender,
Jack Robinson,ENG,Sheffield Utd,eng Premier League,29 years,32.1,1255,1045,205,32,1,7,12,173,0,0,0,0,895,5,21,Defender,
Marc Roca,ESP,Betis,es La Liga,26 years,22.0,1193,1118,69,59,1,14,25,4,6,2,2,0,997,6,13,Midfielder,
Sebastian Rode,GER,Eintracht Frankfurt,de Bundesliga,32 years,0.7,57,56,1,0,0,0,1,1,0,0,0,0,44,0,0,Midfielder,
Sergio Rodelas,ESP,Granada,es La Liga,18 years,1.4,33,30,2,0,0,0,4,2,0,0,0,0,27,1,1,Forward,Defender
Rodri,ESP,Manchester City,eng Premier League,27 years,32.6,3656,3572,79,69,15,36,12,6,3,0,0,0,3365,5,22,Midfielder,
Rodri,ESP,Betis,es La Liga,23 years,11.7,570,544,23,5,6,1,36,13,5,5,0,0,449,3,21,Forward,Midfielder
Álvaro Rodríguez,URU,Real Madrid,es La Liga,19 years,0.0,0,0,0,0,0,0,0,0,0,0,0,0,0,0,0,Forward,
Óscar Rodríguez Arnaiz,ESP,Getafe,es La Liga,25 years,10.7,442,418,23,6,3,8,17,3,11,3,4,0,333,1,15,Midfielder,Forward
Damián Rodríguez,ESP,Celta Vigo,es La Liga,20 years,2.9,213,196,17,7,0,0,9,0,10,4,2,0,191,0,2,Midfielder,
Dani Rodríguez,ESP,Mallorca,es La Liga,35 years,29.1,1010,827,170,53,9,8,169,9,90,29,37,5,693,13,18,Midfielder,
Guido Rodríguez,ARG,Betis,es La Liga,29 years,20.5,1042,998,41,40,1,21,6,1,0,0,0,0,888,3,19,Midfielder,
Jay Rodriguez,ENG,Burnley,eng Premier League,34 years,9.1,216,216,0,0,1,4,1,0,0,0,0,0,142,0,4,Forward,
Kirian Rodríguez,ESP,Las Palmas,es La Liga,27 years,35.7,3062,2929,114,101,16,10,26,4,6,1,0,0,2705,19,29,Midfielder,
Miguel Rodríguez,ESP,Celta Vigo,es La Liga,20 years,3.3,116,101,12,3,0,1,11,7,2,1,0,0,82,3,2,Midfielder,
Ricardo Rodríguez,SUI,Torino,it Serie A,30 years,30.8,1677,1566,108,28,1,11,57,51,15,11,4,0,1401,3,14,Defender,
Rodrygo,BRA,Real Madrid,es La Liga,22 years,26.4,1007,961,42,6,3,1,32,10,13,1,6,0,883,4,17,Forward,
Mads Roerslev,DEN,Brentford,eng Premier League,24 years,22.1,742,664,74,3,1,3,62,71,0,0,0,0,496,4,29,Defender,
Rogério,BRA,Wolfsburg,de Bundesliga,25 years,10.1,552,441,111,13,0,5,27,98,0,0,0,0,455,0,12,Defender,
Morgan Rogers,ENG,Aston Villa,eng Premier League,21 years,7.1,195,182,10,0,2,2,2,2,0,0,0,0,147,3,7,Midfielder,Forward
Merlin Röhl,GER,Freiburg,de Bundesliga,21 years,16.4,458,454,4,4,1,2,16,0,0,0,0,0,365,0,14,Midfielder,Forward
Alessio Romagnoli,ITA,Lazio,it Serie A,28 years,26.8,1759,1625,128,57,1,3,1,2,0,0,0,0,1604,6,3,Defender,
Simone Romagnoli,ITA,Frosinone,it Serie A,33 years,30.2,1421,1256,165,76,0,1,1,0,0,0,0,0,1221,0,9,Defender,
Carlos Romero,ESP,Villarreal,es La Liga,21 years,2.9,164,130,33,0,0,1,11,33,0,0,0,0,113,1,9,Defender,
Cristian Romero,ARG,Tottenham,eng Premier League,25 years,31.0,2606,2456,147,123,6,4,3,14,0,0,0,0,2390,3,24,Defender,
Isaac Romero,ESP,Sevilla,es La Liga,23 years,11.5,209,187,17,0,1,1,12,0,0,0,0,0,146,5,11,Forward,
Luka Romero,ARG,Milan,it Serie A,18 years,1.0,39,37,2,0,0,0,2,1,1,1,0,0,33,0,1,Forward,Midfielder
Luka Romero,ARG,Almería,es La Liga,18 years,4.9,148,145,3,2,0,0,2,1,0,0,0,0,137,0,0,Forward,
Oriol Romeu,ESP,Barcelona,es La Liga,31 years,10.4,806,793,13,12,4,7,6,1,0,0,0,0,717,0,9,Midfielder,
Valentin Rongier,FRA,Marseille,fr Ligue 1,28 years,9.5,577,557,19,17,8,7,3,2,0,0,0,0,504,1,6,Midfielder,
Frank Ronstadt,GER,Darmstadt 98,de Bundesliga,26 years,0.8,42,39,3,0,0,0,2,3,0,0,0,0,35,0,1,Defender,Midfielder
Marten de Roon,NED,Atalanta,it Serie A,32 years,28.9,1712,1636,74,60,5,22,16,13,0,0,0,0,1446,2,17,Midfielder,Defender
Unai Ropero,ESP,Alavés,es La Liga,21 years,0.1,5,3,1,0,0,0,0,0,1,0,0,0,4,1,0,Midfielder,
Vitor Roque,BRA,Barcelona,es La Liga,18 years,3.6,67,65,1,0,0,0,2,0,0,0,0,0,49,1,6,Forward,
Pablo Rosario,NED,Nice,fr Ligue 1,26 years,22.3,1187,1103,81,32,5,0,6,49,0,0,0,0,1056,3,15,Midfielder,Defender
Valentin Rosier,FRA,Nice,fr Ligue 1,26 years,0.6,33,27,6,1,0,0,0,5,0,0,0,0,28,0,0,Defender,Midfielder
Francesco Rossi,ITA,Atalanta,it Serie A,32 years,0.1,2,1,1,0,0,0,0,0,0,0,0,0,1,0,0,Goalkeeper,
Joe Rothwell,ENG,Bournemouth,eng Premier League,28 years,4.3,216,194,20,11,0,1,12,0,8,6,0,1,179,2,3,Midfielder,
Anthony Rouault,FRA,Stuttgart,de Bundesliga,22 years,11.2,931,881,49,17,2,5,3,28,0,0,0,0,824,1,12,Defender,
Jérôme Roussillon,FRA,Union Berlin,de Bundesliga,30 years,8.4,355,266,87,7,0,2,21,80,0,0,0,0,263,2,7,Defender,
Nicolò Rovella,ITA,Lazio,it Serie A,21 years,14.6,976,925,48,30,2,7,20,2,16,2,11,0,851,3,18,Midfielder,
Amir Rrahmani,KVX,Napoli,it Serie A,29 years,28.9,2255,2153,97,72,0,45,4,6,0,0,0,0,2028,5,8,Defender,
Ruan,BRA,Sassuolo,it Serie A,24 years,16.8,698,636,62,33,0,1,2,17,0,0,0,0,593,0,10,Defender,
Pelly Ruddock Mpanzu,COD,Luton Town,eng Premier League,30 years,12.2,364,338,24,7,0,7,11,8,2,0,0,0,268,2,13,Midfielder,
Antonio Rüdiger,GER,Real Madrid,es La Liga,30 years,30.1,1815,1761,50,30,3,10,4,9,0,0,0,0,1630,4,9,Defender,
Fabian Rüdlin,GER,Freiburg,de Bundesliga,26 years,0.1,5,5,0,0,0,0,0,0,0,0,0,0,4,0,0,Midfielder,
Javier Rueda Garcia,ESP,Celta Vigo,es La Liga,21 years,0.2,16,13,3,0,0,0,0,3,0,0,0,0,14,0,0,Midfielder,Defender
Daniele Rugani,ITA,Juventus,it Serie A,29 years,13.2,636,611,24,8,0,4,1,1,0,0,0,0,564,1,4,Defender,
Matteo Ruggeri,ITA,Atalanta,it Serie A,21 years,27.2,1562,1343,218,8,0,9,101,200,10,1,4,0,1250,1,33,Defender,
Mário Rui,POR,Napoli,it Serie A,32 years,13.4,1068,906,162,40,2,11,62,106,16,0,15,0,860,0,16,Defender,
Aitor Ruibal,ESP,Betis,es La Liga,27 years,11.3,586,490,95,11,0,4,28,84,0,0,0,0,445,1,27,Defender,Forward
Fabián Ruiz Peña,ESP,Paris S-G,fr Ligue 1,27 years,13.3,872,843,29,21,0,4,11,1,2,2,0,0,778,0,12,Midfielder,
Sergio Ruiz,ESP,Granada,es La Liga,28 years,27.7,1283,1231,46,35,3,11,17,3,6,2,2,0,1080,6,19,Midfielder,
Julian Ryerson,NOR,Dortmund,de Bundesliga,25 years,19.6,1129,997,129,9,0,2,40,120,0,0,0,0,974,3,19,Defender,
Frederik Rønnow,DEN,Union Berlin,de Bundesliga,30 years,33.0,1316,1003,311,93,0,3,0,0,0,0,0,0,951,2,0,Goalkeeper,
José Sá,POR,Wolves,eng Premier League,30 years,33.7,1097,771,323,70,0,1,0,0,0,0,0,0,720,3,1,Goalkeeper,
Youssouf Sabaly,SEN,Betis,es La Liga,30 years,11.6,656,561,92,6,0,0,27,86,0,0,0,0,540,3,17,Defender,
Emmanuel Sabbi,USA,Le Havre,fr Ligue 1,25 years,17.6,368,353,12,5,2,1,20,5,1,1,0,0,258,3,24,Forward,Midfielder
Stefano Sabelli,ITA,Genoa,it Serie A,30 years,27.0,977,781,192,7,1,6,99,185,0,0,0,0,611,4,43,Defender,
Marcel Sabitzer,AUT,Dortmund,de Bundesliga,29 years,21.8,1067,993,72,19,1,4,30,14,17,7,8,0,868,2,19,Midfielder,
Falaye Sacko,MLI,Montpellier,fr Ligue 1,28 years,15.4,784,636,148,10,0,2,27,138,0,0,0,0,605,0,20,Defender,
Dominic Sadi,ENG,Bournemouth,eng Premier League,19 years,0.0,1,1,0,0,0,0,0,0,0,0,0,0,0,0,0,Forward,
Umar Sadiq,NGA,Real Sociedad,es La Liga,26 years,12.0,192,176,16,0,0,1,12,0,0,0,0,0,131,0,10,Forward,
Alexis Saelemaekers,BEL,Bologna,it Serie A,24 years,21.0,1008,908,92,25,5,8,86,14,50,27,21,0,786,8,36,Forward,Midfielder
Pablo Saenz,ESP,Granada,es La Liga,22 years,0.2,7,7,0,0,0,0,1,0,0,0,0,0,5,0,1,Midfielder,
Modibo Sagnan,MLI,Montpellier,fr Ligue 1,24 years,11.7,517,500,15,10,0,5,1,2,0,0,0,0,442,2,6,Defender,
Wesley Saïd,FRA,Lens,fr Ligue 1,28 years,11.3,268,239,27,1,2,1,15,5,0,0,0,0,193,2,3,Forward,Midfielder
Théo Sainte-Luce,FRA,Montpellier,fr Ligue 1,24 years,3.8,172,134,36,4,0,0,7,32,0,0,0,0,136,2,4,Defender,
Bukayo Saka,ENG,Arsenal,eng Premier League,21 years,32.4,1512,1365,138,7,4,3,181,12,119,99,0,0,1143,9,50,Forward,
Mamadou Sakho,FRA,Montpellier,fr Ligue 1,33 years,0.1,16,15,1,1,0,0,0,0,0,0,0,0,15,0,0,Defender,
Ibrahim Salah,MAR,Rennes,fr Ligue 1,21 years,5.8,232,230,2,0,1,1,20,0,2,0,1,0,177,0,6,Forward,Midfielder
Mohamed Salah,EGY,Liverpool,eng Premier League,31 years,28.2,1010,968,28,4,18,3,41,20,0,0,0,0,737,14,42,Forward,
Amine Salama,FRA,Reims,fr Ligue 1,23 years,3.5,73,70,3,0,0,0,5,1,0,0,0,0,48,0,4,Forward,
Kike Salas,ESP,Sevilla,es La Liga,21 years,17.8,1009,951,54,23,2,4,7,31,0,0,0,0,794,4,13,Defender,
William Saliba,FRA,Arsenal,eng Premier League,22 years,38.0,2851,2794,55,33,3,2,3,7,0,0,0,0,2635,2,11,Defender,
Mohammed Salisu,GHA,Monaco,fr Ligue 1,24 years,11.5,778,751,27,19,0,0,1,7,0,0,0,0,657,0,9,Defender,
Roland Sallai,HUN,Freiburg,de Bundesliga,26 years,20.4,588,567,17,6,5,1,73,2,9,7,1,0,416,4,32,Midfielder,Forward
Yoann Salmier,GUF,Le Havre,fr Ligue 1,30 years,17.4,767,679,86,25,1,2,9,59,0,0,0,0,612,2,9,Defender,
Salvi,ESP,Rayo Vallecano,es La Liga,32 years,0.3,12,12,0,0,0,0,0,0,0,0,0,0,10,0,0,Midfielder,
Lazar Samardzic,SRB,Udinese,it Serie A,21 years,26.4,987,809,171,58,4,20,124,18,86,39,37,0,733,7,16,Midfielder,
Diadie Samassékou,MLI,Cádiz,es La Liga,27 years,1.0,47,46,1,1,0,1,0,0,0,0,0,0,45,0,0,Midfielder,
Diadie Samassékou,MLI,Hoffenheim,de Bundesliga,27 years,0.0,2,2,0,0,0,0,0,0,0,0,0,0,2,0,0,Midfielder,
Mama Samba Baldé,GNB,Lyon,fr Ligue 1,27 years,6.1,135,132,3,0,2,1,5,0,0,0,0,0,88,0,7,Forward,Midfielder
Brice Samba,FRA,Lens,fr Ligue 1,29 years,33.0,1122,864,254,84,1,2,0,0,0,0,0,0,880,4,1,Goalkeeper,
Albert Sambi Lokonga,BEL,Luton Town,eng Premier League,23 years,14.5,766,694,67,28,5,11,13,8,2,1,1,0,669,5,3,Midfielder,
Junior Sambia,FRA,Salernitana,it Serie A,26 years,11.5,508,419,88,8,0,1,28,75,5,1,4,0,397,1,10,Defender,Midfielder
Fede San Emeterio,ESP,Cádiz,es La Liga,26 years,1.7,52,50,1,1,0,0,1,0,0,0,0,0,43,1,1,Midfielder,
Antonio Sanabria,PAR,Torino,it Serie A,27 years,23.7,624,587,37,2,0,5,6,2,0,0,0,0,494,0,17,Forward,Midfielder
Oihan Sancet,ESP,Athletic Club,es La Liga,23 years,21.9,802,783,13,1,9,0,30,0,0,0,0,0,641,6,21,Midfielder,
Renato Sanches,POR,Roma,it Serie A,25 years,1.6,77,76,1,1,0,0,4,0,0,0,0,0,67,0,1,Midfielder,
Ricard Sánchez,ESP,Granada,es La Liga,23 years,25.5,1091,839,247,17,3,6,82,226,4,1,2,0,820,5,33,Defender,
Alexis Sánchez,CHI,Inter,it Serie A,34 years,8.5,367,335,31,6,5,6,31,0,21,10,6,0,276,1,13,Forward,Midfielder
Antonio Sánchez,ESP,Mallorca,es La Liga,26 years,16.1,545,511,25,5,1,2,36,10,2,1,1,0,378,9,34,Midfielder,
Davinson Sánchez,COL,Tottenham,eng Premier League,27 years,0.9,75,73,2,1,0,0,0,1,0,0,0,0,68,0,0,Defender,
Juanlu Sánchez,ESP,Sevilla,es La Liga,19 years,13.1,730,605,125,8,0,1,61,117,0,0,0,0,577,0,24,Defender,
Manu Sánchez,ESP,Celta Vigo,es La Liga,22 years,19.7,866,678,186,13,0,1,57,169,4,3,1,0,656,2,38,Defender,Midfielder
Robert Sánchez,ESP,Chelsea,eng Premier League,25 years,15.9,609,487,120,29,0,2,0,0,0,0,0,0,500,2,0,Goalkeeper,
Jadon Sancho,ENG,Manchester Utd,eng Premier League,23 years,0.9,43,41,1,0,0,0,1,0,1,0,0,0,34,1,0,Forward,Midfielder
Jadon Sancho,ENG,Dortmund,de Bundesliga,23 years,10.5,512,481,28,3,3,1,29,11,13,7,5,0,414,3,13,Forward,Midfielder
Alex Sandro,BRA,Juventus,it Serie A,32 years,8.0,555,474,79,11,0,2,5,59,0,0,0,0,479,2,4,Defender,
Ibou Sané,SEN,Metz,fr Ligue 1,18 years,1.4,46,40,6,0,0,0,4,3,1,0,1,0,37,0,2,Midfielder,Forward
Leroy Sané,GER,Bayern Munich,de Bundesliga,27 years,23.7,1098,987,106,14,8,6,86,11,63,29,26,0,878,5,31,Forward,
Sadibou Sané,SEN,Metz,fr Ligue 1,19 years,9.4,317,290,27,4,0,1,8,23,0,0,0,0,254,0,3,Defender,
Arouna Sangante,SEN,Le Havre,fr Ligue 1,21 years,29.9,1521,1315,202,61,0,13,15,139,0,0,0,0,1233,4,29,Defender,
Ibrahim Sangaré,CIV,Nottingham Forest,eng Premier League,25 years,11.5,425,414,8,7,3,6,2,1,0,0,0,0,339,3,16,Midfielder,
Morgan Sanson,FRA,Nice,fr Ligue 1,28 years,21.8,836,735,94,27,4,4,114,3,64,20,35,0,630,7,24,Midfielder,
Nicola Sansone,ITA,Lecce,it Serie A,31 years,8.5,277,253,22,6,1,5,28,0,16,8,7,0,207,2,5,Forward,Midfielder
Baptiste Santamaria,FRA,Rennes,fr Ligue 1,28 years,21.4,1207,1175,30,30,2,10,0,0,0,0,0,0,1055,2,14,Midfielder,
Jesús Santiago,ESP,Getafe,es La Liga,19 years,7.3,189,184,4,3,0,1,4,0,1,0,0,0,144,1,8,Midfielder,
Andrey Santos,BRA,Nottingham Forest,eng Premier League,19 years,0.1,6,6,0,0,0,0,0,0,0,0,0,0,6,0,0,Midfielder,
Andrey Santos,BRA,Strasbourg,fr Ligue 1,19 years,9.2,511,488,22,10,2,1,3,0,0,0,0,0,444,1,8,Midfielder,
Tiago Santos,POR,Lille,fr Ligue 1,21 years,26.3,1396,1129,266,58,1,9,83,208,0,0,0,0,1113,1,30,Defender,
Paco Sanz,ESP,Almería,es La Liga,18 years,0.3,10,10,0,0,0,0,0,0,0,0,0,0,7,0,0,Defender,
Riccardo Saponara,ITA,Hellas Verona,it Serie A,31 years,3.8,124,118,4,3,1,2,8,1,0,0,0,0,87,2,8,Forward,Midfielder
Pablo Sarabia,ESP,Wolves,eng Premier League,31 years,19.4,976,837,130,34,9,7,131,7,71,37,19,10,684,9,44,Midfielder,Forward
Amin Sarr,SWE,Lyon,fr Ligue 1,22 years,1.1,20,18,2,0,0,0,1,0,0,0,0,0,13,0,1,Forward,Midfielder
Amin Sarr,SWE,Wolfsburg,de Bundesliga,22 years,4.3,130,123,6,1,0,0,1,1,1,0,0,0,95,1,9,Forward,Midfielder
Bouna Sarr,SEN,Bayern Munich,de Bundesliga,31 years,1.2,104,92,12,1,0,0,1,11,0,0,0,0,92,0,1,Defender,
Ismaila Sarr,SEN,Marseille,fr Ligue 1,25 years,16.1,483,476,6,0,0,3,38,4,0,0,0,0,366,1,14,Forward,Midfielder
Mamadou Sarr,FRA,Lyon,fr Ligue 1,17 years,0.1,4,4,0,0,0,0,0,0,0,0,0,0,4,0,0,Defender,
Martin Satriano,URU,Brest,fr Ligue 1,22 years,20.7,456,447,8,2,1,10,11,6,0,0,0,0,325,1,11,Forward,
Téji Savanier,FRA,Montpellier,fr Ligue 1,31 years,30.7,1888,1549,322,137,10,47,231,13,125,32,83,0,1306,17,31,Midfielder,
Stefan Savić,MNE,Atlético Madrid,es La Liga,32 years,18.1,989,941,40,33,3,8,3,7,0,0,0,0,820,8,7,Defender,
Sávio,BRA,Girona,es La Liga,19 years,33.1,1064,1042,17,2,1,9,120,11,4,3,0,0,812,5,42,Forward,Midfielder
Zanos Savva,CYP,Torino,it Serie A,17 years,0.3,11,10,1,0,0,0,0,1,0,0,0,0,5,0,0,Defender,Midfielder
Saba Sazonov,GEO,Torino,it Serie A,21 years,4.0,187,184,3,1,0,1,0,2,0,0,0,0,163,0,1,Defender,
Joe Scally,USA,Gladbach,de Bundesliga,20 years,24.8,1312,1083,228,21,0,9,46,207,0,0,0,0,1052,1,42,Defender,
Giorgio Scalvini,ITA,Atalanta,it Serie A,19 years,28.3,1564,1500,57,33,1,10,5,24,0,0,0,0,1272,7,23,Defender,
Gianluca Scamacca,ITA,Atalanta,it Serie A,24 years,16.1,434,420,9,1,4,16,6,0,0,0,0,0,293,5,18,Forward,
Dane Scarlett,ENG,Tottenham,eng Premier League,19 years,0.2,3,3,0,0,0,0,0,0,0,0,0,0,2,0,0,Forward,
Kevin Schade,GER,Brentford,eng Premier League,21 years,3.7,95,93,0,0,1,0,5,0,0,0,0,0,58,2,4,Forward,Midfielder
András Schäfer,HUN,Union Berlin,de Bundesliga,24 years,13.5,557,528,27,2,2,2,18,17,5,0,1,0,418,2,17,Midfielder,
Fabian Schär,SUI,Newcastle Utd,eng Premier League,31 years,33.9,2128,2044,76,67,6,41,8,6,0,0,0,0,1762,8,15,Defender,
Patrik Schick,CZE,Leverkusen,de Bundesliga,27 years,11.8,231,220,11,0,1,1,1,2,0,0,0,0,184,0,5,Forward,
Stefan Schimmer,GER,Heidenheim,de Bundesliga,29 years,1.7,45,44,1,0,0,0,2,0,0,0,0,0,22,0,3,Midfielder,Forward
Xaver Schlager,AUT,RB Leipzig,de Bundesliga,25 years,27.5,1798,1738,56,45,10,15,14,11,0,0,0,0,1587,4,20,Midfielder,
Keven Schlotterbeck,GER,Bochum,de Bundesliga,26 years,24.3,1027,970,51,18,0,2,12,5,0,0,0,0,802,6,5,Defender,
Nico Schlotterbeck,GER,Dortmund,de Bundesliga,23 years,31.8,2681,2540,136,72,4,42,8,11,0,0,0,0,2381,5,23,Defender,
Jeffrey Schlupp,GHA,Crystal Palace,eng Premier League,30 years,15.0,334,329,4,2,0,0,10,0,0,0,0,0,247,1,10,Forward,Midfielder
Romano Schmid,AUT,Werder Bremen,de Bundesliga,23 years,28.9,1211,1176,29,11,12,5,62,6,9,3,5,0,941,6,29,Midfielder,Forward
Kenneth Schmidt,GER,Freiburg,de Bundesliga,21 years,0.8,48,41,7,1,0,0,2,6,0,0,0,0,43,0,1,Defender,
Niklas Schmidt,GER,Toulouse,fr Ligue 1,25 years,14.1,840,777,56,25,3,11,50,7,18,6,9,0,679,7,14,Midfielder,
Benno Schmitz,GER,Köln,de Bundesliga,28 years,12.8,709,563,142,7,0,2,40,135,0,0,0,0,502,4,27,Defender,
Fabian Schnellhardt,GER,Darmstadt 98,de Bundesliga,29 years,2.6,172,164,8,4,0,1,4,0,4,3,1,0,149,0,2,Midfielder,
Jan Schöppner,GER,Heidenheim,de Bundesliga,24 years,22.2,668,656,12,10,4,8,7,1,0,0,0,0,444,0,23,Midfielder,
Marcel Schuhen,GER,Darmstadt 98,de Bundesliga,30 years,31.0,1496,1092,401,112,0,4,0,0,0,0,0,0,1064,3,0,Goalkeeper,
Perr Schuurs,NED,Torino,it Serie A,23 years,8.6,406,393,12,9,0,6,2,3,0,0,0,0,359,1,4,Defender,
Marvin Schwäbe,GER,Köln,de Bundesliga,28 years,34.0,1305,1095,202,53,0,1,0,0,0,0,0,0,1014,8,3,Goalkeeper,
Alexander Schwolow,GER,Union Berlin,de Bundesliga,31 years,1.0,36,22,14,6,0,0,0,0,0,0,0,0,29,0,0,Goalkeeper,
Alex Scott,ENG,Bournemouth,eng Premier League,19 years,11.3,474,429,43,10,2,4,36,4,26,22,1,0,361,2,10,Midfielder,
Simone Scuffet,ITA,Cagliari,it Serie A,27 years,31.0,928,568,359,116,0,2,0,0,0,0,0,0,614,1,0,Goalkeeper,
Jérémy Sebas,MTQ,Strasbourg,fr Ligue 1,20 years,4.4,74,72,2,0,0,0,4,1,0,0,0,0,52,0,2,Forward,Midfielder
Demba Seck,SEN,Torino,it Serie A,22 years,4.7,109,109,0,0,0,0,2,0,0,0,0,0,82,0,7,Midfielder,
Demba Seck,SEN,Frosinone,it Serie A,22 years,3.3,92,89,3,1,0,0,2,1,1,0,0,0,74,0,3,Forward,Midfielder
Aleksandar Sedlar,SRB,Alavés,es La Liga,31 years,10.5,405,387,17,11,0,1,0,1,0,0,0,0,343,1,1,Defender,
Alidu Seidu,GHA,Rennes,fr Ligue 1,23 years,6.6,362,318,43,6,0,1,6,37,0,0,0,0,309,1,3,Defender,
Alidu Seidu,GHA,Clermont Foot,fr Ligue 1,23 years,12.6,756,687,65,10,0,2,4,55,0,0,0,0,623,4,7,Defender,
Nicolas Seiwald,AUT,RB Leipzig,de Bundesliga,22 years,8.0,390,377,10,7,2,3,4,0,3,2,0,0,320,3,5,Midfielder,
Nikola Sekulov,ITA,Juventus,it Serie A,21 years,0.1,2,2,0,0,0,0,0,0,0,0,0,0,1,0,0,Forward,
Davie Selke,GER,Köln,de Bundesliga,28 years,14.1,234,211,22,1,0,0,4,0,0,0,0,0,144,1,9,Forward,
Matz Sels,BEL,Nottingham Forest,eng Premier League,31 years,16.0,378,254,122,29,0,0,0,0,0,0,0,0,263,2,0,Goalkeeper,
Matz Sels,BEL,Strasbourg,fr Ligue 1,31 years,19.0,619,452,166,53,0,0,0,0,0,0,0,0,452,1,0,Goalkeeper,
Nélson Semedo,POR,Wolves,eng Premier League,29 years,34.3,1849,1571,273,25,2,9,80,248,0,0,0,0,1474,5,42,Defender,Midfielder
Vivaldo Semedo,POR,Udinese,it Serie A,18 years,0.1,1,1,0,0,0,0,0,0,0,0,0,0,0,0,0,Forward,
Antoine Semenyo,GHA,Bournemouth,eng Premier League,23 years,23.4,647,632,11,0,5,3,45,11,0,0,0,0,452,4,26,Forward,
Marvin Senaya,TOG,Strasbourg,fr Ligue 1,22 years,23.8,1120,903,216,31,1,3,79,184,1,0,1,0,871,1,23,Defender,Midfielder
Marcos Senesi,ARG,Bournemouth,eng Premier League,26 years,24.9,1297,1244,47,40,4,6,25,7,0,0,0,0,1005,6,17,Defender,
Stefano Sensi,ITA,Inter,it Serie A,27 years,0.5,52,49,3,1,1,1,1,0,2,0,1,0,47,0,1,Midfielder,
Suat Serdar,GER,Hellas Verona,it Serie A,26 years,18.4,602,570,29,23,0,12,9,2,0,0,0,0,445,3,19,Midfielder,
Benjamin Šeško,SVN,RB Leipzig,de Bundesliga,20 years,17.0,330,316,12,0,4,0,4,1,0,0,0,0,215,2,14,Forward,
Kevin Sessa,GER,Heidenheim,de Bundesliga,23 years,11.2,450,409,40,14,2,5,20,9,7,2,1,0,331,1,19,Midfielder,Forward
Aaron Seydel,GER,Darmstadt 98,de Bundesliga,27 years,6.9,190,176,12,0,0,0,1,2,0,0,0,0,110,2,7,Forward,
Andres Sfait,ROU,Salernitana,it Serie A,18 years,0.3,6,5,1,0,0,0,1,1,0,0,0,0,4,0,1,Defender,Midfielder
Stephan El Shaarawy,ITA,Roma,it Serie A,30 years,19.3,662,617,42,1,2,9,17,39,1,1,0,0,545,3,17,Forward,Defender
Luke Shaw,ENG,Manchester Utd,eng Premier League,28 years,10.7,648,540,106,17,2,3,33,62,19,3,12,0,531,2,10,Defender,
James Shea,ENG,Luton Town,eng Premier League,32 years,0.2,9,5,4,1,0,0,0,0,0,0,0,0,6,0,0,Goalkeeper,
Eldor Shomurodov,UZB,Cagliari,it Serie A,28 years,10.4,230,212,17,0,2,1,7,2,0,0,0,0,153,1,7,Forward,Midfielder
Steven Shpendi,ALB,Empoli,it Serie A,20 years,4.6,76,64,11,1,0,0,0,1,0,0,0,0,57,1,4,Forward,Midfielder
Sofiane Sidi Ali,FRA,Marseille,fr Ligue 1,28 years,0.2,7,7,0,0,0,0,0,0,0,0,0,0,6,0,0,Midfielder,
Vincent Sierro,SUI,Toulouse,fr Ligue 1,27 years,25.1,1316,1146,166,59,4,13,111,6,81,30,44,0,1020,4,28,Midfielder,
Tim Siersleben,GER,Heidenheim,de Bundesliga,23 years,10.1,559,545,13,10,0,9,1,3,0,0,0,0,456,1,5,Defender,
Kiliann Sildillia,FRA,Freiburg,de Bundesliga,21 years,20.1,1167,973,192,17,1,4,37,170,0,0,0,0,847,2,32,Defender,
André Silva,POR,Real Sociedad,es La Liga,27 years,8.1,165,143,20,0,1,0,0,3,0,0,0,0,134,2,8,Forward,
Bernardo Silva,POR,Manchester City,eng Premier League,28 years,28.6,1936,1831,99,40,2,7,83,23,21,10,0,0,1671,6,37,Midfielder,Forward
Caio Henrique Oliveira Silva,BRA,Monaco,fr Ligue 1,26 years,6.9,464,369,94,15,2,0,36,56,23,4,13,0,376,1,13,Defender,
Fábio Silva,POR,Wolves,eng Premier League,21 years,2.9,76,72,4,1,1,0,0,1,0,0,0,0,61,0,0,Forward,
Rui Silva,POR,Betis,es La Liga,29 years,27.5,958,671,284,101,0,0,0,0,0,0,0,0,669,3,0,Goalkeeper,
Thiago Silva,BRA,Chelsea,eng Premier League,38 years,28.1,2287,2198,88,60,0,9,4,3,0,0,0,0,2166,1,6,Defender,
Marco Silvestri,ITA,Udinese,it Serie A,32 years,17.0,451,301,149,44,0,0,0,0,0,0,0,0,324,1,0,Goalkeeper,
Mohamed Simakan,FRA,RB Leipzig,de Bundesliga,23 years,23.8,1573,1456,115,51,3,11,18,64,0,0,0,0,1347,2,12,Defender,
Giovanni Simeone,ARG,Napoli,it Serie A,28 years,8.9,187,170,15,0,2,0,6,0,0,0,0,0,132,2,4,Forward,
Giuliano Simeone,ARG,Alavés,es La Liga,20 years,7.0,169,165,4,0,1,0,14,1,1,0,0,0,114,0,8,Forward,
Jan-Carlo Simic,SRB,Milan,it Serie A,18 years,1.6,64,62,2,2,0,0,0,0,0,0,0,0,59,0,0,Defender,
Moses Simon,NGA,Nantes,fr Ligue 1,28 years,19.9,508,472,30,4,4,4,114,6,13,3,5,0,318,6,41,Forward,Midfielder
Unai Simón,ESP,Athletic Club,es La Liga,26 years,35.4,1227,855,367,127,0,2,0,0,0,0,0,0,728,5,1,Goalkeeper,
Xavi Simons,NED,RB Leipzig,de Bundesliga,20 years,29.5,1434,1293,130,28,19,11,76,11,59,21,21,2,1137,11,42,Midfielder,
Wilfried Singo,CIV,Monaco,fr Ligue 1,22 years,24.3,1490,1411,76,42,2,4,21,34,0,0,0,0,1282,3,11,Defender,
Luis Sinisterra,COL,Bournemouth,eng Premier League,24 years,7.8,292,292,0,0,1,5,11,0,0,0,0,0,226,0,16,Forward,Midfielder
Daley Sinkgraven,NED,Las Palmas,es La Liga,28 years,4.2,276,231,45,9,0,1,5,35,1,1,0,0,237,0,3,Defender,
Jailson Siqueira,BRA,Celta Vigo,es La Liga,27 years,10.0,488,476,11,11,1,1,4,0,0,0,0,0,406,1,8,Defender,Midfielder
Ayanda Sishuba,BEL,Lens,fr Ligue 1,18 years,0.7,14,14,0,0,0,0,0,0,0,0,0,0,12,0,0,Midfielder,Forward
Ibrahima Sissoko,MLI,Strasbourg,fr Ligue 1,25 years,18.2,752,737,13,12,2,2,2,1,0,0,0,0,614,2,4,Midfielder,
Moussa Sissoko,FRA,Nantes,fr Ligue 1,33 years,20.2,681,655,24,11,3,3,18,11,1,0,0,0,547,2,19,Midfielder,
Antonio Sivera,ESP,Alavés,es La Liga,26 years,34.0,1105,653,449,154,0,8,0,0,0,0,0,0,651,3,0,Goalkeeper,
Tim Skarke,GER,Darmstadt 98,de Bundesliga,26 years,26.7,855,777,77,12,1,10,94,35,11,4,6,0,622,1,32,Forward,Defender
Ellyes Skhiri,TUN,Eintracht Frankfurt,de Bundesliga,28 years,24.1,1287,1249,36,32,4,3,4,4,0,0,0,0,1082,2,20,Midfielder,
Oliver Skipp,ENG,Tottenham,eng Premier League,22 years,7.9,383,366,16,8,1,0,1,8,0,0,0,0,351,1,2,Midfielder,Defender
Leo Skiri Østigård,NOR,Napoli,it Serie A,23 years,18.1,1339,1297,37,25,0,8,2,6,0,0,0,0,1172,5,4,Defender,
Łukasz Skorupski,POL,Bologna,it Serie A,32 years,32.0,1018,773,244,56,0,1,0,0,0,0,0,0,796,1,1,Goalkeeper,
Robert Skov,DEN,Hoffenheim,de Bundesliga,27 years,14.0,736,587,147,24,4,2,70,98,25,12,9,0,542,2,27,Defender,Forward
Milan Škriniar,SVK,Paris S-G,fr Ligue 1,28 years,18.1,1820,1773,45,30,0,4,1,5,0,0,0,0,1735,2,3,Defender,
Naatan Skyttä,FIN,Toulouse,fr Ligue 1,21 years,1.3,61,59,2,0,0,0,2,0,1,1,0,0,56,0,0,Midfielder,Forward
Chris Smalling,ENG,Roma,it Serie A,33 years,4.3,228,224,4,4,0,2,0,0,0,0,0,0,197,0,1,Defender,
Adam Smith,ENG,Bournemouth,eng Premier League,32 years,23.9,1025,793,229,14,3,1,39,215,0,0,0,0,782,3,26,Defender,
Emile Smith Rowe,ENG,Arsenal,eng Premier League,23 years,3.9,213,207,6,3,0,1,1,1,1,0,0,0,188,0,2,Midfielder,
Hrvoje Smolčić,CRO,Eintracht Frankfurt,de Bundesliga,22 years,3.9,321,307,14,6,0,0,0,2,0,0,0,0,285,0,2,Defender,
Cédric Soares,POR,Arsenal,eng Premier League,31 years,0.7,69,61,8,2,0,0,4,6,0,0,0,0,60,0,1,Defender,
Danilo Soares,BRA,Bochum,de Bundesliga,31 years,3.9,179,131,48,1,1,0,3,46,1,0,0,0,124,0,3,Defender,
Eduard Sobol,UKR,Strasbourg,fr Ligue 1,28 years,0.3,13,11,2,0,0,0,2,2,0,0,0,0,8,0,1,Defender,
Rubén Sobrino,ESP,Cádiz,es La Liga,31 years,18.3,526,517,6,1,1,3,22,4,0,0,0,0,387,3,26,Midfielder,Forward
Andrea Sodero,ITA,Empoli,it Serie A,18 years,0.1,1,1,0,0,0,0,1,0,0,0,0,0,0,0,1,Midfielder,
Emran Soglo,ENG,Marseille,fr Ligue 1,18 years,1.2,39,38,1,0,0,0,5,1,0,0,0,0,31,0,1,Midfielder,Defender
Alex Sola,ESP,Alavés,es La Liga,24 years,14.0,430,364,66,4,0,1,84,41,21,3,13,0,269,0,25,Forward,Midfielder
Alex Sola,ESP,Real Sociedad,es La Liga,24 years,0.3,16,9,7,1,0,0,0,6,0,0,0,0,12,0,0,Defender,Midfielder
Dominic Solanke,ENG,Bournemouth,eng Premier League,25 years,36.9,544,485,58,0,1,1,6,4,0,0,0,0,400,1,30,Forward,
Ola Solbakken,NOR,Roma,it Serie A,24 years,0.3,8,8,0,0,0,0,1,0,0,0,0,0,6,0,0,Forward,
Carlos Soler,ESP,Paris S-G,fr Ligue 1,26 years,12.1,782,736,44,17,4,2,23,19,6,1,1,0,670,2,18,Midfielder,Defender
Jhon Solis,COL,Girona,es La Liga,18 years,4.3,225,222,3,2,2,0,0,1,0,0,0,0,191,0,3,Midfielder,
Manor Solomon,ISR,Tottenham,eng Premier League,24 years,2.2,90,90,0,0,1,0,5,0,0,0,0,0,78,0,1,Forward,
Daniele Sommariva,ITA,Genoa,it Serie A,26 years,0.1,3,2,1,0,0,0,0,0,0,0,0,0,0,0,0,Goalkeeper,
Yann Sommer,SUI,Inter,it Serie A,34 years,34.0,1236,992,242,41,0,1,0,0,0,0,0,0,1078,2,0,Goalkeeper,
Brandon Soppy,FRA,Torino,it Serie A,21 years,2.0,92,67,25,4,0,0,3,21,0,0,0,0,68,0,7,Defender,
David Soria,ESP,Getafe,es La Liga,30 years,37.9,1295,781,508,198,0,9,0,0,0,0,0,0,687,6,0,Goalkeeper,
Alberto Soro,ESP,Granada,es La Liga,24 years,0.1,3,3,0,0,0,0,0,0,0,0,0,0,3,0,0,Midfielder,
Alessandro Sorrentino,ITA,Monza,it Serie A,21 years,6.1,193,141,52,10,0,0,0,0,0,0,0,0,148,0,0,Goalkeeper,
Borna Sosa,CRO,Stuttgart,de Bundesliga,25 years,0.5,43,37,6,2,0,1,12,1,3,2,1,0,27,0,2,Forward,Defender
Hugo Sotelo,ESP,Celta Vigo,es La Liga,19 years,8.0,589,534,52,25,0,6,29,1,26,9,10,0,516,3,4,Midfielder,
Florian Sotoca,FRA,Lens,fr Ligue 1,32 years,28.9,1445,1361,74,11,12,8,95,55,2,0,0,0,1071,10,47,Midfielder,Forward
Riccardo Sottil,ITA,Fiorentina,it Serie A,24 years,12.3,421,419,2,1,1,4,46,1,0,0,0,0,331,0,17,Forward,
Tomáš Souček,CZE,West Ham,eng Premier League,28 years,31.9,962,949,7,2,2,9,6,3,0,0,0,0,722,6,27,Midfielder,
Matìas Soulé,ARG,Frosinone,it Serie A,20 years,34.7,1535,1387,142,27,23,3,98,32,82,32,15,1,1197,6,33,Forward,Midfielder
Boubakary Soumaré,FRA,Sevilla,es La Liga,24 years,25.4,1232,1221,9,8,2,6,3,1,0,0,0,0,1109,2,15,Midfielder,
Issa Soumaré,SEN,Le Havre,fr Ligue 1,22 years,2.6,62,58,3,0,0,0,2,1,0,0,0,0,33,1,6,Forward,Midfielder
Vinicius Souza,BRA,Sheffield Utd,eng Premier League,24 years,29.6,995,979,13,10,0,8,10,2,0,0,0,0,790,3,30,Midfielder,
Djibril Sow,SUI,Sevilla,es La Liga,26 years,16.2,682,664,16,12,0,5,5,1,1,0,1,0,582,2,14,Midfielder,
Saidou Sow,GUI,Strasbourg,fr Ligue 1,21 years,8.0,353,338,15,14,2,2,0,1,0,0,0,0,301,0,3,Defender,
Çağlar Söyüncü,TUR,Atlético Madrid,es La Liga,27 years,1.3,81,79,2,2,0,0,0,0,0,0,0,0,71,0,0,Defender,
Djed Spence,ENG,Genoa,it Serie A,22 years,9.5,342,275,67,4,0,2,12,63,0,0,0,0,272,0,5,Defender,
Stijn Spierings,NED,Toulouse,fr Ligue 1,27 years,16.8,1089,1037,48,38,3,15,11,7,2,1,1,0,944,4,17,Midfielder,
Stijn Spierings,NED,Lens,fr Ligue 1,27 years,1.3,59,59,0,0,0,1,1,0,0,0,0,0,50,0,2,Midfielder,
Leonardo Spinazzola,ITA,Roma,it Serie A,30 years,14.6,849,731,112,8,3,7,84,104,0,0,0,0,663,6,17,Defender,
Marco Sportiello,ITA,Milan,it Serie A,31 years,7.0,247,220,27,10,0,0,0,0,0,0,0,0,213,0,0,Goalkeeper,
Anton Stach,GER,Hoffenheim,de Bundesliga,24 years,25.8,1309,1255,51,18,8,11,54,1,30,12,13,1,1031,3,21,Midfielder,
Anton Stach,GER,Mainz 05,de Bundesliga,24 years,1.9,68,65,3,2,0,0,2,0,1,0,1,0,43,0,1,Midfielder,
Jens Stage,DEN,Werder Bremen,de Bundesliga,26 years,25.9,1042,998,38,19,2,4,10,8,0,0,0,0,775,6,28,Midfielder,
Benjamin Stambouli,FRA,Reims,fr Ligue 1,32 years,3.2,130,129,1,1,0,0,2,0,0,0,0,0,95,0,3,Midfielder,
Josip Stanišić,CRO,Leverkusen,de Bundesliga,23 years,14.0,1077,1018,54,17,1,6,16,37,0,0,0,0,961,5,12,Defender,
Carl Starfelt,SWE,Celta Vigo,es La Liga,28 years,24.6,1035,1013,20,19,0,3,1,1,0,0,0,0,907,2,3,Defender,
Niklas Stark,GER,Werder Bremen,de Bundesliga,28 years,12.1,595,566,28,26,0,4,0,2,0,0,0,0,475,1,3,Defender,
Jason Steele,ENG,Brighton,eng Premier League,32 years,17.0,673,607,64,10,0,1,0,0,0,0,0,0,570,2,0,Goalkeeper,
Pascal Stenzel,GER,Stuttgart,de Bundesliga,27 years,11.8,824,694,128,23,2,17,26,103,2,0,2,0,715,2,13,Defender,
Leonidas Stergiou,SUI,Stuttgart,de Bundesliga,21 years,6.6,364,319,43,3,0,2,12,40,0,0,0,0,308,2,4,Defender,
Raheem Sterling,ENG,Chelsea,eng Premier League,28 years,22.0,728,716,7,0,11,1,59,6,0,0,0,0,538,5,34,Forward,Midfielder
Trivante Stewart,JAM,Salernitana,it Serie A,23 years,1.1,27,21,6,0,0,0,2,0,0,0,0,0,18,0,0,Forward,Midfielder
Angelo Stiller,GER,Hoffenheim,de Bundesliga,22 years,0.9,43,37,5,3,0,1,3,0,2,0,0,0,36,1,2,Midfielder,
Angelo Stiller,GER,Stuttgart,de Bundesliga,22 years,29.9,2637,2448,188,91,12,9,81,8,66,32,15,0,2346,1,19,Midfielder,
Kevin Stöger,AUT,Bochum,de Bundesliga,29 years,29.6,2028,1650,362,156,16,12,258,40,110,42,60,1,1363,16,55,Midfielder,
Filip Stojilković,SUI,Darmstadt 98,de Bundesliga,23 years,1.7,21,20,1,0,0,0,3,0,0,0,0,0,10,0,0,Forward,Midfielder
John Stones,ENG,Manchester City,eng Premier League,29 years,11.8,839,824,15,9,0,7,5,3,0,0,0,0,781,0,6,Defender,Midfielder
Thomas Strakosha,ALB,Brentford,eng Premier League,28 years,1.5,71,45,26,11,0,0,0,0,0,0,0,0,52,0,0,Goalkeeper,
Jørgen Strand Larsen,NOR,Celta Vigo,es La Liga,23 years,31.8,618,587,28,0,3,2,18,2,0,0,0,0,423,3,22,Forward,
Gabriel Strefezza,BRA,Lecce,it Serie A,26 years,12.4,412,352,57,19,3,6,42,10,22,7,2,0,300,3,9,Forward,
Kevin Strootman,NED,Genoa,it Serie A,33 years,13.4,670,632,37,21,1,1,20,11,5,2,1,0,550,1,9,Midfielder,
Cristhian Stuani,URU,Girona,es La Liga,36 years,8.9,115,101,14,1,1,0,1,0,0,0,0,0,84,0,2,Forward,
Álex Suárez,ESP,Las Palmas,es La Liga,30 years,28.5,1613,1402,209,68,1,5,15,128,0,0,0,0,1396,2,11,Defender,
Damián Suárez,URU,Getafe,es La Liga,35 years,14.4,638,499,137,20,0,15,49,107,9,1,6,1,436,2,14,Defender,
Denis Suárez,ESP,Villarreal,es La Liga,29 years,1.5,94,82,12,9,0,1,4,1,2,2,0,0,79,0,1,Midfielder,Forward
Gabriel Suazo,CHI,Toulouse,fr Ligue 1,25 years,26.2,1482,1220,258,48,8,8,101,189,21,8,11,0,1163,4,41,Defender,
Isaac Success,NGA,Udinese,it Serie A,27 years,9.8,204,201,2,0,3,3,2,0,0,0,0,0,130,1,9,Forward,Midfielder
Niklas Süle,GER,Dortmund,de Bundesliga,27 years,16.8,1505,1431,73,48,0,22,2,12,0,0,0,0,1401,1,6,Defender,
Ibrahim Sulemana,GHA,Cagliari,it Serie A,20 years,14.9,452,446,3,3,0,8,13,0,0,0,0,0,361,3,10,Midfielder,
Tomáš Suslov,SVK,Hellas Verona,it Serie A,21 years,23.2,573,473,97,27,3,15,72,9,29,8,19,0,416,3,23,Midfielder,Forward
Suso,ESP,Sevilla,es La Liga,29 years,16.9,907,797,105,37,2,21,132,14,50,27,17,0,702,5,29,Midfielder,Forward
Mattias Svanberg,SWE,Wolfsburg,de Bundesliga,24 years,19.1,807,752,52,26,2,7,55,0,23,19,4,0,574,3,19,Midfielder,
Max Svensson,ESP,Osasuna,es La Liga,nan years,0.0,0,0,0,0,0,0,0,0,0,0,0,0,0,0,0,Forward,
Mile Svilar,SRB,Roma,it Serie A,23 years,15.0,605,492,113,24,0,0,0,0,0,0,0,0,526,0,0,Goalkeeper,
Williot Swedberg,SWE,Celta Vigo,es La Liga,19 years,4.9,108,102,5,1,0,0,5,0,0,0,0,0,80,1,3,Forward,Midfielder
Karol Świderski,POL,Hellas Verona,it Serie A,26 years,5.6,120,108,9,0,0,0,3,0,1,0,0,0,84,3,8,Forward,Midfielder
Abakar Sylla,CIV,Strasbourg,fr Ligue 1,20 years,19.9,1266,1186,79,30,0,7,3,17,0,0,0,0,1111,1,5,Defender,
Dembo Sylla,GUI,Lorient,fr Ligue 1,20 years,0.5,22,18,4,0,0,1,4,4,0,0,0,0,19,0,1,Defender,
Issiaga Sylla,GUI,Montpellier,fr Ligue 1,29 years,16.2,719,564,150,10,0,2,43,140,0,0,0,0,528,5,24,Defender,Forward
Mamadou Sylla,SEN,Alavés,es La Liga,29 years,0.2,7,6,1,0,0,0,0,0,0,0,0,0,3,0,0,Forward,Midfielder
Attila Szalai,HUN,Hoffenheim,de Bundesliga,25 years,3.2,178,171,6,1,2,3,5,5,0,0,0,0,131,1,2,Defender,
Attila Szalai,HUN,Freiburg,de Bundesliga,25 years,1.1,72,68,3,0,1,0,0,0,0,0,0,0,58,1,0,Defender,
Wojciech Szczęsny,POL,Juventus,it Serie A,33 years,35.0,1006,771,231,57,0,5,0,0,0,0,0,0,780,4,0,Goalkeeper,
Dominik Szoboszlai,HUN,Liverpool,eng Premier League,22 years,23.4,1550,1376,167,34,3,16,113,31,66,24,28,2,1280,7,24,Midfielder,
Przemysław Szymiński,POL,Frosinone,it Serie A,29 years,0.1,2,2,0,0,0,0,0,0,0,0,0,0,1,0,0,Midfielder,
Alexander Sørloth,NOR,Villarreal,es La Liga,27 years,27.7,476,448,22,0,2,0,7,1,0,0,0,0,357,6,15,Forward,
Musa Al-Taamari,JOR,Montpellier,fr Ligue 1,26 years,21.4,553,515,35,7,4,3,22,19,3,1,0,0,402,3,34,Forward,
Nicolás Tagliafico,ARG,Lyon,fr Ligue 1,30 years,23.6,1175,1017,153,15,3,0,40,137,1,0,0,0,999,5,21,Defender,
Jonathan Tah,GER,Leverkusen,de Bundesliga,27 years,29.2,2193,2156,33,26,1,7,3,1,0,0,0,0,2070,4,6,Defender,
Montassar Talbi,TUN,Lorient,fr Ligue 1,25 years,24.5,1188,1147,35,22,0,5,3,5,0,0,0,0,1008,6,6,Defender,
Yassin Tallal,ESP,Getafe,es La Liga,18 years,0.0,2,2,0,0,0,0,0,0,0,0,0,0,0,0,0,Forward,
Adrien Tameze,CMR,Torino,it Serie A,29 years,23.8,1276,1218,56,39,1,5,15,16,0,0,0,0,1106,2,23,Defender,Midfielder
Renato Tapia,PER,Celta Vigo,es La Liga,28 years,14.9,715,667,44,38,2,10,9,5,0,0,0,0,541,4,15,Midfielder,Defender
Edmond Tapsoba,BFA,Leverkusen,de Bundesliga,24 years,23.2,1973,1896,72,40,5,11,5,10,0,0,0,0,1795,5,10,Defender,
Matt Targett,ENG,Newcastle Utd,eng Premier League,27 years,0.9,41,38,3,0,0,0,0,3,0,0,0,0,36,0,1,Defender,
Oussama Targhalline,MAR,Le Havre,fr Ligue 1,21 years,11.4,704,689,13,9,2,2,8,3,1,0,0,0,600,2,15,Midfielder,
James Tarkowski,ENG,Everton,eng Premier League,30 years,38.0,1550,1485,52,45,1,22,6,6,0,0,0,0,1195,13,10,Defender,
César Tárrega,ESP,Valencia,es La Liga,21 years,0.1,5,5,0,0,0,0,0,0,0,0,0,0,5,0,0,Defender,
Jimi Tauriainen,ENG,Chelsea,eng Premier League,19 years,0.0,0,0,0,0,0,0,0,0,0,0,0,0,0,0,0,Forward,
Nuno Tavares,POR,Nottingham Forest,eng Premier League,23 years,5.1,274,225,48,8,0,4,16,39,1,0,1,0,201,1,7,Defender,
Marcus Tavernier,ENG,Bournemouth,eng Premier League,24 years,23.5,920,790,121,25,3,8,116,35,59,45,2,1,658,9,27,Forward,
Elayis Tavsan,NED,Hellas Verona,it Serie A,22 years,0.6,8,7,1,0,0,0,1,0,1,1,0,0,7,0,0,Midfielder,Forward
Charlie Taylor,ENG,Burnley,eng Premier League,29 years,25.9,1312,1099,206,14,0,7,71,192,0,0,0,0,995,7,28,Defender,
Marciano Tchami,GNB,Almería,es La Liga,19 years,0.5,24,22,2,0,0,0,1,0,0,0,0,0,14,0,2,Forward,Midfielder
Loum Tchaouna,FRA,Salernitana,it Serie A,19 years,23.3,766,717,43,3,1,12,70,10,8,4,1,0,505,6,35,Forward,Midfielder
Jackson Tchatchoua,CMR,Hellas Verona,it Serie A,21 years,19.2,799,621,177,6,0,2,64,171,0,0,0,0,604,1,16,Defender,
Enzo Tchato,CMR,Montpellier,fr Ligue 1,20 years,12.5,639,526,111,9,0,1,49,102,0,0,0,0,478,2,17,Defender,
Aurélien Tchouaméni,FRA,Real Madrid,es La Liga,23 years,22.1,1520,1461,53,49,1,4,22,2,0,0,0,0,1377,6,9,Midfielder,Defender
Mathys Tel,FRA,Bayern Munich,de Bundesliga,18 years,11.7,410,389,18,1,1,2,18,9,2,0,0,0,340,3,12,Forward,Midfielder
Nathan Tella,NGA,Leverkusen,de Bundesliga,24 years,9.1,351,323,28,0,1,4,27,27,1,0,0,0,279,0,14,Defender,Midfielder
Nahuel Tenaglia,ARG,Alavés,es La Liga,27 years,12.7,454,384,67,13,1,3,17,54,0,0,0,0,330,3,13,Defender,
Arnau Tenas,ESP,Paris S-G,fr Ligue 1,22 years,5.9,211,169,42,5,1,0,0,0,0,0,0,0,173,0,0,Goalkeeper,
Marc-André ter Stegen,GER,Barcelona,es La Liga,31 years,28.0,1036,818,216,53,0,1,0,0,0,0,0,0,927,2,2,Goalkeeper,
Filippo Terracciano,ITA,Hellas Verona,it Serie A,20 years,14.4,713,559,153,19,1,10,59,121,13,2,10,0,507,1,15,Defender,
Filippo Terracciano,ITA,Milan,it Serie A,20 years,0.8,40,39,1,0,0,0,0,1,0,0,0,0,38,0,0,Defender,Forward
Pietro Terracciano,ITA,Fiorentina,it Serie A,33 years,33.0,1231,970,257,81,0,1,0,0,0,0,0,0,979,4,0,Goalkeeper,
Ramón Terrats,ESP,Villarreal,es La Liga,22 years,8.7,462,428,31,6,1,1,28,20,5,1,1,0,375,3,19,Midfielder,Defender
Martin Terrier,FRA,Rennes,fr Ligue 1,26 years,17.0,497,480,16,2,2,0,5,0,0,0,0,0,395,1,7,Forward,Midfielder
Kenny Tete,NED,Fulham,eng Premier League,27 years,9.6,523,438,84,7,1,0,23,77,0,0,0,0,418,1,13,Defender,
Benjamin Tetteh,GHA,Metz,fr Ligue 1,26 years,3.1,77,71,6,0,0,0,1,0,0,0,0,0,49,0,4,Forward,Midfielder
Teddy Teuma,MLT,Reims,fr Ligue 1,29 years,23.5,1512,1307,197,85,6,17,139,16,77,35,36,0,1181,8,36,Midfielder,
Florian Thauvin,FRA,Udinese,it Serie A,30 years,19.0,548,468,75,9,2,5,79,10,19,0,11,1,385,5,16,Forward,
Arthur Theate,BEL,Rennes,fr Ligue 1,23 years,25.5,1640,1565,72,47,0,14,11,22,0,0,0,0,1444,3,7,Defender,
Norman Theuerkauf,GER,Heidenheim,de Bundesliga,36 years,14.0,590,528,59,7,0,10,22,46,6,3,2,0,462,3,12,Midfielder,Defender
Malick Thiaw,GER,Milan,it Serie A,21 years,18.0,1184,1153,30,15,0,2,0,4,0,0,0,0,1084,1,7,Defender,
Jan Thielmann,GER,Köln,de Bundesliga,21 years,17.5,551,465,83,8,2,4,42,65,0,0,0,0,364,3,34,Forward,Defender
Denis Thomalla,GER,Heidenheim,de Bundesliga,30 years,5.0,191,186,3,2,0,1,2,0,0,0,0,0,143,2,5,Midfielder,Forward
Luke Thomas,ENG,Sheffield Utd,eng Premier League,22 years,10.2,319,287,32,1,0,0,13,31,0,0,0,0,234,0,14,Defender,
Adrien Thomasson,FRA,Lens,fr Ligue 1,29 years,13.3,679,638,38,18,1,1,47,2,18,2,11,0,506,3,31,Midfielder,
Morten Thorsby,NOR,Genoa,it Serie A,27 years,12.9,332,329,3,1,0,0,9,2,0,0,0,0,206,0,10,Midfielder,
Kristian Thorstvedt,NOR,Sassuolo,it Serie A,24 years,26.6,978,957,20,13,0,8,26,2,5,2,2,0,710,1,28,Midfielder,
Khéphren Thuram,FRA,Nice,fr Ligue 1,22 years,23.4,1134,1113,17,15,8,0,20,2,0,0,0,0,978,4,14,Midfielder,
Marcus Thuram,FRA,Inter,it Serie A,25 years,29.9,656,641,14,0,4,4,21,1,0,0,0,0,476,1,21,Forward,
Cheikh Tidiane Sabaly,SEN,Metz,fr Ligue 1,24 years,15.3,370,367,3,0,1,2,12,3,0,0,0,0,290,0,13,Forward,Midfielder
Youri Tielemans,BEL,Aston Villa,eng Premier League,26 years,18.0,949,891,54,14,17,3,31,7,18,12,3,0,789,4,21,Midfielder,Forward
Kieran Tierney,SCO,Real Sociedad,es La Liga,26 years,13.8,904,736,167,18,1,7,26,149,0,0,0,0,690,1,23,Defender,
Phillip Tietz,GER,Augsburg,de Bundesliga,26 years,26.5,534,520,8,1,4,3,6,0,0,0,0,0,332,6,15,Forward,
Steffen Tigges,GER,Köln,de Bundesliga,25 years,8.1,203,196,6,0,0,0,7,1,0,0,0,0,118,1,12,Forward,
Antonio Tikvić,CRO,Udinese,it Serie A,19 years,0.0,0,0,0,0,0,0,0,0,0,0,0,0,0,0,0,Defender,
Jurriën Timber,NED,Arsenal,eng Premier League,22 years,0.8,74,67,7,1,0,1,1,6,0,0,0,0,66,0,2,Defender,
Jean-Clair Todibo,FRA,Nice,fr Ligue 1,23 years,29.5,2487,2417,69,52,3,7,12,12,0,0,0,0,2228,1,14,Defender,
Harry Toffolo,ENG,Nottingham Forest,eng Premier League,27 years,16.2,590,465,125,15,0,0,47,97,13,11,1,0,424,0,15,Defender,
Umut Tohumcu,GER,Hoffenheim,de Bundesliga,18 years,11.2,419,409,6,5,2,2,6,0,0,0,0,0,366,4,6,Midfielder,
Corentin Tolisso,FRA,Lyon,fr Ligue 1,28 years,19.3,1257,1201,51,32,7,9,36,17,0,0,0,0,1059,5,21,Midfielder,
Jeremy Toljan,GER,Sassuolo,it Serie A,28 years,23.1,1007,797,207,24,0,3,50,182,1,0,0,0,775,3,26,Defender,
Rafael Tolói,ITA,Atalanta,it Serie A,32 years,10.7,537,505,31,14,0,0,8,17,0,0,0,0,442,1,8,Defender,
Raúl de Tomás,ESP,Rayo Vallecano,es La Liga,28 years,14.1,272,250,19,1,0,6,9,0,0,0,0,0,207,3,8,Forward,
Tiago Tomás,POR,Wolfsburg,de Bundesliga,21 years,11.5,278,264,13,6,0,0,28,1,2,1,1,0,181,1,15,Forward,Midfielder
Takehiro Tomiyasu,JPN,Arsenal,eng Premier League,24 years,12.8,697,615,80,7,2,2,14,73,0,0,0,0,574,2,11,Defender,
James Tomkins,ENG,Crystal Palace,eng Premier League,34 years,0.1,21,21,0,0,0,0,0,0,0,0,0,0,18,0,0,Defender,
Fikayo Tomori,ENG,Milan,it Serie A,25 years,23.6,1691,1584,105,34,0,3,3,11,0,0,0,0,1541,2,9,Defender,
Sandro Tonali,ITA,Newcastle Utd,eng Premier League,23 years,4.9,280,276,4,0,0,5,11,2,2,0,2,0,241,0,3,Midfielder,
Ivan Toney,ENG,Brentford,eng Premier League,27 years,16.1,426,395,23,8,5,0,22,8,2,0,0,0,228,8,22,Forward,
Pablo Torre,ESP,Girona,es La Liga,20 years,7.8,429,416,11,5,8,3,7,0,1,0,1,0,356,2,8,Midfielder,Forward
Raúl Torrente,ESP,Granada,es La Liga,21 years,13.9,764,738,25,19,0,3,2,2,0,0,0,0,605,1,2,Defender,
Ferrán Torres,ESP,Barcelona,es La Liga,23 years,13.5,450,422,22,1,3,3,21,4,10,1,5,0,351,6,18,Forward,
Óliver Torres,ESP,Sevilla,es La Liga,28 years,18.0,883,838,40,13,2,5,44,9,12,6,3,0,714,5,19,Midfielder,
Pau Torres,ESP,Aston Villa,eng Premier League,26 years,27.4,1788,1663,120,79,1,26,8,5,0,0,0,0,1562,5,9,Defender,
Lucas Torró,ESP,Osasuna,es La Liga,29 years,19.9,798,785,12,12,0,6,3,0,0,0,0,0,604,1,8,Midfielder,
Fabio Torsiello,ITA,Darmstadt 98,de Bundesliga,18 years,1.7,27,23,4,1,0,0,2,2,0,0,0,0,21,0,0,Forward,Defender
Ahmed Touba,ALG,Lecce,it Serie A,25 years,3.1,137,125,12,3,0,0,0,0,0,0,0,0,115,0,1,Defender,
Abdoulaye Touré,GUI,Le Havre,fr Ligue 1,29 years,25.4,1238,1219,14,9,1,6,4,3,0,0,0,0,1031,5,19,Midfielder,
Souleymane Touré,FRA,Lorient,fr Ligue 1,20 years,22.8,1280,1215,61,28,1,3,5,2,0,0,0,0,1144,4,8,Defender,
Lucas Tousart,FRA,Union Berlin,de Bundesliga,26 years,17.5,523,514,6,3,3,2,9,0,0,0,0,0,389,3,17,Midfielder,
Andros Townsend,ENG,Luton Town,eng Premier League,32 years,13.4,432,402,28,4,1,10,74,7,8,7,0,0,304,2,22,Midfielder,Forward
James Trafford,ENG,Burnley,eng Premier League,20 years,28.0,1541,1203,327,129,1,5,0,0,0,0,0,0,1009,11,5,Goalkeeper,
Adama Traoré,ESP,Fulham,eng Premier League,27 years,4.2,139,137,2,0,0,1,26,2,0,0,0,0,97,0,7,Forward,Midfielder
Bénie Traoré,CIV,Sheffield Utd,eng Premier League,20 years,4.3,71,65,5,0,2,0,3,0,0,0,0,0,55,1,4,Forward,Midfielder
Bénie Traoré,CIV,Nantes,fr Ligue 1,20 years,5.6,148,129,18,3,4,0,20,2,6,2,3,0,99,1,11,Forward,Midfielder
Bertrand Traoré,BFA,Aston Villa,eng Premier League,27 years,0.1,3,3,0,0,0,0,0,0,0,0,0,0,2,0,0,Defender,Forward
Bertrand Traoré,BFA,Villarreal,es La Liga,27 years,6.3,213,204,8,1,2,2,9,2,5,1,0,0,167,1,3,Midfielder,
Boubacar Traoré,MLI,Wolves,eng Premier League,21 years,9.1,455,444,10,4,0,2,6,5,0,0,0,0,383,1,7,Midfielder,
Chaka Traorè,CIV,Milan,it Serie A,18 years,0.2,11,11,0,0,0,0,0,0,0,0,0,0,9,0,0,Forward,
Daouda Traoré,FRA,Nice,fr Ligue 1,17 years,0.2,9,8,1,0,0,0,0,1,0,0,0,0,9,0,0,Midfielder,
Hamari Traoré,MLI,Real Sociedad,es La Liga,31 years,25.5,1509,1247,255,20,5,14,47,235,0,0,0,0,1204,7,19,Defender,
Ismaël Traoré,CIV,Metz,fr Ligue 1,36 years,24.7,777,753,23,23,0,3,0,0,0,0,0,0,674,1,5,Defender,
Omar Traoré,GER,Heidenheim,de Bundesliga,25 years,27.5,1240,935,302,10,1,2,73,292,0,0,0,0,881,3,54,Defender,
Kevin Trapp,GER,Eintracht Frankfurt,de Bundesliga,33 years,32.0,1166,890,271,59,0,2,0,0,0,0,0,0,867,5,1,Goalkeeper,
Mark Travers,IRL,Bournemouth,eng Premier League,24 years,4.0,118,76,42,16,0,0,0,0,0,0,0,0,67,0,0,Goalkeeper,
Óscar Trejo,ARG,Rayo Vallecano,es La Liga,35 years,15.3,782,738,39,9,3,0,23,7,11,2,5,0,646,5,16,Forward,Midfielder
Mike Trésor,BEL,Burnley,eng Premier League,24 years,4.7,180,156,24,3,0,0,32,2,19,5,11,0,120,0,9,Forward,Midfielder
Manu Trigueros,ESP,Villarreal,es La Liga,31 years,3.4,168,156,10,3,1,0,5,1,5,0,2,0,141,2,3,Midfielder,
Christopher Trimmel,AUT,Union Berlin,de Bundesliga,36 years,18.3,951,673,274,46,1,4,165,167,61,26,29,1,631,4,30,Defender,
Kieran Trippier,ENG,Newcastle Utd,eng Premier League,32 years,24.8,2130,1705,418,109,1,12,212,197,112,42,38,8,1624,7,42,Defender,
Leandro Trossard,BEL,Arsenal,eng Premier League,28 years,18.3,673,625,46,6,8,2,57,8,24,22,0,0,494,2,30,Forward,Midfielder
Adrien Truffert,FRA,Rennes,fr Ligue 1,21 years,23.8,1333,1081,247,21,0,1,72,225,1,1,0,0,1047,5,29,Defender,
Auston Trusty,USA,Sheffield Utd,eng Premier League,24 years,28.6,918,840,76,7,0,0,5,68,0,0,0,0,700,2,11,Defender,
Kostas Tsimikas,GRE,Liverpool,eng Premier League,27 years,7.5,500,389,110,14,0,1,72,67,29,7,22,0,383,1,10,Defender,
Viktor Tsyhankov,UKR,Girona,es La Liga,25 years,22.8,920,861,50,15,5,3,62,8,27,8,11,0,726,9,25,Midfielder,Forward
Stefano Turati,ITA,Frosinone,it Serie A,21 years,30.5,1065,858,205,61,0,1,0,0,0,0,0,0,775,2,0,Goalkeeper,
Matt Turner,USA,Nottingham Forest,eng Premier League,29 years,17.0,578,373,199,63,0,0,0,0,0,0,0,0,398,6,2,Goalkeeper,
Beñat Turrientes,ESP,Real Sociedad,es La Liga,21 years,18.7,707,669,35,18,1,5,19,0,16,11,2,0,598,3,14,Midfielder,
Tuta,BRA,Eintracht Frankfurt,de Bundesliga,24 years,28.9,1906,1795,109,51,2,6,11,58,0,0,0,0,1614,2,32,Defender,
Destiny Udogie,ITA,Tottenham,eng Premier League,20 years,26.6,1440,1212,225,24,0,0,22,201,0,0,0,0,1235,3,42,Defender,
Matthieu Udol,FRA,Metz,fr Ligue 1,27 years,30.0,1300,1028,266,30,2,3,73,235,1,0,1,0,969,6,34,Defender,
Manuel Ugarte Ribeiro,URU,Paris S-G,fr Ligue 1,22 years,21.5,1331,1314,17,15,3,5,4,2,0,0,0,0,1214,0,13,Midfielder,
Lesley Ugochukwu,FRA,Chelsea,eng Premier League,19 years,3.3,183,183,0,0,0,1,0,0,0,0,0,0,155,0,2,Midfielder,
Lukas Ullrich,GER,Gladbach,de Bundesliga,19 years,0.5,23,22,1,0,0,0,5,1,0,0,0,0,10,0,2,Defender,Forward
Sven Ulreich,GER,Bayern Munich,de Bundesliga,34 years,11.0,395,335,60,13,0,0,0,0,0,0,0,0,333,0,0,Goalkeeper,
Samuel Umtiti,FRA,Lille,fr Ligue 1,29 years,2.1,165,157,8,6,0,1,0,1,0,0,0,0,156,0,1,Defender,
Enes Ünal,TUR,Bournemouth,eng Premier League,26 years,3.6,75,68,7,1,0,0,3,0,0,0,0,0,55,0,5,Forward,Midfielder
Enes Ünal,TUR,Getafe,es La Liga,26 years,1.6,35,34,1,1,0,0,1,0,0,0,0,0,24,0,0,Forward,Midfielder
Deniz Undav,GER,Stuttgart,de Bundesliga,27 years,23.2,799,758,32,2,18,3,7,12,0,0,0,0,595,9,43,Forward,Midfielder
Dayot Upamecano,FRA,Bayern Munich,de Bundesliga,24 years,19.6,1813,1778,33,20,1,12,3,12,0,0,0,0,1678,2,16,Defender,
Kacper Urbanski,POL,Bologna,it Serie A,18 years,10.3,387,364,21,2,1,5,22,4,15,5,8,1,313,2,11,Midfielder,Forward
Mark Uth,GER,Köln,de Bundesliga,31 years,4.1,168,130,38,13,1,1,31,2,18,8,8,0,111,0,10,Midfielder,Forward
Myrto Uzuni,ALB,Granada,es La Liga,28 years,27.2,301,259,42,2,3,1,11,5,0,0,0,0,234,0,12,Forward,
Josha Vagnoman,GER,Stuttgart,de Bundesliga,22 years,13.1,615,526,87,5,0,3,22,82,0,0,0,0,516,2,13,Defender,
Óscar Valentín,ESP,Rayo Vallecano,es La Liga,28 years,29.9,1237,1203,30,29,5,9,5,1,0,0,0,0,1005,4,19,Midfielder,
Emanuele Valeri,ITA,Frosinone,it Serie A,24 years,13.1,560,398,160,16,1,2,73,125,18,3,14,0,341,2,17,Defender,
Martin Valjent,SVK,Mallorca,es La Liga,27 years,26.1,1067,969,92,30,5,12,18,60,0,0,0,0,847,6,13,Defender,
Jesús Vallejo,ESP,Granada,es La Liga,26 years,1.2,85,80,5,1,0,0,0,4,0,0,0,0,78,0,0,Defender,
Álvaro Vallés,ESP,Las Palmas,es La Liga,26 years,36.3,1926,1627,286,134,3,6,1,1,0,0,0,0,1546,13,1,Goalkeeper,
Federico Valverde,URU,Real Madrid,es La Liga,25 years,32.3,2117,2077,31,23,14,33,30,5,0,0,0,0,1901,9,18,Midfielder,
Kévin Van Den Kerkhof,ALG,Metz,fr Ligue 1,27 years,21.3,551,483,68,9,1,3,128,34,25,12,12,0,315,0,46,Forward,Midfielder
Siebe Van Der Heyden,BEL,Mallorca,es La Liga,25 years,3.2,101,85,16,7,0,1,0,9,0,0,0,0,70,0,2,Defender,
Virgil van Dijk,NED,Liverpool,eng Premier League,32 years,35.3,2887,2712,173,80,0,21,0,13,0,0,0,0,2640,2,6,Defender,
Vanderson,BRA,Monaco,fr Ligue 1,22 years,18.2,992,841,149,15,2,7,48,132,2,0,1,0,734,2,25,Defender,
Raphaël Varane,FRA,Manchester Utd,eng Premier League,30 years,15.3,781,708,69,24,1,0,0,3,0,0,0,0,694,4,4,Defender,
Ruben Vargas,SUI,Augsburg,de Bundesliga,24 years,21.8,684,614,68,8,5,2,63,37,11,5,4,0,474,2,32,Midfielder,Forward
Johan Vásquez,MEX,Genoa,it Serie A,24 years,31.7,1394,1196,194,34,0,5,30,129,0,0,0,0,1069,4,27,Defender,
José Luis García Vayá,ESP,Valencia,es La Liga,24 years,36.7,2132,1905,214,100,5,28,147,3,108,22,40,1,1671,13,27,Midfielder,
Borja Vázquez,ESP,Cádiz,es La Liga,18 years,0.0,2,2,0,0,0,0,1,0,0,0,0,0,1,0,0,Forward,
Jesus Vazquez,ESP,Valencia,es La Liga,20 years,8.0,262,196,62,1,0,1,18,61,0,0,0,0,173,4,15,Defender,Midfielder
Kevin Vázquez,ESP,Celta Vigo,es La Liga,30 years,7.8,379,314,63,5,1,2,8,58,0,0,0,0,287,2,15,Defender,
Lucas Vázquez,ESP,Real Madrid,es La Liga,32 years,15.8,1085,952,132,10,5,7,47,120,2,0,1,0,930,1,17,Defender,
Matías Vecino,URU,Lazio,it Serie A,31 years,12.8,750,732,12,8,2,3,5,4,0,0,0,0,621,6,12,Midfielder,
Gabriel Veiga,ESP,Celta Vigo,es La Liga,21 years,0.2,5,5,0,0,0,0,1,0,0,0,0,0,3,0,0,Forward,
Alejo Véliz,ARG,Tottenham,eng Premier League,19 years,0.6,10,8,2,0,0,0,0,0,0,0,0,0,5,0,0,Forward,
Alejo Véliz,ARG,Sevilla,es La Liga,19 years,0.4,6,4,2,0,0,0,0,0,0,0,0,0,4,0,0,Forward,
Miloš Veljković,SRB,Werder Bremen,de Bundesliga,27 years,21.3,1295,1224,62,53,2,26,20,3,1,0,0,0,1066,9,7,Defender,
Joël Veltman,NED,Brighton,eng Premier League,31 years,17.6,906,786,118,35,2,0,11,83,0,0,0,0,758,2,16,Defender,
Micky van de Ven,NED,Tottenham,eng Premier League,22 years,26.0,1810,1707,100,48,0,1,3,21,0,0,0,0,1698,3,5,Defender,
Lorenzo Venuti,ITA,Lecce,it Serie A,28 years,4.0,219,176,43,5,0,1,10,38,0,0,0,0,174,0,6,Defender,
Bart Verbruggen,NED,Brighton,eng Premier League,20 years,21.0,862,771,90,17,0,0,0,1,0,0,0,0,753,1,1,Goalkeeper,
Simone Verdi,ITA,Torino,it Serie A,31 years,0.0,1,1,0,0,0,0,0,0,0,0,0,0,1,0,0,Forward,
Jordan Veretout,FRA,Marseille,fr Ligue 1,30 years,24.3,1341,1207,128,45,6,8,114,9,72,29,28,0,1049,6,25,Midfielder,
Arthur Vermeeren,BEL,Atlético Madrid,es La Liga,18 years,1.8,91,89,0,0,1,0,0,0,0,0,0,0,75,2,1,Midfielder,
Yorbe Vertessen,BEL,Union Berlin,de Bundesliga,22 years,6.6,138,133,4,1,1,0,3,2,0,0,0,0,98,1,2,Forward,Midfielder
Mikel Vesga,ESP,Athletic Club,es La Liga,30 years,17.0,829,821,6,5,3,6,13,0,1,0,1,0,639,2,16,Midfielder,
Guglielmo Vicario,ITA,Tottenham,eng Premier League,26 years,38.0,1569,1272,292,91,0,0,0,0,0,0,0,0,1335,5,1,Goalkeeper,
Carlos Vicente,ESP,Alavés,es La Liga,24 years,12.4,357,301,55,13,1,1,90,6,36,8,17,0,201,1,20,Forward,
Nacho Vidal,ESP,Osasuna,es La Liga,28 years,1.1,40,36,4,1,0,1,0,3,0,0,0,0,27,0,2,Defender,Forward
Nacho Vidal,ESP,Mallorca,es La Liga,28 years,4.6,202,172,29,2,0,0,15,27,0,0,0,0,151,1,8,Defender,
Fabio Vieira,POR,Arsenal,eng Premier League,23 years,3.3,150,137,12,3,3,2,15,0,8,3,0,0,122,1,1,Midfielder,Forward
Fran Vieites,ESP,Betis,es La Liga,24 years,3.5,119,68,49,14,0,0,0,0,0,0,0,0,76,2,0,Goalkeeper,
Jonathan Viera,ESP,Las Palmas,es La Liga,33 years,6.9,513,471,41,17,2,1,16,2,15,6,1,0,456,1,7,Midfielder,Forward
Jonathan Viera,ESP,Almería,es La Liga,33 years,10.1,545,512,31,20,5,0,6,4,2,1,0,0,468,2,8,Midfielder,
Emanuel Vignato,ITA,Salernitana,it Serie A,22 years,3.5,120,115,5,0,0,1,2,1,0,0,0,0,90,0,5,Midfielder,Forward
Samuele Vignato,ITA,Monza,it Serie A,19 years,3.8,128,118,10,2,1,3,8,1,6,0,5,0,107,0,3,Midfielder,Forward
Oscar Vilhelmsson,SWE,Darmstadt 98,de Bundesliga,19 years,15.3,212,200,11,0,0,0,10,0,0,0,0,0,123,1,8,Forward,Midfielder
Toni Villa,ESP,Girona,es La Liga,28 years,0.1,9,7,1,1,0,0,0,0,0,0,0,0,7,1,0,Forward,
Asier Villalibre,ESP,Athletic Club,es La Liga,25 years,5.7,124,119,5,0,0,0,2,0,0,0,0,0,88,0,1,Forward,
Gonzalo Villar,ESP,Granada,es La Liga,25 years,20.0,937,879,57,38,5,5,24,2,12,6,2,0,775,1,18,Midfielder,
Iván Villar,ESP,Celta Vigo,es La Liga,26 years,11.3,324,196,125,27,0,0,0,0,0,0,0,0,213,3,1,Goalkeeper,
Matías Viña,URU,Sassuolo,it Serie A,25 years,11.3,528,422,106,17,1,2,29,88,1,0,1,0,390,0,12,Defender,
Rúben Vinagre,POR,Hellas Verona,it Serie A,24 years,3.1,127,107,20,5,0,0,16,15,0,0,0,0,86,0,3,Defender,Forward
Carlos Vinícius,BRA,Fulham,eng Premier League,28 years,3.5,62,61,1,0,0,0,1,0,0,0,0,0,46,0,1,Forward,
Nicolas Viola,ITA,Cagliari,it Serie A,33 years,13.4,565,434,124,48,3,4,134,3,70,28,37,1,358,7,15,Midfielder,Forward
Alan Virginius,FRA,Lille,fr Ligue 1,20 years,0.8,17,17,0,0,0,0,1,0,0,0,0,0,14,0,0,Forward,
Alan Virginius,FRA,Clermont Foot,fr Ligue 1,20 years,10.4,209,182,25,1,2,0,22,0,15,13,1,1,136,2,8,Forward,
Ricardo Visus,ESP,Betis,es La Liga,22 years,1.8,61,57,4,4,0,0,0,0,0,0,0,0,50,0,0,Defender,
Mattia Viti,ITA,Sassuolo,it Serie A,21 years,10.9,486,396,90,23,0,0,1,47,0,0,0,0,406,0,4,Defender,
Vitinha,POR,Genoa,it Serie A,23 years,3.2,60,52,7,0,0,1,9,3,1,0,0,0,34,1,2,Forward,Midfielder
Vitinha,POR,Marseille,fr Ligue 1,23 years,10.3,217,199,16,1,0,0,18,5,1,0,0,0,159,2,14,Forward,
Vitinha,POR,Paris S-G,fr Ligue 1,23 years,23.6,1850,1752,93,42,8,11,38,8,19,9,3,0,1659,5,25,Midfielder,
Vitinho,BRA,Burnley,eng Premier League,24 years,25.7,994,804,186,8,4,1,56,178,0,0,0,0,715,4,28,Defender,Midfielder
Daniel Vivian,ESP,Athletic Club,es La Liga,24 years,32.0,1719,1642,70,60,2,17,4,10,0,0,0,0,1442,7,5,Defender,
Odisseas Vlachodimos,GRE,Nottingham Forest,eng Premier League,29 years,5.0,176,119,55,11,0,0,0,0,0,0,0,0,141,2,0,Goalkeeper,
Dušan Vlahović,SRB,Juventus,it Serie A,23 years,25.6,542,492,44,3,2,5,7,0,0,0,0,0,380,6,23,Forward,
Nikola Vlašić,CRO,Torino,it Serie A,25 years,29.0,998,989,5,2,5,5,37,2,0,0,0,0,806,4,25,Midfielder,Forward
Alessandro Vogliacco,ITA,Genoa,it Serie A,24 years,13.0,626,571,52,17,0,4,12,34,0,0,0,0,494,3,5,Defender,
Kevin Vogt,GER,Hoffenheim,de Bundesliga,31 years,14.7,939,897,41,29,0,6,3,10,0,0,0,0,813,1,7,Defender,
Kevin Vogt,GER,Union Berlin,de Bundesliga,31 years,14.7,735,687,46,35,1,6,0,3,0,0,0,0,652,2,0,Defender,
Mërgim Vojvoda,KVX,Torino,it Serie A,28 years,15.3,964,818,142,18,2,11,64,102,22,21,0,0,762,4,15,Defender,
Kevin Volland,GER,Union Berlin,de Bundesliga,31 years,14.9,420,372,46,9,3,4,56,3,20,6,13,0,258,2,16,Forward,Midfielder
Cristian Volpato,ITA,Sassuolo,it Serie A,19 years,7.2,301,278,23,1,0,5,47,3,19,11,6,0,195,0,8,Midfielder,Forward
Aster Vranckx,BEL,Wolfsburg,de Bundesliga,20 years,12.8,585,566,19,17,1,3,10,0,0,0,0,0,499,0,9,Midfielder,
Stefan de Vrij,NED,Inter,it Serie A,31 years,17.6,1010,989,20,15,0,0,0,1,0,0,0,0,932,1,2,Defender,
Elye Wahi,FRA,Montpellier,fr Ligue 1,20 years,0.2,6,5,1,0,0,0,0,0,0,0,0,0,6,0,0,Forward,
Elye Wahi,FRA,Lens,fr Ligue 1,20 years,18.8,295,258,36,0,1,1,10,0,0,0,0,0,214,1,8,Forward,
Walace,BRA,Udinese,it Serie A,28 years,36.0,1437,1380,55,53,3,11,12,2,0,0,0,0,1146,2,26,Midfielder,
Luca Waldschmidt,GER,Köln,de Bundesliga,27 years,12.7,448,392,49,10,4,4,39,5,26,7,12,0,320,7,14,Midfielder,Forward
Kyle Walker,ENG,Manchester City,eng Premier League,33 years,30.7,2404,2162,241,33,6,20,59,208,0,0,0,0,2128,1,31,Defender,
Sebastian Walukiewicz,POL,Empoli,it Serie A,23 years,22.8,1018,963,52,34,0,11,1,2,0,0,0,0,842,3,4,Defender,
Aaron Wan-Bissaka,ENG,Manchester Utd,eng Premier League,25 years,19.8,986,839,145,7,0,1,14,138,0,0,0,0,823,2,27,Defender,
Joel Ward,ENG,Crystal Palace,eng Premier League,33 years,22.0,944,804,139,21,1,3,22,118,0,0,0,0,715,1,21,Defender,
James Ward-Prowse,ENG,West Ham,eng Premier League,28 years,33.3,1672,1422,242,80,2,16,189,3,119,64,53,0,1386,8,19,Midfielder,
Lewis Warrington,ENG,Everton,eng Premier League,20 years,0.0,2,2,0,0,0,0,0,0,0,0,0,0,2,0,0,Forward,
Deivid Washington,BRA,Chelsea,eng Premier League,18 years,0.1,1,1,0,0,0,0,0,0,0,0,0,0,1,0,0,Defender,Forward
Kjell-Arik Wätjen,GER,Dortmund,de Bundesliga,17 years,1.2,53,52,1,0,1,0,0,1,0,0,0,0,46,0,1,Midfielder,Forward
Ollie Watkins,ENG,Aston Villa,eng Premier League,27 years,35.7,609,586,21,1,5,1,13,4,0,0,0,0,459,2,17,Forward,
Timothy Weah,USA,Juventus,it Serie A,23 years,14.0,597,554,40,0,0,1,38,40,0,0,0,0,476,3,23,Defender,Forward
Adam Webster,ENG,Brighton,eng Premier League,28 years,12.7,1096,1063,31,23,1,4,1,7,0,0,0,0,997,2,2,Defender,
Wout Weghorst,NED,Hoffenheim,de Bundesliga,30 years,22.0,571,551,19,1,9,2,4,0,0,0,0,0,414,1,16,Forward,
Julian Weigl,GER,Gladbach,de Bundesliga,27 years,30.7,1473,1375,94,86,2,10,3,3,1,0,0,0,1311,4,21,Midfielder,
Nelson Weiper,GER,Mainz 05,de Bundesliga,18 years,1.4,40,39,1,0,0,0,0,0,0,0,0,0,24,0,5,Forward,Midfielder
Mitchell Weiser,GER,Werder Bremen,de Bundesliga,29 years,29.3,1443,1207,233,7,6,13,82,225,1,0,0,0,1074,3,60,Defender,Midfielder
Noah Weißhaupt,GER,Freiburg,de Bundesliga,21 years,8.4,392,353,38,7,1,2,52,29,2,0,1,0,284,1,12,Defender,Forward
Shon Weissman,ISR,Salernitana,it Serie A,27 years,5.5,67,62,5,0,0,0,0,1,0,0,0,0,49,0,1,Forward,Defender
Shon Weissman,ISR,Granada,es La Liga,27 years,0.9,13,13,0,0,1,0,1,0,0,0,0,0,10,0,1,Forward,
Danny Welbeck,ENG,Brighton,eng Premier League,32 years,18.8,515,490,21,1,4,1,3,2,0,0,0,0,423,4,22,Forward,Midfielder
Timo Werner,GER,Tottenham,eng Premier League,27 years,9.0,366,349,16,2,2,0,28,14,0,0,0,0,281,1,16,Forward,
Timo Werner,GER,RB Leipzig,de Bundesliga,27 years,2.3,88,83,4,0,0,0,4,3,1,0,0,0,61,1,6,Forward,Midfielder
Adam Wharton,ENG,Crystal Palace,eng Premier League,19 years,14.4,596,553,34,13,3,2,25,0,15,7,4,0,464,9,11,Midfielder,
Ethan Wheatley,ENG,Manchester Utd,eng Premier League,17 years,0.2,0,0,0,0,0,0,0,0,0,0,0,0,0,0,0,Forward,
Ben White,ENG,Arsenal,eng Premier League,25 years,33.2,2177,1922,251,46,5,11,57,205,0,0,0,0,1828,4,21,Defender,
Joe White,ENG,Newcastle Utd,eng Premier League,20 years,0.1,12,12,0,0,0,0,0,0,0,0,0,0,11,0,1,Midfielder,
Silvan Widmer,SUI,Mainz 05,de Bundesliga,30 years,13.8,677,520,156,8,0,0,35,148,0,0,0,0,490,1,20,Defender,
Mateusz Wieteska,POL,Cagliari,it Serie A,26 years,10.7,462,432,30,11,1,1,4,19,0,0,0,0,374,0,8,Defender,
Mateusz Wieteska,POL,Clermont Foot,fr Ligue 1,26 years,1.9,114,107,7,6,0,0,0,0,0,0,0,0,89,0,2,Defender,
Iñaki Williams,GHA,Athletic Club,es La Liga,29 years,31.6,995,953,33,4,12,4,111,19,0,0,0,0,668,9,51,Forward,
Neco Williams,WAL,Nottingham Forest,eng Premier League,22 years,18.2,785,642,138,18,0,2,68,115,4,0,4,0,519,5,34,Defender,
Nico Williams,ESP,Athletic Club,es La Liga,21 years,25.1,828,739,85,16,8,3,153,11,57,36,8,0,579,4,47,Forward,
Willian,BRA,Fulham,eng Premier League,34 years,22.8,1145,1081,59,17,8,14,75,6,36,11,14,0,932,5,20,Forward,
Joe Willock,ENG,Newcastle Utd,eng Premier League,23 years,4.7,164,158,5,1,1,2,6,4,0,0,0,0,136,1,3,Midfielder,
Callum Wilson,ENG,Newcastle Utd,eng Premier League,31 years,11.0,163,152,11,0,2,2,3,2,0,0,0,0,105,0,17,Forward,
Harry Wilson,WAL,Fulham,eng Premier League,26 years,18.0,632,591,38,13,3,9,42,5,19,7,6,0,478,3,21,Forward,
Josh Wilson-Esbrand,ENG,Reims,fr Ligue 1,20 years,5.1,252,205,43,2,1,0,12,41,0,0,0,0,186,4,6,Defender,Midfielder
Patrick Wimmer,AUT,Wolfsburg,de Bundesliga,22 years,6.5,200,193,7,2,0,3,12,4,1,1,0,0,128,0,10,Forward,Midfielder
Jonas Wind,DEN,Wolfsburg,de Bundesliga,24 years,29.5,673,628,41,4,11,0,8,0,0,0,0,0,473,4,18,Forward,
Florian Wirtz,GER,Leverkusen,de Bundesliga,20 years,26.4,1855,1764,77,13,23,7,36,35,22,6,1,0,1540,14,54,Midfielder,
Yoane Wissa,COD,Brentford,eng Premier League,26 years,27.7,462,444,17,1,3,3,21,0,2,0,0,0,327,1,19,Forward,
Axel Witsel,BEL,Atlético Madrid,es La Liga,34 years,30.9,1835,1761,70,58,0,3,4,8,0,0,0,0,1687,4,9,Defender,
Maximilian Wittek,GER,Bochum,de Bundesliga,27 years,11.9,499,393,100,8,1,3,51,71,15,3,9,0,312,6,13,Defender,Forward
Maximilian Wöber,AUT,Gladbach,de Bundesliga,25 years,23.0,1485,1356,125,32,0,5,21,61,0,0,0,0,1224,4,14,Defender,
Marius Wolf,GER,Dortmund,de Bundesliga,28 years,13.0,896,757,136,14,1,3,45,122,0,0,0,0,687,3,26,Defender,
Nick Woltemade,GER,Werder Bremen,de Bundesliga,21 years,13.2,412,401,9,0,2,2,3,1,0,0,0,0,316,2,10,Forward,Midfielder
Jeong Woo-yeong,KOR,Stuttgart,de Bundesliga,23 years,7.0,326,320,5,0,0,2,8,1,4,1,0,0,275,1,7,Midfielder,Forward
Chris Wood,NZL,Nottingham Forest,eng Premier League,31 years,20.1,433,429,4,0,1,1,2,0,0,0,0,0,278,0,12,Forward,
Cauley Woodrow,ENG,Luton Town,eng Premier League,28 years,4.7,152,145,6,0,0,0,10,2,3,0,2,0,110,1,7,Forward,Midfielder
Christopher Wooh,CMR,Rennes,fr Ligue 1,21 years,15.4,789,746,42,34,1,4,2,2,0,0,0,0,675,1,8,Defender,
Joe Worrall,ENG,Nottingham Forest,eng Premier League,26 years,4.9,164,157,7,4,0,1,0,3,0,0,0,0,138,0,1,Defender,
Xeber,ESP,Alavés,es La Liga,26 years,3.4,100,96,4,0,0,1,14,2,2,0,2,0,68,0,9,Forward,Midfielder
Granit Xhaka,SUI,Leverkusen,de Bundesliga,30 years,31.3,3292,3221,65,39,12,17,10,17,0,0,0,0,3020,6,27,Midfielder,
Antal Yaakobishvili,HUN,Girona,es La Liga,19 years,0.7,42,42,0,0,0,0,0,0,0,0,0,0,37,0,0,Defender,
Lamine Yamal,ESP,Barcelona,es La Liga,16 years,24.5,1132,1091,36,4,6,6,87,14,18,6,4,1,903,5,22,Forward,
Roman Yaremchuk,UKR,Valencia,es La Liga,27 years,10.3,210,191,16,0,1,2,3,1,0,0,0,0,142,3,8,Forward,
Yehor Yarmoliuk,UKR,Brentford,eng Premier League,19 years,7.6,298,296,2,0,0,1,14,2,0,0,0,0,221,0,11,Midfielder,
Ryan Yates,ENG,Nottingham Forest,eng Premier League,25 years,22.1,829,749,77,27,2,0,6,2,0,0,0,0,659,3,23,Midfielder,
Yusuf Yazıcı,TUR,Lille,fr Ligue 1,26 years,14.6,489,457,29,10,1,1,19,1,7,2,4,0,377,3,14,Midfielder,Forward
Kelvin Yeboah,ITA,Montpellier,fr Ligue 1,23 years,3.1,79,77,1,0,0,1,3,0,0,0,0,0,58,1,1,Forward,
Bertuğ Yıldırım,TUR,Rennes,fr Ligue 1,21 years,5.2,106,99,7,0,0,0,1,0,0,0,0,0,73,0,0,Forward,
Kenan Yıldız,TUR,Juventus,it Serie A,18 years,10.6,349,338,11,1,2,4,17,3,5,0,3,0,284,0,3,Forward,Midfielder
Darlin Yongwa,CMR,Lorient,fr Ligue 1,22 years,12.9,614,499,112,11,1,0,76,100,1,0,1,0,421,3,29,Defender,
Leny Yoro,FRA,Lille,fr Ligue 1,17 years,29.7,1880,1796,83,47,0,12,1,4,0,0,0,0,1731,1,4,Defender,
Ashley Young,ENG,Everton,eng Premier League,38 years,25.3,1052,831,212,25,2,1,100,168,19,10,7,1,723,9,29,Defender,Midfielder
Etienne Youte Kinkoue,FRA,Le Havre,fr Ligue 1,21 years,21.6,962,892,70,45,0,4,0,2,0,0,0,0,833,0,2,Defender,
Illia Zabarnyi,UKR,Bournemouth,eng Premier League,20 years,37.0,1805,1755,49,42,2,10,1,1,0,0,0,0,1471,1,11,Defender,
Mattia Zaccagni,ITA,Lazio,it Serie A,28 years,21.7,899,823,74,22,2,5,71,20,32,12,9,0,711,2,30,Forward,Midfielder
Dan-Axel Zagadou,FRA,Stuttgart,de Bundesliga,24 years,16.1,1361,1320,40,20,1,4,0,2,0,0,0,0,1179,1,1,Defender,
Yoram Zague,FRA,Paris S-G,fr Ligue 1,17 years,4.1,334,307,26,2,0,0,2,24,0,0,0,0,304,1,4,Defender,
Warren Zaïre-Emery,FRA,Paris S-G,fr Ligue 1,17 years,21.8,1428,1367,56,14,2,8,8,33,0,0,0,0,1311,5,24,Midfielder,Defender
Denis Zakaria,SUI,Monaco,fr Ligue 1,26 years,23.7,1184,1159,25,22,2,3,9,3,0,0,0,0,1081,0,14,Midfielder,Defender
Arsen Zakharyan,RUS,Real Sociedad,es La Liga,20 years,13.6,542,466,68,15,3,6,75,5,47,25,19,0,379,8,13,Midfielder,Forward
Joseba Zaldúa,ESP,Cádiz,es La Liga,31 years,7.8,251,201,49,2,0,0,17,47,0,0,0,0,182,1,7,Defender,
Nicola Zalewski,POL,Roma,it Serie A,21 years,10.8,471,406,63,9,0,4,38,53,1,0,1,0,358,2,23,Defender,Forward
Andre-Frank Zambo Anguissa,CMR,Napoli,it Serie A,27 years,31.0,1839,1803,32,18,4,4,20,14,0,0,0,0,1604,4,24,Midfielder,
Nicolò Zaniolo,ITA,Aston Villa,eng Premier League,24 years,9.3,228,225,2,0,0,2,18,1,0,0,0,0,150,1,23,Forward,Midfielder
Alessandro Zanoli,ITA,Salernitana,it Serie A,22 years,10.2,434,356,78,3,1,4,30,75,0,0,0,0,322,0,18,Defender,
Alessandro Zanoli,ITA,Napoli,it Serie A,22 years,0.6,40,37,3,0,0,0,2,3,0,0,0,0,33,0,0,Defender,Forward
Duván Zapata,COL,Torino,it Serie A,32 years,32.0,752,707,39,2,1,8,50,9,0,0,0,0,492,6,31,Forward,
Duván Zapata,COL,Atalanta,it Serie A,32 years,1.2,50,47,3,1,0,0,6,1,0,0,0,0,36,0,4,Forward,
Gabriele Zappa,ITA,Cagliari,it Serie A,23 years,28.5,1397,1119,274,31,2,5,77,243,0,0,0,0,1024,4,42,Defender,
Davide Zappacosta,ITA,Atalanta,it Serie A,31 years,20.7,1049,857,191,13,0,2,76,168,10,4,4,0,881,1,28,Defender,
Bryan Zaragoza,ESP,Granada,es La Liga,22 years,18.2,444,409,31,15,4,1,98,5,10,1,0,0,248,4,27,Midfielder,Forward
Bryan Zaragoza,ESP,Bayern Munich,de Bundesliga,22 years,2.0,82,78,4,0,0,2,10,1,2,0,1,0,60,0,6,Forward,Midfielder
Anass Zaroury,MAR,Burnley,eng Premier League,22 years,1.7,70,65,5,0,0,0,11,0,4,2,2,0,43,0,4,Forward,Midfielder
Oier Zarraga,ESP,Udinese,it Serie A,24 years,4.5,114,111,3,1,0,0,5,0,1,0,1,0,92,0,2,Midfielder,
Mehdi Zeffane,ALG,Clermont Foot,fr Ligue 1,31 years,13.7,666,574,90,12,3,2,42,74,4,1,0,0,500,2,11,Defender,Midfielder
Jordan Zemura,ZIM,Udinese,it Serie A,23 years,11.5,346,297,48,4,0,1,21,44,0,0,0,0,242,1,11,Defender,
Robin Zentner,GER,Mainz 05,de Bundesliga,28 years,30.0,1045,772,267,90,0,2,0,0,0,0,0,0,663,6,2,Goalkeeper,
Alessio Zerbin,ITA,Monza,it Serie A,24 years,7.6,282,228,54,7,1,0,31,35,12,1,7,0,218,0,11,Defender,Forward
Alessio Zerbin,ITA,Napoli,it Serie A,24 years,1.7,71,63,8,1,0,1,7,6,1,0,1,0,56,0,5,Forward,Defender
Kevin Zeroli,ITA,Milan,it Serie A,18 years,0.3,6,6,0,0,0,0,1,0,0,0,0,0,2,0,1,Midfielder,
Cedric Zesiger,SUI,Wolfsburg,de Bundesliga,25 years,18.2,1118,1032,85,43,0,5,5,29,0,0,0,0,943,1,18,Defender,
Michael Zetterer,GER,Werder Bremen,de Bundesliga,28 years,27.0,1127,890,231,87,0,1,0,0,0,0,0,0,891,6,0,Goalkeeper,
Nathan Zeze,FRA,Nantes,fr Ligue 1,18 years,11.4,481,471,10,8,0,2,1,2,0,0,0,0,407,0,4,Defender,
Edon Zhegrova,KVX,Lille,fr Ligue 1,24 years,25.4,1043,905,137,24,1,3,174,28,85,34,30,0,764,1,33,Forward,
Piotr Zieliński,POL,Napoli,it Serie A,29 years,21.4,1255,1145,102,28,5,7,89,2,68,14,37,0,1037,8,17,Midfielder,
David Zima,CZE,Torino,it Serie A,22 years,1.0,43,43,0,0,0,0,0,0,0,0,0,0,36,0,0,Defender,
Christoph Zimmermann,GER,Darmstadt 98,de Bundesliga,30 years,13.6,555,532,21,16,0,7,0,5,0,0,0,0,455,2,6,Defender,
Oleksandr Zinchenko,UKR,Arsenal,eng Premier League,26 years,19.1,1568,1395,165,46,11,5,30,119,0,0,0,0,1374,8,14,Defender,
Joshua Zirkzee,NED,Bologna,it Serie A,22 years,30.7,917,850,66,3,7,6,8,8,0,0,0,0,710,1,36,Forward,
Luc Zogbé,CIV,Brest,fr Ligue 1,18 years,0.1,7,6,1,0,0,0,0,1,0,0,0,0,5,0,0,Defender,
Simon Zoller,GER,Bochum,de Bundesliga,32 years,0.5,8,6,2,0,0,0,0,0,0,0,0,0,5,0,1,Forward,Midfielder
Nadir Zortea,ITA,Frosinone,it Serie A,24 years,14.0,572,433,138,7,0,0,74,114,17,0,13,1,418,1,25,Defender,
Nadir Zortea,ITA,Atalanta,it Serie A,24 years,1.7,92,77,15,0,0,0,12,14,1,0,1,0,69,0,5,Defender,
Kurt Zouma,FRA,West Ham,eng Premier League,28 years,31.5,1148,1096,50,39,1,28,0,3,0,0,0,0,962,2,10,Defender,
Igor Zubeldia,ESP,Real Sociedad,es La Liga,26 years,28.0,1746,1696,42,41,3,8,3,0,0,0,0,0,1476,8,7,Defender,
Martín Zubimendi,ESP,Real Sociedad,es La Liga,24 years,29.5,1542,1473,62,59,4,4,7,2,0,0,0,0,1321,7,13,Midfielder,
Szymon Żurkowski,POL,Empoli,it Serie A,25 years,9.6,245,239,5,1,0,0,6,0,0,0,0,0,193,1,7,Midfielder,
Lovro Zvonarek,CRO,Bayern Munich,de Bundesliga,18 years,1.8,60,59,1,0,1,0,1,0,0,0,0,0,50,0,2,Forward,Midfielder
Martin Ødegaard,NOR,Arsenal,eng Premier League,24 years,34.3,2006,1887,103,55,39,3,77,13,26,21,1,0,1692,16,38,Midfielder,
Milan Đurić,BIH,Hellas Verona,it Serie A,33 years,13.4,334,330,4,0,0,3,1,0,0,0,0,0,181,0,3,Forward,
Milan Đurić,BIH,Monza,it Serie A,33 years,14.0,272,268,4,0,0,0,1,0,0,0,0,0,140,0,5,Forward,
Mateusz Łęgowski,POL,Salernitana,it Serie A,20 years,12.7,378,370,7,5,1,2,6,2,0,0,0,0,292,1,17,Midfielder,
