Player,Nation,Squad,Comp,Age,90s,Gls,Sh,SoT,SoT%,Sh/90,SoT/90,G/Sh,G/SoT,Dist,FK,PK,PKatt,xG,npxG,npxG/Sh,G-xG,np:G-xG,Position 1,Position 2
Max Aarons,ENG,Bournemouth,eng Premier League,23 years,13.7,0,2,0,0.0,0.15,0.0,0.0,,23.9,0,0,0,0.0,0.0,0.02,0.0,0.0,Defender,
Brenden Aaronson,USA,Union Berlin,de Bundesliga,22 years,14.1,2,18,7,38.9,1.28,0.5,0.11,0.29,18.4,0,0,0,2.0,2.0,0.11,0.0,0.0,Midfielder,Forward
Paxten Aaronson,USA,Eintracht Frankfurt,de Bundesliga,19 years,1.1,0,2,2,100.0,1.78,1.78,0.0,0.0,15.1,0,0,0,0.1,0.1,0.06,-0.1,-0.1,Midfielder,
Keyliane Abdallah,FRA,Marseille,fr Ligue 1,17 years,0.0,0,0,0,,0.0,0.0,,,,0,0,0,0.0,0.0,,0.0,0.0,Forward,
Yunis Abdelhamid,MAR,Reims,fr Ligue 1,35 years,30.9,4,21,7,33.3,0.68,0.23,0.14,0.43,15.0,0,1,1,3.4,2.6,0.13,0.6,0.4,Defender,
Salis Abdul Samed,GHA,Lens,fr Ligue 1,23 years,16.9,0,5,0,0.0,0.3,0.0,0.0,,21.6,0,0,0,0.8,0.8,0.17,-0.8,-0.8,Midfielder,
Nabil Aberdin,FRA,Getafe,es La Liga,20 years,2.0,0,0,0,,0.0,0.0,,,,0,0,0,0.0,0.0,,0.0,0.0,Defender,
Laurent Abergel,FRA,Lorient,fr Ligue 1,30 years,31.8,2,26,11,42.3,0.82,0.35,0.08,0.18,26.5,0,0,0,1.1,1.1,0.04,0.9,0.9,Midfielder,
Matthis Abline,FRA,Nantes,fr Ligue 1,20 years,11.6,5,42,19,45.2,3.62,1.64,0.12,0.26,17.4,0,0,0,3.8,3.8,0.09,1.2,1.2,Forward,
Abner,BRA,Betis,es La Liga,23 years,15.6,0,4,0,0.0,0.26,0.0,0.0,,15.4,0,0,0,0.1,0.1,0.03,-0.1,-0.1,Defender,
Zakaria Aboukhlal,MAR,Toulouse,fr Ligue 1,23 years,8.4,3,27,7,25.9,3.22,0.84,0.07,0.29,18.7,0,1,1,2.8,2.0,0.07,0.2,0.0,Midfielder,Forward
Abdel Abqar,MAR,Alavés,es La Liga,24 years,25.7,0,10,3,30.0,0.39,0.12,0.0,0.0,12.1,0,0,0,0.5,0.5,0.05,-0.5,-0.5,Defender,
Tammy Abraham,ENG,Roma,it Serie A,25 years,2.7,1,4,2,50.0,1.49,0.74,0.25,0.5,11.9,0,0,0,0.6,0.6,0.15,0.4,0.4,Forward,
Francesco Acerbi,ITA,Inter,it Serie A,35 years,26.5,3,15,6,40.0,0.57,0.23,0.2,0.5,12.0,0,0,0,1.6,1.6,0.11,1.4,1.4,Defender,
Joshua Acheampong,ENG,Chelsea,eng Premier League,17 years,0.1,0,0,0,,0.0,0.0,,,,0,0,0,0.0,0.0,,0.0,0.0,Defender,
Marcos Acuña,ARG,Sevilla,es La Liga,31 years,14.4,1,9,4,44.4,0.63,0.28,0.11,0.25,27.9,0,0,0,0.3,0.3,0.03,0.7,0.7,Defender,
Akor Adams,NGA,Montpellier,fr Ligue 1,23 years,25.0,8,79,32,40.5,3.16,1.28,0.1,0.25,14.5,0,0,0,12.4,12.4,0.16,-4.4,-4.4,Forward,
Tyler Adams,USA,Bournemouth,eng Premier League,24 years,1.3,0,0,0,,0.0,0.0,,,,0,0,0,0.0,0.0,,0.0,0.0,Midfielder,
Junior Adamu,AUT,Freiburg,de Bundesliga,22 years,1.2,0,2,1,50.0,1.71,0.86,0.0,0.0,12.1,0,0,0,0.1,0.1,0.03,-0.1,-0.1,Forward,Midfielder
Sargis Adamyan,ARM,Köln,de Bundesliga,30 years,8.9,1,31,13,41.9,3.48,1.46,0.03,0.08,12.4,0,0,0,4.1,4.1,0.13,-3.1,-3.1,Forward,Midfielder
Tosin Adarabioyo,ENG,Fulham,eng Premier League,25 years,18.0,2,14,5,35.7,0.78,0.28,0.14,0.4,14.2,0,0,0,0.7,0.7,0.05,1.3,1.3,Defender,
Elijah Adebayo,ENG,Luton Town,eng Premier League,25 years,15.8,10,31,14,45.2,1.97,0.89,0.32,0.71,9.6,0,0,0,5.9,5.9,0.19,4.1,4.1,Forward,
Karim Adeyemi,GER,Dortmund,de Bundesliga,21 years,10.1,3,23,10,43.5,2.27,0.99,0.13,0.3,14.6,0,0,0,3.5,3.5,0.15,-0.5,-0.5,Forward,Midfielder
Simon Adingra,CIV,Brighton,eng Premier League,21 years,24.7,6,52,22,42.3,2.11,0.89,0.12,0.27,15.9,0,0,0,4.3,4.3,0.08,1.7,1.7,Forward,
Nathaniel Adjei,GHA,Lorient,fr Ligue 1,20 years,13.8,0,4,0,0.0,0.29,0.0,0.0,,8.3,0,0,0,0.4,0.4,0.09,-0.4,-0.4,Defender,
Amine Adli,MAR,Leverkusen,de Bundesliga,23 years,10.0,4,27,15,55.6,2.71,1.5,0.15,0.27,13.7,0,0,0,3.3,3.3,0.12,0.7,0.7,Midfielder,Forward
Yacine Adli,FRA,Milan,it Serie A,23 years,15.6,1,4,1,25.0,0.26,0.06,0.25,1.0,19.8,0,0,0,0.3,0.3,0.07,0.7,0.7,Midfielder,
Adryelson,BRA,Lyon,fr Ligue 1,25 years,0.1,0,0,0,,0.0,0.0,,,,0,0,0,0.0,0.0,,0.0,0.0,Defender,Forward
Adson,BRA,Nantes,fr Ligue 1,22 years,2.6,0,5,0,0.0,1.89,0.0,0.0,,17.9,0,0,0,0.2,0.2,0.05,-0.2,-0.2,Midfielder,Forward
Michel Aebischer,SUI,Bologna,it Serie A,26 years,24.8,0,18,5,27.8,0.73,0.2,0.0,0.0,22.4,0,0,0,1.1,1.1,0.06,-1.1,-1.1,Midfielder,
Emmanuel Agbadou,CIV,Reims,fr Ligue 1,26 years,28.8,1,32,5,15.6,1.11,0.17,0.03,0.2,15.1,0,0,0,2.4,2.4,0.07,-1.4,-1.4,Defender,
Julen Agirrezabala,ESP,Athletic Club,es La Liga,22 years,2.6,0,0,0,,0.0,0.0,,,,0,0,0,0.0,0.0,,0.0,0.0,Goalkeeper,
Lucien Agoume,FRA,Inter,it Serie A,21 years,0.1,0,0,0,,0.0,0.0,,,,0,0,0,0.0,0.0,,0.0,0.0,Midfielder,
Lucien Agoume,FRA,Sevilla,es La Liga,21 years,8.6,0,6,2,33.3,0.69,0.23,0.0,0.0,13.2,0,0,0,0.9,0.9,0.14,-0.9,-0.9,Midfielder,
Felix Agu,GER,Werder Bremen,de Bundesliga,23 years,17.9,0,11,0,0.0,0.61,0.0,0.0,,19.5,0,0,0,0.9,0.9,0.08,-0.9,-0.9,Defender,Midfielder
Nayef Aguerd,MAR,West Ham,eng Premier League,27 years,20.6,1,14,3,21.4,0.68,0.15,0.07,0.33,10.8,0,0,0,1.5,1.5,0.11,-0.5,-0.5,Defender,
Ruben Aguilar,FRA,Lens,fr Ligue 1,30 years,21.4,1,12,4,33.3,0.56,0.19,0.08,0.25,16.1,0,0,0,1.4,1.4,0.12,-0.4,-0.4,Defender,
Brandon Aguilera,CRC,Nottingham Forest,eng Premier League,20 years,0.1,0,0,0,,0.0,0.0,,,,0,0,0,0.0,0.0,,0.0,0.0,Forward,
Naouirou Ahamada,FRA,Crystal Palace,eng Premier League,21 years,3.9,0,9,2,22.2,2.32,0.52,0.0,0.0,20.4,0,0,0,0.5,0.5,0.05,-0.5,-0.5,Midfielder,Forward
Anel Ahmedhodžić,BIH,Sheffield Utd,eng Premier League,24 years,29.4,2,19,5,26.3,0.65,0.17,0.11,0.4,11.9,0,0,0,3.1,3.1,0.17,-1.1,-1.1,Defender,
Joseph Aidoo,GHA,Celta Vigo,es La Liga,27 years,4.5,0,3,0,0.0,0.66,0.0,0.0,,15.8,0,0,0,0.1,0.1,0.03,-0.1,-0.1,Defender,
Ola Aina,NGA,Nottingham Forest,eng Premier League,26 years,18.8,1,11,1,9.1,0.59,0.05,0.09,1.0,26.6,0,0,0,0.3,0.3,0.02,0.7,0.7,Defender,
Rayan Aït-Nouri,ALG,Wolves,eng Premier League,22 years,25.9,2,24,8,33.3,0.93,0.31,0.08,0.25,16.8,0,0,0,3.3,3.3,0.14,-1.3,-1.3,Defender,Midfielder
Tosin Aiyegun,BEN,Lorient,fr Ligue 1,25 years,10.0,2,11,3,27.3,1.1,0.3,0.18,0.67,22.7,0,0,0,1.8,1.8,0.17,0.2,0.2,Midfielder,Forward
Kristoffer Ajer,NOR,Brentford,eng Premier League,25 years,20.4,2,12,4,33.3,0.59,0.2,0.17,0.5,9.9,0,0,0,1.3,1.3,0.11,0.7,0.7,Defender,
Ludovic Ajorque,FRA,Mainz 05,de Bundesliga,29 years,15.1,2,27,6,22.2,1.79,0.4,0.07,0.33,13.1,0,0,2,5.3,3.7,0.14,-3.3,-1.7,Forward,
Manuel Akanji,SUI,Manchester City,eng Premier League,28 years,27.9,2,15,5,33.3,0.54,0.18,0.13,0.4,17.0,0,0,0,1.9,1.9,0.13,0.1,0.1,Defender,Midfielder
Marley Aké,FRA,Udinese,it Serie A,22 years,0.1,0,0,0,,0.0,0.0,,,,0,0,0,0.0,0.0,,0.0,0.0,Forward,
Nathan Aké,NED,Manchester City,eng Premier League,28 years,22.7,2,20,5,25.0,0.88,0.22,0.1,0.4,10.8,0,0,0,2.5,2.5,0.12,-0.5,-0.5,Defender,
Ilias Akhomach,MAR,Villarreal,es La Liga,19 years,16.8,2,30,7,23.3,1.79,0.42,0.07,0.29,18.1,0,0,0,3.2,3.2,0.11,-1.2,-1.2,Midfielder,Forward
Sergio Akieme,ESP,Almería,es La Liga,25 years,18.6,2,9,5,55.6,0.48,0.27,0.22,0.4,17.4,0,0,0,1.2,1.2,0.13,0.8,0.8,Defender,
Sergio Akieme,ESP,Reims,fr Ligue 1,25 years,9.1,2,11,2,18.2,1.21,0.22,0.18,1.0,18.3,0,0,0,1.4,1.4,0.13,0.6,0.6,Defender,
Ebenezer Akinsanmiro,NGA,Inter,it Serie A,18 years,0.2,0,0,0,,0.0,0.0,,,,0,0,0,0.0,0.0,,0.0,0.0,Midfielder,
Maghnes Akliouche,FRA,Monaco,fr Ligue 1,21 years,17.9,7,36,22,61.1,2.01,1.23,0.19,0.32,15.7,1,0,0,5.4,5.4,0.15,1.6,1.6,Midfielder,Forward
Paul Akouokou,CIV,Betis,es La Liga,25 years,0.3,0,0,0,,0.0,0.0,,,,0,0,0,0.0,0.0,,0.0,0.0,Midfielder,
Paul Akouokou,CIV,Lyon,fr Ligue 1,25 years,3.4,0,2,0,0.0,0.59,0.0,0.0,,15.7,0,0,0,0.1,0.1,0.03,-0.1,-0.1,Midfielder,
Jean-Daniel Akpa-Akpro,CIV,Monza,it Serie A,30 years,7.8,0,7,3,42.9,0.89,0.38,0.0,0.0,26.6,0,0,0,0.5,0.5,0.08,-0.5,-0.5,Midfielder,
David Akpan Ankeye,NGA,Genoa,it Serie A,21 years,0.6,0,0,0,,0.0,0.0,,,,0,0,0,0.0,0.0,,0.0,0.0,Forward,
Kevin Akpoguma,NGA,Hoffenheim,de Bundesliga,28 years,12.2,0,2,0,0.0,0.16,0.0,0.0,,6.8,0,0,0,0.3,0.3,0.15,-0.3,-0.3,Defender,
David Alaba,AUT,Real Madrid,es La Liga,31 years,12.8,0,14,3,21.4,1.09,0.23,0.0,0.0,19.8,6,0,0,1.0,1.0,0.07,-1.0,-1.0,Defender,
Luis Alberto,ESP,Lazio,it Serie A,30 years,25.7,5,56,15,26.8,2.18,0.58,0.09,0.33,22.0,4,0,0,4.7,4.7,0.08,0.3,0.3,Midfielder,
Raúl Albiol,ESP,Villarreal,es La Liga,37 years,22.6,0,6,1,16.7,0.27,0.04,0.0,0.0,9.5,0,0,0,0.4,0.4,0.07,-0.4,-0.4,Defender,
Thiago Alcántara,ESP,Liverpool,eng Premier League,32 years,0.1,0,0,0,,0.0,0.0,,,,0,0,0,0.0,0.0,,0.0,0.0,Midfielder,
Carlos Alcaraz,ARG,Juventus,it Serie A,20 years,4.2,0,11,2,18.2,2.61,0.47,0.0,0.0,24.0,2,0,0,0.4,0.4,0.03,-0.4,-0.4,Midfielder,
Rubén Alcaraz,ESP,Cádiz,es La Liga,32 years,34.8,3,46,10,21.7,1.32,0.29,0.02,0.1,24.9,8,2,2,3.3,1.7,0.04,-0.3,-0.7,Midfielder,
Omar Alderete,PAR,Getafe,es La Liga,26 years,24.4,0,24,5,20.8,0.98,0.21,0.0,0.0,19.7,3,0,0,1.2,1.2,0.05,-1.2,-1.2,Defender,
Iván Alejo,ESP,Cádiz,es La Liga,28 years,18.8,0,11,2,18.2,0.59,0.11,0.0,0.0,21.9,0,0,0,0.5,0.5,0.04,-0.5,-0.5,Midfielder,
Carles Aleñá,ESP,Getafe,es La Liga,25 years,11.3,1,16,5,31.3,1.41,0.44,0.06,0.2,18.8,0,0,0,1.2,1.2,0.08,-0.2,-0.2,Midfielder,
Trent Alexander-Arnold,ENG,Liverpool,eng Premier League,24 years,23.9,3,47,8,17.0,1.96,0.33,0.06,0.38,24.4,5,0,0,2.6,2.3,0.05,0.4,0.7,Defender,
Aboubacar Ali,COM,Strasbourg,fr Ligue 1,17 years,1.4,0,4,2,50.0,2.77,1.38,0.0,0.0,19.4,0,0,0,0.2,0.2,0.06,-0.2,-0.2,Midfielder,Forward
Mohamed Ali Cho,FRA,Real Sociedad,es La Liga,19 years,2.8,0,3,0,0.0,1.08,0.0,0.0,,17.4,0,0,0,0.4,0.4,0.13,-0.4,-0.4,Forward,Midfielder
Mohamed Ali Cho,FRA,Nice,fr Ligue 1,19 years,9.6,1,18,6,33.3,1.88,0.63,0.06,0.17,21.1,0,0,0,1.1,1.1,0.06,-0.1,-0.1,Forward,
Faride Alidou,GER,Köln,de Bundesliga,22 years,14.2,4,33,11,33.3,2.32,0.77,0.12,0.36,14.5,0,0,0,3.0,3.0,0.09,1.0,1.0,Forward,Midfielder
Nabil Alioui,FRA,Le Havre,fr Ligue 1,24 years,11.2,4,28,9,32.1,2.5,0.8,0.14,0.44,19.0,1,0,0,2.4,2.4,0.09,1.6,1.6,Midfielder,Forward
Alisson,BRA,Liverpool,eng Premier League,30 years,28.0,0,0,0,,0.0,0.0,,,,0,0,0,0.0,0.0,,0.0,0.0,Goalkeeper,
Tadeo Allende,ARG,Celta Vigo,es La Liga,24 years,3.7,1,8,2,25.0,2.14,0.54,0.13,0.5,17.4,0,0,0,1.2,1.2,0.16,-0.2,-0.2,Midfielder,Forward
Jim Allevinah,GAB,Clermont Foot,fr Ligue 1,28 years,20.7,2,37,11,29.7,1.79,0.53,0.05,0.18,14.8,0,0,0,2.6,2.6,0.07,-0.6,-0.6,Midfielder,Defender
Domingos André Ribeiro Almeida,POR,Valencia,es La Liga,23 years,10.7,2,10,4,40.0,0.93,0.37,0.2,0.5,19.3,0,0,0,0.6,0.6,0.06,1.4,1.4,Forward,Midfielder
Miguel Almirón,PAR,Newcastle Utd,eng Premier League,29 years,21.5,3,41,12,29.3,1.91,0.56,0.07,0.25,16.1,0,0,0,4.5,4.5,0.11,-1.5,-1.5,Forward,
Pontus Almqvist,SWE,Lecce,it Serie A,24 years,23.4,2,40,15,37.5,1.71,0.64,0.05,0.13,19.7,0,0,0,2.3,2.3,0.06,-0.3,-0.3,Forward,Midfielder
Marcos Alonso,ESP,Barcelona,es La Liga,32 years,2.8,0,3,2,66.7,1.07,0.71,0.0,0.0,20.8,0,0,0,0.1,0.1,0.03,-0.1,-0.1,Defender,
Adrià Altimira,ESP,Villarreal,es La Liga,22 years,8.6,0,1,0,0.0,0.12,0.0,0.0,,27.2,0,0,0,0.0,0.0,0.03,0.0,0.0,Defender,Midfielder
Sergi Altimira,ESP,Betis,es La Liga,21 years,6.3,1,7,2,28.6,1.11,0.32,0.14,0.5,22.3,0,0,0,0.2,0.2,0.03,0.8,0.8,Midfielder,
Edson Álvarez,MEX,West Ham,eng Premier League,25 years,26.4,1,17,3,17.6,0.64,0.11,0.06,0.33,21.1,0,0,0,1.3,1.3,0.08,-0.3,-0.3,Midfielder,
Gastón Álvarez,URU,Getafe,es La Liga,23 years,28.2,2,14,3,21.4,0.5,0.11,0.14,0.67,16.5,0,0,0,0.7,0.7,0.05,1.3,1.3,Defender,
Hugo Álvarez,ESP,Celta Vigo,es La Liga,20 years,8.5,1,12,4,33.3,1.42,0.47,0.08,0.25,13.9,0,0,0,1.0,1.0,0.09,0.0,0.0,Midfielder,Defender
Julián Álvarez,ARG,Manchester City,eng Premier League,23 years,29.4,11,96,37,38.5,3.26,1.26,0.09,0.24,17.8,13,2,2,13.0,11.5,0.12,-2.0,-2.5,Midfielder,Forward
Yeray Álvarez,ESP,Athletic Club,es La Liga,28 years,12.8,0,7,2,28.6,0.55,0.16,0.0,0.0,14.2,0,0,0,0.3,0.3,0.04,-0.3,-0.3,Defender,
Skelly Alvero,FRA,Lyon,fr Ligue 1,21 years,4.7,1,9,3,33.3,1.9,0.63,0.11,0.33,22.9,0,0,0,0.4,0.4,0.05,0.6,0.6,Midfielder,
Skelly Alvero,FRA,Werder Bremen,de Bundesliga,21 years,1.4,1,5,3,60.0,3.66,2.2,0.2,0.33,15.1,0,0,0,0.3,0.3,0.07,0.7,0.7,Midfielder,
Papa Amadou Diallo,SEN,Metz,fr Ligue 1,19 years,9.9,2,13,5,38.5,1.32,0.51,0.15,0.4,14.7,0,0,0,2.6,2.6,0.2,-0.6,-0.6,Forward,
Selim Amallah,MAR,Valencia,es La Liga,26 years,6.7,0,11,4,36.4,1.64,0.6,0.0,0.0,21.9,0,0,0,0.4,0.4,0.04,-0.4,-0.4,Forward,Midfielder
Amath,SEN,Mallorca,es La Liga,27 years,4.4,0,12,2,16.7,2.74,0.46,0.0,0.0,14.1,0,0,0,1.6,1.6,0.13,-1.6,-1.6,Forward,Midfielder
Lorenzo Amatucci,ITA,Fiorentina,it Serie A,19 years,0.2,0,1,0,0.0,4.09,0.0,0.0,,29.5,0,0,0,0.0,0.0,0.01,0.0,0.0,Midfielder,
Jordan Amavi,FRA,Brest,fr Ligue 1,29 years,1.0,1,1,1,100.0,0.99,0.99,1.0,1.0,26.9,1,0,0,0.1,0.1,0.1,0.9,0.9,Defender,
Zeki Amdouni,SUI,Burnley,eng Premier League,22 years,21.7,5,48,21,43.8,2.21,0.97,0.08,0.19,17.8,0,1,1,5.8,5.0,0.1,-0.8,-1.0,Forward,
Kelvin Amian,FRA,Nantes,fr Ligue 1,25 years,8.9,0,1,0,0.0,0.11,0.0,0.0,,22.8,0,0,0,0.1,0.1,0.05,-0.1,-0.1,Defender,
Bruno Amione,ARG,Hellas Verona,it Serie A,21 years,6.4,0,5,3,60.0,0.78,0.47,0.0,0.0,9.3,0,0,0,0.3,0.3,0.06,-0.3,-0.3,Defender,
Michael Amir Murillo,PAN,Marseille,fr Ligue 1,27 years,11.1,3,6,4,66.7,0.54,0.36,0.5,0.75,16.8,0,0,0,0.8,0.8,0.14,2.2,2.2,Defender,
Nadiem Amiri,GER,Mainz 05,de Bundesliga,26 years,14.6,1,35,8,22.9,2.4,0.55,0.03,0.13,26.8,11,0,1,2.2,1.4,0.04,-1.2,-0.4,Midfielder,
Nadiem Amiri,GER,Leverkusen,de Bundesliga,26 years,1.0,0,3,2,66.7,3.14,2.09,0.0,0.0,21.7,0,0,0,0.1,0.1,0.04,-0.1,-0.1,Midfielder,
Kofi Amoako,GER,Wolfsburg,de Bundesliga,18 years,0.0,0,0,0,,0.0,0.0,,,,0,0,0,0.0,0.0,,0.0,0.0,Midfielder,
Sofyan Amrabat,MAR,Manchester Utd,eng Premier League,26 years,10.4,0,3,0,0.0,0.29,0.0,0.0,,26.1,0,0,0,0.1,0.1,0.02,-0.1,-0.1,Midfielder,Defender
Joachim Andersen,DEN,Crystal Palace,eng Premier League,27 years,37.9,2,21,8,38.1,0.55,0.21,0.1,0.25,12.8,1,0,0,1.7,1.7,0.08,0.3,0.3,Defender,
Elliot Anderson,ENG,Newcastle Utd,eng Premier League,20 years,11.4,0,19,4,21.1,1.67,0.35,0.0,0.0,14.5,0,0,0,1.5,1.5,0.08,-1.5,-1.5,Midfielder,Forward
Felipe Anderson,BRA,Lazio,it Serie A,30 years,30.8,5,43,11,25.6,1.4,0.36,0.12,0.45,17.3,1,0,0,4.4,4.4,0.1,0.6,0.6,Forward,Midfielder
Benjamin André,FRA,Lille,fr Ligue 1,32 years,28.6,4,23,9,39.1,0.81,0.32,0.17,0.44,17.0,0,0,0,2.6,2.6,0.11,1.4,1.4,Midfielder,
Komnen Andrić,SRB,Clermont Foot,fr Ligue 1,28 years,1.9,0,2,0,0.0,1.07,0.0,0.0,,19.1,0,0,0,0.1,0.1,0.03,-0.1,-0.1,Forward,
Robert Andrich,GER,Leverkusen,de Bundesliga,28 years,18.8,4,23,9,39.1,1.22,0.48,0.17,0.44,20.0,2,0,0,1.7,1.7,0.07,2.3,2.3,Midfielder,Defender
Miguel Ángel Rubio,ESP,Granada,es La Liga,25 years,17.3,1,9,2,22.2,0.52,0.12,0.11,0.5,10.4,0,0,0,0.8,0.8,0.09,0.2,0.2,Defender,
Angeliño,ESP,Roma,it Serie A,26 years,12.7,0,8,2,25.0,0.63,0.16,0.0,0.0,24.1,0,0,0,0.2,0.2,0.02,-0.2,-0.2,Defender,
Ângelo,BRA,Strasbourg,fr Ligue 1,18 years,12.2,0,9,4,44.4,0.74,0.33,0.0,0.0,22.2,0,0,0,0.4,0.4,0.05,-0.4,-0.4,Forward,Midfielder
Fabrizio Angileri,ARG,Getafe,es La Liga,29 years,1.8,0,0,0,,0.0,0.0,,,,0,0,0,0.0,0.0,,0.0,0.0,Defender,Midfielder
Jaidon Anthony,ENG,Bournemouth,eng Premier League,23 years,1.7,0,2,1,50.0,1.18,0.59,0.0,0.0,24.5,0,0,0,0.1,0.1,0.03,-0.1,-0.1,Forward,
Waldemar Anton,GER,Stuttgart,de Bundesliga,27 years,32.1,0,28,6,21.4,0.87,0.19,0.0,0.0,15.9,0,0,0,1.7,1.7,0.06,-1.7,-1.7,Defender,
Michail Antonio,JAM,West Ham,eng Premier League,33 years,18.8,6,30,14,46.7,1.59,0.74,0.2,0.43,13.1,0,0,0,5.8,5.8,0.19,0.2,0.2,Forward,
Antony,BRA,Manchester Utd,eng Premier League,23 years,14.7,1,43,15,34.9,2.92,1.02,0.02,0.07,18.9,0,0,0,3.4,3.4,0.08,-2.4,-2.4,Forward,
Christopher Antwi-Adjei,GHA,Bochum,de Bundesliga,29 years,13.5,2,29,9,31.0,2.15,0.67,0.07,0.22,18.2,0,0,0,2.2,2.2,0.08,-0.2,-0.2,Forward,Midfielder
Houssem Aouar,ALG,Roma,it Serie A,25 years,8.4,4,12,7,58.3,1.43,0.83,0.33,0.57,13.3,0,0,0,2.3,2.3,0.19,1.7,1.7,Midfielder,Forward
Stredair Appuah,FRA,Nantes,fr Ligue 1,19 years,0.9,0,4,0,0.0,4.29,0.0,0.0,,23.3,0,0,0,0.4,0.4,0.11,-0.4,-0.4,Forward,Midfielder
Mauro Arambarri,URU,Getafe,es La Liga,27 years,3.8,0,9,2,22.2,2.39,0.53,0.0,0.0,21.7,0,0,0,0.5,0.5,0.06,-0.5,-0.5,Midfielder,
Jon Aramburu,VEN,Real Sociedad,es La Liga,21 years,6.0,0,4,0,0.0,0.66,0.0,0.0,,23.2,0,0,0,0.1,0.1,0.04,-0.1,-0.1,Defender,
Asaf Arania,ISR,Darmstadt 98,de Bundesliga,17 years,0.1,0,0,0,,0.0,0.0,,,,0,0,0,0.0,0.0,,0.0,0.0,Midfielder,
Julian Araujo,MEX,Las Palmas,es La Liga,21 years,16.2,1,7,2,28.6,0.43,0.12,0.14,0.5,20.5,0,0,0,0.7,0.7,0.1,0.3,0.3,Defender,
Ronald Araújo,URU,Barcelona,es La Liga,24 years,22.2,1,23,9,39.1,1.04,0.41,0.04,0.11,12.4,0,0,0,2.1,2.1,0.09,-1.1,-1.1,Defender,
Oliver Arblaster,ENG,Sheffield Utd,eng Premier League,19 years,10.5,0,1,1,100.0,0.1,0.1,0.0,0.0,16.6,0,0,0,0.0,0.0,0.04,0.0,0.0,Midfielder,
Cameron Archer,ENG,Sheffield Utd,eng Premier League,22 years,20.4,4,42,9,21.4,2.06,0.44,0.1,0.44,16.7,0,0,0,5.5,5.5,0.14,-1.5,-1.5,Forward,Midfielder
Cameron Archer,ENG,Aston Villa,eng Premier League,22 years,0.1,0,0,0,,0.0,0.0,,,,0,0,0,0.0,0.0,,0.0,0.0,Midfielder,
Alphonse Areola,FRA,West Ham,eng Premier League,30 years,30.0,0,0,0,,0.0,0.0,,,,0,0,0,0.0,0.0,,0.0,0.0,Goalkeeper,
Adu Ares,ESP,Athletic Club,es La Liga,21 years,2.9,0,4,0,0.0,1.36,0.0,0.0,,21.2,0,0,0,0.1,0.1,0.03,-0.1,-0.1,Forward,
Jesús Areso,ESP,Osasuna,es La Liga,24 years,29.6,1,9,2,22.2,0.3,0.07,0.11,0.5,27.1,0,0,0,0.2,0.2,0.02,0.8,0.8,Defender,
Simone Aresti,ITA,Cagliari,it Serie A,37 years,0.0,0,0,0,,0.0,0.0,,,,0,0,0,0.0,0.0,,0.0,0.0,Goalkeeper,
Matias Arezo,URU,Granada,es La Liga,20 years,4.1,0,12,4,33.3,2.93,0.98,0.0,0.0,18.1,0,0,0,1.2,1.2,0.1,-1.2,-1.2,Forward,
Iñigo Arguibide,ESP,Osasuna,es La Liga,18 years,0.2,0,0,0,,0.0,0.0,,,,0,0,0,0.0,0.0,,0.0,0.0,Defender,
Yoël Armougom,FRA,Clermont Foot,fr Ligue 1,25 years,2.6,0,2,0,0.0,0.77,0.0,0.0,,28.1,0,0,0,0.0,0.0,0.02,0.0,0.0,Defender,Midfielder
José Arnaiz,ESP,Osasuna,es La Liga,28 years,10.3,2,29,9,31.0,2.81,0.87,0.07,0.22,22.7,5,0,0,1.7,1.7,0.06,0.3,0.3,Forward,Midfielder
Hákon Arnar Haraldsson,ISL,Lille,fr Ligue 1,20 years,14.3,2,12,6,50.0,0.84,0.42,0.17,0.33,18.2,0,0,0,0.8,0.8,0.06,1.2,1.2,Forward,Midfielder
Marko Arnautović,AUT,Inter,it Serie A,34 years,8.9,5,17,9,52.9,1.91,1.01,0.29,0.56,11.5,0,0,0,5.0,5.0,0.29,0.0,0.0,Forward,
Maximilian Arnold,GER,Wolfsburg,de Bundesliga,29 years,27.8,2,32,12,37.5,1.15,0.43,0.06,0.17,27.8,8,0,0,1.0,1.0,0.03,1.0,1.0,Midfielder,
Mohamed El Arouch,FRA,Lyon,fr Ligue 1,19 years,0.0,0,0,0,,0.0,0.0,,,,0,0,0,0.0,0.0,,0.0,0.0,Forward,
Sergio Arribas,ESP,Almería,es La Liga,21 years,22.7,9,60,22,36.7,2.64,0.97,0.15,0.41,16.8,1,0,0,8.6,8.6,0.15,0.4,0.4,Midfielder,Forward
Kepa Arrizabalaga,ESP,Real Madrid,es La Liga,28 years,13.3,0,0,0,,0.0,0.0,,,,0,0,0,0.0,0.0,,0.0,0.0,Goalkeeper,
Arthur,BRA,Leverkusen,de Bundesliga,20 years,2.0,0,2,1,50.0,0.98,0.49,0.0,0.0,21.2,0,0,0,0.1,0.1,0.04,-0.1,-0.1,Defender,
Takuma Asano,JPN,Bochum,de Bundesliga,28 years,22.1,6,65,23,35.4,2.95,1.04,0.09,0.26,14.9,0,0,0,7.9,7.9,0.12,-1.9,-1.9,Forward,Midfielder
Marco Asensio,ESP,Paris S-G,fr Ligue 1,27 years,12.4,4,27,10,37.0,2.18,0.81,0.15,0.4,19.2,1,0,0,3.2,3.2,0.12,0.8,0.8,Midfielder,Forward
Kristjan Asllani,ALB,Inter,it Serie A,21 years,8.7,1,15,4,26.7,1.72,0.46,0.07,0.25,27.1,1,0,0,0.6,0.6,0.04,0.4,0.4,Midfielder,
Joel Asoro,SWE,Metz,fr Ligue 1,24 years,9.4,2,6,3,50.0,0.64,0.32,0.33,0.67,15.4,0,0,0,0.6,0.6,0.1,1.4,1.4,Forward,Midfielder
Jonathan Asp Jensen,DEN,Bayern Munich,de Bundesliga,17 years,0.0,0,0,0,,0.0,0.0,,,,0,0,0,0.0,0.0,,0.0,0.0,Forward,
Iago Aspas,ESP,Celta Vigo,es La Liga,35 years,30.1,9,74,23,31.1,2.46,0.76,0.08,0.26,20.0,6,3,5,11.5,7.5,0.1,-2.5,-1.5,Forward,
Lorenz Assignon,TOG,Burnley,eng Premier League,23 years,13.7,1,9,4,44.4,0.66,0.29,0.11,0.25,22.1,0,0,0,0.4,0.4,0.04,0.6,0.6,Defender,
Lorenz Assignon,TOG,Rennes,fr Ligue 1,23 years,11.2,1,11,4,36.4,0.98,0.36,0.09,0.25,22.9,0,0,0,0.4,0.4,0.04,0.6,0.6,Defender,
Youcef Atal,ALG,Nice,fr Ligue 1,27 years,4.0,1,4,1,25.0,1.0,0.25,0.25,1.0,22.6,0,0,0,0.1,0.1,0.03,0.9,0.9,Defender,
Valentin Atangana Edoa,FRA,Reims,fr Ligue 1,17 years,6.2,0,9,2,22.2,1.46,0.32,0.0,0.0,19.9,0,0,0,0.5,0.5,0.05,-0.5,-0.5,Midfielder,
Arthur Atta,FRA,Metz,fr Ligue 1,20 years,10.3,1,9,4,44.4,0.88,0.39,0.11,0.25,16.2,0,0,0,0.6,0.6,0.06,0.4,0.4,Midfielder,Forward
Noah Atubolu,GER,Freiburg,de Bundesliga,21 years,34.0,0,0,0,,0.0,0.0,,,,0,0,0,0.0,0.0,,0.0,0.0,Goalkeeper,
Pierre-Emerick Aubameyang,GAB,Marseille,fr Ligue 1,34 years,29.1,17,112,47,42.0,3.84,1.61,0.12,0.28,15.8,5,4,4,20.5,17.3,0.16,-3.5,-4.3,Forward,
Emil Audero,IDN,Inter,it Serie A,26 years,3.7,0,0,0,,0.0,0.0,,,,0,0,0,0.0,0.0,,0.0,0.0,Goalkeeper,
Tommaso Augello,ITA,Cagliari,it Serie A,28 years,26.9,1,10,3,30.0,0.37,0.11,0.1,0.33,24.1,1,0,0,0.5,0.5,0.05,0.5,0.5,Defender,
Carlos Augusto,BRA,Inter,it Serie A,24 years,19.2,0,22,6,27.3,1.15,0.31,0.0,0.0,17.1,0,0,0,1.0,1.0,0.05,-1.0,-1.0,Defender,
Yann Aurel Bisseck,GER,Inter,it Serie A,22 years,10.0,2,12,4,33.3,1.19,0.4,0.17,0.5,12.7,0,0,0,0.9,0.9,0.07,1.1,1.1,Defender,
Serge Aurier,CIV,Nottingham Forest,eng Premier League,30 years,9.3,0,6,1,16.7,0.65,0.11,0.0,0.0,16.0,0,0,0,0.2,0.2,0.03,-0.2,-0.2,Defender,Midfielder
Ezequiel Ávila,ARG,Osasuna,es La Liga,29 years,9.6,1,27,6,22.2,2.81,0.62,0.04,0.17,21.2,0,0,0,2.0,2.0,0.08,-1.0,-1.0,Forward,Midfielder
Ezequiel Ávila,ARG,Betis,es La Liga,29 years,3.3,1,9,3,33.3,2.72,0.91,0.11,0.33,21.9,0,0,0,0.7,0.7,0.08,0.3,0.3,Forward,
Taiwo Awoniyi,NGA,Nottingham Forest,eng Premier League,25 years,11.6,6,22,11,50.0,1.9,0.95,0.27,0.55,11.5,0,0,0,4.7,4.7,0.22,1.3,1.3,Forward,
André Ayew,GHA,Le Havre,fr Ligue 1,33 years,12.3,5,32,12,37.5,2.61,0.98,0.16,0.42,15.1,1,0,0,3.1,3.1,0.1,1.9,1.9,Forward,
Jordan Ayew,GHA,Crystal Palace,eng Premier League,31 years,28.3,4,48,19,39.6,1.7,0.67,0.08,0.21,18.2,0,0,0,3.9,3.9,0.08,0.1,0.1,Forward,Midfielder
Neil El Aynaoui,FRA,Lens,fr Ligue 1,22 years,17.4,1,22,8,36.4,1.26,0.46,0.05,0.13,16.0,0,0,0,2.4,2.4,0.11,-1.4,-1.4,Midfielder,
Sardar Azmoun,IRN,Roma,it Serie A,28 years,6.5,3,16,7,43.8,2.46,1.08,0.19,0.43,13.1,0,0,0,2.9,2.9,0.2,0.1,0.1,Forward,Midfielder
César Azpilicueta,ESP,Atlético Madrid,es La Liga,33 years,15.8,0,2,2,100.0,0.13,0.13,0.0,0.0,20.3,0,0,0,0.6,0.6,0.32,-0.6,-0.6,Defender,
Paulo Azzi,BRA,Cagliari,it Serie A,29 years,10.6,0,21,2,9.5,1.99,0.19,0.0,0.0,20.0,0,0,0,1.2,1.2,0.06,-1.2,-1.2,Defender,Midfielder
Oussama El Azzouzi,MAR,Bologna,it Serie A,22 years,6.1,2,2,2,100.0,0.33,0.33,1.0,1.0,9.5,0,0,0,0.5,0.5,0.24,1.5,1.5,Midfielder,
Abdellah Baallal,MAR,Clermont Foot,fr Ligue 1,18 years,0.0,0,0,0,,0.0,0.0,,,,0,0,0,0.0,0.0,,0.0,0.0,Midfielder,
Iddrisu Baba,GHA,Almería,es La Liga,27 years,15.9,0,8,2,25.0,0.5,0.13,0.0,0.0,25.6,0,0,0,0.7,0.7,0.09,-0.7,-0.7,Midfielder,
Srđan Babić,SRB,Almería,es La Liga,27 years,1.0,0,1,0,0.0,1.0,0.0,0.0,,11.6,0,0,0,0.0,0.0,0.04,0.0,0.0,Defender,
Shavy Babicka,GAB,Toulouse,fr Ligue 1,23 years,4.1,1,8,4,50.0,1.93,0.97,0.13,0.25,18.7,0,0,0,0.6,0.6,0.07,0.4,0.4,Forward,Midfielder
Aliou Badara Baldé,GUI,Nice,fr Ligue 1,20 years,0.8,0,3,2,66.7,3.91,2.61,0.0,0.0,19.3,0,0,0,0.1,0.1,0.05,-0.1,-0.1,Forward,Defender
Loïc Bade,FRA,Sevilla,es La Liga,23 years,25.3,0,14,3,21.4,0.55,0.12,0.0,0.0,12.7,0,0,0,0.9,0.9,0.06,-0.9,-0.9,Defender,
Milan Badelj,CRO,Genoa,it Serie A,34 years,28.2,1,21,4,19.0,0.75,0.14,0.05,0.25,19.1,0,0,0,1.4,1.4,0.07,-0.4,-0.4,Midfielder,
Matthias Bader,GER,Darmstadt 98,de Bundesliga,26 years,20.0,1,17,1,5.9,0.85,0.05,0.06,1.0,22.3,0,0,0,0.7,0.7,0.04,0.3,0.3,Defender,Midfielder
Benoît Badiashile,FRA,Chelsea,eng Premier League,22 years,14.9,0,6,1,16.7,0.4,0.07,0.0,0.0,14.1,0,0,0,0.3,0.3,0.05,-0.3,-0.3,Defender,
Alex Baena,ESP,Villarreal,es La Liga,22 years,28.7,2,72,25,34.7,2.51,0.87,0.03,0.08,20.8,5,0,1,7.9,7.1,0.1,-5.9,-5.1,Midfielder,Forward
Jaime Báez,URU,Frosinone,it Serie A,28 years,5.6,1,9,2,22.2,1.62,0.36,0.11,0.5,23.5,1,0,0,0.5,0.5,0.05,0.5,0.5,Forward,Midfielder
Nicola Bagnolini,ITA,Bologna,it Serie A,19 years,0.1,0,0,0,,0.0,0.0,,,,0,0,0,0.0,0.0,,0.0,0.0,Goalkeeper,
Leon Bailey,JAM,Aston Villa,eng Premier League,25 years,23.0,10,53,18,34.0,2.31,0.78,0.19,0.56,16.1,1,0,0,6.3,6.3,0.12,3.7,3.7,Midfielder,Forward
Eric Bailly,CIV,Villarreal,es La Liga,29 years,9.3,0,2,0,0.0,0.21,0.0,0.0,,9.7,0,0,0,0.2,0.2,0.11,-0.2,-0.2,Defender,
Stefan Bajcetic,ESP,Liverpool,eng Premier League,18 years,0.3,0,0,0,,0.0,0.0,,,,0,0,0,0.0,0.0,,0.0,0.0,Midfielder,
Nedim Bajrami,ALB,Sassuolo,it Serie A,24 years,14.6,2,32,9,28.1,2.2,0.62,0.06,0.22,21.8,3,0,0,2.5,2.5,0.08,-0.5,-0.5,Midfielder,Forward
Cédric Bakambu,COD,Betis,es La Liga,32 years,2.2,0,4,1,25.0,1.86,0.46,0.0,0.0,15.8,0,0,0,0.4,0.4,0.11,-0.4,-0.4,Forward,
Tiemoué Bakayoko,FRA,Lorient,fr Ligue 1,28 years,14.6,2,12,7,58.3,0.82,0.48,0.17,0.29,15.8,0,0,0,1.7,1.7,0.15,0.3,0.3,Midfielder,
Mitchel Bakker,NED,Atalanta,it Serie A,23 years,4.2,1,5,1,20.0,1.18,0.24,0.2,1.0,14.8,0,0,0,0.2,0.2,0.04,0.8,0.8,Defender,
Ridle Baku,GER,Wolfsburg,de Bundesliga,25 years,22.4,1,27,9,33.3,1.21,0.4,0.04,0.11,15.9,1,0,0,1.8,1.8,0.07,-0.8,-0.8,Defender,Midfielder
Dilane Bakwa,FRA,Strasbourg,fr Ligue 1,20 years,24.2,3,44,12,27.3,1.82,0.5,0.07,0.25,19.6,4,0,0,3.2,3.2,0.07,-0.2,-0.2,Forward,Midfielder
Tommaso Baldanzi,ITA,Empoli,it Serie A,20 years,8.3,2,14,6,42.9,1.69,0.72,0.14,0.33,20.0,0,0,0,2.1,2.1,0.15,-0.1,-0.1,Midfielder,Forward
Tommaso Baldanzi,ITA,Roma,it Serie A,20 years,5.8,0,15,3,20.0,2.61,0.52,0.0,0.0,18.0,0,0,0,0.9,0.9,0.06,-0.9,-0.9,Forward,Midfielder
Alejandro Balde,ESP,Barcelona,es La Liga,19 years,15.3,0,5,1,20.0,0.33,0.07,0.0,0.0,21.2,0,0,0,0.1,0.1,0.03,-0.1,-0.1,Defender,
George Baldock,GRE,Sheffield Utd,eng Premier League,30 years,10.8,0,1,0,0.0,0.09,0.0,0.0,,22.2,0,0,0,0.0,0.0,0.02,0.0,0.0,Defender,
Carlos Baleba,CMR,Brighton,eng Premier League,19 years,14.7,0,21,5,23.8,1.43,0.34,0.0,0.0,24.4,0,0,0,0.8,0.8,0.04,-0.8,-0.8,Midfielder,
Carlos Baleba,CMR,Lille,fr Ligue 1,19 years,0.7,0,2,1,50.0,2.95,1.48,0.0,0.0,30.4,0,0,0,0.0,0.0,0.02,0.0,0.0,Midfielder,
Leonardo Balerdi,ARG,Marseille,fr Ligue 1,24 years,25.2,2,14,4,28.6,0.55,0.16,0.14,0.5,17.4,0,0,0,0.9,0.9,0.06,1.1,1.1,Defender,
Iván Balliu,ALB,Rayo Vallecano,es La Liga,31 years,31.9,0,11,4,36.4,0.34,0.13,0.0,0.0,18.9,0,0,0,0.7,0.7,0.06,-0.7,-0.7,Defender,
Fodé Ballo-Touré,SEN,Fulham,eng Premier League,26 years,0.8,0,0,0,,0.0,0.0,,,,0,0,0,0.0,0.0,,0.0,0.0,Defender,Midfielder
Folarin Balogun,USA,Monaco,fr Ligue 1,22 years,18.8,7,63,26,41.3,3.35,1.38,0.11,0.27,14.0,0,0,3,11.0,8.5,0.14,-4.0,-1.5,Forward,
Jonathan Bamba,CIV,Celta Vigo,es La Liga,27 years,22.0,3,41,14,34.1,1.86,0.64,0.07,0.21,19.2,0,0,0,3.0,3.0,0.07,0.0,0.0,Midfielder,Forward
Mohamed Bamba,CIV,Lorient,fr Ligue 1,21 years,12.6,8,37,17,45.9,2.93,1.34,0.19,0.41,12.1,0,1,1,6.4,5.6,0.16,1.6,1.4,Forward,
Samuel Bamba,GER,Dortmund,de Bundesliga,19 years,0.5,0,2,0,0.0,3.83,0.0,0.0,,12.6,0,0,0,0.3,0.3,0.13,-0.3,-0.3,Forward,
Lameck Banda,ZAM,Lecce,it Serie A,22 years,15.0,2,50,23,46.0,3.33,1.53,0.04,0.09,19.8,1,0,0,3.6,3.6,0.07,-1.6,-1.6,Forward,
Daniel Bandeira,POR,Hellas Verona,it Serie A,23 years,5.0,0,3,0,0.0,0.61,0.0,0.0,,28.5,0,0,0,0.1,0.1,0.02,-0.1,-0.1,Midfielder,
Mamady Bangré,BFA,Toulouse,fr Ligue 1,22 years,1.1,0,3,0,0.0,2.67,0.0,0.0,,16.1,0,0,0,0.1,0.1,0.04,-0.1,-0.1,Forward,Midfielder
Mattia Bani,ITA,Genoa,it Serie A,29 years,25.6,2,9,5,55.6,0.35,0.2,0.22,0.4,9.1,0,0,0,1.2,1.2,0.14,0.8,0.8,Defender,
Léo Baptistão,BRA,Almería,es La Liga,30 years,20.4,6,48,18,37.5,2.35,0.88,0.13,0.33,16.7,0,0,0,5.3,5.3,0.11,0.7,0.7,Forward,
Shandon Baptiste,GRN,Brentford,eng Premier League,25 years,2.5,1,2,2,100.0,0.79,0.79,0.5,0.5,6.6,0,0,0,0.9,0.9,0.45,0.1,0.1,Midfielder,
Antonín Barák,CZE,Fiorentina,it Serie A,28 years,9.0,2,20,8,40.0,2.23,0.89,0.1,0.25,16.9,1,0,0,1.5,1.5,0.08,0.5,0.5,Midfielder,Forward
Valentín Barco,ARG,Brighton,eng Premier League,19 years,3.4,0,4,2,50.0,1.17,0.59,0.0,0.0,24.2,0,0,0,0.2,0.2,0.05,-0.2,-0.2,Defender,Forward
Bradley Barcola,FRA,Lyon,fr Ligue 1,20 years,3.0,0,2,0,0.0,0.67,0.0,0.0,,18.1,0,0,0,0.1,0.1,0.04,-0.1,-0.1,Forward,
Bradley Barcola,FRA,Paris S-G,fr Ligue 1,20 years,15.2,4,31,11,35.5,2.04,0.72,0.13,0.36,13.8,0,0,0,4.5,4.5,0.15,-0.5,-0.5,Forward,Midfielder
Melvin Bard,FRA,Nice,fr Ligue 1,22 years,29.5,1,15,5,33.3,0.51,0.17,0.07,0.2,24.6,2,0,0,0.5,0.5,0.04,0.5,0.5,Defender,
Nicolò Barella,ITA,Inter,it Serie A,26 years,31.6,2,40,12,30.0,1.26,0.38,0.05,0.17,18.2,0,0,0,5.1,5.1,0.13,-3.1,-3.1,Midfielder,
Kike Barja,ESP,Osasuna,es La Liga,26 years,3.4,0,4,2,50.0,1.19,0.59,0.0,0.0,14.1,0,0,0,0.2,0.2,0.06,-0.2,-0.2,Forward,Midfielder
Ross Barkley,ENG,Luton Town,eng Premier League,29 years,29.1,5,66,19,28.8,2.27,0.65,0.08,0.26,21.5,6,0,0,4.1,4.1,0.06,0.9,0.9,Midfielder,
Aymen Barkok,MAR,Mainz 05,de Bundesliga,25 years,3.6,1,11,6,54.5,3.08,1.68,0.09,0.17,17.2,0,0,1,1.7,0.9,0.08,-0.7,0.1,Midfielder,Forward
Harvey Barnes,ENG,Newcastle Utd,eng Premier League,25 years,8.9,5,27,12,44.4,3.03,1.35,0.19,0.42,16.0,0,0,0,3.6,3.6,0.13,1.4,1.4,Forward,Midfielder
Leandro Barreiro Martins,LUX,Mainz 05,de Bundesliga,23 years,29.0,4,38,13,34.2,1.31,0.45,0.11,0.31,16.4,0,0,0,4.5,4.5,0.12,-0.5,-0.5,Midfielder,
Enzo Barrenechea,ARG,Frosinone,it Serie A,22 years,31.2,0,20,3,15.0,0.64,0.1,0.0,0.0,22.8,2,0,0,0.6,0.6,0.03,-0.6,-0.6,Midfielder,
Ander Barrenetxea,ESP,Real Sociedad,es La Liga,21 years,15.9,4,37,12,32.4,2.33,0.76,0.11,0.33,17.7,1,0,0,3.5,3.5,0.1,0.5,0.5,Forward,Midfielder
Pablo Barrios,ESP,Atlético Madrid,es La Liga,20 years,17.3,0,17,7,41.2,0.98,0.41,0.0,0.0,21.8,0,0,0,0.9,0.9,0.05,-0.9,-0.9,Midfielder,
Davide Bartesaghi,ITA,Milan,it Serie A,17 years,0.9,0,0,0,,0.0,0.0,,,,0,0,0,0.0,0.0,,0.0,0.0,Defender,Midfielder
Marc Bartra,ESP,Betis,es La Liga,32 years,2.5,0,3,0,0.0,1.2,0.0,0.0,,11.6,0,0,0,0.2,0.2,0.07,-0.2,-0.2,Defender,
Federico Baschirotto,ITA,Lecce,it Serie A,26 years,36.6,0,17,6,35.3,0.46,0.16,0.0,0.0,10.8,0,0,0,1.7,1.5,0.09,-1.7,-1.5,Defender,
Steven Baseya,FRA,Strasbourg,fr Ligue 1,18 years,0.1,0,0,0,,0.0,0.0,,,,0,0,0,0.0,0.0,,0.0,0.0,Defender,
Chris Basham,ENG,Sheffield Utd,eng Premier League,35 years,3.6,0,2,0,0.0,0.56,0.0,0.0,,10.8,0,0,0,0.1,0.1,0.06,-0.1,-0.1,Defender,Midfielder
Toma Bašić,CRO,Salernitana,it Serie A,26 years,12.9,0,12,1,8.3,0.93,0.08,0.0,0.0,27.0,1,0,0,0.6,0.6,0.05,-0.6,-0.6,Midfielder,
Calvin Bassey,NGA,Fulham,eng Premier League,23 years,25.6,1,5,1,20.0,0.2,0.04,0.2,1.0,10.1,0,0,0,0.3,0.3,0.07,0.7,0.7,Defender,
Alessandro Bastoni,ITA,Inter,it Serie A,24 years,25.2,1,15,6,40.0,0.6,0.24,0.07,0.17,13.3,0,0,0,1.2,1.2,0.08,-0.2,-0.2,Defender,
Simone Bastoni,ITA,Empoli,it Serie A,26 years,8.3,1,7,1,14.3,0.85,0.12,0.14,1.0,21.9,2,0,0,0.4,0.4,0.06,0.6,0.6,Midfielder,Defender
Augusto Batalla,ARG,Granada,es La Liga,27 years,17.0,0,1,0,0.0,0.06,0.0,0.0,,13.5,0,0,0,0.0,0.0,0.02,0.0,0.0,Goalkeeper,
Daniel Batz,GER,Mainz 05,de Bundesliga,32 years,4.0,0,0,0,,0.0,0.0,,,,0,0,0,0.0,0.0,,0.0,0.0,Goalkeeper,
Maximilian Bauer,GER,Augsburg,de Bundesliga,23 years,9.0,1,4,1,25.0,0.44,0.11,0.25,1.0,5.2,0,0,0,1.4,1.4,0.34,-0.4,-0.4,Defender,
Elias Baum,GER,Eintracht Frankfurt,de Bundesliga,17 years,0.3,0,0,0,,0.0,0.0,,,,0,0,0,0.0,0.0,,0.0,0.0,Defender,Midfielder
Oliver Baumann,GER,Hoffenheim,de Bundesliga,33 years,34.0,0,0,0,,0.0,0.0,,,,0,0,0,0.0,0.0,,0.0,0.0,Goalkeeper,
Christoph Baumgartner,AUT,RB Leipzig,de Bundesliga,23 years,12.9,5,31,11,35.5,2.41,0.85,0.16,0.45,14.7,0,0,0,3.7,3.7,0.12,1.3,1.3,Midfielder,Forward
Bebé,CPV,Rayo Vallecano,es La Liga,33 years,2.4,2,15,4,26.7,6.37,1.7,0.07,0.25,30.2,3,1,1,1.4,0.7,0.04,0.6,0.3,Midfielder,Forward
Ihlas Bebou,TOG,Hoffenheim,de Bundesliga,29 years,18.2,7,38,14,36.8,2.09,0.77,0.18,0.5,17.1,0,0,0,4.9,4.9,0.13,2.1,2.1,Forward,Defender
Mohamed Bechikh,FRA,Strasbourg,fr Ligue 1,18 years,0.2,0,0,0,,0.0,0.0,,,,0,0,0,0.0,0.0,,0.0,0.0,Forward,Midfielder
Adrian Beck,GER,Heidenheim,de Bundesliga,26 years,10.8,1,12,3,25.0,1.11,0.28,0.08,0.33,13.5,0,0,0,1.7,1.7,0.15,-0.7,-0.7,Midfielder,Forward
Owen Beck,WAL,Liverpool,eng Premier League,20 years,0.1,0,0,0,,0.0,0.0,,,,0,0,0,0.0,0.0,,0.0,0.0,Defender,
Sheraldo Becker,SUR,Real Sociedad,es La Liga,28 years,8.6,2,21,9,42.9,2.45,1.05,0.1,0.22,17.1,0,0,0,1.4,1.4,0.07,0.6,0.6,Forward,Midfielder
Sheraldo Becker,SUR,Union Berlin,de Bundesliga,28 years,7.2,0,16,4,25.0,2.23,0.56,0.0,0.0,20.5,1,0,0,0.8,0.8,0.05,-0.8,-0.8,Forward,Midfielder
Chris Bedia,CIV,Union Berlin,de Bundesliga,27 years,1.6,1,3,1,33.3,1.86,0.62,0.33,1.0,16.9,0,0,0,0.2,0.2,0.07,0.8,0.8,Forward,Midfielder
Donny van de Beek,NED,Manchester Utd,eng Premier League,26 years,0.0,0,1,0,0.0,30.0,0.0,0.0,,16.1,0,0,0,0.0,0.0,0.04,0.0,0.0,Defender,
Donny van de Beek,NED,Eintracht Frankfurt,de Bundesliga,26 years,4.0,0,1,0,0.0,0.25,0.0,0.0,,11.3,0,0,0,0.1,0.1,0.09,-0.1,-0.1,Midfielder,Forward
Yanis Begraoui,MAR,Toulouse,fr Ligue 1,22 years,3.3,0,8,4,50.0,2.4,1.2,0.0,0.0,17.2,0,0,0,0.4,0.4,0.05,-0.4,-0.4,Forward,Midfielder
Kevin Behrens,GER,Wolfsburg,de Bundesliga,32 years,6.8,1,11,6,54.5,1.61,0.88,0.09,0.17,11.6,0,0,0,1.6,1.6,0.15,-0.6,-0.6,Forward,
Kevin Behrens,GER,Union Berlin,de Bundesliga,32 years,14.0,4,41,13,31.7,2.92,0.93,0.1,0.31,10.8,0,0,0,6.0,6.0,0.15,-2.0,-2.0,Forward,
Maximilian Beier,GER,Hoffenheim,de Bundesliga,20 years,26.9,16,82,39,47.6,3.05,1.45,0.2,0.41,15.4,0,0,0,11.4,11.4,0.14,4.6,4.6,Forward,Midfielder
Jérémie Bela,ANG,Clermont Foot,fr Ligue 1,30 years,2.3,0,6,2,33.3,2.66,0.89,0.0,0.0,22.6,1,0,0,0.2,0.2,0.04,-0.2,-0.2,Midfielder,Forward
Reda Belahyane,MAR,Hellas Verona,it Serie A,19 years,1.0,0,1,1,100.0,1.0,1.0,0.0,0.0,26.6,0,0,0,0.0,0.0,0.03,0.0,0.0,Midfielder,
Reda Belahyane,MAR,Nice,fr Ligue 1,19 years,0.3,0,0,0,,0.0,0.0,,,,0,0,0,0.0,0.0,,0.0,0.0,Midfielder,
Amari'i Bell,JAM,Luton Town,eng Premier League,29 years,19.1,0,2,2,100.0,0.1,0.1,0.0,0.0,18.8,0,0,0,0.3,0.3,0.13,-0.3,-0.3,Defender,
Stefan Bell,GER,Mainz 05,de Bundesliga,31 years,7.4,0,4,2,50.0,0.54,0.27,0.0,0.0,16.2,0,0,0,0.2,0.2,0.05,-0.2,-0.2,Defender,
Alaa Bellaarouch,MAR,Strasbourg,fr Ligue 1,21 years,15.0,0,0,0,,0.0,0.0,,,,0,0,0,0.0,0.0,,0.0,0.0,Goalkeeper,
Raoul Bellanova,ITA,Torino,it Serie A,23 years,33.8,1,32,3,9.4,0.95,0.09,0.03,0.33,16.6,0,0,0,2.0,2.0,0.06,-1.0,-1.0,Defender,
Jean-Ricner Bellegarde,FRA,Wolves,eng Premier League,25 years,10.6,2,15,5,33.3,1.41,0.47,0.13,0.4,16.5,0,0,0,1.6,1.6,0.1,0.4,0.4,Midfielder,Forward
Jean-Ricner Bellegarde,FRA,Strasbourg,fr Ligue 1,25 years,3.0,2,5,3,60.0,1.67,1.0,0.4,0.67,22.5,2,0,0,0.6,0.6,0.11,1.4,1.4,Midfielder,Forward
Héctor Bellerín,ESP,Betis,es La Liga,28 years,19.0,0,2,0,0.0,0.11,0.0,0.0,,18.7,0,0,0,0.2,0.2,0.08,-0.2,-0.2,Defender,
Jude Bellingham,ENG,Real Madrid,es La Liga,20 years,25.7,19,62,34,54.8,2.41,1.32,0.29,0.53,14.8,0,1,1,11.1,10.3,0.17,7.9,7.7,Midfielder,
Jeanuël Belocian,FRA,Rennes,fr Ligue 1,18 years,16.1,0,3,0,0.0,0.19,0.0,0.0,,11.3,0,0,0,0.5,0.5,0.17,-0.5,-0.5,Defender,
Andrea Belotti,ITA,Fiorentina,it Serie A,29 years,10.5,3,33,9,27.3,3.13,0.85,0.09,0.33,13.9,0,0,0,3.7,3.7,0.11,-0.7,-0.7,Forward,
Andrea Belotti,ITA,Roma,it Serie A,29 years,7.5,3,15,8,53.3,1.99,1.06,0.2,0.38,13.9,0,0,0,2.4,2.4,0.16,0.6,0.6,Forward,
Fran Beltrán,ESP,Celta Vigo,es La Liga,24 years,27.0,0,21,3,14.3,0.78,0.11,0.0,0.0,25.8,0,0,0,0.7,0.7,0.03,-0.7,-0.7,Midfielder,
Lucas Beltrán,ARG,Fiorentina,it Serie A,22 years,18.8,6,30,7,23.3,1.6,0.37,0.17,0.71,15.5,0,1,1,3.8,3.0,0.1,2.2,2.0,Forward,Midfielder
Eliesse Ben Seghir,MAR,Monaco,fr Ligue 1,18 years,4.8,2,14,4,28.6,2.94,0.84,0.14,0.5,19.8,1,0,0,0.8,0.8,0.06,1.2,1.2,Midfielder,Forward
Anis Ben Slimane,TUN,Sheffield Utd,eng Premier League,22 years,4.7,0,8,3,37.5,1.72,0.64,0.0,0.0,18.2,0,0,0,0.8,0.8,0.1,-0.8,-0.8,Midfielder,
Wissam Ben Yedder,FRA,Monaco,fr Ligue 1,32 years,25.7,16,63,29,46.0,2.45,1.13,0.24,0.52,11.5,0,1,1,12.4,11.6,0.18,3.6,3.4,Forward,
Carlos Benavídez,URU,Alavés,es La Liga,25 years,12.6,3,14,7,50.0,1.11,0.55,0.21,0.43,19.8,0,0,0,1.0,1.0,0.07,2.0,2.0,Midfielder,
Ismaël Bennacer,ALG,Milan,it Serie A,25 years,12.8,2,11,1,9.1,0.86,0.08,0.09,1.0,21.6,1,1,1,1.7,0.9,0.08,0.3,0.1,Midfielder,
Saïd Benrahma,ALG,West Ham,eng Premier League,27 years,6.9,0,18,5,27.8,2.61,0.73,0.0,0.0,19.8,0,0,1,1.8,1.0,0.06,-1.8,-1.0,Forward,Midfielder
Saïd Benrahma,ALG,Lyon,fr Ligue 1,27 years,8.6,3,25,9,36.0,2.92,1.05,0.12,0.33,21.5,2,0,0,1.6,1.6,0.06,1.4,1.4,Forward,Midfielder
Ramy Bensebaini,ALG,Dortmund,de Bundesliga,28 years,11.5,0,16,0,0.0,1.39,0.0,0.0,,17.1,0,0,0,1.7,1.7,0.11,-1.7,-1.7,Defender,
Nabil Bentaleb,ALG,Lille,fr Ligue 1,28 years,21.9,0,10,2,20.0,0.46,0.09,0.0,0.0,29.3,1,0,0,0.4,0.4,0.04,-0.4,-0.4,Midfielder,
Rodrigo Bentancur,URU,Tottenham,eng Premier League,26 years,11.2,1,18,4,22.2,1.61,0.36,0.06,0.25,16.3,0,0,0,1.9,1.9,0.11,-0.9,-0.9,Midfielder,
Daniel Bentley,ENG,Wolves,eng Premier League,30 years,4.3,0,0,0,,0.0,0.0,,,,0,0,0,0.0,0.0,,0.0,0.0,Goalkeeper,
Lucas Beraldo,BRA,Paris S-G,fr Ligue 1,19 years,11.2,1,5,2,40.0,0.45,0.18,0.2,0.5,10.8,0,0,0,1.0,1.0,0.2,0.0,0.0,Defender,
Domenico Berardi,ITA,Sassuolo,it Serie A,28 years,15.9,9,46,19,41.3,2.89,1.19,0.09,0.21,23.3,2,5,5,6.5,2.6,0.06,2.5,1.4,Forward,
Yuri Berchiche,ESP,Athletic Club,es La Liga,33 years,21.4,3,18,6,33.3,0.84,0.28,0.17,0.5,19.1,0,0,0,0.9,0.7,0.04,2.1,2.3,Defender,
Álex Berenguer,ESP,Athletic Club,es La Liga,28 years,17.7,7,31,11,35.5,1.75,0.62,0.19,0.55,16.4,3,1,1,5.2,4.4,0.14,1.8,1.6,Forward,
Bartosz Bereszyński,POL,Empoli,it Serie A,31 years,19.6,0,3,1,33.3,0.15,0.05,0.0,0.0,27.8,0,0,0,0.1,0.1,0.02,-0.1,-0.1,Defender,
Jóhann Berg Guðmundsson,ISL,Burnley,eng Premier League,32 years,13.2,1,15,6,40.0,1.13,0.45,0.07,0.17,15.6,1,0,0,1.9,1.9,0.12,-0.9,-0.9,Midfielder,Forward
Sander Berge,NOR,Burnley,eng Premier League,25 years,33.4,1,25,3,12.0,0.75,0.09,0.04,0.33,17.6,0,0,0,1.9,1.9,0.08,-0.9,-0.9,Midfielder,
Etrit Berisha,ALB,Empoli,it Serie A,34 years,14.0,0,0,0,,0.0,0.0,,,,0,0,0,0.0,0.0,,0.0,0.0,Goalkeeper,
Medon Berisha,ALB,Lecce,it Serie A,19 years,2.3,0,2,0,0.0,0.88,0.0,0.0,,17.6,0,0,0,0.2,0.2,0.09,-0.2,-0.2,Forward,Midfielder
Mergim Berisha,GER,Hoffenheim,de Bundesliga,25 years,1.6,0,6,1,16.7,3.75,0.62,0.0,0.0,16.2,1,0,0,0.5,0.5,0.09,-0.5,-0.5,Forward,
Mergim Berisha,GER,Augsburg,de Bundesliga,25 years,1.4,0,5,0,0.0,3.69,0.0,0.0,,30.7,1,0,0,0.2,0.2,0.03,-0.2,-0.2,Forward,
Bernardo,BRA,Bochum,de Bundesliga,28 years,32.5,1,29,8,27.6,0.89,0.25,0.03,0.13,12.4,0,0,0,1.9,1.9,0.07,-0.9,-0.9,Defender,
Victor Bernth Kristiansen,DEN,Bologna,it Serie A,20 years,25.6,0,6,2,33.3,0.23,0.08,0.0,0.0,18.8,0,0,0,0.3,0.3,0.04,-0.3,-0.3,Defender,
Matúš Bero,SVK,Bochum,de Bundesliga,27 years,18.5,1,30,6,20.0,1.63,0.33,0.03,0.17,19.9,0,0,0,2.9,2.9,0.1,-1.9,-1.9,Midfielder,Forward
Luke Berry,ENG,Luton Town,eng Premier League,31 years,3.6,2,8,4,50.0,2.23,1.11,0.25,0.5,10.9,0,0,0,1.0,1.0,0.13,1.0,1.0,Midfielder,Defender
Dimitry Bertaud,COD,Montpellier,fr Ligue 1,25 years,4.0,0,0,0,,0.0,0.0,,,,0,0,0,0.0,0.0,,0.0,0.0,Goalkeeper,
Jan-Niklas Beste,GER,Heidenheim,de Bundesliga,24 years,28.9,8,48,18,37.5,1.66,0.62,0.17,0.44,22.0,10,0,1,4.3,3.5,0.07,3.7,4.5,Forward,Midfielder
Beto,GNB,Everton,eng Premier League,25 years,10.6,3,42,12,28.6,3.97,1.14,0.07,0.25,14.7,0,0,1,6.8,6.0,0.14,-3.8,-3.0,Forward,
Beto,GNB,Udinese,it Serie A,25 years,0.8,0,0,0,,0.0,0.0,,,,0,0,0,0.0,0.0,,0.0,0.0,Forward,
Davide Bettella,ITA,Monza,it Serie A,23 years,0.0,0,0,0,,0.0,0.0,,,,0,0,0,0.0,0.0,,0.0,0.0,Midfielder,
Sam Beukema,NED,Bologna,it Serie A,24 years,28.3,1,12,4,33.3,0.42,0.14,0.08,0.25,9.7,0,0,0,1.9,1.9,0.16,-0.9,-0.9,Defender,
Jordan Beyer,GER,Burnley,eng Premier League,23 years,13.7,0,5,0,0.0,0.36,0.0,0.0,,8.2,0,0,0,0.5,0.5,0.1,-0.5,-0.5,Defender,
Pep Biel,ESP,Augsburg,de Bundesliga,26 years,3.2,0,6,1,16.7,1.89,0.32,0.0,0.0,15.0,0,0,0,1.0,1.0,0.17,-1.0,-1.0,Midfielder,Forward
Jaka Bijol,SVN,Udinese,it Serie A,24 years,23.2,0,15,2,13.3,0.65,0.09,0.0,0.0,9.1,0,0,0,1.9,1.9,0.13,-1.9,-1.9,Defender,
El Bilal Touré,MLI,Atalanta,it Serie A,21 years,4.4,2,12,4,33.3,2.74,0.91,0.17,0.5,15.2,0,0,0,1.2,1.2,0.1,0.8,0.8,Forward,
Philip Billing,DEN,Bournemouth,eng Premier League,27 years,15.5,2,30,8,26.7,1.93,0.52,0.07,0.25,20.6,7,0,0,2.5,2.5,0.08,-0.5,-0.5,Midfielder,
Cristiano Biraghi,ITA,Fiorentina,it Serie A,30 years,26.2,2,16,5,31.3,0.61,0.19,0.13,0.4,28.1,7,0,1,1.6,0.8,0.05,0.4,1.2,Defender,
Davide Biraschi,ITA,Genoa,it Serie A,29 years,1.0,1,1,1,100.0,1.0,1.0,1.0,1.0,9.6,0,0,0,0.1,0.1,0.1,0.9,0.9,Defender,
Samuele Birindelli,ITA,Monza,it Serie A,24 years,22.4,0,25,9,36.0,1.12,0.4,0.0,0.0,18.1,0,0,0,1.1,1.1,0.04,-1.1,-1.1,Defender,
Tom Bischof,GER,Hoffenheim,de Bundesliga,18 years,2.0,0,5,1,20.0,2.53,0.51,0.0,0.0,23.3,0,0,0,0.4,0.4,0.07,-0.4,-0.4,Midfielder,Forward
Yves Bissouma,MLI,Tottenham,eng Premier League,26 years,23.0,0,24,5,20.8,1.04,0.22,0.0,0.0,25.0,1,0,0,1.4,1.4,0.06,-1.4,-1.4,Midfielder,
Leonardo Bittencourt,GER,Werder Bremen,de Bundesliga,29 years,17.5,1,31,5,16.1,1.77,0.29,0.03,0.2,21.0,1,0,0,2.2,2.2,0.07,-1.2,-1.2,Midfielder,
Marco Bizot,NED,Brest,fr Ligue 1,32 years,32.0,0,0,0,,0.0,0.0,,,,0,0,0,0.0,0.0,,0.0,0.0,Goalkeeper,
Antonio Blanco,ESP,Alavés,es La Liga,23 years,27.0,0,20,3,15.0,0.74,0.11,0.0,0.0,25.1,0,0,0,0.8,0.8,0.04,-0.8,-0.8,Midfielder,
Rubén Blanco,ESP,Marseille,fr Ligue 1,28 years,1.3,0,0,0,,0.0,0.0,,,,0,0,0,0.0,0.0,,0.0,0.0,Goalkeeper,
Hendry Blank,GER,Dortmund,de Bundesliga,18 years,0.5,0,0,0,,0.0,0.0,,,,0,0,0,0.0,0.0,,0.0,0.0,Defender,
Ludovic Blas,FRA,Rennes,fr Ligue 1,25 years,17.4,4,42,15,35.7,2.42,0.86,0.07,0.2,20.0,0,1,2,4.7,3.1,0.07,-0.7,-0.1,Forward,Midfielder
Janis Blaswich,GER,RB Leipzig,de Bundesliga,32 years,21.0,0,0,0,,0.0,0.0,,,,0,0,0,0.0,0.0,,0.0,0.0,Goalkeeper,
Alexis Blin,FRA,Lecce,it Serie A,26 years,18.2,0,13,2,15.4,0.71,0.11,0.0,0.0,13.9,0,0,0,1.1,1.1,0.08,-1.1,-1.1,Midfielder,
Daley Blind,NED,Girona,es La Liga,33 years,33.0,1,17,6,35.3,0.51,0.18,0.06,0.17,16.6,1,0,0,1.7,1.7,0.1,-0.7,-0.7,Defender,
Myron Boadu,NED,Monaco,fr Ligue 1,22 years,0.9,1,2,2,100.0,2.12,2.12,0.5,0.5,10.7,0,0,0,0.4,0.4,0.22,0.6,0.6,Forward,
Benicio Boaitey,ENG,Brighton,eng Premier League,19 years,0.4,0,1,0,0.0,2.25,0.0,0.0,,25.2,0,0,0,0.0,0.0,0.02,0.0,0.0,Forward,Defender
Jérôme Boateng,GER,Salernitana,it Serie A,34 years,2.6,0,0,0,,0.0,0.0,,,,0,0,0,0.0,0.0,,0.0,0.0,Defender,
Oscar Bobb,NOR,Manchester City,eng Premier League,20 years,3.4,1,4,1,25.0,1.19,0.3,0.25,1.0,11.1,0,0,0,1.4,1.4,0.35,-0.4,-0.4,Forward,Midfielder
Sacha Boey,FRA,Bayern Munich,de Bundesliga,22 years,1.2,0,1,0,0.0,0.83,0.0,0.0,,8.4,0,0,0,0.2,0.2,0.24,-0.2,-0.2,Defender,
Jeremie Boga,CIV,Nice,fr Ligue 1,26 years,22.2,6,39,19,48.7,1.76,0.86,0.15,0.32,16.7,4,0,0,4.3,4.3,0.11,1.7,1.7,Forward,
Jayden Bogle,ENG,Sheffield Utd,eng Premier League,23 years,31.0,3,32,11,34.4,1.03,0.36,0.09,0.27,16.2,0,0,0,2.3,2.3,0.07,0.7,0.7,Defender,
Emil Bohinen,NOR,Genoa,it Serie A,24 years,0.6,0,0,0,,0.0,0.0,,,,0,0,0,0.0,0.0,,0.0,0.0,Midfielder,
Emil Bohinen,NOR,Salernitana,it Serie A,24 years,5.9,0,4,0,0.0,0.67,0.0,0.0,,24.3,0,0,0,0.1,0.1,0.02,-0.1,-0.1,Midfielder,
Adama Bojang,GAM,Reims,fr Ligue 1,19 years,0.9,0,4,1,25.0,4.34,1.08,0.0,0.0,16.9,0,0,0,1.3,1.3,0.32,-1.3,-1.3,Forward,
Daniel Boloca,ROU,Sassuolo,it Serie A,24 years,22.5,1,13,4,30.8,0.58,0.18,0.08,0.25,26.3,0,0,0,0.5,0.5,0.04,0.5,0.5,Midfielder,
Willy Boly,CIV,Nottingham Forest,eng Premier League,32 years,16.0,2,14,6,42.9,0.88,0.38,0.14,0.33,10.4,0,0,0,1.5,1.5,0.11,0.5,0.5,Defender,
Giacomo Bonaventura,ITA,Fiorentina,it Serie A,33 years,25.3,8,51,13,25.5,2.02,0.51,0.16,0.62,20.2,1,0,1,5.7,4.4,0.09,2.3,3.6,Midfielder,
Federico Bonazzoli,ITA,Hellas Verona,it Serie A,26 years,11.3,3,27,13,48.1,2.39,1.15,0.11,0.23,18.6,0,0,0,2.9,2.9,0.11,0.1,0.1,Forward,Midfielder
Warren Bondo,FRA,Monza,it Serie A,19 years,16.4,1,17,4,23.5,1.04,0.24,0.06,0.25,20.8,0,0,0,0.9,0.9,0.06,0.1,0.1,Midfielder,
Giovanni Bonfanti,ITA,Atalanta,it Serie A,20 years,1.0,0,1,0,0.0,1.01,0.0,0.0,,5.9,0,0,0,0.1,0.1,0.09,-0.1,-0.1,Defender,
Victor Boniface,NGA,Leverkusen,de Bundesliga,22 years,17.2,14,76,30,39.5,4.42,1.75,0.13,0.33,16.0,0,4,4,15.4,12.3,0.16,-1.4,-2.3,Forward,
Kevin Bonifazi,ITA,Bologna,it Serie A,27 years,1.0,0,0,0,,0.0,0.0,,,,0,0,0,0.0,0.0,,0.0,0.0,Defender,
Kevin Bonifazi,ITA,Frosinone,it Serie A,27 years,3.4,0,0,0,,0.0,0.0,,,,0,0,0,0.0,0.0,,0.0,0.0,Defender,
Leonardo Bonucci,ITA,Union Berlin,de Bundesliga,36 years,5.1,1,0,0,,0.0,0.0,,,,0,1,1,0.8,0.0,,0.2,0.0,Defender,
Neto Borges,BRA,Clermont Foot,fr Ligue 1,26 years,28.0,0,16,2,12.5,0.57,0.07,0.0,0.0,19.6,0,0,0,0.5,0.5,0.03,-0.5,-0.5,Defender,
Yvandro Borges Sanches,LUX,Gladbach,de Bundesliga,19 years,0.2,0,0,0,,0.0,0.0,,,,0,0,0,0.0,0.0,,0.0,0.0,Midfielder,Forward
Sebastiaan Bornauw,BEL,Wolfsburg,de Bundesliga,24 years,15.9,0,10,4,40.0,0.63,0.25,0.0,0.0,10.0,0,0,0,0.8,0.8,0.08,-0.8,-0.8,Defender,
Rafael Borré,COL,Werder Bremen,de Bundesliga,27 years,11.0,4,20,7,35.0,1.82,0.64,0.2,0.57,15.4,0,0,0,2.4,2.4,0.12,1.6,1.6,Forward,
Gennaro Borrelli,ITA,Frosinone,it Serie A,23 years,0.3,0,0,0,,0.0,0.0,,,,0,0,0,0.0,0.0,,0.0,0.0,Forward,
Adri Bosch,ESP,Granada,es La Liga,22 years,0.3,0,0,0,,0.0,0.0,,,,0,0,0,0.0,0.0,,0.0,0.0,Defender,
Erik Botheim,NOR,Salernitana,it Serie A,23 years,3.5,0,1,0,0.0,0.28,0.0,0.0,,15.8,0,0,0,0.1,0.1,0.11,-0.1,-0.1,Forward,Midfielder
Sven Botman,NED,Newcastle Utd,eng Premier League,23 years,15.3,2,10,2,20.0,0.65,0.13,0.2,1.0,10.5,0,0,0,0.6,0.6,0.06,1.4,1.4,Defender,
Saïmon Bouabré,FRA,Monaco,fr Ligue 1,17 years,0.5,0,0,0,,0.0,0.0,,,,0,0,0,0.0,0.0,,0.0,0.0,Midfielder,
Ayyoub Bouaddi,FRA,Lille,fr Ligue 1,15 years,1.5,0,0,0,,0.0,0.0,,,,0,0,0,0.0,0.0,,0.0,0.0,Midfielder,
Badredine Bouanani,ALG,Nice,fr Ligue 1,18 years,1.8,0,4,1,25.0,2.24,0.56,0.0,0.0,16.4,0,0,0,0.2,0.2,0.05,-0.2,-0.2,Forward,
Badredine Bouanani,ALG,Lorient,fr Ligue 1,18 years,4.9,1,15,5,33.3,3.05,1.02,0.07,0.2,21.1,0,0,0,1.4,1.4,0.09,-0.4,-0.4,Midfielder,
Mohamed Bouchenna,FRA,Clermont Foot,fr Ligue 1,17 years,0.3,0,1,0,0.0,3.1,0.0,0.0,,26.3,0,0,0,0.1,0.1,0.06,-0.1,-0.1,Midfielder,Forward
Hicham Boudaoui,ALG,Nice,fr Ligue 1,23 years,17.9,2,29,6,20.7,1.62,0.33,0.07,0.33,15.4,0,0,0,3.3,3.3,0.11,-1.3,-1.3,Midfielder,
Yassine Bounou,MAR,Sevilla,es La Liga,32 years,1.0,0,0,0,,0.0,0.0,,,,0,0,0,0.0,0.0,,0.0,0.0,Goalkeeper,
Mehdi Bourabia,MAR,Frosinone,it Serie A,31 years,2.2,0,2,0,0.0,0.9,0.0,0.0,,17.9,0,0,0,0.1,0.1,0.05,-0.1,-0.1,Midfielder,
Benjamin Bourigeaud,FRA,Rennes,fr Ligue 1,29 years,26.9,9,44,10,22.7,1.63,0.37,0.05,0.2,21.8,13,7,7,9.9,4.4,0.1,-0.9,-2.4,Midfielder,Forward
Bilal Boutobba,FRA,Clermont Foot,fr Ligue 1,24 years,10.3,1,25,9,36.0,2.43,0.87,0.04,0.11,17.5,0,0,0,2.0,2.0,0.08,-1.0,-1.0,Forward,Midfielder
Hugo Boutsingkham,FRA,Nantes,fr Ligue 1,20 years,0.1,0,0,0,,0.0,0.0,,,,0,0,0,0.0,0.0,,0.0,0.0,Midfielder,Forward
Edoardo Bove,ITA,Roma,it Serie A,21 years,19.8,0,19,6,31.6,0.96,0.3,0.0,0.0,17.8,0,0,0,2.0,2.0,0.1,-2.0,-2.0,Midfielder,
Jarrod Bowen,ENG,West Ham,eng Premier League,26 years,33.5,16,84,37,44.0,2.5,1.1,0.19,0.43,14.2,0,0,0,11.6,11.6,0.14,4.4,4.4,Forward,
Lucas Boyé,ARG,Granada,es La Liga,27 years,28.2,6,56,15,26.8,1.98,0.53,0.11,0.4,13.3,1,0,0,6.2,6.2,0.11,-0.2,-0.2,Forward,
Domagoj Bradarić,CRO,Salernitana,it Serie A,23 years,30.5,0,19,4,21.1,0.62,0.13,0.0,0.0,22.3,0,0,0,0.8,0.8,0.04,-0.8,-0.8,Defender,
Conor Bradley,NIR,Liverpool,eng Premier League,20 years,8.4,1,12,4,33.3,1.43,0.48,0.08,0.25,17.3,0,0,0,0.9,0.9,0.07,0.1,0.1,Defender,
Bilal Brahimi,ALG,Nice,fr Ligue 1,23 years,0.1,0,0,0,,0.0,0.0,,,,0,0,0,0.0,0.0,,0.0,0.0,Forward,
Bilal Brahimi,ALG,Brest,fr Ligue 1,23 years,2.5,0,4,2,50.0,1.63,0.81,0.0,0.0,24.4,0,0,0,0.1,0.1,0.03,-0.1,-0.1,Forward,Midfielder
Julian Brandt,GER,Dortmund,de Bundesliga,27 years,24.7,7,33,16,48.5,1.34,0.65,0.21,0.44,19.1,2,0,0,4.4,4.4,0.13,2.6,2.6,Midfielder,Forward
Jarrad Branthwaite,ENG,Everton,eng Premier League,21 years,34.6,3,14,4,28.6,0.4,0.12,0.21,0.75,11.6,0,0,0,1.7,1.7,0.12,1.3,1.3,Defender,
Darko Brašanac,SRB,Osasuna,es La Liga,31 years,0.5,0,0,0,,0.0,0.0,,,,0,0,0,0.0,0.0,,0.0,0.0,Midfielder,
Lilian Brassier,FRA,Brest,fr Ligue 1,23 years,29.7,3,12,3,25.0,0.4,0.1,0.25,1.0,16.3,0,0,0,1.1,1.1,0.09,1.9,1.9,Defender,
Brau,ESP,Granada,es La Liga,21 years,0.3,0,0,0,,0.0,0.0,,,,0,0,0,0.0,0.0,,0.0,0.0,Defender,
Claudio Bravo,CHI,Betis,es La Liga,40 years,7.0,0,0,0,,0.0,0.0,,,,0,0,0,0.0,0.0,,0.0,0.0,Goalkeeper,
Fabian Bredlow,GER,Stuttgart,de Bundesliga,28 years,4.0,0,0,0,,0.0,0.0,,,,0,0,0,0.0,0.0,,0.0,0.0,Goalkeeper,
Tim Breithaupt,GER,Augsburg,de Bundesliga,21 years,7.0,0,3,0,0.0,0.43,0.0,0.0,,27.0,0,0,0,0.1,0.1,0.03,-0.1,-0.1,Midfielder,
Josip Brekalo,CRO,Fiorentina,it Serie A,25 years,7.2,1,9,4,44.4,1.24,0.55,0.11,0.25,19.3,0,0,0,0.4,0.4,0.04,0.6,0.6,Forward,
Gleison Bremer,BRA,Juventus,it Serie A,26 years,35.9,3,18,4,22.2,0.5,0.11,0.17,0.75,13.4,0,0,0,1.4,1.4,0.08,1.6,1.6,Defender,
Brenner,BRA,Udinese,it Serie A,23 years,2.1,0,4,2,50.0,1.9,0.95,0.0,0.0,15.9,0,0,0,0.4,0.4,0.1,-0.4,-0.4,Midfielder,Forward
Ben Brereton,CHI,Sheffield Utd,eng Premier League,24 years,12.3,6,34,16,47.1,2.77,1.3,0.15,0.31,14.5,0,1,1,6.1,5.3,0.16,-0.1,-0.3,Forward,Midfielder
Ben Brereton,CHI,Villarreal,es La Liga,24 years,3.0,0,5,1,20.0,1.67,0.33,0.0,0.0,18.1,0,0,0,0.2,0.2,0.04,-0.2,-0.2,Forward,Midfielder
Marco Brescianini,ITA,Frosinone,it Serie A,23 years,25.8,4,31,10,32.3,1.2,0.39,0.13,0.4,19.9,2,0,0,2.3,2.3,0.07,1.7,1.7,Midfielder,
Maximilian Breunig,GER,Freiburg,de Bundesliga,22 years,0.1,0,0,0,,0.0,0.0,,,,0,0,0,0.0,0.0,,0.0,0.0,Forward,
Rhian Brewster,ENG,Sheffield Utd,eng Premier League,23 years,3.8,0,7,3,42.9,1.82,0.78,0.0,0.0,23.2,0,0,0,0.4,0.4,0.05,-0.4,-0.4,Forward,Midfielder
Bennit Bröger,GER,Wolfsburg,de Bundesliga,17 years,0.1,0,0,0,,0.0,0.0,,,,0,0,0,0.0,0.0,,0.0,0.0,Forward,
Armando Broja,ALB,Chelsea,eng Premier League,21 years,5.0,1,13,2,15.4,2.58,0.4,0.08,0.5,11.1,0,0,0,2.4,2.4,0.18,-1.4,-1.4,Forward,
Armando Broja,ALB,Fulham,eng Premier League,21 years,1.0,0,0,0,,0.0,0.0,,,,0,0,0,0.0,0.0,,0.0,0.0,Forward,
Dylan Bronn,TUN,Salernitana,it Serie A,28 years,0.6,0,1,0,0.0,1.73,0.0,0.0,,13.2,0,0,0,0.0,0.0,0.03,0.0,0.0,Defender,Midfielder
Andre Brooks,ENG,Sheffield Utd,eng Premier League,19 years,10.4,0,9,2,22.2,0.86,0.19,0.0,0.0,19.5,0,0,0,0.4,0.4,0.04,-0.4,-0.4,Midfielder,Defender
David Brooks,WAL,Bournemouth,eng Premier League,26 years,3.1,1,13,5,38.5,4.15,1.6,0.08,0.2,17.4,0,0,0,2.2,2.2,0.17,-1.2,-1.2,Forward,Midfielder
John Brooks,USA,Hoffenheim,de Bundesliga,30 years,17.1,2,11,4,36.4,0.64,0.23,0.18,0.5,8.0,0,0,0,2.6,2.6,0.23,-0.6,-0.6,Defender,
Moritz Broschinski,GER,Bochum,de Bundesliga,22 years,13.9,2,26,7,26.9,1.88,0.51,0.08,0.29,15.4,0,0,0,2.4,2.4,0.09,-0.4,-0.4,Forward,
Jacob Brown,SCO,Luton Town,eng Premier League,25 years,11.3,2,26,6,23.1,2.3,0.53,0.08,0.33,14.1,0,0,0,2.8,2.8,0.11,-0.8,-0.8,Midfielder,Forward
Josh Brownhill,ENG,Burnley,eng Premier League,27 years,25.0,4,28,11,39.3,1.12,0.44,0.14,0.36,21.8,0,0,0,1.9,1.9,0.07,2.1,2.1,Midfielder,
Alexander Brunst,GER,Darmstadt 98,de Bundesliga,28 years,3.0,0,0,0,,0.0,0.0,,,,0,0,0,0.0,0.0,,0.0,0.0,Goalkeeper,
Jacob Bruun Larsen,DEN,Burnley,eng Premier League,24 years,13.9,6,43,14,32.6,3.1,1.01,0.12,0.36,19.2,11,1,1,5.0,4.2,0.1,1.0,0.8,Midfielder,Forward
Tajon Buchanan,CAN,Inter,it Serie A,24 years,1.8,1,4,1,25.0,2.24,0.56,0.25,1.0,18.9,0,0,0,0.2,0.2,0.05,0.8,0.8,Defender,
Ante Budimir,CRO,Osasuna,es La Liga,32 years,27.1,17,73,31,42.5,2.7,1.15,0.19,0.45,12.8,0,3,4,14.2,11.1,0.15,2.8,2.9,Forward,
Hugo Bueno,ESP,Wolves,eng Premier League,20 years,8.2,0,5,0,0.0,0.61,0.0,0.0,,18.4,0,0,0,0.3,0.3,0.06,-0.3,-0.3,Defender,Midfielder
Manu Bueno,ESP,Sevilla,es La Liga,19 years,1.3,0,1,0,0.0,0.77,0.0,0.0,,31.7,0,0,0,0.0,0.0,0.03,0.0,0.0,Midfielder,
Santiago Bueno,URU,Wolves,eng Premier League,24 years,9.1,0,0,0,,0.0,0.0,,,,0,0,0,0.0,0.0,,0.0,0.0,Defender,
Marius Bülter,GER,Hoffenheim,de Bundesliga,30 years,15.0,1,21,6,28.6,1.4,0.4,0.05,0.17,18.0,0,0,0,1.4,1.4,0.07,-0.4,-0.4,Defender,Forward
Facundo Buonanotte,ARG,Brighton,eng Premier League,18 years,15.2,3,21,8,38.1,1.39,0.53,0.14,0.38,16.8,0,0,0,2.4,2.4,0.11,0.6,0.6,Forward,Midfielder
Alessandro Buongiorno,ITA,Torino,it Serie A,24 years,28.1,3,13,6,46.2,0.46,0.21,0.23,0.5,9.5,0,0,0,1.6,1.6,0.12,1.4,1.4,Defender,
Jonathan Burkardt,GER,Mainz 05,de Bundesliga,23 years,17.1,8,40,16,40.0,2.34,0.94,0.18,0.44,14.5,0,1,1,6.1,5.3,0.13,1.9,1.7,Forward,Midfielder
Oliver Burke,SCO,Werder Bremen,de Bundesliga,26 years,0.4,0,0,0,,0.0,0.0,,,,0,0,0,0.0,0.0,,0.0,0.0,Forward,
Reece Burke,ENG,Luton Town,eng Premier League,26 years,18.4,0,13,3,23.1,0.7,0.16,0.0,0.0,14.3,0,0,0,1.3,1.3,0.12,-1.3,-1.3,Defender,
Dan Burn,ENG,Newcastle Utd,eng Premier League,31 years,30.3,2,23,5,21.7,0.76,0.17,0.09,0.4,8.1,0,0,0,3.1,3.1,0.14,-1.1,-1.1,Defender,
Rareș-Cătălin Burnete,ROU,Lecce,it Serie A,19 years,0.1,0,0,0,,0.0,0.0,,,,0,0,0,0.0,0.0,,0.0,0.0,Forward,
Mason Burstow,ENG,Chelsea,eng Premier League,19 years,0.1,0,0,0,,0.0,0.0,,,,0,0,0,0.0,0.0,,0.0,0.0,Forward,
Marnon Busch,GER,Heidenheim,de Bundesliga,28 years,6.6,0,5,1,20.0,0.76,0.15,0.0,0.0,25.3,1,0,0,0.1,0.1,0.03,-0.1,-0.1,Defender,
Maxime Busi,BEL,Reims,fr Ligue 1,23 years,1.8,0,1,0,0.0,0.56,0.0,0.0,,16.2,0,0,0,0.2,0.2,0.18,-0.2,-0.2,Forward,Defender
Pablo Busto,ESP,Betis,es La Liga,17 years,0.5,0,1,0,0.0,2.05,0.0,0.0,,28.3,0,0,0,0.0,0.0,0.01,0.0,0.0,Defender,
Aurélio Buta,POR,Eintracht Frankfurt,de Bundesliga,26 years,19.4,1,13,4,30.8,0.67,0.21,0.08,0.25,21.3,0,0,0,0.5,0.5,0.04,0.5,0.5,Defender,Midfielder
Marcin Bułka,POL,Nice,fr Ligue 1,23 years,34.0,0,1,0,0.0,0.03,0.0,0.0,,7.5,0,0,0,0.1,0.1,0.13,-0.1,-0.1,Goalkeeper,
Rémy Cabella,FRA,Lille,fr Ligue 1,33 years,16.4,2,33,14,42.4,2.01,0.85,0.06,0.14,15.5,0,0,0,5.2,5.2,0.16,-3.2,-3.2,Forward,Midfielder
Jovane Cabral,CPV,Salernitana,it Serie A,25 years,7.5,1,25,9,36.0,3.32,1.19,0.04,0.11,20.2,0,0,0,1.2,1.2,0.05,-0.2,-0.2,Midfielder,Forward
Liberato Cacace,NZL,Empoli,it Serie A,22 years,21.2,0,13,2,15.4,0.61,0.09,0.0,0.0,24.6,0,0,0,0.4,0.4,0.03,-0.4,-0.4,Defender,
Anthony Caci,FRA,Mainz 05,de Bundesliga,26 years,27.6,2,31,5,16.1,1.12,0.18,0.06,0.4,18.2,0,0,0,1.5,1.5,0.05,0.5,0.5,Defender,
Moisés Caicedo,ECU,Chelsea,eng Premier League,21 years,31.8,1,13,4,30.8,0.41,0.13,0.08,0.25,29.0,0,0,0,0.4,0.4,0.03,0.6,0.6,Midfielder,
Tom Cairney,SCO,Fulham,eng Premier League,32 years,16.5,1,17,8,47.1,1.03,0.48,0.06,0.13,21.2,0,0,0,1.1,1.1,0.06,-0.1,-0.1,Midfielder,
Jens Cajuste,SWE,Napoli,it Serie A,23 years,11.3,0,16,3,18.8,1.42,0.27,0.0,0.0,16.5,0,0,0,1.5,1.5,0.09,-1.5,-1.5,Midfielder,
Davide Calabria,ITA,Milan,it Serie A,26 years,24.3,1,21,8,38.1,0.86,0.33,0.05,0.13,18.3,0,0,0,1.3,1.3,0.06,-0.3,-0.3,Defender,
Riccardo Calafiori,ITA,Bologna,it Serie A,21 years,26.1,2,17,6,35.3,0.65,0.23,0.12,0.33,17.9,0,0,0,1.4,1.4,0.08,0.6,0.6,Defender,
Mattia Caldara,ITA,Milan,it Serie A,29 years,0.4,0,1,0,0.0,2.73,0.0,0.0,,5.4,0,0,0,0.2,0.2,0.21,-0.2,-0.2,Defender,
Luca Caldirola,ITA,Monza,it Serie A,32 years,23.8,1,9,2,22.2,0.38,0.08,0.11,0.5,10.8,0,0,0,0.5,0.5,0.05,0.5,0.5,Defender,
Duje Ćaleta-Car,CRO,Lyon,fr Ligue 1,26 years,22.1,0,7,1,14.3,0.32,0.05,0.0,0.0,10.1,0,0,0,0.5,0.5,0.08,-0.5,-0.5,Defender,
Hakan Çalhanoğlu,TUR,Inter,it Serie A,29 years,28.4,13,52,13,25.0,1.83,0.46,0.06,0.23,29.5,12,10,10,10.1,2.3,0.04,2.9,0.7,Midfielder,
José Callejón,ESP,Granada,es La Liga,36 years,8.9,0,12,4,33.3,1.34,0.45,0.0,0.0,14.5,1,0,0,1.3,1.3,0.11,-1.3,-1.3,Midfielder,Forward
Dominic Calvert-Lewin,ENG,Everton,eng Premier League,26 years,24.1,7,71,28,39.4,2.94,1.16,0.07,0.18,13.9,1,2,2,12.9,11.4,0.16,-5.9,-6.4,Forward,
Lamine Camara,SEN,Metz,fr Ligue 1,19 years,25.1,1,29,8,27.6,1.16,0.32,0.03,0.13,28.4,4,0,1,2.2,1.4,0.05,-1.2,-0.4,Midfielder,
Mahdi Camara,FRA,Brest,fr Ligue 1,25 years,22.4,7,41,13,31.7,1.83,0.58,0.15,0.46,16.6,0,1,1,4.9,4.1,0.1,2.1,1.9,Midfielder,
Mohamed Camara,MLI,Monaco,fr Ligue 1,23 years,11.5,1,13,3,23.1,1.13,0.26,0.0,0.0,26.0,0,1,1,1.5,0.7,0.05,-0.5,-0.7,Midfielder,
Francesco Camarda,ITA,Milan,it Serie A,15 years,0.2,0,0,0,,0.0,0.0,,,,0,0,0,0.0,0.0,,0.0,0.0,Forward,
Eduardo Camavinga,FRA,Real Madrid,es La Liga,20 years,20.2,0,17,7,41.2,0.84,0.35,0.0,0.0,22.7,0,0,0,0.9,0.9,0.05,-0.9,-0.9,Midfielder,Defender
Nicolò Cambiaghi,ITA,Empoli,it Serie A,22 years,28.4,1,71,17,23.9,2.5,0.6,0.01,0.06,19.8,0,0,0,3.9,3.9,0.05,-2.9,-2.9,Forward,Midfielder
Andrea Cambiaso,ITA,Juventus,it Serie A,23 years,26.4,2,29,8,27.6,1.1,0.3,0.07,0.25,18.6,0,0,0,2.2,2.2,0.08,-0.2,-0.2,Defender,Forward
Axel Camblan,FRA,Brest,fr Ligue 1,19 years,1.0,0,2,0,0.0,2.0,0.0,0.0,,9.1,0,0,0,0.2,0.2,0.12,-0.2,-0.2,Forward,
Sergio Camello,ESP,Rayo Vallecano,es La Liga,22 years,18.5,3,33,13,39.4,1.79,0.7,0.09,0.23,15.6,0,0,0,4.5,4.5,0.14,-1.5,-1.5,Forward,
José Campaña,ESP,Las Palmas,es La Liga,30 years,1.9,0,1,0,0.0,0.53,0.0,0.0,,28.8,0,0,0,0.0,0.0,0.02,0.0,0.0,Midfielder,
Emre Can,GER,Dortmund,de Bundesliga,29 years,21.7,2,15,1,6.7,0.69,0.05,0.0,0.0,27.4,0,2,2,2.2,0.6,0.04,-0.2,-0.6,Midfielder,Defender
Matteo Cancellieri,ITA,Empoli,it Serie A,21 years,19.9,4,40,12,30.0,2.01,0.6,0.1,0.33,16.6,1,0,0,4.7,4.7,0.12,-0.7,-0.7,Forward,Midfielder
João Cancelo,POR,Barcelona,es La Liga,29 years,27.8,2,32,9,28.1,1.15,0.32,0.06,0.22,21.3,0,0,0,1.6,1.6,0.05,0.4,0.4,Defender,
Fali Candé,GNB,Metz,fr Ligue 1,25 years,20.5,0,13,7,53.8,0.63,0.34,0.0,0.0,21.4,2,0,0,0.8,0.8,0.06,-0.8,-0.8,Defender,
Antonio Candreva,ITA,Salernitana,it Serie A,36 years,30.6,6,64,20,31.3,2.09,0.65,0.08,0.25,21.2,3,1,1,4.9,4.1,0.06,1.1,0.9,Midfielder,Forward
Thomas Cannon,IRL,Everton,eng Premier League,20 years,0.0,0,0,0,,0.0,0.0,,,,0,0,0,0.0,0.0,,0.0,0.0,Forward,
Sergi Canós,ESP,Valencia,es La Liga,26 years,13.7,1,43,17,39.5,3.15,1.24,0.02,0.06,21.4,0,0,0,2.8,2.8,0.07,-1.8,-1.8,Midfielder,Forward
Luigi Canotto,ITA,Frosinone,it Serie A,29 years,0.2,0,0,0,,0.0,0.0,,,,0,0,0,0.0,0.0,,0.0,0.0,Forward,
Gino Caoki,FRA,Lorient,fr Ligue 1,19 years,0.1,0,0,0,,0.0,0.0,,,,0,0,0,0.0,0.0,,0.0,0.0,Midfielder,
Étienne Capoue,FRA,Villarreal,es La Liga,35 years,16.2,1,14,5,35.7,0.87,0.31,0.07,0.2,15.0,0,0,0,1.0,1.0,0.07,0.0,0.0,Midfielder,
Gianluca Caprari,ITA,Monza,it Serie A,30 years,3.2,0,8,0,0.0,2.53,0.0,0.0,,19.6,1,0,0,0.7,0.7,0.09,-0.7,-0.7,Midfielder,Forward
Elia Caprile,ITA,Empoli,it Serie A,21 years,23.0,0,0,0,,0.0,0.0,,,,0,0,0,0.0,0.0,,0.0,0.0,Goalkeeper,
Francesco Caputo,ITA,Empoli,it Serie A,35 years,14.1,3,22,9,40.9,1.56,0.64,0.09,0.22,11.7,0,1,1,3.4,2.6,0.12,-0.4,-0.6,Forward,
Maxence Caqueret,FRA,Lyon,fr Ligue 1,23 years,33.6,1,24,9,37.5,0.71,0.27,0.04,0.11,20.9,0,0,0,2.1,2.1,0.09,-1.1,-1.1,Midfielder,
Andrea Carboni,ITA,Monza,it Serie A,22 years,16.5,1,18,4,22.2,1.09,0.24,0.06,0.25,15.4,0,0,0,1.2,1.2,0.07,-0.2,-0.2,Defender,
Valentin Carboni,ARG,Monza,it Serie A,18 years,13.0,2,23,7,30.4,1.77,0.54,0.09,0.29,18.3,0,0,0,2.3,2.3,0.1,-0.3,-0.3,Midfielder,Forward
Isaac Carcelen,ESP,Cádiz,es La Liga,30 years,29.0,0,10,3,30.0,0.34,0.1,0.0,0.0,20.2,1,0,0,0.6,0.6,0.06,-0.6,-0.6,Defender,
Cárdenas,ESP,Rayo Vallecano,es La Liga,26 years,1.0,0,0,0,,0.0,0.0,,,,0,0,0,0.0,0.0,,0.0,0.0,Goalkeeper,
Irvin Cardona,FRA,Augsburg,de Bundesliga,25 years,0.6,0,3,0,0.0,5.0,0.0,0.0,,14.7,0,0,0,0.2,0.2,0.07,-0.2,-0.2,Midfielder,Defender
Marc Cardona,ESP,Las Palmas,es La Liga,28 years,8.2,4,21,10,47.6,2.56,1.22,0.14,0.3,14.3,0,1,1,4.2,3.5,0.16,-0.2,-0.5,Forward,
Sergi Cardona,ESP,Las Palmas,es La Liga,24 years,31.3,1,26,5,19.2,0.83,0.16,0.04,0.2,13.9,0,0,0,2.7,2.7,0.1,-1.7,-1.7,Defender,
Johnny Cardoso,USA,Betis,es La Liga,21 years,14.8,1,12,3,25.0,0.81,0.2,0.08,0.33,18.3,0,0,0,1.1,1.1,0.09,-0.1,-0.1,Midfielder,
Igor Carioca,BRA,Lorient,fr Ligue 1,26 years,2.9,0,1,0,0.0,0.34,0.0,0.0,,19.5,0,0,0,0.0,0.0,0.03,0.0,0.0,Defender,Midfielder
Diego Carlos,BRA,Aston Villa,eng Premier League,30 years,20.2,0,10,1,10.0,0.5,0.05,0.0,0.0,9.1,0,0,0,1.9,1.9,0.19,-1.9,-1.9,Defender,
Carmona,ESP,Getafe,es La Liga,21 years,14.6,1,12,3,25.0,0.82,0.21,0.08,0.33,16.8,0,0,0,0.8,0.8,0.07,0.2,0.2,Defender,Midfielder
Marco Carnesecchi,ITA,Atalanta,it Serie A,23 years,26.9,0,0,0,,0.0,0.0,,,,0,0,0,0.0,0.0,,0.0,0.0,Goalkeeper,
Yannick Carrasco,BEL,Atlético Madrid,es La Liga,29 years,2.5,0,2,1,50.0,0.81,0.41,0.0,0.0,21.9,0,0,0,0.1,0.1,0.03,-0.1,-0.1,Defender,
Álvaro Carreras,ESP,Granada,es La Liga,20 years,5.3,0,7,1,14.3,1.33,0.19,0.0,0.0,12.3,0,0,0,0.4,0.4,0.06,-0.4,-0.4,Midfielder,Forward
Rasmus Carstensen,DEN,Köln,de Bundesliga,22 years,18.4,0,10,4,40.0,0.54,0.22,0.0,0.0,15.1,0,0,0,0.9,0.9,0.09,-0.9,-0.9,Defender,Forward
Antonin Cartillier,FRA,Monaco,fr Ligue 1,19 years,0.1,0,0,0,,0.0,0.0,,,,0,0,0,0.0,0.0,,0.0,0.0,Defender,
Dani Carvajal,ESP,Real Madrid,es La Liga,31 years,24.1,4,18,10,55.6,0.75,0.41,0.22,0.4,14.3,0,0,0,1.7,1.7,0.1,2.3,2.3,Defender,
Fabio Carvalho,POR,RB Leipzig,de Bundesliga,20 years,1.8,0,3,2,66.7,1.64,1.09,0.0,0.0,14.9,0,0,0,0.2,0.2,0.07,-0.2,-0.2,Midfielder,
William Carvalho,POR,Betis,es La Liga,31 years,7.6,1,8,3,37.5,1.06,0.4,0.13,0.33,24.0,0,0,0,0.4,0.4,0.05,0.6,0.6,Midfielder,
Cesare Casadei,ITA,Chelsea,eng Premier League,20 years,0.9,0,0,0,,0.0,0.0,,,,0,0,0,0.0,0.0,,0.0,0.0,Forward,Midfielder
Marc Casado,ESP,Barcelona,es La Liga,19 years,0.2,0,0,0,,0.0,0.0,,,,0,0,0,0.0,0.0,,0.0,0.0,Midfielder,
Nicolò Casale,ITA,Lazio,it Serie A,25 years,17.3,0,7,1,14.3,0.4,0.06,0.0,0.0,16.4,0,0,0,0.9,0.9,0.12,-0.9,-0.9,Defender,
Casemiro,BRA,Manchester Utd,eng Premier League,31 years,22.0,1,39,9,23.1,1.77,0.41,0.03,0.11,17.1,1,0,0,3.5,3.5,0.09,-2.5,-2.5,Midfielder,Defender
Kaelan Casey,ENG,West Ham,eng Premier League,18 years,0.0,0,0,0,,0.0,0.0,,,,0,0,0,0.0,0.0,,0.0,0.0,Defender,
Matty Cash,POL,Aston Villa,eng Premier League,25 years,23.8,2,33,13,39.4,1.39,0.55,0.06,0.15,16.2,0,0,0,4.2,4.2,0.13,-2.2,-2.2,Defender,
Josué Casimir,FRA,Le Havre,fr Ligue 1,21 years,22.4,0,22,4,18.2,0.98,0.18,0.0,0.0,18.3,0,0,0,1.9,1.9,0.09,-1.9,-1.9,Forward,Defender
Giuseppe Caso,ITA,Frosinone,it Serie A,24 years,4.6,0,7,4,57.1,1.51,0.86,0.0,0.0,19.4,0,0,0,0.3,0.3,0.04,-0.3,-0.3,Forward,Midfielder
Cristian Cásseres Jr.,VEN,Toulouse,fr Ligue 1,23 years,21.6,1,15,3,20.0,0.69,0.14,0.07,0.33,18.1,0,0,0,1.1,1.1,0.08,-0.1,-0.1,Midfielder,
Timothy Castagne,BEL,Fulham,eng Premier League,27 years,29.3,1,14,4,28.6,0.48,0.14,0.07,0.25,11.3,0,0,0,1.6,1.6,0.12,-0.6,-0.6,Defender,
Koen Casteels,BEL,Wolfsburg,de Bundesliga,31 years,25.0,0,0,0,,0.0,0.0,,,,0,0,0,0.0,0.0,,0.0,0.0,Goalkeeper,
Valentín Castellanos,ARG,Lazio,it Serie A,24 years,18.7,4,54,19,35.2,2.89,1.02,0.07,0.21,13.3,1,0,0,7.3,7.3,0.14,-3.3,-3.3,Forward,
Jean-Charles Castelletto,CMR,Nantes,fr Ligue 1,28 years,27.4,2,10,6,60.0,0.37,0.22,0.2,0.33,12.1,0,0,0,0.6,0.6,0.06,1.4,1.4,Defender,
Samu Castillejo,ESP,Sassuolo,it Serie A,28 years,6.0,0,6,2,33.3,1.01,0.34,0.0,0.0,16.6,0,0,0,0.3,0.3,0.04,-0.3,-0.3,Forward,Midfielder
Jonny Castro,ESP,Wolves,eng Premier League,29 years,0.1,0,0,0,,0.0,0.0,,,,0,0,0,0.0,0.0,,0.0,0.0,Midfielder,
Santiago Castro,ARG,Bologna,it Serie A,18 years,2.7,1,7,3,42.9,2.6,1.12,0.14,0.33,19.6,0,0,0,1.0,1.0,0.14,0.0,0.0,Forward,
Gaetano Castrovilli,ITA,Fiorentina,it Serie A,26 years,4.1,1,5,2,40.0,1.23,0.49,0.2,0.5,14.9,0,0,0,0.3,0.3,0.07,0.7,0.7,Forward,Midfielder
Danilo Cataldi,ITA,Lazio,it Serie A,28 years,15.1,1,12,2,16.7,0.79,0.13,0.08,0.5,27.8,0,0,0,0.4,0.4,0.03,0.6,0.6,Midfielder,
Catena,ESP,Osasuna,es La Liga,28 years,28.2,1,18,5,27.8,0.64,0.18,0.06,0.2,13.3,1,0,0,1.3,1.3,0.07,-0.3,-0.3,Defender,
Maximiliano Caufriez,BEL,Clermont Foot,fr Ligue 1,26 years,18.4,0,6,1,16.7,0.33,0.05,0.0,0.0,17.9,0,0,0,0.4,0.4,0.06,-0.4,-0.4,Defender,
Ivan Cavaleiro,POR,Lille,fr Ligue 1,29 years,8.6,1,11,3,27.3,1.29,0.35,0.09,0.33,13.4,0,0,0,1.3,1.3,0.12,-0.3,-0.3,Forward,
Dani Ceballos,ESP,Real Madrid,es La Liga,26 years,6.6,0,7,1,14.3,1.05,0.15,0.0,0.0,18.4,1,0,0,0.3,0.3,0.05,-0.3,-0.3,Midfielder,Forward
Emil Ceide,NOR,Sassuolo,it Serie A,21 years,2.0,0,2,0,0.0,1.02,0.0,0.0,,20.3,0,0,0,0.1,0.1,0.05,-0.1,-0.1,Forward,Midfielder
Zeki Çelik,TUR,Roma,it Serie A,26 years,7.5,0,2,1,50.0,0.27,0.13,0.0,0.0,11.1,0,0,0,0.2,0.2,0.08,-0.2,-0.2,Defender,
Álex Centelles,ESP,Almería,es La Liga,25 years,10.9,0,2,1,50.0,0.18,0.09,0.0,0.0,21.2,0,0,0,0.0,0.0,0.02,0.0,0.0,Defender,
Fabien Centonze,FRA,Hellas Verona,it Serie A,27 years,7.5,0,1,0,0.0,0.13,0.0,0.0,,33.3,0,0,0,0.0,0.0,0.02,0.0,0.0,Defender,
Fabien Centonze,FRA,Nantes,fr Ligue 1,27 years,1.0,0,0,0,,0.0,0.0,,,,0,0,0,0.0,0.0,,0.0,0.0,Defender,
Václav Černý,CZE,Wolfsburg,de Bundesliga,25 years,10.2,4,20,5,25.0,1.95,0.49,0.2,0.8,15.2,0,0,0,2.3,2.3,0.11,1.7,1.7,Forward,Midfielder
Michele Cerofolini,ITA,Frosinone,it Serie A,24 years,7.5,0,0,0,,0.0,0.0,,,,0,0,0,0.0,0.0,,0.0,0.0,Goalkeeper,
Alberto Cerri,ITA,Empoli,it Serie A,27 years,6.1,1,10,3,30.0,1.65,0.5,0.1,0.33,10.8,0,0,0,1.2,1.2,0.12,-0.2,-0.2,Forward,
Leonardo Cerri,ITA,Juventus,it Serie A,20 years,0.1,0,0,0,,0.0,0.0,,,,0,0,0,0.0,0.0,,0.0,0.0,Defender,
Franco Cervi,ARG,Celta Vigo,es La Liga,29 years,6.1,0,8,1,12.5,1.32,0.16,0.0,0.0,19.7,0,0,0,0.5,0.5,0.06,-0.5,-0.5,Midfielder,Defender
Julian Chabot,GER,Köln,de Bundesliga,25 years,30.0,0,19,3,15.8,0.63,0.1,0.0,0.0,11.0,0,0,0,1.4,1.4,0.07,-1.4,-1.4,Defender,
El Chadaille Bitshiabu,FRA,RB Leipzig,de Bundesliga,18 years,0.4,0,0,0,,0.0,0.0,,,,0,0,0,0.0,0.0,,0.0,0.0,Defender,Midfielder
Fares Chaïbi,ALG,Toulouse,fr Ligue 1,20 years,0.6,0,0,0,,0.0,0.0,,,,0,0,0,0.0,0.0,,0.0,0.0,Forward,Midfielder
Fares Chaïbi,ALG,Eintracht Frankfurt,de Bundesliga,20 years,21.2,2,40,14,35.0,1.88,0.66,0.05,0.14,19.1,6,0,0,3.1,3.1,0.08,-1.1,-1.1,Midfielder,Forward
Trevoh Chalobah,ENG,Chelsea,eng Premier League,24 years,10.6,1,2,2,100.0,0.19,0.19,0.5,0.5,9.5,0,0,0,0.2,0.2,0.1,0.8,0.8,Defender,
Muhammed Cham,AUT,Clermont Foot,fr Ligue 1,22 years,28.4,8,69,26,37.7,2.43,0.92,0.06,0.15,22.0,10,4,5,9.4,5.5,0.08,-1.4,-1.5,Midfielder,Forward
Calum Chambers,ENG,Aston Villa,eng Premier League,28 years,1.7,0,0,0,,0.0,0.0,,,,0,0,0,0.0,0.0,,0.0,0.0,Midfielder,Defender
Timothy Chandler,USA,Eintracht Frankfurt,de Bundesliga,33 years,0.2,0,2,1,50.0,10.0,5.0,0.0,0.0,17.8,0,0,0,0.1,0.1,0.04,-0.1,-0.1,Midfielder,Defender
Brendan Chardonnet,FRA,Brest,fr Ligue 1,28 years,33.0,1,18,3,16.7,0.55,0.09,0.06,0.33,11.3,0,0,0,1.5,1.5,0.08,-0.5,-0.5,Defender,
Charlys,BRA,Hellas Verona,it Serie A,19 years,0.3,0,0,0,,0.0,0.0,,,,0,0,0,0.0,0.0,,0.0,0.0,Midfielder,
Pep Chavarría,ESP,Rayo Vallecano,es La Liga,25 years,13.0,1,11,2,18.2,0.85,0.15,0.09,0.5,18.3,0,0,0,1.0,1.0,0.09,0.0,0.0,Defender,Midfielder
Jhoanner Chávez,ECU,Lens,fr Ligue 1,21 years,5.3,0,3,0,0.0,0.56,0.0,0.0,,11.7,0,0,0,0.3,0.3,0.11,-0.3,-0.3,Defender,
Walid Cheddira,MAR,Frosinone,it Serie A,25 years,23.6,7,59,26,44.1,2.5,1.1,0.1,0.23,14.1,0,1,1,9.0,8.2,0.14,-2.0,-2.2,Forward,
Rayan Cherki,FRA,Lyon,fr Ligue 1,19 years,19.1,1,57,17,29.8,2.98,0.89,0.02,0.06,15.7,1,0,0,5.2,5.2,0.09,-4.2,-4.2,Midfielder,Forward
Youssef Chermiti,POR,Everton,eng Premier League,19 years,2.3,0,7,2,28.6,3.03,0.87,0.0,0.0,14.6,0,0,0,0.7,0.7,0.1,-0.7,-0.7,Forward,
Lucas Chevalier,FRA,Lille,fr Ligue 1,21 years,33.0,0,0,0,,0.0,0.0,,,,0,0,0,0.0,0.0,,0.0,0.0,Goalkeeper,
Fabio Chiarodia,ITA,Gladbach,de Bundesliga,18 years,1.7,0,0,0,,0.0,0.0,,,,0,0,0,0.0,0.0,,0.0,0.0,Defender,
Federico Chiesa,ITA,Juventus,it Serie A,25 years,24.4,9,74,25,33.8,3.03,1.02,0.11,0.32,19.2,5,1,1,6.4,5.6,0.08,2.6,2.4,Forward,
Ben Chilwell,ENG,Chelsea,eng Premier League,26 years,8.4,0,12,4,33.3,1.43,0.48,0.0,0.0,16.6,1,0,0,1.2,1.2,0.1,-1.2,-1.2,Defender,
Tawanda Chirewa,ZIM,Wolves,eng Premier League,19 years,1.6,0,3,1,33.3,1.86,0.62,0.0,0.0,21.0,0,0,0,0.2,0.2,0.05,-0.2,-0.2,Midfielder,Forward
Pedro Chirivella,ESP,Nantes,fr Ligue 1,26 years,28.8,1,17,6,35.3,0.59,0.21,0.06,0.17,19.8,0,0,0,1.5,1.5,0.09,-0.5,-0.5,Midfielder,
Leon Chiwome,ENG,Wolves,eng Premier League,17 years,1.9,0,2,0,0.0,1.03,0.0,0.0,,11.2,0,0,0,0.1,0.1,0.05,-0.1,-0.1,Forward,
Tahith Chong,NED,Luton Town,eng Premier League,23 years,22.0,4,31,7,22.6,1.41,0.32,0.13,0.57,16.6,0,0,0,2.7,2.7,0.09,1.3,1.3,Midfielder,Forward
Joris Chotard,FRA,Montpellier,fr Ligue 1,21 years,28.7,0,21,7,33.3,0.73,0.24,0.0,0.0,26.1,0,0,0,0.6,0.6,0.03,-0.6,-0.6,Midfielder,
Andreas Christensen,DEN,Barcelona,es La Liga,27 years,22.0,2,12,4,33.3,0.55,0.18,0.17,0.5,13.0,0,0,0,1.0,1.0,0.09,1.0,1.0,Defender,Midfielder
Jacob Christensen,DEN,Köln,de Bundesliga,22 years,2.4,0,1,0,0.0,0.41,0.0,0.0,,15.3,0,0,0,0.0,0.0,0.02,0.0,0.0,Midfielder,
Oliver Christensen,DEN,Fiorentina,it Serie A,24 years,4.0,0,0,0,,0.0,0.0,,,,0,0,0,0.0,0.0,,0.0,0.0,Goalkeeper,
Ryan Christie,SCO,Bournemouth,eng Premier League,28 years,32.3,0,43,13,30.2,1.33,0.4,0.0,0.0,20.0,0,0,0,2.3,2.3,0.05,-2.3,-2.3,Midfielder,
Carney Chukwuemeka,ENG,Chelsea,eng Premier League,19 years,2.5,1,3,2,66.7,1.19,0.79,0.33,0.5,19.9,0,0,0,0.2,0.2,0.05,0.8,0.8,Midfielder,Forward
Samuel Chukwueze,NGA,Milan,it Serie A,24 years,11.3,1,28,8,28.6,2.48,0.71,0.04,0.13,17.7,0,0,0,1.7,1.7,0.06,-0.7,-0.7,Forward,
Chumi,ESP,Almería,es La Liga,24 years,27.0,0,5,0,0.0,0.18,0.0,0.0,,13.8,0,0,0,1.0,1.0,0.19,-1.0,-1.0,Defender,
Víctor Chust,ESP,Cádiz,es La Liga,23 years,20.7,0,4,0,0.0,0.19,0.0,0.0,,9.7,0,0,0,0.3,0.3,0.08,-0.3,-0.3,Defender,
Pathé Ciss,SEN,Rayo Vallecano,es La Liga,29 years,18.5,1,22,8,36.4,1.19,0.43,0.05,0.13,23.6,0,0,0,1.5,1.5,0.07,-0.5,-0.5,Midfielder,
Alphadjo Cissè,ITA,Hellas Verona,it Serie A,16 years,0.1,0,0,0,,0.0,0.0,,,,0,0,0,0.0,0.0,,0.0,0.0,Forward,
Djaoui Cissé,FRA,Rennes,fr Ligue 1,19 years,0.0,0,0,0,,0.0,0.0,,,,0,0,0,0.0,0.0,,0.0,0.0,Midfielder,
Ibrahim Cissoko,NED,Toulouse,fr Ligue 1,20 years,2.7,1,8,4,50.0,2.99,1.49,0.13,0.25,20.2,0,0,0,0.8,0.8,0.1,0.2,0.2,Forward,Midfielder
Giorgio Cittadini,ITA,Monza,it Serie A,21 years,0.2,0,0,0,,0.0,0.0,,,,0,0,0,0.0,0.0,,0.0,0.0,Defender,
Giorgio Cittadini,ITA,Genoa,it Serie A,21 years,1.2,0,0,0,,0.0,0.0,,,,0,0,0,0.0,0.0,,0.0,0.0,Defender,
Patrick Ciurria,ITA,Monza,it Serie A,28 years,17.8,0,28,7,25.0,1.58,0.39,0.0,0.0,22.6,0,0,0,1.5,1.5,0.05,-1.5,-1.5,Defender,Midfielder
Bobby Clark,ENG,Liverpool,eng Premier League,18 years,1.0,0,2,0,0.0,2.02,0.0,0.0,,18.7,0,0,0,0.1,0.1,0.07,-0.1,-0.1,Midfielder,
Jordan Clark,ENG,Luton Town,eng Premier League,29 years,14.5,1,17,4,23.5,1.17,0.28,0.06,0.25,16.9,0,0,0,1.0,1.0,0.06,0.0,0.0,Midfielder,
Alexis Claude-Maurice,FRA,Nice,fr Ligue 1,25 years,5.6,0,18,6,33.3,3.21,1.07,0.0,0.0,25.1,1,0,0,0.8,0.8,0.04,-0.8,-0.8,Midfielder,
Jonathan Clauss,FRA,Marseille,fr Ligue 1,30 years,23.0,3,28,8,28.6,1.22,0.35,0.11,0.38,23.0,3,0,0,1.3,1.3,0.05,1.7,1.7,Defender,
Silvi Clúa,ESP,Girona,es La Liga,18 years,0.0,0,0,0,,0.0,0.0,,,,0,0,0,0.0,0.0,,0.0,0.0,Midfielder,
Nathaniel Clyne,ENG,Crystal Palace,eng Premier League,32 years,14.9,0,4,0,0.0,0.27,0.0,0.0,,22.5,0,0,0,0.2,0.2,0.05,-0.2,-0.2,Defender,
Marcus Coco,FRA,Nantes,fr Ligue 1,27 years,16.5,1,9,2,22.2,0.55,0.12,0.11,0.5,20.0,0,0,0,0.8,0.8,0.09,0.2,0.2,Defender,Forward
Saúl Coco,EQG,Las Palmas,es La Liga,24 years,25.5,1,20,4,20.0,0.78,0.16,0.05,0.25,25.6,8,0,0,1.1,1.1,0.05,-0.1,-0.1,Defender,
Séamus Coleman,IRL,Everton,eng Premier League,34 years,7.4,0,0,0,,0.0,0.0,,,,0,0,0,0.0,0.0,,0.0,0.0,Defender,
Maxime Colin,FRA,Metz,fr Ligue 1,31 years,20.4,0,6,0,0.0,0.29,0.0,0.0,,22.7,0,0,0,0.3,0.3,0.05,-0.3,-0.3,Defender,
Nathan Collins,IRL,Brentford,eng Premier League,22 years,29.5,1,10,2,20.0,0.34,0.07,0.1,0.5,9.9,0,0,0,1.7,1.7,0.17,-0.7,-0.7,Defender,
Nnamdi Collins,GER,Eintracht Frankfurt,de Bundesliga,19 years,1.0,0,0,0,,0.0,0.0,,,,0,0,0,0.0,0.0,,0.0,0.0,Defender,
Lorenzo Colombo,ITA,Monza,it Serie A,21 years,15.1,4,37,10,27.0,2.45,0.66,0.11,0.4,17.2,0,0,0,3.6,3.6,0.1,0.4,0.4,Forward,
Andrea Colpani,ITA,Monza,it Serie A,24 years,29.5,8,65,19,29.2,2.2,0.64,0.12,0.42,19.9,9,0,0,4.8,4.8,0.07,3.2,3.2,Midfielder,Forward
Levi Colwill,ENG,Chelsea,eng Premier League,20 years,20.0,1,11,3,27.3,0.55,0.15,0.09,0.33,11.9,0,0,0,1.3,1.3,0.12,-0.3,-0.3,Defender,
Kingsley Coman,FRA,Bayern Munich,de Bundesliga,27 years,12.4,3,34,8,23.5,2.75,0.65,0.09,0.38,17.6,0,0,0,2.8,2.8,0.08,0.2,0.2,Forward,
Eray Cömert,SUI,Nantes,fr Ligue 1,25 years,22.2,2,9,3,33.3,0.41,0.14,0.22,0.67,17.1,1,0,0,0.7,0.7,0.08,1.3,1.3,Defender,
Santi Comesaña,ESP,Villarreal,es La Liga,26 years,18.4,2,17,7,41.2,0.93,0.38,0.12,0.29,13.0,0,0,0,1.9,1.9,0.11,0.1,0.1,Midfielder,
Pietro Comuzzo,ITA,Fiorentina,it Serie A,18 years,0.5,0,0,0,,0.0,0.0,,,,0,0,0,0.0,0.0,,0.0,0.0,Defender,Forward
Alois Confais,FRA,Le Havre,fr Ligue 1,26 years,0.1,0,0,0,,0.0,0.0,,,,0,0,0,0.0,0.0,,0.0,0.0,Midfielder,Forward
Andrea Consigli,ITA,Sassuolo,it Serie A,36 years,35.0,0,0,0,,0.0,0.0,,,,0,0,0,0.0,0.0,,0.0,0.0,Goalkeeper,
Bambasé Conté,GER,Hoffenheim,de Bundesliga,20 years,0.5,0,3,0,0.0,5.63,0.0,0.0,,19.3,0,0,0,0.2,0.2,0.06,-0.2,-0.2,Midfielder,Forward
Nikita Contini Baranovsky,ITA,Napoli,it Serie A,27 years,0.2,0,0,0,,0.0,0.0,,,,0,0,0,0.0,0.0,,0.0,0.0,Goalkeeper,
Lewis Cook,ENG,Bournemouth,eng Premier League,26 years,31.0,0,12,4,33.3,0.39,0.13,0.0,0.0,24.0,0,0,0,0.4,0.4,0.03,-0.4,-0.4,Midfielder,
Copete,ESP,Mallorca,es La Liga,23 years,14.8,1,7,1,14.3,0.47,0.07,0.14,1.0,13.4,0,0,0,0.5,0.5,0.08,0.5,0.5,Defender,
Diego Coppola,ITA,Hellas Verona,it Serie A,19 years,18.2,2,13,3,23.1,0.72,0.17,0.15,0.67,8.3,0,0,0,1.2,1.2,0.09,0.8,0.8,Defender,
Francis Coquelin,FRA,Villarreal,es La Liga,32 years,10.1,0,3,0,0.0,0.3,0.0,0.0,,16.6,0,0,0,0.1,0.1,0.04,-0.1,-0.1,Midfielder,
Tommaso Corazza,ITA,Bologna,it Serie A,19 years,2.2,0,1,0,0.0,0.46,0.0,0.0,,12.8,0,0,0,0.1,0.1,0.1,-0.1,-0.1,Defender,
Theo Corbeanu,CAN,Granada,es La Liga,21 years,2.0,1,5,2,40.0,2.47,0.99,0.2,0.5,23.6,1,0,0,0.3,0.3,0.06,0.7,0.7,Midfielder,Forward
Jeppe Corfitzen,DEN,Lecce,it Serie A,18 years,0.1,0,0,0,,0.0,0.0,,,,0,0,0,0.0,0.0,,0.0,0.0,Forward,
Jack Cork,ENG,Burnley,eng Premier League,34 years,0.3,0,0,0,,0.0,0.0,,,,0,0,0,0.0,0.0,,0.0,0.0,Midfielder,
Maxwel Cornet,CIV,West Ham,eng Premier League,26 years,1.2,1,4,1,25.0,3.21,0.8,0.25,1.0,12.5,0,0,0,0.4,0.4,0.1,0.6,0.6,Midfielder,Forward
Giacomo Corona,ITA,Empoli,it Serie A,19 years,0.1,0,0,0,,0.0,0.0,,,,0,0,0,0.0,0.0,,0.0,0.0,Forward,
Jesús Corona,MEX,Sevilla,es La Liga,30 years,0.2,0,0,0,,0.0,0.0,,,,0,0,0,0.0,0.0,,0.0,0.0,Midfielder,Defender
Ángel Correa,ARG,Atlético Madrid,es La Liga,28 years,17.0,9,42,19,45.2,2.47,1.12,0.19,0.42,17.0,1,1,1,7.9,7.1,0.17,1.1,0.9,Forward,Midfielder
Joaquín Correa,ARG,Marseille,fr Ligue 1,28 years,4.8,0,4,2,50.0,0.84,0.42,0.0,0.0,19.3,1,0,0,0.6,0.6,0.16,-0.6,-0.6,Forward,Midfielder
Thierry Correia,POR,Valencia,es La Liga,24 years,23.9,0,5,2,40.0,0.21,0.08,0.0,0.0,20.9,0,0,0,0.6,0.6,0.12,-0.6,-0.6,Defender,
Oscar Cortés,COL,Lens,fr Ligue 1,19 years,0.5,1,1,1,100.0,2.05,2.05,1.0,1.0,7.7,0,0,0,0.5,0.5,0.46,0.5,0.5,Forward,Midfielder
Danny da Costa,GER,Mainz 05,de Bundesliga,30 years,9.2,0,6,1,16.7,0.65,0.11,0.0,0.0,19.9,0,0,0,0.3,0.3,0.05,-0.3,-0.3,Defender,
David Costa,POR,Lens,fr Ligue 1,22 years,16.6,4,30,14,46.7,1.81,0.84,0.13,0.29,17.8,2,0,0,3.0,3.0,0.1,1.0,1.0,Midfielder,
Jaume Costa,ESP,Mallorca,es La Liga,35 years,18.7,0,6,2,33.3,0.32,0.11,0.0,0.0,16.3,0,0,0,0.3,0.3,0.05,-0.3,-0.3,Defender,
João Costa,BRA,Roma,it Serie A,18 years,0.2,0,0,0,,0.0,0.0,,,,0,0,0,0.0,0.0,,0.0,0.0,Midfielder,Forward
Logan Costa,CPV,Toulouse,fr Ligue 1,22 years,29.4,1,14,4,28.6,0.48,0.14,0.07,0.25,14.2,0,0,0,1.4,1.4,0.1,-0.4,-0.4,Defender,
Samu Costa,POR,Mallorca,es La Liga,22 years,25.6,1,22,3,13.6,0.86,0.12,0.05,0.33,20.9,1,0,0,1.1,1.1,0.05,-0.1,-0.1,Midfielder,
Benoît Costil,FRA,Salernitana,it Serie A,36 years,13.0,0,0,0,,0.0,0.0,,,,0,0,0,0.0,0.0,,0.0,0.0,Goalkeeper,
Grégoire Coudert,FRA,Brest,fr Ligue 1,24 years,2.0,0,0,0,,0.0,0.0,,,,0,0,0,0.0,0.0,,0.0,0.0,Goalkeeper,
Vladimír Coufal,CZE,West Ham,eng Premier League,30 years,34.8,0,8,2,25.0,0.23,0.06,0.0,0.0,22.6,0,0,0,0.3,0.3,0.04,-0.3,-0.3,Defender,
Lassana Coulibaly,MLI,Salernitana,it Serie A,27 years,23.1,0,13,3,23.1,0.56,0.13,0.0,0.0,20.5,0,0,0,0.6,0.6,0.05,-0.6,-0.6,Midfielder,
Mamadou Coulibaly,SEN,Salernitana,it Serie A,24 years,0.0,0,0,0,,0.0,0.0,,,,0,0,0,0.0,0.0,,0.0,0.0,Defender,
Mamadou Coulibaly,FRA,Monaco,fr Ligue 1,19 years,1.3,0,2,0,0.0,1.53,0.0,0.0,,20.4,0,0,0,0.2,0.2,0.09,-0.2,-0.2,Midfielder,
Tanguy Coulibaly,FRA,Montpellier,fr Ligue 1,22 years,6.9,1,17,7,41.2,2.46,1.01,0.06,0.14,14.1,0,0,0,2.6,2.6,0.15,-1.6,-1.6,Forward,Midfielder
Thibaut Courtois,BEL,Real Madrid,es La Liga,31 years,3.7,0,0,0,,0.0,0.0,,,,0,0,0,0.0,0.0,,0.0,0.0,Goalkeeper,
Philippe Coutinho,BRA,Aston Villa,eng Premier League,31 years,0.3,0,3,1,33.3,10.8,3.6,0.0,0.0,24.9,0,0,0,0.1,0.1,0.05,-0.1,-0.1,Midfielder,Forward
Yan Couto,BRA,Girona,es La Liga,21 years,24.9,1,29,11,37.9,1.16,0.44,0.03,0.09,21.3,0,0,0,1.5,1.5,0.05,-0.5,-0.5,Defender,Forward
Nicolas Cozza,FRA,Nantes,fr Ligue 1,24 years,9.9,0,5,0,0.0,0.5,0.0,0.0,,12.2,0,0,0,0.7,0.7,0.14,-0.7,-0.7,Defender,
Nicolas Cozza,FRA,Wolfsburg,de Bundesliga,24 years,3.1,0,1,0,0.0,0.33,0.0,0.0,,30.8,0,0,0,0.0,0.0,0.02,0.0,0.0,Defender,
Alessio Cragno,ITA,Sassuolo,it Serie A,29 years,3.0,0,0,0,,0.0,0.0,,,,0,0,0,0.0,0.0,,0.0,0.0,Goalkeeper,
Crespo,POR,Rayo Vallecano,es La Liga,26 years,5.9,0,3,0,0.0,0.51,0.0,0.0,,17.7,0,0,0,0.1,0.1,0.04,-0.1,-0.1,Midfielder,
Aaron Cresswell,ENG,West Ham,eng Premier League,33 years,4.8,0,0,0,,0.0,0.0,,,,0,0,0,0.0,0.0,,0.0,0.0,Defender,Forward
Bryan Cristante,ITA,Roma,it Serie A,28 years,36.5,3,54,8,14.8,1.48,0.22,0.06,0.38,17.2,0,0,0,4.0,4.0,0.07,-1.0,-1.0,Midfielder,Defender
Cristian,ESP,Valencia,es La Liga,25 years,0.6,0,0,0,,0.0,0.0,,,,0,0,0,0.0,0.0,,0.0,0.0,Goalkeeper,
Juan Cruz Armada,ESP,Osasuna,es La Liga,31 years,18.5,0,3,0,0.0,0.16,0.0,0.0,,28.7,0,0,0,0.0,0.0,0.01,0.0,0.0,Defender,
Juan Cruz,ARG,Hellas Verona,it Serie A,24 years,1.2,0,1,0,0.0,0.83,0.0,0.0,,26.3,0,0,0,0.0,0.0,0.04,0.0,0.0,Forward,Midfielder
Juan Cruz,ESP,Betis,es La Liga,23 years,0.8,0,2,0,0.0,2.37,0.0,0.0,,21.6,0,0,0,0.1,0.1,0.04,-0.1,-0.1,Forward,
Juan Cuadrado,COL,Inter,it Serie A,35 years,3.0,0,5,0,0.0,1.69,0.0,0.0,,19.7,0,0,0,0.2,0.2,0.04,-0.2,-0.2,Defender,
Pau Cubarsí,ESP,Barcelona,es La Liga,16 years,17.3,0,3,0,0.0,0.17,0.0,0.0,,18.4,0,0,0,0.1,0.1,0.03,-0.1,-0.1,Defender,
Marc Cucurella,ESP,Chelsea,eng Premier League,25 years,19.8,0,8,4,50.0,0.4,0.2,0.0,0.0,14.4,0,0,0,1.1,1.1,0.14,-1.1,-1.1,Defender,
Iván Cuéllar,ESP,Mallorca,es La Liga,39 years,1.0,0,0,0,,0.0,0.0,,,,0,0,0,0.0,0.0,,0.0,0.0,Goalkeeper,
Jorge Cuenca,ESP,Villarreal,es La Liga,23 years,21.8,3,20,7,35.0,0.92,0.32,0.15,0.43,11.7,0,0,0,1.2,1.2,0.06,1.8,1.8,Defender,
Josh Cullen,IRL,Burnley,eng Premier League,27 years,22.9,2,16,5,31.3,0.7,0.22,0.13,0.4,22.8,0,0,0,0.6,0.6,0.04,1.4,1.4,Midfielder,
Matheus Cunha,BRA,Wolves,eng Premier League,24 years,27.1,12,72,36,50.0,2.66,1.33,0.15,0.31,18.0,0,1,1,9.5,8.7,0.12,2.5,2.3,Forward,Midfielder
Marvin Cuni,ALB,Frosinone,it Serie A,22 years,5.9,1,10,2,20.0,1.69,0.34,0.1,0.5,14.3,1,0,0,1.3,1.3,0.13,-0.3,-0.3,Forward,
Eric Curbelo,ESP,Las Palmas,es La Liga,29 years,1.1,0,0,0,,0.0,0.0,,,,0,0,0,0.0,0.0,,0.0,0.0,Defender,Midfielder
Sam Curtis,IRL,Sheffield Utd,eng Premier League,17 years,0.3,0,0,0,,0.0,0.0,,,,0,0,0,0.0,0.0,,0.0,0.0,Defender,
Tomáš Čvančara,CZE,Gladbach,de Bundesliga,22 years,10.0,4,34,11,32.4,3.42,1.1,0.09,0.27,14.2,1,1,2,5.9,4.3,0.13,-1.9,-1.3,Forward,
Danilo D'Ambrosio,ITA,Monza,it Serie A,34 years,17.1,0,14,4,28.6,0.82,0.23,0.0,0.0,15.0,0,0,0,0.7,0.7,0.05,-0.7,-0.7,Defender,
Alberto Dadie,ESP,Real Sociedad,es La Liga,21 years,0.3,0,0,0,,0.0,0.0,,,,0,0,0,0.0,0.0,,0.0,0.0,Midfielder,
Trévis Dago,CIV,Lille,fr Ligue 1,18 years,0.3,0,1,0,0.0,3.91,0.0,0.0,,9.5,0,0,0,0.0,0.0,0.04,0.0,0.0,Forward,Midfielder
Finn Dahmen,GER,Augsburg,de Bundesliga,25 years,31.0,0,0,0,,0.0,0.0,,,,0,0,0,0.0,0.0,,0.0,0.0,Goalkeeper,
Mahmoud Dahoud,GER,Brighton,eng Premier League,27 years,5.0,0,6,1,16.7,1.19,0.2,0.0,0.0,26.8,0,0,0,0.2,0.2,0.04,-0.2,-0.2,Midfielder,
Mahmoud Dahoud,GER,Stuttgart,de Bundesliga,27 years,2.5,1,3,1,33.3,1.19,0.4,0.33,1.0,19.8,0,0,0,0.6,0.6,0.19,0.4,0.4,Midfielder,
Ameen Al-Dakhil,BEL,Burnley,eng Premier League,21 years,11.7,1,8,3,37.5,0.68,0.26,0.13,0.33,16.0,0,0,0,1.3,1.3,0.16,-0.3,-0.3,Defender,
Thijs Dallinga,NED,Toulouse,fr Ligue 1,22 years,27.9,14,81,32,39.5,2.9,1.15,0.16,0.41,13.3,1,1,3,14.1,11.8,0.15,-0.1,1.2,Forward,
Diogo Dalot,POR,Manchester Utd,eng Premier League,24 years,35.3,2,30,7,23.3,0.85,0.2,0.07,0.29,21.0,0,0,0,1.7,1.7,0.06,0.3,0.3,Defender,
Mikkel Damsgaard,DEN,Brentford,eng Premier League,23 years,9.4,0,9,4,44.4,0.96,0.43,0.0,0.0,18.0,1,0,0,0.9,0.9,0.1,-0.9,-0.9,Midfielder,
Flavius Daniliuc,AUT,Salernitana,it Serie A,22 years,8.3,0,2,0,0.0,0.24,0.0,0.0,,15.4,0,0,0,0.2,0.2,0.12,-0.2,-0.2,Defender,
Danilo,BRA,Nottingham Forest,eng Premier League,22 years,19.9,2,23,7,30.4,1.16,0.35,0.09,0.29,21.0,0,0,0,1.8,1.8,0.08,0.2,0.2,Midfielder,
Danilo,BRA,Juventus,it Serie A,32 years,27.2,1,17,2,11.8,0.62,0.07,0.06,0.5,19.1,0,0,0,1.3,1.3,0.08,-0.3,-0.3,Defender,
Arnaut Danjuma,NED,Everton,eng Premier League,26 years,6.6,1,25,9,36.0,3.78,1.36,0.04,0.11,16.0,1,0,0,2.6,2.6,0.1,-1.6,-1.6,Midfielder,Forward
Jayden Danns,ENG,Liverpool,eng Premier League,17 years,0.1,0,0,0,,0.0,0.0,,,,0,0,0,0.0,0.0,,0.0,0.0,Forward,
Kevin Danso,AUT,Lens,fr Ligue 1,24 years,29.5,1,21,5,23.8,0.71,0.17,0.05,0.2,14.2,0,0,0,1.8,1.8,0.09,-0.8,-0.8,Defender,
Dante,BRA,Nice,fr Ligue 1,39 years,31.6,1,15,5,33.3,0.47,0.16,0.07,0.2,13.9,0,0,0,0.9,0.9,0.06,0.1,0.1,Defender,
Raimane Daou,COM,Marseille,fr Ligue 1,18 years,0.3,0,0,0,,0.0,0.0,,,,0,0,0,0.0,0.0,,0.0,0.0,Defender,Midfielder
Mohamed Daramy,DEN,Reims,fr Ligue 1,21 years,18.3,4,30,10,33.3,1.64,0.55,0.1,0.3,14.8,0,1,1,4.6,3.8,0.13,-0.6,-0.8,Forward,Midfielder
Sergi Darder,ESP,Mallorca,es La Liga,29 years,24.0,2,32,12,37.5,1.34,0.5,0.06,0.17,22.4,1,0,0,2.2,2.2,0.07,-0.2,-0.2,Midfielder,
Achraf Dari,MAR,Brest,fr Ligue 1,24 years,1.3,0,1,1,100.0,0.74,0.74,0.0,0.0,14.4,0,0,0,0.0,0.0,0.05,0.0,0.0,Defender,Forward
Matteo Darmian,ITA,Inter,it Serie A,33 years,26.7,2,10,5,50.0,0.37,0.19,0.2,0.4,15.7,0,0,0,1.2,1.2,0.12,0.8,0.8,Defender,
Lukas Daschner,GER,Bochum,de Bundesliga,24 years,6.0,1,13,5,38.5,2.18,0.84,0.08,0.2,16.7,0,0,0,2.3,2.3,0.18,-1.3,-1.3,Midfielder,Forward
Josh Dasilva,ENG,Brentford,eng Premier League,24 years,0.3,0,0,0,,0.0,0.0,,,,0,0,0,0.0,0.0,,0.0,0.0,Defender,Forward
David Datro Fofana,CIV,Burnley,eng Premier League,20 years,9.8,4,19,10,52.6,1.95,1.02,0.21,0.4,14.0,0,0,0,4.5,4.5,0.24,-0.5,-0.5,Forward,
David Datro Fofana,CIV,Union Berlin,de Bundesliga,20 years,7.6,1,26,12,46.2,3.43,1.58,0.04,0.08,15.6,4,0,0,2.8,2.8,0.11,-1.8,-1.8,Forward,Midfielder
Juan David Cabal,COL,Hellas Verona,it Serie A,22 years,16.6,0,12,3,25.0,0.72,0.18,0.0,0.0,17.2,0,0,0,0.5,0.5,0.04,-0.5,-0.5,Defender,
Jonathan David,CAN,Lille,fr Ligue 1,23 years,29.2,19,76,43,56.6,2.6,1.47,0.22,0.4,14.1,0,2,3,17.5,15.0,0.2,1.5,2.0,Forward,
Alphonso Davies,CAN,Bayern Munich,de Bundesliga,22 years,22.9,2,13,4,30.8,0.57,0.17,0.15,0.5,22.2,0,0,0,1.0,1.0,0.08,1.0,1.0,Defender,
Ben Davies,WAL,Tottenham,eng Premier League,30 years,12.1,1,12,2,16.7,0.99,0.17,0.08,0.5,11.8,0,0,0,2.3,2.3,0.19,-1.3,-1.3,Defender,
Tom Davies,ENG,Sheffield Utd,eng Premier League,25 years,2.5,0,4,1,25.0,1.63,0.41,0.0,0.0,15.4,0,0,0,0.4,0.4,0.09,-0.4,-0.4,Midfielder,
Keinan Davis,ENG,Udinese,it Serie A,25 years,2.1,1,6,3,50.0,2.9,1.45,0.17,0.33,14.9,0,0,0,0.5,0.5,0.08,0.5,0.5,Forward,Midfielder
Paweł Dawidowicz,POL,Hellas Verona,it Serie A,28 years,23.8,0,9,1,11.1,0.38,0.04,0.0,0.0,11.5,0,0,0,0.5,0.5,0.06,-0.5,-0.5,Defender,
Craig Dawson,ENG,Wolves,eng Premier League,33 years,24.5,1,16,5,31.3,0.65,0.2,0.06,0.2,11.2,0,0,0,1.5,1.5,0.09,-0.5,-0.5,Defender,
Kevin De Bruyne,BEL,Manchester City,eng Premier League,32 years,13.6,4,44,17,38.6,3.24,1.25,0.09,0.24,21.4,6,0,0,2.4,2.4,0.05,1.6,1.6,Midfielder,
Bobby De Cordova-Reid,JAM,Fulham,eng Premier League,30 years,15.8,6,33,8,24.2,2.09,0.51,0.18,0.75,15.7,0,0,0,4.6,4.6,0.14,1.4,1.4,Forward,
Charles De Ketelaere,BEL,Atalanta,it Serie A,22 years,22.5,10,44,24,54.5,1.95,1.07,0.2,0.38,14.2,0,1,1,7.1,6.3,0.14,2.9,2.7,Forward,Midfielder
Rodrigo De Paul,ARG,Atlético Madrid,es La Liga,29 years,23.1,3,30,12,40.0,1.3,0.52,0.1,0.25,19.8,1,0,0,1.8,1.8,0.06,1.2,1.2,Midfielder,
Mattia De Sciglio,ITA,Juventus,it Serie A,30 years,0.5,0,0,0,,0.0,0.0,,,,0,0,0,0.0,0.0,,0.0,0.0,Defender,
Lorenzo De Silvestri,ITA,Bologna,it Serie A,35 years,7.5,2,4,2,50.0,0.53,0.27,0.5,1.0,17.8,0,0,0,0.2,0.2,0.05,1.8,1.8,Defender,
Thibault De Smet,BEL,Reims,fr Ligue 1,25 years,20.3,0,4,0,0.0,0.2,0.0,0.0,,15.8,0,0,0,0.3,0.3,0.06,-0.3,-0.3,Defender,
Koni De Winter,BEL,Genoa,it Serie A,21 years,26.4,0,11,1,9.1,0.42,0.04,0.0,0.0,9.9,0,0,0,0.8,0.8,0.07,-0.8,-0.8,Defender,
Grégoire Defrel,MTQ,Sassuolo,it Serie A,32 years,8.4,1,12,3,25.0,1.43,0.36,0.08,0.33,21.5,0,0,0,1.0,1.0,0.08,0.0,0.0,Forward,Midfielder
Alessandro Deiola,ITA,Cagliari,it Serie A,27 years,17.9,1,25,6,24.0,1.4,0.34,0.04,0.17,17.2,2,0,0,2.5,2.5,0.1,-1.5,-1.5,Midfielder,
Romain Del Castillo,FRA,Brest,fr Ligue 1,27 years,27.7,8,37,14,37.8,1.33,0.5,0.14,0.36,20.3,3,3,3,5.2,2.9,0.08,2.8,2.1,Forward,
Thomas Delaine,FRA,Strasbourg,fr Ligue 1,31 years,22.7,1,12,2,16.7,0.53,0.09,0.08,0.5,15.1,0,0,0,1.7,1.7,0.14,-0.7,-0.7,Defender,Midfielder
Sacha Delaye,FRA,Montpellier,fr Ligue 1,21 years,1.4,0,5,2,40.0,3.46,1.38,0.0,0.0,21.7,0,0,0,0.3,0.3,0.07,-0.3,-0.3,Midfielder,Forward
Hannes Delcroix,BEL,Burnley,eng Premier League,24 years,6.5,0,4,2,50.0,0.61,0.31,0.0,0.0,11.2,0,0,0,0.4,0.4,0.09,-0.4,-0.4,Defender,
Alessandro Dellavalle,ITA,Torino,it Serie A,19 years,0.2,0,0,0,,0.0,0.0,,,,0,0,0,0.0,0.0,,0.0,0.0,Defender,
Olivier Deman,BEL,Werder Bremen,de Bundesliga,23 years,15.2,2,17,7,41.2,1.12,0.46,0.12,0.29,14.2,0,0,0,1.1,1.1,0.06,0.9,0.9,Defender,
Karamoko Dembélé,ENG,Brest,fr Ligue 1,20 years,0.2,0,0,0,,0.0,0.0,,,,0,0,0,0.0,0.0,,0.0,0.0,Midfielder,Forward
Ousmane Dembélé,FRA,Paris S-G,fr Ligue 1,26 years,16.7,3,43,14,32.6,2.57,0.84,0.07,0.21,17.1,0,0,0,4.4,4.4,0.1,-1.4,-1.4,Midfielder,Forward
Jessy Deminguet,FRA,Strasbourg,fr Ligue 1,25 years,7.7,0,3,1,33.3,0.39,0.13,0.0,0.0,9.1,0,0,0,0.3,0.3,0.1,-0.3,-0.3,Midfielder,Forward
Ermedin Demirović,BIH,Augsburg,de Bundesliga,25 years,31.9,15,77,32,41.6,2.41,1.0,0.16,0.38,14.0,0,3,4,13.5,10.3,0.13,1.5,1.7,Forward,Midfielder
Diego Demme,GER,Napoli,it Serie A,31 years,0.8,0,0,0,,0.0,0.0,,,,0,0,0,0.0,0.0,,0.0,0.0,Midfielder,
Sepp van den Berg,NED,Mainz 05,de Bundesliga,21 years,31.5,3,25,11,44.0,0.79,0.35,0.12,0.27,9.1,0,0,0,2.7,2.7,0.11,0.3,0.3,Defender,
Leander Dendoncker,BEL,Aston Villa,eng Premier League,28 years,1.3,1,2,1,50.0,1.51,0.76,0.5,1.0,12.5,0,0,0,0.7,0.7,0.37,0.3,0.3,Midfielder,
Leander Dendoncker,BEL,Napoli,it Serie A,28 years,0.3,0,1,0,0.0,3.75,0.0,0.0,,28.2,0,0,0,0.0,0.0,0.03,0.0,0.0,Midfielder,
Rémy Descamps,FRA,Nantes,fr Ligue 1,27 years,6.0,0,0,0,,0.0,0.0,,,,0,0,0,0.0,0.0,,0.0,0.0,Goalkeeper,
Mikkel Desler,DEN,Toulouse,fr Ligue 1,28 years,17.2,0,16,0,0.0,0.93,0.0,0.0,,18.3,0,0,0,1.1,1.0,0.06,-1.1,-1.0,Defender,
Arthur Desmas,FRA,Le Havre,fr Ligue 1,29 years,33.0,0,0,0,,0.0,0.0,,,,0,0,0,0.0,0.0,,0.0,0.0,Goalkeeper,
Mattia Destro,ITA,Empoli,it Serie A,32 years,4.1,0,11,4,36.4,2.7,0.98,0.0,0.0,15.0,0,0,0,1.2,1.2,0.11,-1.2,-1.2,Forward,Midfielder
Samuele Di Benedetto,GER,Stuttgart,de Bundesliga,18 years,0.1,0,0,0,,0.0,0.0,,,,0,0,0,0.0,0.0,,0.0,0.0,Midfielder,
Federico Di Francesco,ITA,Lecce,it Serie A,29 years,0.2,1,2,1,50.0,12.0,6.0,0.5,1.0,31.9,0,0,0,0.1,0.1,0.04,0.9,0.9,Forward,Midfielder
Raffaele Di Gennaro,ITA,Inter,it Serie A,29 years,0.3,0,0,0,,0.0,0.0,,,,0,0,0,0.0,0.0,,0.0,0.0,Goalkeeper,
Michele Di Gregorio,ITA,Monza,it Serie A,26 years,31.9,0,0,0,,0.0,0.0,,,,0,0,0,0.0,0.0,,0.0,0.0,Goalkeeper,
Giovanni Di Lorenzo,ITA,Napoli,it Serie A,29 years,35.9,1,37,6,16.2,1.03,0.17,0.03,0.17,13.4,0,0,0,3.1,3.1,0.08,-2.1,-2.1,Defender,
Alessandro Di Pardo,ITA,Cagliari,it Serie A,24 years,4.0,0,3,0,0.0,0.75,0.0,0.0,,24.1,0,0,0,0.1,0.1,0.03,-0.1,-0.1,Defender,Midfielder
Boulaye Dia,SEN,Salernitana,it Serie A,26 years,12.7,4,28,9,32.1,2.2,0.71,0.11,0.33,16.0,0,1,1,3.9,3.1,0.11,0.1,-0.1,Forward,Midfielder
Moussa Diaby,FRA,Aston Villa,eng Premier League,24 years,24.2,6,54,22,40.7,2.24,0.91,0.11,0.27,15.9,0,0,0,7.0,7.0,0.13,-1.0,-1.0,Forward,Midfielder
Lamine Diack,SEN,Nantes,fr Ligue 1,22 years,0.0,0,0,0,,0.0,0.0,,,,0,0,0,0.0,0.0,,0.0,0.0,Midfielder,
Mouctar Diakhaby,GUI,Valencia,es La Liga,26 years,11.9,1,7,3,42.9,0.59,0.25,0.14,0.33,13.9,0,0,0,0.7,0.7,0.1,0.3,0.3,Defender,Midfielder
Mamadou Diakhon,FRA,Reims,fr Ligue 1,17 years,2.3,0,1,1,100.0,0.43,0.43,0.0,0.0,20.3,0,0,0,0.0,0.0,0.01,0.0,0.0,Forward,Midfielder
Bafodé Diakité,FRA,Lille,fr Ligue 1,22 years,18.8,5,16,7,43.8,0.85,0.37,0.31,0.71,8.7,0,0,0,2.0,2.0,0.13,3.0,3.0,Defender,
Ibrahim Diakité,GUI,Reims,fr Ligue 1,19 years,1.2,0,0,0,,0.0,0.0,,,,0,0,0,0.0,0.0,,0.0,0.0,Defender,
Moussa Diakité,MLI,Cádiz,es La Liga,19 years,0.0,0,0,0,,0.0,0.0,,,,0,0,0,0.0,0.0,,0.0,0.0,Midfielder,
Oumar Diakité,CIV,Reims,fr Ligue 1,19 years,17.6,5,35,11,31.4,1.99,0.62,0.14,0.45,14.8,0,0,1,7.0,6.2,0.18,-2.0,-1.2,Forward,
Amad Diallo,CIV,Manchester Utd,eng Premier League,21 years,4.3,1,10,4,40.0,2.31,0.92,0.1,0.25,19.3,0,0,0,0.5,0.5,0.05,0.5,0.5,Forward,Midfielder
Amadou Diallo,ENG,Newcastle Utd,eng Premier League,20 years,0.0,0,0,0,,0.0,0.0,,,,0,0,0,0.0,0.0,,0.0,0.0,Midfielder,
Assane Diao,SEN,Betis,es La Liga,17 years,11.6,2,21,3,14.3,1.8,0.26,0.1,0.67,13.7,0,0,0,2.5,2.5,0.12,-0.5,-0.5,Forward,
Habib Diarra,SEN,Strasbourg,fr Ligue 1,19 years,25.6,3,38,14,36.8,1.48,0.55,0.05,0.14,21.2,1,1,1,3.4,2.7,0.07,-0.4,-0.7,Midfielder,Forward
Moussa Diarra,MLI,Toulouse,fr Ligue 1,22 years,15.5,1,5,2,40.0,0.32,0.13,0.2,0.5,14.0,0,0,0,0.5,0.5,0.09,0.5,0.5,Defender,
Rúben Dias,POR,Manchester City,eng Premier League,26 years,28.4,0,20,8,40.0,0.7,0.28,0.0,0.0,15.2,0,0,0,1.4,1.4,0.07,-1.4,-1.4,Defender,
Krépin Diatta,SEN,Monaco,fr Ligue 1,24 years,13.4,0,9,0,0.0,0.67,0.0,0.0,,23.5,1,0,0,0.5,0.5,0.06,-0.5,-0.5,Defender,Forward
Mory Diaw,SEN,Clermont Foot,fr Ligue 1,30 years,30.0,0,0,0,,0.0,0.0,,,,0,0,0,0.0,0.0,,0.0,0.0,Goalkeeper,
Mahamadou Diawara,FRA,Lyon,fr Ligue 1,18 years,4.0,0,6,0,0.0,1.51,0.0,0.0,,15.3,0,0,0,0.7,0.7,0.12,-0.7,-0.7,Midfielder,
Brahim Díaz,MAR,Real Madrid,es La Liga,23 years,17.2,8,38,17,44.7,2.21,0.99,0.21,0.47,16.0,0,0,0,5.7,5.7,0.15,2.3,2.3,Forward,Midfielder
Luis Díaz,COL,Liverpool,eng Premier League,26 years,29.2,8,94,32,34.0,3.22,1.1,0.09,0.25,15.0,0,0,0,11.9,11.9,0.13,-3.9,-3.9,Forward,
Víctor Díaz,ESP,Granada,es La Liga,35 years,1.8,0,0,0,,0.0,0.0,,,,0,0,0,0.0,0.0,,0.0,0.0,Defender,Midfielder
Famara Diedhiou,SEN,Granada,es La Liga,30 years,1.0,0,5,3,60.0,5.06,3.03,0.0,0.0,18.1,0,0,0,0.5,0.5,0.1,-0.5,-0.5,Forward,Midfielder
Justin Diehl,GER,Köln,de Bundesliga,18 years,1.9,0,7,2,28.6,3.75,1.07,0.0,0.0,23.1,1,0,0,0.2,0.2,0.03,-0.2,-0.2,Forward,Midfielder
Bamba Dieng,SEN,Lorient,fr Ligue 1,23 years,6.1,4,17,7,41.2,2.79,1.15,0.24,0.57,16.1,2,0,0,3.2,3.2,0.19,0.8,0.8,Forward,
Eric Dier,ENG,Tottenham,eng Premier League,29 years,2.2,0,0,0,,0.0,0.0,,,,0,0,0,0.0,0.0,,0.0,0.0,Defender,
Eric Dier,ENG,Bayern Munich,de Bundesliga,29 years,13.0,0,9,3,33.3,0.69,0.23,0.0,0.0,10.3,0,0,0,0.7,0.7,0.07,-0.7,-0.7,Defender,
Guillaume Dietsch,FRA,Metz,fr Ligue 1,22 years,0.8,0,0,0,,0.0,0.0,,,,0,0,0,0.0,0.0,,0.0,0.0,Goalkeeper,
Florian Dietz,GER,Köln,de Bundesliga,24 years,0.8,0,3,1,33.3,3.86,1.29,0.0,0.0,15.8,0,0,0,0.3,0.3,0.09,-0.3,-0.3,Forward,Midfielder
Lucas Digne,FRA,Aston Villa,eng Premier League,30 years,26.8,1,20,4,20.0,0.75,0.15,0.05,0.25,20.0,6,0,0,1.1,1.1,0.05,-0.1,-0.1,Defender,
Federico Dimarco,ITA,Inter,it Serie A,25 years,23.1,5,51,19,37.3,2.21,0.82,0.1,0.26,21.0,3,0,0,2.9,2.7,0.05,2.1,2.3,Defender,
Stole Dimitrievski,MKD,Rayo Vallecano,es La Liga,29 years,37.0,0,0,0,,0.0,0.0,,,,0,0,0,0.0,0.0,,0.0,0.0,Goalkeeper,
Junior Dina Ebimbe,FRA,Eintracht Frankfurt,de Bundesliga,22 years,21.7,5,52,15,28.8,2.39,0.69,0.1,0.33,15.1,0,0,0,5.0,5.0,0.1,0.0,0.0,Midfielder,Defender
Eren Dinkçi,GER,Heidenheim,de Bundesliga,21 years,29.4,10,49,21,42.9,1.66,0.71,0.2,0.48,19.7,0,0,0,4.3,4.3,0.09,5.7,5.7,Forward,Midfielder
Sinaly Diomande,CIV,Lyon,fr Ligue 1,22 years,9.9,0,6,1,16.7,0.61,0.1,0.0,0.0,11.1,0,0,0,1.0,1.0,0.17,-1.0,-1.0,Defender,
Edan Diop,FRA,Monaco,fr Ligue 1,18 years,1.8,0,0,0,,0.0,0.0,,,,0,0,0,0.0,0.0,,0.0,0.0,Midfielder,Defender
Issa Diop,FRA,Fulham,eng Premier League,26 years,15.8,0,5,1,20.0,0.32,0.06,0.0,0.0,14.6,0,0,0,0.3,0.3,0.05,-0.3,-0.3,Defender,
Sofiane Diop,FRA,Nice,fr Ligue 1,23 years,5.5,0,14,6,42.9,2.53,1.08,0.0,0.0,20.7,2,0,0,1.2,1.2,0.09,-1.2,-1.2,Forward,
Andy Diouf,FRA,Lens,fr Ligue 1,20 years,14.6,1,27,8,29.6,1.85,0.55,0.04,0.13,24.1,1,0,0,1.5,1.5,0.06,-0.5,-0.5,Midfielder,
Yehvann Diouf,FRA,Reims,fr Ligue 1,23 years,34.0,0,0,0,,0.0,0.0,,,,0,0,0,0.0,0.0,,0.0,0.0,Goalkeeper,
Axel Disasi,FRA,Chelsea,eng Premier League,25 years,28.7,2,16,4,25.0,0.56,0.14,0.13,0.5,10.3,0,0,0,2.4,2.4,0.15,-0.4,-0.4,Defender,
Tiago Djaló,POR,Juventus,it Serie A,23 years,0.2,0,0,0,,0.0,0.0,,,,0,0,0,0.0,0.0,,0.0,0.0,Defender,
Chaim El Djebali,TUN,Lyon,fr Ligue 1,19 years,0.1,0,0,0,,0.0,0.0,,,,0,0,0,0.0,0.0,,0.0,0.0,Midfielder,
Djené,TOG,Getafe,es La Liga,31 years,27.6,0,6,1,16.7,0.22,0.04,0.0,0.0,23.2,0,0,0,0.1,0.1,0.02,-0.1,-0.1,Defender,Midfielder
Koffi Djidji,CIV,Torino,it Serie A,30 years,8.4,0,2,0,0.0,0.24,0.0,0.0,,23.0,0,0,0,0.1,0.1,0.03,-0.1,-0.1,Defender,
Berat Djimsiti,ALB,Atalanta,it Serie A,30 years,31.5,0,13,0,0.0,0.41,0.0,0.0,,10.6,0,0,0,0.8,0.8,0.06,-0.8,-0.8,Defender,
Marko Dmitrović,SRB,Sevilla,es La Liga,31 years,13.0,0,0,0,,0.0,0.0,,,,0,0,0,0.0,0.0,,0.0,0.0,Goalkeeper,
Ben Doak,SCO,Liverpool,eng Premier League,17 years,0.2,0,0,0,,0.0,0.0,,,,0,0,0,0.0,0.0,,0.0,0.0,Forward,
Ritsu Doan,JPN,Freiburg,de Bundesliga,25 years,25.0,7,37,19,51.4,1.48,0.76,0.19,0.37,15.4,0,0,0,5.0,5.0,0.13,2.0,2.0,Defender,Midfielder
Lewis Dobbin,ENG,Everton,eng Premier League,20 years,2.6,1,5,2,40.0,1.94,0.78,0.2,0.5,15.6,0,0,0,0.3,0.3,0.06,0.7,0.7,Midfielder,
Dodô,BRA,Fiorentina,it Serie A,24 years,5.8,0,2,1,50.0,0.34,0.17,0.0,0.0,19.9,0,0,0,0.1,0.1,0.04,-0.1,-0.1,Defender,
Danilho Doekhi,NED,Union Berlin,de Bundesliga,25 years,24.0,2,16,2,12.5,0.67,0.08,0.13,1.0,10.0,0,0,0,1.2,1.2,0.07,0.8,0.8,Defender,
Matt Doherty,IRL,Wolves,eng Premier League,31 years,12.8,1,9,3,33.3,0.7,0.23,0.11,0.33,10.8,0,0,0,0.8,0.8,0.09,0.2,0.2,Defender,Midfielder
Josh Doig,SCO,Hellas Verona,it Serie A,21 years,9.2,0,5,1,20.0,0.54,0.11,0.0,0.0,19.8,0,0,0,0.2,0.2,0.04,-0.2,-0.2,Defender,
Josh Doig,SCO,Sassuolo,it Serie A,21 years,14.9,0,8,2,25.0,0.54,0.13,0.0,0.0,20.9,0,0,0,0.2,0.2,0.02,-0.2,-0.2,Defender,
Jeremy Doku,BEL,Manchester City,eng Premier League,21 years,17.7,3,55,19,34.5,3.1,1.07,0.05,0.16,16.4,0,0,0,2.5,2.5,0.05,0.5,0.5,Forward,Midfielder
Jeremy Doku,BEL,Rennes,fr Ligue 1,21 years,1.2,1,6,4,66.7,4.86,3.24,0.17,0.25,13.6,0,0,0,0.6,0.6,0.1,0.4,0.4,Forward,
Jaume Doménech,ESP,Valencia,es La Liga,32 years,0.9,0,0,0,,0.0,0.0,,,,0,0,0,0.0,0.0,,0.0,0.0,Goalkeeper,
Carlos Dominguez,ESP,Celta Vigo,es La Liga,22 years,17.6,0,5,0,0.0,0.28,0.0,0.0,,15.6,0,0,0,0.3,0.3,0.06,-0.3,-0.3,Defender,
Mario Dominguez,ESP,Valencia,es La Liga,19 years,0.3,0,3,1,33.3,10.8,3.6,0.0,0.0,17.3,0,0,0,0.2,0.2,0.05,-0.2,-0.2,Forward,
Nicolás Domínguez,ARG,Nottingham Forest,eng Premier League,25 years,16.6,2,22,6,27.3,1.32,0.36,0.09,0.33,16.9,0,0,0,1.3,1.3,0.06,0.7,0.7,Midfielder,Forward
Nicolás Domínguez,ARG,Bologna,it Serie A,25 years,1.1,0,0,0,,0.0,0.0,,,,0,0,0,0.0,0.0,,0.0,0.0,Midfielder,
Giulio Donati,ITA,Monza,it Serie A,33 years,0.4,0,1,1,100.0,2.5,2.5,0.0,0.0,27.3,0,0,0,0.0,0.0,0.02,0.0,0.0,Defender,
Jamie Donley,NIR,Tottenham,eng Premier League,18 years,0.0,0,0,0,,0.0,0.0,,,,0,0,0,0.0,0.0,,0.0,0.0,Forward,
Gianluigi Donnarumma,ITA,Paris S-G,fr Ligue 1,24 years,24.1,0,0,0,,0.0,0.0,,,,0,0,0,0.0,0.0,,0.0,0.0,Goalkeeper,
Patrick Dorgu,DEN,Lecce,it Serie A,18 years,17.4,2,18,7,38.9,1.04,0.4,0.11,0.29,17.8,0,0,0,2.0,2.0,0.11,0.0,0.0,Defender,Midfielder
Niklas Dorsch,GER,Augsburg,de Bundesliga,25 years,15.4,0,14,0,0.0,0.91,0.0,0.0,,25.1,2,0,0,0.7,0.7,0.05,-0.7,-0.7,Midfielder,
Alberto Dossena,ITA,Cagliari,it Serie A,24 years,33.1,2,24,6,25.0,0.73,0.18,0.08,0.33,11.3,0,0,0,2.2,2.2,0.09,-0.2,-0.2,Defender,
Carlos Dotor,ESP,Celta Vigo,es La Liga,22 years,7.9,0,4,0,0.0,0.51,0.0,0.0,,22.9,0,0,0,0.2,0.2,0.04,-0.2,-0.2,Midfielder,
Abdoulaye Doucouré,MLI,Everton,eng Premier League,30 years,29.2,7,47,21,44.7,1.61,0.72,0.15,0.33,12.2,0,0,0,8.8,8.8,0.2,-1.8,-1.8,Forward,Midfielder
Cheick Doucouré,MLI,Crystal Palace,eng Premier League,23 years,10.2,0,6,2,33.3,0.59,0.2,0.0,0.0,21.6,0,0,0,0.3,0.3,0.05,-0.3,-0.3,Midfielder,
Siriné Doucouré,MLI,Lorient,fr Ligue 1,21 years,4.7,1,9,5,55.6,1.91,1.06,0.11,0.2,12.6,0,0,0,0.9,0.9,0.1,0.1,0.1,Forward,
Désiré Doué,FRA,Rennes,fr Ligue 1,18 years,18.1,4,34,13,38.2,1.88,0.72,0.12,0.31,19.1,0,0,0,2.4,2.4,0.07,1.6,1.6,Midfielder,Forward
Guela Doué,CIV,Rennes,fr Ligue 1,20 years,13.7,0,15,3,20.0,1.09,0.22,0.0,0.0,22.0,0,0,0,0.5,0.5,0.03,-0.5,-0.5,Defender,
Alfie Doughty,ENG,Luton Town,eng Premier League,23 years,32.5,2,26,8,30.8,0.8,0.25,0.08,0.25,16.3,2,0,0,1.3,1.3,0.05,0.7,0.7,Defender,
Douglas,BRA,Nantes,fr Ligue 1,26 years,19.7,0,16,5,31.3,0.81,0.25,0.0,0.0,20.0,0,0,0,1.2,1.2,0.07,-1.2,-1.2,Midfielder,
Ismaël Doukouré,FRA,Strasbourg,fr Ligue 1,20 years,18.4,0,9,0,0.0,0.49,0.0,0.0,,25.5,0,0,0,0.3,0.3,0.03,-0.3,-0.3,Midfielder,Defender
Kamory Doumbia,MLI,Brest,fr Ligue 1,20 years,9.8,6,25,11,44.0,2.56,1.13,0.24,0.55,17.1,0,0,0,4.2,4.2,0.17,1.8,1.8,Midfielder,
Anastasios Douvikas,GRE,Celta Vigo,es La Liga,23 years,10.1,7,26,15,57.7,2.59,1.49,0.27,0.47,13.5,0,0,0,4.6,4.6,0.18,2.4,2.4,Forward,
Artem Dovbyk,UKR,Girona,es La Liga,26 years,28.7,24,77,36,46.8,2.68,1.25,0.22,0.47,12.4,1,7,8,24.2,17.9,0.23,-0.2,-0.9,Forward,
Nikola Dovedan,AUT,Heidenheim,de Bundesliga,29 years,7.3,3,14,5,35.7,1.92,0.69,0.21,0.6,16.1,0,0,0,1.9,1.9,0.14,1.1,1.1,Midfielder,Forward
Damion Downs,USA,Köln,de Bundesliga,19 years,2.0,2,5,2,40.0,2.49,0.99,0.4,1.0,10.9,0,0,0,1.0,1.0,0.21,1.0,1.0,Forward,Midfielder
Tommy Doyle,ENG,Wolves,eng Premier League,21 years,13.6,0,14,3,21.4,1.03,0.22,0.0,0.0,26.2,2,0,0,0.4,0.4,0.03,-0.4,-0.4,Midfielder,
Radu Drăgușin,ROU,Tottenham,eng Premier League,21 years,4.8,0,1,0,0.0,0.21,0.0,0.0,,10.4,0,0,0,0.1,0.1,0.14,-0.1,-0.1,Defender,
Radu Drăgușin,ROU,Genoa,it Serie A,21 years,19.0,2,17,4,23.5,0.89,0.21,0.12,0.5,12.5,0,0,0,1.0,1.0,0.06,1.0,1.0,Defender,
Dion Drena Beljo,CRO,Augsburg,de Bundesliga,21 years,6.5,2,19,7,36.8,2.94,1.08,0.11,0.29,13.4,0,0,0,3.0,3.0,0.16,-1.0,-1.0,Forward,Midfielder
Tim Drexler,GER,Hoffenheim,de Bundesliga,18 years,6.4,0,0,0,,0.0,0.0,,,,0,0,0,0.0,0.0,,0.0,0.0,Defender,
Domingos Duarte,POR,Getafe,es La Liga,28 years,10.1,0,1,0,0.0,0.1,0.0,0.0,,2.8,0,0,0,0.3,0.3,0.27,-0.3,-0.3,Defender,
Rubén Duarte,ESP,Alavés,es La Liga,27 years,20.9,2,15,5,33.3,0.72,0.24,0.13,0.4,24.6,3,0,0,0.7,0.7,0.05,1.3,1.3,Defender,
Martin Dúbravka,SVK,Newcastle Utd,eng Premier League,34 years,22.1,0,0,0,,0.0,0.0,,,,0,0,0,0.0,0.0,,0.0,0.0,Goalkeeper,
Marvin Ducksch,GER,Werder Bremen,de Bundesliga,29 years,30.0,12,74,32,43.2,2.47,1.07,0.09,0.22,18.9,12,5,6,12.8,7.9,0.11,-0.8,-0.9,Forward,
Ondrej Duda,SVK,Hellas Verona,it Serie A,28 years,27.3,1,23,6,26.1,0.84,0.22,0.04,0.17,23.5,3,0,1,2.2,1.4,0.06,-1.2,-0.4,Midfielder,
Denzel Dumfries,NED,Inter,it Serie A,27 years,18.2,4,24,6,25.0,1.32,0.33,0.17,0.67,11.8,0,0,0,2.3,2.3,0.09,1.7,1.7,Defender,
Paul Dummett,WAL,Newcastle Utd,eng Premier League,31 years,0.2,0,1,0,0.0,4.5,0.0,0.0,,16.1,0,0,0,0.0,0.0,0.02,0.0,0.0,Defender,
Alfred Duncan,GHA,Fiorentina,it Serie A,30 years,21.0,2,23,6,26.1,1.1,0.29,0.09,0.33,23.4,0,0,0,1.5,1.5,0.06,0.5,0.5,Midfielder,
Lewis Dunk,ENG,Brighton,eng Premier League,31 years,31.9,3,33,12,36.4,1.04,0.38,0.09,0.25,13.4,4,0,0,3.1,3.1,0.09,-0.1,-0.1,Defender,
Jáder Durán,COL,Aston Villa,eng Premier League,19 years,5.3,5,20,7,35.0,3.79,1.33,0.25,0.71,16.8,0,0,0,2.0,2.0,0.1,3.0,3.0,Forward,Midfielder
Julien Duranville,BEL,Dortmund,de Bundesliga,17 years,0.1,0,0,0,,0.0,0.0,,,,0,0,0,0.0,0.0,,0.0,0.0,Forward,Midfielder
Hugo Duro,ESP,Valencia,es La Liga,23 years,33.1,13,66,29,43.9,2.0,0.88,0.2,0.45,12.9,2,0,0,11.5,11.5,0.17,1.5,1.5,Forward,
Jean-Kevin Duverne,HAI,Nantes,fr Ligue 1,26 years,15.0,0,4,1,25.0,0.27,0.07,0.0,0.0,20.0,0,0,0,0.3,0.3,0.07,-0.3,-0.3,Defender,
Paulo Dybala,ARG,Roma,it Serie A,29 years,21.8,13,52,16,30.8,2.39,0.74,0.12,0.38,21.2,5,7,7,10.6,5.1,0.1,2.4,0.9,Forward,Midfielder
Aron Dønnum,NOR,Toulouse,fr Ligue 1,25 years,17.7,0,21,9,42.9,1.18,0.51,0.0,0.0,19.5,0,0,0,1.0,1.0,0.05,-1.0,-1.0,Forward,Midfielder
George Earthy,ENG,West Ham,eng Premier League,18 years,0.4,1,1,1,100.0,2.65,2.65,1.0,1.0,3.8,0,0,0,0.3,0.3,0.31,0.7,0.7,Forward,
Simon Ebonog,CMR,Le Havre,fr Ligue 1,18 years,0.2,0,0,0,,0.0,0.0,,,,0,0,0,0.0,0.0,,0.0,0.0,Midfielder,
Festy Ebosele,IRL,Udinese,it Serie A,20 years,18.9,0,16,5,31.3,0.85,0.26,0.0,0.0,21.1,0,0,0,0.8,0.8,0.05,-0.8,-0.8,Defender,
Enzo Ebosse,CMR,Udinese,it Serie A,24 years,0.1,0,0,0,,0.0,0.0,,,,0,0,0,0.0,0.0,,0.0,0.0,Defender,
Tyronne Ebuehi,NGA,Empoli,it Serie A,27 years,12.2,0,5,1,20.0,0.41,0.08,0.0,0.0,15.6,0,0,0,0.3,0.3,0.05,-0.3,-0.3,Defender,
Ederson,BRA,Manchester City,eng Premier League,29 years,30.9,0,0,0,,0.0,0.0,,,,0,0,0,0.0,0.0,,0.0,0.0,Goalkeeper,
Éderson,BRA,Atalanta,it Serie A,24 years,31.9,6,38,11,28.9,1.19,0.35,0.16,0.55,18.1,0,0,0,3.5,3.5,0.09,2.5,2.5,Midfielder,
Odsonne Édouard,FRA,Crystal Palace,eng Premier League,25 years,17.3,7,51,19,37.3,2.95,1.1,0.14,0.37,13.7,3,0,0,6.2,6.2,0.12,0.8,0.8,Forward,Midfielder
John Egan,IRL,Sheffield Utd,eng Premier League,30 years,5.4,0,3,1,33.3,0.56,0.19,0.0,0.0,10.3,0,0,0,0.2,0.2,0.05,-0.2,-0.2,Defender,
Maximilian Eggestein,GER,Freiburg,de Bundesliga,26 years,32.4,1,39,8,20.5,1.2,0.25,0.03,0.13,19.9,0,0,0,2.4,2.4,0.06,-1.4,-1.4,Midfielder,
Lilian Egloff,GER,Stuttgart,de Bundesliga,20 years,1.2,0,3,0,0.0,2.55,0.0,0.0,,19.4,0,0,0,0.2,0.2,0.06,-0.2,-0.2,Midfielder,Defender
Kingsley Ehizibue,NED,Udinese,it Serie A,28 years,10.6,0,18,3,16.7,1.7,0.28,0.0,0.0,18.5,0,0,0,1.3,1.3,0.07,-1.3,-1.3,Defender,
Hjalmar Ekdal,SWE,Burnley,eng Premier League,24 years,4.9,0,2,1,50.0,0.41,0.21,0.0,0.0,16.4,0,0,0,0.1,0.1,0.03,-0.1,-0.1,Defender,
Hugo Ekitike,FRA,Paris S-G,fr Ligue 1,21 years,0.1,0,0,0,,0.0,0.0,,,,0,0,0,0.0,0.0,,0.0,0.0,Forward,
Hugo Ekitike,FRA,Eintracht Frankfurt,de Bundesliga,21 years,8.0,4,30,9,30.0,3.77,1.13,0.13,0.44,14.1,0,0,0,2.4,2.4,0.08,1.6,1.6,Forward,
Emmanuel Ekong,SWE,Empoli,it Serie A,21 years,0.1,0,0,0,,0.0,0.0,,,,0,0,0,0.0,0.0,,0.0,0.0,Forward,
Caleb Ekuban,GHA,Genoa,it Serie A,29 years,12.6,4,27,12,44.4,2.15,0.95,0.15,0.33,14.7,0,0,0,2.9,2.9,0.11,1.1,1.1,Forward,
Anthony Elanga,SWE,Nottingham Forest,eng Premier League,21 years,27.0,5,54,22,40.7,2.0,0.81,0.09,0.23,16.2,0,0,0,6.6,6.6,0.12,-1.6,-1.6,Forward,Midfielder
Simon Elisor,FRA,Metz,fr Ligue 1,24 years,8.5,1,13,6,46.2,1.53,0.7,0.08,0.17,16.7,0,0,1,2.3,1.5,0.11,-1.3,-0.5,Forward,
Harvey Elliott,ENG,Liverpool,eng Premier League,20 years,15.0,3,49,16,32.7,3.26,1.07,0.06,0.19,20.8,2,0,0,2.7,2.7,0.06,0.3,0.3,Midfielder,Forward
Elif Elmas,MKD,Napoli,it Serie A,23 years,3.8,2,6,6,100.0,1.59,1.59,0.33,0.33,19.1,0,0,0,0.5,0.5,0.08,1.5,1.5,Forward,Midfielder
Elif Elmas,MKD,RB Leipzig,de Bundesliga,23 years,3.0,0,10,4,40.0,3.38,1.35,0.0,0.0,16.4,1,0,0,0.8,0.8,0.08,-0.8,-0.8,Midfielder,Forward
Mohamed Elneny,EGY,Arsenal,eng Premier League,31 years,0.3,0,2,1,50.0,6.43,3.21,0.0,0.0,25.8,0,0,0,0.1,0.1,0.04,-0.1,-0.1,Midfielder,
Aritz Elustondo,ESP,Real Sociedad,es La Liga,29 years,9.0,0,7,2,28.6,0.78,0.22,0.0,0.0,11.0,0,0,0,0.3,0.3,0.04,-0.3,-0.3,Defender,
Nico Elvedi,SUI,Gladbach,de Bundesliga,26 years,27.6,2,18,6,33.3,0.65,0.22,0.11,0.33,11.4,0,0,0,1.6,1.6,0.09,0.4,0.4,Defender,
Adri Embarba,ESP,Almería,es La Liga,31 years,27.5,3,63,24,38.1,2.29,0.87,0.03,0.08,24.1,12,1,1,4.3,3.5,0.06,-1.3,-1.5,Forward,Midfielder
Breel Embolo,SUI,Monaco,fr Ligue 1,26 years,2.0,1,6,3,50.0,2.97,1.48,0.17,0.33,15.9,0,0,0,0.7,0.7,0.12,0.3,0.3,Forward,
Emanuel Emegha,NED,Strasbourg,fr Ligue 1,20 years,23.1,8,47,20,42.6,2.04,0.87,0.17,0.4,12.0,0,0,1,10.9,10.1,0.21,-2.9,-2.1,Forward,
Emerson,BRA,Tottenham,eng Premier League,24 years,12.9,1,6,3,50.0,0.47,0.23,0.17,0.33,22.5,0,0,0,0.2,0.2,0.03,0.8,0.8,Defender,
Youssef En-Nesyri,MAR,Sevilla,es La Liga,26 years,28.6,16,72,29,40.3,2.52,1.02,0.21,0.52,12.1,0,1,1,10.8,10.0,0.14,5.2,5.0,Forward,
Julio Enciso,PAR,Brighton,eng Premier League,19 years,5.3,0,28,8,28.6,5.31,1.52,0.0,0.0,21.2,0,0,0,1.4,1.4,0.05,-1.4,-1.4,Midfielder,Forward
Wataru Endo,JPN,Liverpool,eng Premier League,30 years,19.1,1,10,3,30.0,0.52,0.16,0.1,0.33,22.0,0,0,0,0.5,0.5,0.05,0.5,0.5,Midfielder,
Arne Engels,BEL,Augsburg,de Bundesliga,19 years,15.6,3,20,7,35.0,1.28,0.45,0.15,0.43,19.9,2,0,0,1.8,1.8,0.09,1.2,1.2,Midfielder,Defender
Christian Eriksen,DEN,Manchester Utd,eng Premier League,31 years,12.7,1,13,4,30.8,1.03,0.32,0.08,0.25,22.0,2,0,0,1.0,1.0,0.08,0.0,0.0,Midfielder,
Martin Erlic,CRO,Sassuolo,it Serie A,25 years,29.1,1,8,3,37.5,0.28,0.1,0.13,0.33,10.2,0,0,0,1.0,1.0,0.12,0.0,0.0,Defender,
Gonzalo Escalante,ARG,Cádiz,es La Liga,30 years,18.9,1,14,3,21.4,0.74,0.16,0.07,0.33,17.4,0,0,0,1.9,1.9,0.14,-0.9,-0.9,Midfielder,
Aarón Escandell,ESP,Las Palmas,es La Liga,27 years,1.7,0,0,0,,0.0,0.0,,,,0,0,0,0.0,0.0,,0.0,0.0,Goalkeeper,
Alfonso Espino,URU,Rayo Vallecano,es La Liga,31 years,27.9,0,18,5,27.8,0.65,0.18,0.0,0.0,22.2,0,0,0,1.0,1.0,0.06,-1.0,-1.0,Defender,
Bernardo Espinosa,COL,Girona,es La Liga,34 years,0.0,0,0,0,,0.0,0.0,,,,0,0,0,0.0,0.0,,0.0,0.0,Defender,
Maxime Estève,FRA,Burnley,eng Premier League,21 years,14.5,0,7,0,0.0,0.48,0.0,0.0,,19.1,0,0,0,0.3,0.3,0.04,-0.3,-0.3,Defender,
Maxime Estève,FRA,Montpellier,fr Ligue 1,21 years,11.1,1,5,2,40.0,0.45,0.18,0.2,0.5,9.7,0,0,0,0.2,0.2,0.05,0.8,0.8,Defender,
Oscar Estupiñan,COL,Metz,fr Ligue 1,26 years,2.9,0,6,1,16.7,2.08,0.35,0.0,0.0,15.0,0,0,0,0.5,0.5,0.09,-0.5,-0.5,Forward,
Pervis Estupiñán,ECU,Brighton,eng Premier League,25 years,13.8,2,11,6,54.5,0.8,0.43,0.18,0.33,18.8,0,0,0,1.0,1.0,0.09,1.0,1.0,Defender,
Karl Etta,CMR,Cádiz,es La Liga,19 years,0.2,0,0,0,,0.0,0.0,,,,0,0,0,0.0,0.0,,0.0,0.0,Forward,
Jonny Evans,NIR,Manchester Utd,eng Premier League,35 years,15.5,0,1,0,0.0,0.06,0.0,0.0,,5.4,0,0,0,0.1,0.1,0.06,-0.1,-0.1,Defender,
Eberechi Eze,ENG,Crystal Palace,eng Premier League,25 years,22.8,11,82,33,40.2,3.59,1.45,0.12,0.3,20.7,12,1,1,9.1,8.3,0.1,1.9,1.7,Midfielder,Forward
Abde Ezzalzouli,MAR,Barcelona,es La Liga,21 years,0.8,0,4,1,25.0,5.29,1.32,0.0,0.0,19.1,0,0,0,0.2,0.2,0.05,-0.2,-0.2,Forward,Midfielder
Abde Ezzalzouli,MAR,Betis,es La Liga,21 years,9.6,1,33,8,24.2,3.43,0.83,0.03,0.13,17.8,0,0,1,3.0,2.2,0.07,-2.0,-1.2,Forward,
Giovanni Fabbian,ITA,Bologna,it Serie A,20 years,11.7,5,28,10,35.7,2.38,0.85,0.18,0.5,14.5,0,0,0,4.2,4.2,0.15,0.8,0.8,Midfielder,Forward
Łukasz Fabiański,POL,West Ham,eng Premier League,38 years,8.0,0,0,0,,0.0,0.0,,,,0,0,0,0.0,0.0,,0.0,0.0,Goalkeeper,
Nicolò Fagioli,ITA,Juventus,it Serie A,22 years,4.9,0,6,2,33.3,1.24,0.41,0.0,0.0,20.1,1,0,0,0.4,0.4,0.06,-0.4,-0.4,Midfielder,
Romain Faivre,FRA,Bournemouth,eng Premier League,25 years,0.5,0,2,0,0.0,4.39,0.0,0.0,,17.0,0,0,0,0.2,0.2,0.08,-0.2,-0.2,Midfielder,Forward
Romain Faivre,FRA,Lorient,fr Ligue 1,25 years,16.1,5,27,10,37.0,1.67,0.62,0.19,0.5,19.0,1,0,0,2.8,2.8,0.1,2.2,2.2,Midfielder,Forward
Ilhan Fakili,FRA,Clermont Foot,fr Ligue 1,17 years,1.0,0,4,2,50.0,3.83,1.91,0.0,0.0,22.2,0,0,0,0.2,0.2,0.04,-0.2,-0.2,Midfielder,Forward
Radamel Falcao,COL,Rayo Vallecano,es La Liga,37 years,4.5,1,16,6,37.5,3.54,1.33,0.0,0.0,14.5,0,1,1,2.7,2.0,0.12,-1.7,-2.0,Forward,Defender
Wladimiro Falcone,ITA,Lecce,it Serie A,28 years,38.0,0,0,0,,0.0,0.0,,,,0,0,0,0.0,0.0,,0.0,0.0,Goalkeeper,
Fali,ESP,Cádiz,es La Liga,29 years,28.3,0,11,3,27.3,0.39,0.11,0.0,0.0,15.6,0,0,0,0.8,0.8,0.07,-0.8,-0.8,Defender,
Davide Faraoni,ITA,Hellas Verona,it Serie A,31 years,6.7,0,7,1,14.3,1.05,0.15,0.0,0.0,17.0,0,0,0,0.4,0.4,0.06,-0.4,-0.4,Defender,
Davide Faraoni,ITA,Fiorentina,it Serie A,31 years,4.4,0,3,1,33.3,0.69,0.23,0.0,0.0,18.5,0,0,0,0.1,0.1,0.03,-0.1,-0.1,Defender,
Ansu Fati,ESP,Brighton,eng Premier League,20 years,5.8,2,26,11,42.3,4.49,1.9,0.08,0.18,14.6,0,0,0,3.4,3.4,0.13,-1.4,-1.4,Midfielder,Forward
Ansu Fati,ESP,Barcelona,es La Liga,20 years,0.6,0,7,1,14.3,12.6,1.8,0.0,0.0,18.6,0,0,0,0.7,0.7,0.11,-0.7,-0.7,Midfielder,Forward
Khalil Fayad,FRA,Montpellier,fr Ligue 1,19 years,11.4,3,17,7,41.2,1.49,0.61,0.18,0.43,18.9,1,0,0,1.9,1.9,0.11,1.1,1.1,Forward,Midfielder
Federico Fazio,ARG,Salernitana,it Serie A,36 years,15.1,1,8,2,25.0,0.53,0.13,0.13,0.5,11.5,0,0,0,0.4,0.4,0.05,0.6,0.6,Defender,
Jacopo Fazzini,ITA,Empoli,it Serie A,20 years,13.7,1,23,4,17.4,1.68,0.29,0.04,0.25,19.8,2,0,0,1.2,1.2,0.05,-0.2,-0.2,Midfielder,
Nabil Fekir,FRA,Betis,es La Liga,30 years,11.7,1,28,7,25.0,2.4,0.6,0.04,0.14,19.2,6,0,0,2.2,2.2,0.08,-1.2,-1.2,Midfielder,Forward
Felipe,BRA,Nottingham Forest,eng Premier League,34 years,4.2,0,3,0,0.0,0.72,0.0,0.0,,16.6,0,0,0,0.1,0.1,0.04,-0.1,-0.1,Defender,
Luiz Felipe,ITA,Betis,es La Liga,26 years,4.0,0,2,0,0.0,0.5,0.0,0.0,,10.8,0,0,0,0.1,0.1,0.03,-0.1,-0.1,Defender,
João Félix,POR,Barcelona,es La Liga,23 years,17.1,7,61,25,41.0,3.56,1.46,0.11,0.28,15.8,1,0,0,8.7,8.7,0.14,-1.7,-1.7,Forward,
Ohis Felix Uduokhai,GER,Augsburg,de Bundesliga,25 years,32.5,2,13,3,23.1,0.4,0.09,0.15,0.67,9.2,0,0,0,1.4,1.4,0.11,0.6,0.6,Defender,
Kiko Femenía,ESP,Villarreal,es La Liga,32 years,17.6,0,1,0,0.0,0.06,0.0,0.0,,51.1,1,0,0,0.0,0.0,0.01,0.0,0.0,Defender,
Evan Ferguson,IRL,Brighton,eng Premier League,18 years,15.2,6,33,20,60.6,2.17,1.32,0.18,0.3,15.5,0,0,0,4.6,4.6,0.14,1.4,1.4,Forward,
Lewis Ferguson,SCO,Bologna,it Serie A,23 years,30.1,6,60,20,33.3,1.99,0.66,0.1,0.3,16.0,0,0,0,5.4,5.4,0.09,0.6,0.6,Midfielder,
Bruno Fernandes,POR,Manchester Utd,eng Premier League,28 years,34.6,10,90,35,38.9,2.6,1.01,0.07,0.17,22.8,11,4,5,10.0,6.1,0.07,0.0,-0.1,Midfielder,Forward
Edimilson Fernandes,SUI,Mainz 05,de Bundesliga,27 years,14.3,0,15,0,0.0,1.05,0.0,0.0,,26.8,3,0,0,0.5,0.5,0.03,-0.5,-0.5,Defender,
Aitor Fernández,ESP,Osasuna,es La Liga,32 years,6.1,0,0,0,,0.0,0.0,,,,0,0,0,0.0,0.0,,0.0,0.0,Goalkeeper,
Álex Fernández,ESP,Cádiz,es La Liga,30 years,14.3,0,7,1,14.3,0.49,0.07,0.0,0.0,24.0,0,0,0,0.3,0.3,0.04,-0.3,-0.3,Midfielder,
Carlos Fernández,ESP,Real Sociedad,es La Liga,27 years,4.5,2,8,3,37.5,1.76,0.66,0.13,0.33,15.1,0,1,1,1.5,0.7,0.09,0.5,0.3,Forward,
Enzo Fernández,ARG,Chelsea,eng Premier League,22 years,24.5,3,45,13,28.9,1.83,0.53,0.04,0.15,21.3,2,1,2,6.2,4.6,0.1,-3.2,-2.6,Midfielder,
Raúl Fernández,ESP,Granada,es La Liga,35 years,3.1,0,0,0,,0.0,0.0,,,,0,0,0,0.0,0.0,,0.0,0.0,Goalkeeper,
Valery Fernández,ESP,Girona,es La Liga,23 years,5.6,2,5,2,40.0,0.89,0.36,0.4,1.0,18.9,0,0,0,0.7,0.7,0.14,1.3,1.3,Midfielder,Forward
Fernando,ESP,Almería,es La Liga,33 years,4.0,0,0,0,,0.0,0.0,,,,0,0,0,0.0,0.0,,0.0,0.0,Goalkeeper,
Fernando,BRA,Sevilla,es La Liga,36 years,5.1,0,1,0,0.0,0.2,0.0,0.0,,16.2,0,0,0,0.0,0.0,0.02,0.0,0.0,Midfielder,
Ichem Ferrah,FRA,Lille,fr Ligue 1,17 years,0.0,0,0,0,,0.0,0.0,,,,0,0,0,0.0,0.0,,0.0,0.0,Forward,
Andrea Ferraris,ITA,Monza,it Serie A,20 years,0.1,0,0,0,,0.0,0.0,,,,0,0,0,0.0,0.0,,0.0,0.0,Midfielder,
André Ferreira,POR,Granada,es La Liga,27 years,14.9,0,0,0,,0.0,0.0,,,,0,0,0,0.0,0.0,,0.0,0.0,Goalkeeper,
João Ferreira,POR,Udinese,it Serie A,22 years,20.2,0,3,0,0.0,0.15,0.0,0.0,,17.1,0,0,0,0.1,0.1,0.04,-0.1,-0.1,Defender,
Jordan Ferri,FRA,Montpellier,fr Ligue 1,31 years,22.6,1,9,1,11.1,0.4,0.04,0.11,1.0,22.0,1,0,0,0.6,0.6,0.07,0.4,0.4,Midfielder,
Nacho Ferri,ESP,Eintracht Frankfurt,de Bundesliga,18 years,0.8,1,5,2,40.0,6.08,2.43,0.2,0.5,16.4,0,0,0,1.2,1.2,0.24,-0.2,-0.2,Forward,Midfielder
Rachad Fettal,MAR,Almería,es La Liga,18 years,0.2,0,1,0,0.0,5.29,0.0,0.0,,8.8,0,0,0,0.1,0.1,0.08,-0.1,-0.1,Forward,
Seydou Fini,ITA,Genoa,it Serie A,17 years,0.4,0,2,0,0.0,5.14,0.0,0.0,,18.3,0,0,0,0.1,0.1,0.07,-0.1,-0.1,Defender,Forward
Max Finkgräfe,GER,Köln,de Bundesliga,19 years,19.5,1,12,4,33.3,0.62,0.21,0.08,0.25,21.8,2,0,0,1.0,1.0,0.09,0.0,0.0,Defender,Forward
Vincenzo Fiorillo,ITA,Salernitana,it Serie A,33 years,4.0,0,0,0,,0.0,0.0,,,,0,0,0,0.0,0.0,,0.0,0.0,Goalkeeper,
Kilian Fischer,GER,Wolfsburg,de Bundesliga,22 years,3.2,0,4,0,0.0,1.24,0.0,0.0,,18.3,0,0,0,0.1,0.1,0.03,-0.1,-0.1,Defender,Midfielder
John Fleck,SCO,Sheffield Utd,eng Premier League,31 years,1.0,0,0,0,,0.0,0.0,,,,0,0,0,0.0,0.0,,0.0,0.0,Midfielder,Defender
Mark Flekken,NED,Brentford,eng Premier League,30 years,36.5,0,0,0,,0.0,0.0,,,,0,0,0,0.0,0.0,,0.0,0.0,Goalkeeper,
Alessandro Florenzi,ITA,Milan,it Serie A,32 years,19.2,1,32,10,31.3,1.66,0.52,0.03,0.1,25.4,4,0,0,1.7,1.7,0.05,-0.7,-0.7,Defender,
Phil Foden,ENG,Manchester City,eng Premier League,23 years,31.7,19,105,48,45.7,3.31,1.51,0.18,0.4,18.5,4,0,0,10.3,10.3,0.1,8.7,8.7,Forward,Midfielder
Wes Foderingham,ENG,Sheffield Utd,eng Premier League,32 years,29.4,0,0,0,,0.0,0.0,,,,0,0,0,0.0,0.0,,0.0,0.0,Goalkeeper,
Malick Fofana,BEL,Lyon,fr Ligue 1,18 years,6.2,3,9,7,77.8,1.45,1.13,0.33,0.43,14.2,0,0,0,1.8,1.8,0.2,1.2,1.2,Forward,
Youssouf Fofana,FRA,Monaco,fr Ligue 1,24 years,30.0,4,52,13,25.0,1.74,0.43,0.08,0.31,19.6,0,0,0,5.0,5.0,0.1,-1.0,-1.0,Midfielder,
Jonas Föhrenbach,GER,Heidenheim,de Bundesliga,27 years,31.0,0,12,0,0.0,0.39,0.0,0.0,,20.8,0,0,0,0.5,0.5,0.04,-0.5,-0.5,Defender,
Thomas Foket,BEL,Reims,fr Ligue 1,28 years,20.4,0,3,0,0.0,0.15,0.0,0.0,,15.6,0,0,0,0.2,0.2,0.07,-0.2,-0.2,Defender,
Michael Folorunsho,ITA,Hellas Verona,it Serie A,25 years,30.9,5,47,14,29.8,1.52,0.45,0.11,0.36,19.8,0,0,0,4.0,3.9,0.08,1.0,1.1,Midfielder,Forward
Tiago Fonseca Morais,POR,Lille,fr Ligue 1,19 years,0.5,0,1,0,0.0,1.96,0.0,0.0,,13.0,0,0,0,0.4,0.4,0.36,-0.4,-0.4,Forward,
Pablo Fornals,ESP,West Ham,eng Premier League,27 years,4.7,0,7,3,42.9,1.48,0.63,0.0,0.0,20.1,0,0,0,0.3,0.3,0.04,-0.3,-0.3,Midfielder,Forward
Pablo Fornals,ESP,Betis,es La Liga,27 years,12.8,3,17,5,29.4,1.33,0.39,0.18,0.6,18.2,0,0,0,1.8,1.8,0.11,1.2,1.2,Forward,Midfielder
Emil Forsberg,SWE,RB Leipzig,de Bundesliga,31 years,5.2,2,11,4,36.4,2.13,0.78,0.18,0.5,22.5,1,0,1,1.4,0.6,0.05,0.6,1.4,Midfielder,Forward
Omari Forson,ENG,Manchester Utd,eng Premier League,19 years,0.8,0,1,0,0.0,1.29,0.0,0.0,,21.6,0,0,0,0.0,0.0,0.03,0.0,0.0,Forward,
Philipp Förster,GER,Bochum,de Bundesliga,28 years,4.3,0,6,1,16.7,1.4,0.23,0.0,0.0,19.8,0,0,0,0.5,0.5,0.08,-0.5,-0.5,Midfielder,Forward
Héctor Fort,ESP,Barcelona,es La Liga,16 years,3.5,0,1,0,0.0,0.28,0.0,0.0,,27.2,0,0,0,0.0,0.0,0.01,0.0,0.0,Defender,
Lyle Foster,RSA,Burnley,eng Premier League,22 years,21.1,5,34,16,47.1,1.61,0.76,0.15,0.31,14.6,0,0,0,4.5,4.5,0.13,0.5,0.5,Forward,Midfielder
Dimitri Foulquier,FRA,Valencia,es La Liga,30 years,20.5,0,7,1,14.3,0.34,0.05,0.0,0.0,16.9,0,0,0,0.6,0.6,0.09,-0.6,-0.6,Defender,Midfielder
Juan Foyth,ARG,Villarreal,es La Liga,25 years,11.8,1,6,2,33.3,0.51,0.17,0.17,0.5,12.8,0,0,0,0.4,0.4,0.07,0.6,0.6,Defender,
Matheus França,BRA,Crystal Palace,eng Premier League,19 years,2.6,0,8,2,25.0,3.1,0.78,0.0,0.0,21.8,0,0,0,0.4,0.4,0.05,-0.4,-0.4,Midfielder,Forward
Bartol Franjić,CRO,Darmstadt 98,de Bundesliga,23 years,13.7,0,4,0,0.0,0.29,0.0,0.0,,18.3,0,0,0,0.3,0.3,0.07,-0.3,-0.3,Midfielder,
Przemysław Frankowski,POL,Lens,fr Ligue 1,28 years,24.4,3,29,8,27.6,1.19,0.33,0.07,0.25,21.7,2,1,2,3.7,2.1,0.08,-0.7,-0.1,Defender,
Nathan Fraser,IRL,Wolves,eng Premier League,18 years,2.1,0,3,2,66.7,1.45,0.97,0.0,0.0,16.6,0,0,0,0.3,0.3,0.11,-0.3,-0.3,Forward,
Davide Frattesi,ITA,Inter,it Serie A,23 years,10.6,6,32,13,40.6,3.02,1.23,0.19,0.46,11.4,0,0,0,7.1,7.1,0.22,-1.1,-1.1,Midfielder,
Morten Frendrup,DEN,Genoa,it Serie A,22 years,34.9,2,30,4,13.3,0.86,0.11,0.07,0.5,20.5,0,0,0,1.7,1.7,0.06,0.3,0.3,Midfielder,
Remo Freuler,SUI,Bologna,it Serie A,31 years,29.2,1,14,4,28.6,0.48,0.14,0.07,0.25,17.4,0,0,0,1.2,1.2,0.09,-0.2,-0.2,Midfielder,
Marco Friedl,AUT,Werder Bremen,de Bundesliga,25 years,24.4,1,7,1,14.3,0.29,0.04,0.14,1.0,25.1,0,0,0,0.2,0.2,0.04,0.8,0.8,Defender,
Marvin Friedrich,GER,Gladbach,de Bundesliga,27 years,17.4,0,12,2,16.7,0.69,0.11,0.0,0.0,15.7,0,0,0,0.6,0.6,0.05,-0.6,-0.6,Defender,
Jeremie Frimpong,NED,Leverkusen,de Bundesliga,22 years,25.0,9,55,21,38.2,2.2,0.84,0.16,0.43,13.9,0,0,0,8.2,8.2,0.15,0.8,0.8,Defender,
Jorge de Frutos,ESP,Rayo Vallecano,es La Liga,26 years,17.2,2,29,11,37.9,1.68,0.64,0.07,0.18,17.8,0,0,0,2.6,2.6,0.09,-0.6,-0.6,Forward,Midfielder
Chris Führich,GER,Stuttgart,de Bundesliga,25 years,28.5,8,53,24,45.3,1.86,0.84,0.15,0.33,17.7,2,0,1,6.6,5.8,0.11,1.4,2.2,Forward,Midfielder
Shiō Fukuda,JPN,Gladbach,de Bundesliga,19 years,0.4,0,2,0,0.0,5.0,0.0,0.0,,8.1,0,0,0,0.2,0.2,0.08,-0.2,-0.2,Forward,Midfielder
Angelo Fulgini,FRA,Lens,fr Ligue 1,26 years,15.3,1,46,10,21.7,3.01,0.65,0.02,0.1,19.0,7,0,0,3.2,3.2,0.07,-2.2,-2.2,Midfielder,
Niclas Füllkrug,GER,Werder Bremen,de Bundesliga,30 years,2.0,0,5,1,20.0,2.5,0.5,0.0,0.0,15.6,0,0,0,0.5,0.5,0.09,-0.5,-0.5,Forward,
Niclas Füllkrug,GER,Dortmund,de Bundesliga,30 years,24.6,12,50,23,46.0,2.03,0.94,0.18,0.39,12.2,0,3,3,12.4,10.0,0.2,-0.4,-1.0,Forward,
Gerardo Fusco,ITA,Salernitana,it Serie A,18 years,0.2,0,0,0,,0.0,0.0,,,,0,0,0,0.0,0.0,,0.0,0.0,Forward,
Daniel Fuzato,BRA,Getafe,es La Liga,26 years,0.1,0,0,0,,0.0,0.0,,,,0,0,0,0.0,0.0,,0.0,0.0,Goalkeeper,
Matteo Gabbia,ITA,Milan,it Serie A,23 years,14.2,2,11,5,45.5,0.78,0.35,0.18,0.4,12.4,0,0,0,1.6,1.6,0.14,0.4,0.4,Defender,
Matteo Gabbia,ITA,Villarreal,es La Liga,23 years,5.3,0,0,0,,0.0,0.0,,,,0,0,0,0.0,0.0,,0.0,0.0,Defender,
Gianluca Gaetano,ITA,Cagliari,it Serie A,23 years,8.3,4,13,5,38.5,1.57,0.6,0.23,0.6,22.5,0,1,1,1.3,0.5,0.04,2.7,2.5,Forward,Midfielder
Gianluca Gaetano,ITA,Napoli,it Serie A,23 years,1.8,1,9,4,44.4,5.03,2.24,0.11,0.25,22.2,0,0,0,0.6,0.6,0.07,0.4,0.4,Midfielder,
Roberto Gagliardini,ITA,Monza,it Serie A,29 years,26.2,1,36,9,25.0,1.37,0.34,0.03,0.11,17.8,1,0,0,2.9,2.9,0.08,-1.9,-1.9,Midfielder,Defender
Cody Gakpo,NED,Liverpool,eng Premier League,24 years,18.3,8,66,24,36.4,3.6,1.31,0.12,0.33,15.4,0,0,0,9.0,9.0,0.14,-1.0,-1.0,Forward,Midfielder
Javi Galán,ESP,Atlético Madrid,es La Liga,28 years,1.0,0,0,0,,0.0,0.0,,,,0,0,0,0.0,0.0,,0.0,0.0,Defender,
Javi Galán,ESP,Real Sociedad,es La Liga,28 years,11.9,0,3,1,33.3,0.25,0.08,0.0,0.0,20.8,0,0,0,0.1,0.1,0.05,-0.1,-0.1,Defender,
Iñigo Ruiz de Galarreta,ESP,Athletic Club,es La Liga,29 years,23.2,1,11,2,18.2,0.47,0.09,0.09,0.5,25.4,0,0,0,0.3,0.3,0.03,0.7,0.7,Midfielder,
Pablo Galdames Millán,CHI,Genoa,it Serie A,26 years,0.1,0,1,1,100.0,8.18,8.18,0.0,0.0,14.1,0,0,0,0.0,0.0,0.03,0.0,0.0,Midfielder,Defender
Conor Gallagher,ENG,Chelsea,eng Premier League,23 years,34.8,5,48,17,35.4,1.38,0.49,0.1,0.29,20.4,0,0,0,4.2,4.2,0.09,0.8,0.8,Midfielder,
Antonino Gallo,ITA,Lecce,it Serie A,23 years,27.7,0,15,3,20.0,0.54,0.11,0.0,0.0,22.0,0,0,0,0.5,0.5,0.04,-0.5,-0.5,Defender,
Cristian Gamboa,CRC,Bochum,de Bundesliga,33 years,13.2,0,6,1,16.7,0.45,0.08,0.0,0.0,31.2,0,0,0,0.1,0.1,0.01,-0.1,-0.1,Defender,
Kévin Gameiro,FRA,Strasbourg,fr Ligue 1,36 years,15.0,4,27,10,37.0,1.81,0.67,0.07,0.2,19.8,1,2,2,3.4,1.9,0.07,0.6,0.1,Forward,Midfielder
Idrissa Gana Gueye,SEN,Everton,eng Premier League,33 years,20.9,4,26,7,26.9,1.24,0.33,0.15,0.57,22.2,1,0,0,1.3,1.3,0.05,2.7,2.7,Midfielder,
Ignatius Ganago,CMR,Nantes,fr Ligue 1,24 years,2.0,0,6,0,0.0,2.93,0.0,0.0,,10.8,0,0,0,0.4,0.4,0.07,-0.4,-0.4,Forward,Midfielder
Aleix García,ESP,Girona,es La Liga,26 years,35.5,3,39,12,30.8,1.1,0.34,0.08,0.25,26.4,8,0,0,1.8,1.8,0.05,1.2,1.2,Midfielder,
Álvaro García,ESP,Rayo Vallecano,es La Liga,30 years,27.5,6,45,17,37.8,1.64,0.62,0.13,0.35,16.0,0,0,0,6.2,6.2,0.14,-0.2,-0.2,Forward,Midfielder
Dani García,ESP,Athletic Club,es La Liga,33 years,8.3,1,6,3,50.0,0.72,0.36,0.17,0.33,13.6,0,0,0,0.8,0.8,0.13,0.2,0.2,Midfielder,
David García,ESP,Osasuna,es La Liga,29 years,25.9,0,15,2,13.3,0.58,0.08,0.0,0.0,9.8,0,0,0,1.0,1.0,0.06,-1.0,-1.0,Defender,
Eric García,ESP,Barcelona,es La Liga,22 years,0.6,0,1,0,0.0,1.58,0.0,0.0,,11.0,0,0,0,0.0,0.0,0.05,0.0,0.0,Defender,
Eric García,ESP,Girona,es La Liga,22 years,29.3,5,16,6,37.5,0.55,0.2,0.31,0.83,9.4,0,0,0,2.8,2.8,0.18,2.2,2.2,Defender,
Fran Garcia,ESP,Real Madrid,es La Liga,23 years,15.5,1,9,1,11.1,0.58,0.06,0.11,1.0,20.9,0,0,0,0.5,0.5,0.06,0.5,0.5,Defender,
Gonzalo García,ESP,Real Madrid,es La Liga,19 years,0.2,0,1,1,100.0,4.74,4.74,0.0,0.0,19.1,0,0,0,0.0,0.0,0.03,0.0,0.0,Forward,Midfielder
Jastin García,ESP,Girona,es La Liga,19 years,0.4,0,0,0,,0.0,0.0,,,,0,0,0,0.0,0.0,,0.0,0.0,Forward,
Raúl García,ESP,Athletic Club,es La Liga,37 years,4.7,1,10,1,10.0,2.14,0.21,0.1,1.0,14.3,0,0,0,0.9,0.9,0.09,0.1,0.1,Forward,Midfielder
Rubén García,ESP,Osasuna,es La Liga,30 years,17.2,3,28,10,35.7,1.63,0.58,0.11,0.3,18.0,3,0,0,2.3,2.3,0.08,0.7,0.7,Forward,Midfielder
Santiago García,ESP,Getafe,es La Liga,21 years,0.3,0,0,0,,0.0,0.0,,,,0,0,0,0.0,0.0,,0.0,0.0,Forward,
Ulisses Garcia,SUI,Marseille,fr Ligue 1,27 years,10.1,0,11,5,45.5,1.09,0.5,0.0,0.0,24.0,1,0,0,0.5,0.5,0.05,-0.5,-0.5,Defender,
Unai García,ESP,Osasuna,es La Liga,31 years,6.2,1,2,1,50.0,0.32,0.16,0.5,1.0,14.4,0,0,0,0.1,0.1,0.06,0.9,0.9,Defender,
Alejandro Garnacho,ARG,Manchester Utd,eng Premier League,19 years,28.5,7,100,27,27.0,3.51,0.95,0.07,0.26,15.8,0,0,0,8.4,8.3,0.08,-1.4,-1.3,Forward,
James Garner,ENG,Everton,eng Premier League,22 years,33.4,1,41,10,24.4,1.23,0.3,0.02,0.1,22.1,5,0,0,2.7,2.7,0.07,-1.7,-1.7,Midfielder,
Luca Garritano,ITA,Frosinone,it Serie A,29 years,5.4,0,12,3,25.0,2.23,0.56,0.0,0.0,18.9,1,0,0,0.7,0.7,0.06,-0.7,-0.7,Midfielder,Defender
Yarek Gasiorowski,ESP,Valencia,es La Liga,18 years,8.2,0,1,0,0.0,0.12,0.0,0.0,,15.9,0,0,0,0.0,0.0,0.01,0.0,0.0,Defender,
Johan Gastien,FRA,Clermont Foot,fr Ligue 1,35 years,25.1,0,12,5,41.7,0.48,0.2,0.0,0.0,26.8,0,0,0,0.3,0.3,0.03,-0.3,-0.3,Midfielder,
Federico Gatti,ITA,Juventus,it Serie A,25 years,29.3,4,35,7,20.0,1.19,0.24,0.11,0.57,14.3,0,0,0,5.5,5.5,0.16,-1.5,-1.5,Defender,
Federico Gattoni,ARG,Sevilla,es La Liga,24 years,0.1,0,0,0,,0.0,0.0,,,,0,0,0,0.0,0.0,,0.0,0.0,Defender,Forward
Gavi,ESP,Barcelona,es La Liga,18 years,10.5,1,9,4,44.4,0.86,0.38,0.11,0.25,15.2,0,0,0,0.9,0.9,0.11,0.1,0.1,Midfielder,Forward
Paulo Gazzaniga,ARG,Girona,es La Liga,31 years,38.0,0,0,0,,0.0,0.0,,,,0,0,0,0.0,0.0,,0.0,0.0,Goalkeeper,
Yann Gboho,FRA,Toulouse,fr Ligue 1,22 years,13.3,3,23,8,34.8,1.74,0.6,0.13,0.38,17.0,0,0,0,1.2,1.2,0.05,1.8,1.8,Midfielder,Forward
Dennis Geiger,GER,Hoffenheim,de Bundesliga,25 years,0.7,0,0,0,,0.0,0.0,,,,0,0,0,0.0,0.0,,0.0,0.0,Midfielder,
Gelabert,ESP,Toulouse,fr Ligue 1,22 years,8.4,1,14,4,28.6,1.67,0.48,0.07,0.25,20.1,0,0,0,0.8,0.8,0.05,0.2,0.2,Midfielder,Forward
Francesco Gelli,ITA,Frosinone,it Serie A,26 years,17.3,0,10,3,30.0,0.58,0.17,0.0,0.0,18.3,0,0,0,0.7,0.7,0.07,-0.7,-0.7,Midfielder,Defender
Luca Gemello,ITA,Torino,it Serie A,23 years,2.0,0,0,0,,0.0,0.0,,,,0,0,0,0.0,0.0,,0.0,0.0,Goalkeeper,
Valentin Gendrey,FRA,Lecce,it Serie A,23 years,33.8,2,18,5,27.8,0.53,0.15,0.11,0.4,12.6,0,0,0,1.6,1.6,0.09,0.4,0.4,Defender,
Denis Genreau,AUS,Toulouse,fr Ligue 1,24 years,5.2,0,3,1,33.3,0.58,0.19,0.0,0.0,22.7,0,0,0,0.4,0.4,0.12,-0.4,-0.4,Midfielder,Forward
Yannick Gerhardt,GER,Wolfsburg,de Bundesliga,29 years,18.1,2,19,9,47.4,1.05,0.5,0.11,0.22,16.2,0,0,0,1.9,1.9,0.1,0.1,0.1,Midfielder,Defender
Anwar El Ghazi,NED,Mainz 05,de Bundesliga,28 years,0.6,0,2,0,0.0,3.33,0.0,0.0,,21.5,0,0,0,0.1,0.1,0.07,-0.1,-0.1,Midfielder,Defender
Farés Ghedjemis,FRA,Frosinone,it Serie A,20 years,2.0,0,3,2,66.7,1.48,0.99,0.0,0.0,17.5,0,0,0,0.1,0.1,0.04,-0.1,-0.1,Forward,Midfielder
Saman Ghoddos,IRN,Brentford,eng Premier League,29 years,8.2,1,9,2,22.2,1.1,0.24,0.11,0.5,22.5,0,0,0,0.3,0.3,0.03,0.7,0.7,Defender,
Lautaro Gianetti,ARG,Udinese,it Serie A,29 years,7.0,1,3,2,66.7,0.43,0.29,0.33,0.5,9.7,0,0,0,0.4,0.4,0.13,0.6,0.6,Defender,
Morgan Gibbs-White,ENG,Nottingham Forest,eng Premier League,23 years,35.1,5,70,13,18.6,2.0,0.37,0.06,0.31,19.8,4,1,1,6.9,6.1,0.09,-1.9,-2.1,Midfielder,Forward
Samuel Gigot,FRA,Marseille,fr Ligue 1,29 years,19.2,3,19,9,47.4,0.99,0.47,0.16,0.33,9.6,0,0,0,2.4,2.4,0.13,0.6,0.6,Defender,
Bryan Gil,ESP,Tottenham,eng Premier League,22 years,2.3,0,4,1,25.0,1.72,0.43,0.0,0.0,13.9,0,0,0,0.8,0.8,0.19,-0.8,-0.8,Forward,Midfielder
David Gil,ESP,Cádiz,es La Liga,29 years,4.1,0,0,0,,0.0,0.0,,,,0,0,0,0.0,0.0,,0.0,0.0,Goalkeeper,
Mario Gila,ESP,Lazio,it Serie A,22 years,20.1,0,8,2,25.0,0.4,0.1,0.0,0.0,16.2,0,0,0,0.5,0.5,0.07,-0.5,-0.5,Defender,
Alfie Gilchrist,ENG,Chelsea,eng Premier League,19 years,2.3,1,5,1,20.0,2.17,0.43,0.2,1.0,13.5,0,0,0,0.3,0.3,0.06,0.7,0.7,Defender,
Ryan Giles,ENG,Luton Town,eng Premier League,23 years,5.6,0,2,2,100.0,0.36,0.36,0.0,0.0,14.2,0,0,0,0.1,0.1,0.05,-0.1,-0.1,Defender,Midfielder
Billy Gilmour,SCO,Brighton,eng Premier League,22 years,23.6,0,25,5,20.0,1.06,0.21,0.0,0.0,25.4,0,0,0,1.0,1.0,0.04,-1.0,-1.0,Midfielder,
Benedikt Gimber,GER,Heidenheim,de Bundesliga,26 years,22.5,1,18,3,16.7,0.8,0.13,0.06,0.33,12.2,0,0,0,1.4,1.4,0.08,-0.4,-0.4,Defender,
Gvidas Gineitis,LTU,Torino,it Serie A,19 years,6.0,0,9,2,22.2,1.51,0.33,0.0,0.0,26.8,3,0,0,0.4,0.4,0.05,-0.4,-0.4,Midfielder,
Matthias Ginter,GER,Freiburg,de Bundesliga,29 years,21.3,0,7,4,57.1,0.33,0.19,0.0,0.0,7.7,0,0,0,1.4,1.4,0.2,-1.4,-1.4,Defender,
Olivier Giroud,FRA,Milan,it Serie A,36 years,26.3,15,72,29,40.3,2.74,1.1,0.15,0.38,12.6,2,4,5,14.2,10.2,0.14,0.8,0.8,Forward,
Jamie Gittens,ENG,Dortmund,de Bundesliga,18 years,11.8,1,43,11,25.6,3.66,0.94,0.02,0.09,19.3,0,0,0,2.2,2.2,0.05,-1.2,-1.2,Forward,Midfielder
Klaus Gjasula,ALB,Darmstadt 98,de Bundesliga,33 years,15.1,0,9,1,11.1,0.59,0.07,0.0,0.0,14.1,0,0,0,0.5,0.5,0.05,-0.5,-0.5,Defender,Midfielder
Serge Gnabry,GER,Bayern Munich,de Bundesliga,28 years,4.8,3,17,6,35.3,3.54,1.25,0.18,0.5,12.9,0,0,0,2.4,2.4,0.15,0.6,0.6,Forward,Midfielder
Ben Godfrey,ENG,Everton,eng Premier League,25 years,12.4,0,15,3,20.0,1.21,0.24,0.0,0.0,12.0,0,0,0,1.7,1.7,0.12,-1.7,-1.7,Defender,
Edoardo Goldaniga,ITA,Cagliari,it Serie A,29 years,11.2,0,4,3,75.0,0.36,0.27,0.0,0.0,7.9,0,0,0,0.5,0.5,0.14,-0.5,-0.5,Defender,
Pierluigi Gollini,ITA,Napoli,it Serie A,28 years,7.0,0,1,0,0.0,0.14,0.0,0.0,,12.9,0,0,0,0.0,0.0,0.02,0.0,0.0,Goalkeeper,
Aleksandr Golovin,RUS,Monaco,fr Ligue 1,27 years,23.9,6,44,19,43.2,1.84,0.8,0.14,0.32,21.5,6,0,0,3.4,3.4,0.08,2.6,2.6,Midfielder,Forward
André Gomes,POR,Everton,eng Premier League,30 years,5.6,1,8,4,50.0,1.42,0.71,0.13,0.25,22.4,2,0,0,0.3,0.3,0.04,0.7,0.7,Midfielder,Forward
Angel Gomes,ENG,Lille,fr Ligue 1,22 years,28.6,0,34,7,20.6,1.19,0.25,0.0,0.0,23.6,5,0,0,2.0,2.0,0.06,-2.0,-2.0,Midfielder,
João Gomes,BRA,Wolves,eng Premier League,22 years,29.4,2,26,7,26.9,0.88,0.24,0.08,0.29,18.5,0,0,0,1.7,1.7,0.07,0.3,0.3,Midfielder,
Toti Gomes,POR,Wolves,eng Premier League,24 years,30.8,1,10,5,50.0,0.32,0.16,0.1,0.2,9.9,0,0,0,1.6,1.6,0.16,-0.6,-0.6,Defender,
Joe Gomez,ENG,Liverpool,eng Premier League,26 years,19.8,0,19,2,10.5,0.96,0.1,0.0,0.0,19.9,0,0,0,0.8,0.8,0.04,-0.8,-0.8,Defender,
Maxi Gómez,URU,Cádiz,es La Liga,26 years,12.9,0,16,6,37.5,1.24,0.46,0.0,0.0,14.3,1,0,0,1.6,1.6,0.1,-1.6,-1.6,Forward,
Moi Gómez,ESP,Osasuna,es La Liga,29 years,22.3,3,19,7,36.8,0.85,0.31,0.16,0.43,21.3,1,0,0,1.7,1.7,0.09,1.3,1.3,Midfielder,Forward
Papu Gómez,ARG,Monza,it Serie A,35 years,0.5,0,0,0,,0.0,0.0,,,,0,0,0,0.0,0.0,,0.0,0.0,Midfielder,Forward
Sergio Gómez,ESP,Manchester City,eng Premier League,22 years,0.6,0,2,0,0.0,3.4,0.0,0.0,,15.4,0,0,0,0.2,0.2,0.12,-0.2,-0.2,Forward,Midfielder
Unai Gómez,ESP,Athletic Club,es La Liga,20 years,9.7,2,16,7,43.8,1.65,0.72,0.13,0.29,17.0,0,0,0,1.5,1.5,0.09,0.5,0.5,Midfielder,
Iron Gomis,FRA,Salernitana,it Serie A,23 years,1.5,0,3,1,33.3,2.01,0.67,0.0,0.0,17.1,0,0,0,0.6,0.6,0.19,-0.6,-0.6,Midfielder,
Maxime Gonalons,FRA,Clermont Foot,fr Ligue 1,34 years,14.4,1,13,3,23.1,0.9,0.21,0.08,0.33,24.5,0,0,0,0.4,0.4,0.03,0.6,0.6,Midfielder,
Édgar González,ESP,Almería,es La Liga,26 years,28.0,2,13,3,23.1,0.46,0.11,0.15,0.67,10.3,0,0,0,2.3,2.3,0.18,-0.3,-0.3,Defender,Midfielder
Enso Gonzalez,PAR,Wolves,eng Premier League,18 years,0.0,0,0,0,,0.0,0.0,,,,0,0,0,0.0,0.0,,0.0,0.0,Midfielder,Defender
Fabio González,ESP,Las Palmas,es La Liga,26 years,1.4,0,0,0,,0.0,0.0,,,,0,0,0,0.0,0.0,,0.0,0.0,Midfielder,
Giovanni González,URU,Mallorca,es La Liga,28 years,27.4,1,14,4,28.6,0.51,0.15,0.07,0.25,21.3,0,0,0,0.5,0.5,0.03,0.5,0.5,Defender,
Hugo González,ESP,Valencia,es La Liga,20 years,1.0,0,1,0,0.0,1.03,0.0,0.0,,29.8,0,0,0,0.0,0.0,0.02,0.0,0.0,Midfielder,Forward
Iñaki González,ESP,Las Palmas,es La Liga,19 years,0.1,0,0,0,,0.0,0.0,,,,0,0,0,0.0,0.0,,0.0,0.0,Midfielder,
Joan Gonzàlez,ESP,Lecce,it Serie A,21 years,14.3,1,13,5,38.5,0.91,0.35,0.08,0.2,18.3,0,0,0,1.2,1.2,0.09,-0.2,-0.2,Midfielder,
Nicolás González,ARG,Fiorentina,it Serie A,25 years,21.3,12,84,33,39.3,3.95,1.55,0.13,0.33,16.6,2,1,3,10.4,8.0,0.1,1.6,3.0,Forward,
Peter González,DOM,Valencia,es La Liga,21 years,7.2,0,17,5,29.4,2.36,0.69,0.0,0.0,19.3,0,0,0,1.7,1.7,0.1,-1.7,-1.7,Midfielder,Forward
Urko González,ESP,Real Sociedad,es La Liga,22 years,1.7,0,2,0,0.0,1.15,0.0,0.0,,17.1,0,0,0,0.1,0.1,0.04,-0.1,-0.1,Midfielder,
Anthony Gordon,ENG,Newcastle Utd,eng Premier League,22 years,32.1,11,80,29,36.3,2.49,0.9,0.13,0.34,17.3,1,1,1,10.2,9.4,0.12,0.8,0.6,Forward,
Kaide Gordon,ENG,Liverpool,eng Premier League,18 years,0.0,0,0,0,,0.0,0.0,,,,0,0,0,0.0,0.0,,0.0,0.0,Forward,
Daniel Gore,ENG,Manchester Utd,eng Premier League,18 years,0.0,0,0,0,,0.0,0.0,,,,0,0,0,0.0,0.0,,0.0,0.0,Midfielder,
Leon Goretzka,GER,Bayern Munich,de Bundesliga,28 years,24.9,6,56,14,25.0,2.25,0.56,0.11,0.43,17.5,0,0,0,5.0,5.0,0.09,1.0,1.0,Midfielder,
Mathieu Gorgelin,FRA,Le Havre,fr Ligue 1,32 years,1.0,0,0,0,,0.0,0.0,,,,0,0,0,0.0,0.0,,0.0,0.0,Goalkeeper,
Andoni Gorosabel,ESP,Alavés,es La Liga,26 years,31.7,1,15,6,40.0,0.47,0.19,0.07,0.17,23.4,0,0,0,0.7,0.7,0.05,0.3,0.3,Defender,
Robin Gosens,GER,Union Berlin,de Bundesliga,29 years,25.4,6,32,10,31.3,1.26,0.39,0.19,0.6,12.0,0,0,0,2.1,2.1,0.07,3.9,3.9,Defender,Midfielder
Mario Götze,GER,Eintracht Frankfurt,de Bundesliga,31 years,23.0,3,13,6,46.2,0.57,0.26,0.23,0.5,14.2,0,0,0,2.9,2.9,0.26,0.1,0.1,Midfielder,
Amine Gouiri,ALG,Rennes,fr Ligue 1,23 years,23.0,7,78,26,33.3,3.4,1.13,0.09,0.27,15.2,0,0,0,7.4,7.3,0.09,-0.4,-0.3,Forward,Midfielder
Jeffrey Gouweleeuw,NED,Augsburg,de Bundesliga,32 years,28.8,1,23,3,13.0,0.8,0.1,0.04,0.33,15.9,0,0,0,1.3,1.3,0.06,-0.3,-0.3,Defender,
Pablo Gozalbez,ESP,Valencia,es La Liga,22 years,1.1,0,1,0,0.0,0.87,0.0,0.0,,30.8,0,0,0,0.0,0.0,0.02,0.0,0.0,Midfielder,Forward
Jonathan Gradit,FRA,Lens,fr Ligue 1,30 years,23.5,1,5,1,20.0,0.21,0.04,0.2,1.0,13.8,0,0,0,0.3,0.3,0.07,0.7,0.7,Defender,
Jens Grahl,GER,Eintracht Frankfurt,de Bundesliga,34 years,2.0,0,0,0,,0.0,0.0,,,,0,0,0,0.0,0.0,,0.0,0.0,Goalkeeper,
Samuel Grandsir,FRA,Le Havre,fr Ligue 1,26 years,6.7,1,14,5,35.7,2.08,0.74,0.07,0.2,18.5,2,0,1,2.6,1.9,0.13,-1.6,-0.9,Midfielder,Forward
Alberto Grassi,ITA,Empoli,it Serie A,28 years,20.1,0,23,5,21.7,1.15,0.25,0.0,0.0,20.0,1,0,0,1.1,1.1,0.05,-1.1,-1.1,Midfielder,
Ryan Gravenberch,NED,Liverpool,eng Premier League,21 years,12.5,1,23,8,34.8,1.85,0.64,0.04,0.13,20.6,0,0,0,2.0,2.0,0.09,-1.0,-1.0,Midfielder,
Ryan Gravenberch,NED,Bayern Munich,de Bundesliga,21 years,0.1,0,0,0,,0.0,0.0,,,,0,0,0,0.0,0.0,,0.0,0.0,Forward,
Adrian Grbić,AUT,Lorient,fr Ligue 1,26 years,0.3,0,2,0,0.0,5.81,0.0,0.0,,23.1,1,0,0,0.1,0.1,0.05,-0.1,-0.1,Forward,
Ivo Grbić,CRO,Sheffield Utd,eng Premier League,27 years,8.6,0,0,0,,0.0,0.0,,,,0,0,0,0.0,0.0,,0.0,0.0,Goalkeeper,
Jack Grealish,ENG,Manchester City,eng Premier League,27 years,11.2,3,22,5,22.7,1.96,0.45,0.14,0.6,16.1,0,0,0,2.1,2.1,0.09,0.9,0.9,Forward,Midfielder
Mason Greenwood,ENG,Getafe,es La Liga,21 years,29.6,8,99,31,31.3,3.35,1.05,0.06,0.19,20.9,5,2,3,8.8,6.4,0.06,-0.8,-0.4,Midfielder,Forward
Michael Gregoritsch,AUT,Freiburg,de Bundesliga,29 years,18.7,7,74,26,35.1,3.96,1.39,0.09,0.27,14.2,2,0,0,9.2,9.2,0.13,-2.2,-2.2,Forward,
Dominik Greif,SVK,Mallorca,es La Liga,26 years,1.0,0,0,0,,0.0,0.0,,,,0,0,0,0.0,0.0,,0.0,0.0,Goalkeeper,
Antoine Griezmann,FRA,Atlético Madrid,es La Liga,32 years,29.4,16,75,29,38.7,2.55,0.99,0.16,0.41,17.3,3,4,4,12.3,9.3,0.12,3.7,2.7,Forward,Midfielder
Vincenzo Grifo,ITA,Freiburg,de Bundesliga,30 years,25.8,8,42,12,28.6,1.63,0.46,0.05,0.17,21.9,5,6,6,7.7,3.0,0.07,0.3,-1.0,Midfielder,Forward
Florian Grillitsch,AUT,Hoffenheim,de Bundesliga,27 years,25.5,1,21,6,28.6,0.82,0.24,0.05,0.17,27.0,0,0,0,1.2,1.2,0.06,-0.2,-0.2,Defender,Midfielder
Álex Grimaldo,ESP,Leverkusen,de Bundesliga,27 years,30.9,10,71,23,32.4,2.3,0.74,0.14,0.43,21.7,18,0,0,5.7,5.7,0.08,4.3,4.3,Defender,
Christian Groß,GER,Werder Bremen,de Bundesliga,34 years,8.9,0,4,1,25.0,0.45,0.11,0.0,0.0,18.1,0,0,0,0.3,0.3,0.09,-0.3,-0.3,Defender,Midfielder
Pascal Groß,GER,Brighton,eng Premier League,32 years,34.6,4,54,18,33.3,1.56,0.52,0.06,0.17,19.8,4,1,1,6.5,5.7,0.11,-2.5,-2.7,Midfielder,Defender
Brajan Gruda,GER,Mainz 05,de Bundesliga,19 years,18.2,4,30,12,40.0,1.65,0.66,0.13,0.33,18.2,2,0,0,3.5,3.5,0.12,0.5,0.5,Midfielder,Forward
Ilia Gruev,BUL,Werder Bremen,de Bundesliga,23 years,0.0,0,0,0,,0.0,0.0,,,,0,0,0,0.0,0.0,,0.0,0.0,Midfielder,
Vicente Guaita,ESP,Celta Vigo,es La Liga,36 years,26.7,0,0,0,,0.0,0.0,,,,0,0,0,0.0,0.0,,0.0,0.0,Goalkeeper,
Andrés Guardado,MEX,Betis,es La Liga,36 years,5.0,0,5,0,0.0,1.01,0.0,0.0,,24.4,0,0,0,0.1,0.1,0.03,-0.1,-0.1,Midfielder,
Sergi Guardiola,ESP,Cádiz,es La Liga,32 years,5.5,1,14,5,35.7,2.55,0.91,0.07,0.2,16.9,0,0,0,1.8,1.8,0.13,-0.8,-0.8,Forward,Midfielder
Nemanja Gudelj,SRB,Sevilla,es La Liga,31 years,19.4,1,19,3,15.8,0.98,0.15,0.05,0.33,24.1,4,0,0,0.8,0.8,0.04,0.2,0.2,Defender,Midfielder
Gabriel Gudmundsson,SWE,Lille,fr Ligue 1,24 years,14.1,1,15,5,33.3,1.07,0.36,0.07,0.2,17.5,0,0,0,1.1,1.1,0.07,-0.1,-0.1,Defender,Forward
Gonçalo Guedes,POR,Villarreal,es La Liga,26 years,10.6,3,26,8,30.8,2.46,0.76,0.12,0.38,19.6,0,0,0,2.3,2.3,0.09,0.7,0.7,Forward,Midfielder
Axel Gueguin,FRA,Montpellier,fr Ligue 1,18 years,1.5,0,0,0,,0.0,0.0,,,,0,0,0,0.0,0.0,,0.0,0.0,Defender,Forward
Marc Guéhi,ENG,Crystal Palace,eng Premier League,23 years,22.5,0,5,0,0.0,0.22,0.0,0.0,,9.7,0,0,0,0.6,0.6,0.13,-0.6,-0.6,Defender,
Mattéo Guendouzi,FRA,Lazio,it Serie A,24 years,26.3,2,26,6,23.1,0.99,0.23,0.08,0.33,19.2,0,0,0,1.6,1.6,0.06,0.4,0.4,Midfielder,
Mattéo Guendouzi,FRA,Marseille,fr Ligue 1,24 years,0.2,0,2,2,100.0,9.47,9.47,0.0,0.0,14.2,0,0,0,0.5,0.5,0.27,-0.5,-0.5,Midfielder,
Javier Guerra,ESP,Valencia,es La Liga,20 years,27.8,4,42,14,33.3,1.51,0.5,0.1,0.29,24.3,1,0,0,2.7,2.7,0.06,1.3,1.3,Midfielder,
Raphaël Guerreiro,POR,Bayern Munich,de Bundesliga,29 years,13.2,3,18,6,33.3,1.36,0.45,0.17,0.5,19.1,0,0,0,2.4,2.4,0.14,0.6,0.6,Defender,Midfielder
Axel Guessand,FRA,Udinese,it Serie A,18 years,0.5,0,1,0,0.0,2.0,0.0,0.0,,12.5,0,0,0,0.0,0.0,0.01,0.0,0.0,Defender,
Evann Guessand,CIV,Nice,fr Ligue 1,22 years,17.3,6,46,20,43.5,2.67,1.16,0.09,0.2,12.4,0,2,2,8.4,6.8,0.15,-2.4,-2.8,Forward,
Ander Guevara,ESP,Alavés,es La Liga,26 years,32.6,1,16,2,12.5,0.49,0.06,0.06,0.5,23.2,0,0,0,0.7,0.7,0.04,0.3,0.3,Midfielder,
Pape Gueye,SEN,Marseille,fr Ligue 1,24 years,8.5,1,8,2,25.0,0.94,0.24,0.13,0.5,20.3,0,0,0,0.4,0.4,0.05,0.6,0.6,Midfielder,Defender
Josuha Guilavogui,FRA,Mainz 05,de Bundesliga,32 years,4.5,0,0,0,,0.0,0.0,,,,0,0,0,0.0,0.0,,0.0,0.0,Defender,
Morgan Guilavogui,GUI,Lens,fr Ligue 1,25 years,6.3,2,21,8,38.1,3.34,1.27,0.1,0.25,15.1,0,0,0,1.6,1.6,0.07,0.4,0.4,Forward,Midfielder
Frederic Guilbert,FRA,Strasbourg,fr Ligue 1,28 years,27.7,2,21,5,23.8,0.76,0.18,0.1,0.4,23.3,4,0,0,1.0,1.0,0.05,1.0,1.0,Defender,Midfielder
Hugo Guillamón,ESP,Valencia,es La Liga,23 years,14.6,1,3,2,66.7,0.21,0.14,0.33,0.5,18.3,0,0,0,0.2,0.2,0.07,0.8,0.8,Midfielder,
Bruno Guimarães,BRA,Newcastle Utd,eng Premier League,25 years,36.3,7,48,16,33.3,1.32,0.44,0.15,0.44,17.8,0,0,0,4.8,4.8,0.1,2.2,2.2,Midfielder,
Serhou Guirassy,GUI,Stuttgart,de Bundesliga,27 years,24.5,28,88,40,45.5,3.59,1.63,0.27,0.6,14.5,3,4,4,20.8,17.6,0.2,7.2,6.4,Forward,
Marc Guiu,ESP,Barcelona,es La Liga,17 years,0.8,1,4,1,25.0,4.86,1.22,0.25,1.0,12.1,0,0,0,0.8,0.8,0.19,0.2,0.2,Forward,Midfielder
Péter Gulácsi,HUN,RB Leipzig,de Bundesliga,33 years,13.0,0,0,0,,0.0,0.0,,,,0,0,0,0.0,0.0,,0.0,0.0,Goalkeeper,
Manuel Gulde,GER,Freiburg,de Bundesliga,32 years,22.7,1,12,1,8.3,0.53,0.04,0.08,1.0,11.3,0,0,0,1.1,1.1,0.09,-0.1,-0.1,Defender,
Arda Güler,TUR,Real Madrid,es La Liga,18 years,4.2,6,15,6,40.0,3.58,1.43,0.4,1.0,21.9,1,0,0,1.4,1.4,0.1,4.6,4.6,Forward,Midfielder
Gerard Gumbau,ESP,Granada,es La Liga,28 years,29.7,0,45,9,20.0,1.51,0.3,0.0,0.0,28.3,8,0,0,1.8,1.8,0.04,-1.8,-1.8,Midfielder,
Robert Gumny,POL,Augsburg,de Bundesliga,25 years,5.3,0,3,1,33.3,0.56,0.19,0.0,0.0,13.4,0,0,0,0.2,0.2,0.07,-0.2,-0.2,Defender,
İlkay Gündoğan,GER,Barcelona,es La Liga,32 years,33.3,5,41,15,36.6,1.23,0.45,0.1,0.27,17.8,5,1,2,7.3,5.7,0.14,-2.3,-1.7,Midfielder,
Christian Günter,GER,Freiburg,de Bundesliga,30 years,11.8,1,6,2,33.3,0.51,0.17,0.17,0.5,22.2,0,0,0,0.5,0.5,0.08,0.5,0.5,Defender,
Jon Guridi,ESP,Alavés,es La Liga,28 years,29.8,3,36,8,22.2,1.21,0.27,0.08,0.38,13.0,0,0,0,4.0,4.0,0.11,-1.0,-1.0,Midfielder,
Gorka Guruzeta,ESP,Athletic Club,es La Liga,26 years,24.6,14,63,28,44.4,2.56,1.14,0.22,0.5,13.5,3,0,1,11.6,10.8,0.17,2.4,3.2,Forward,
Malo Gusto,FRA,Chelsea,eng Premier League,20 years,19.5,0,15,5,33.3,0.77,0.26,0.0,0.0,18.2,0,0,0,0.9,0.9,0.06,-0.9,-0.9,Defender,
Miguel Gutiérrez,ESP,Girona,es La Liga,22 years,33.7,2,34,5,14.7,1.01,0.15,0.06,0.4,22.3,0,0,0,2.8,2.8,0.08,-0.8,-0.8,Defender,
Albert Guðmundsson,ISL,Genoa,it Serie A,26 years,33.5,14,52,19,36.5,1.55,0.57,0.19,0.53,20.8,8,4,5,9.9,5.8,0.11,4.1,4.2,Forward,Midfielder
Joško Gvardiol,CRO,Manchester City,eng Premier League,21 years,25.9,4,32,13,40.6,1.24,0.5,0.13,0.31,15.6,0,0,0,3.1,3.1,0.1,0.9,0.9,Defender,
Emmanuel Gyasi,GHA,Empoli,it Serie A,29 years,20.9,1,16,6,37.5,0.77,0.29,0.06,0.17,10.5,0,0,0,3.5,3.5,0.22,-2.5,-2.5,Defender,Forward
Norbert Gyömbér,SVK,Salernitana,it Serie A,31 years,19.6,0,4,0,0.0,0.2,0.0,0.0,,13.7,0,0,0,0.2,0.2,0.04,-0.2,-0.2,Defender,
Erling Haaland,NOR,Manchester City,eng Premier League,23 years,28.4,27,113,50,44.2,3.99,1.76,0.18,0.4,11.9,1,7,8,29.2,22.9,0.2,-2.2,-2.9,Forward,
Nicolas Haas,SUI,Empoli,it Serie A,27 years,1.0,0,1,1,100.0,1.0,1.0,0.0,0.0,14.5,0,0,0,0.1,0.1,0.1,-0.1,-0.1,Midfielder,
Janik Haberer,GER,Union Berlin,de Bundesliga,29 years,13.6,1,15,3,20.0,1.11,0.22,0.07,0.33,19.1,0,0,0,0.9,0.8,0.05,0.1,0.2,Midfielder,Defender
Robin Hack,GER,Gladbach,de Bundesliga,24 years,15.0,10,43,22,51.2,2.87,1.47,0.23,0.45,19.9,0,0,0,3.9,3.9,0.09,6.1,6.1,Forward,Midfielder
Antwoine Hackford,ENG,Sheffield Utd,eng Premier League,19 years,0.1,0,0,0,,0.0,0.0,,,,0,0,0,0.0,0.0,,0.0,0.0,Forward,
Munir El Haddadi,MAR,Las Palmas,es La Liga,27 years,27.2,3,42,11,26.2,1.54,0.4,0.07,0.27,16.7,3,0,1,4.3,3.5,0.08,-1.3,-0.5,Forward,
Jaouen Hadjam,ALG,Nantes,fr Ligue 1,20 years,1.2,0,1,0,0.0,0.8,0.0,0.0,,15.3,0,0,0,0.0,0.0,0.04,0.0,0.0,Defender,
Ianis Hagi,ROU,Alavés,es La Liga,24 years,8.9,0,26,8,30.8,2.91,0.9,0.0,0.0,23.9,4,0,1,2.8,2.0,0.08,-2.8,-2.0,Midfielder,Forward
Amadou Haidara,MLI,RB Leipzig,de Bundesliga,25 years,17.0,2,21,9,42.9,1.24,0.53,0.1,0.22,22.7,0,0,0,1.1,1.1,0.05,0.9,0.9,Midfielder,
Massadio Haïdara,MLI,Lens,fr Ligue 1,30 years,8.2,0,3,0,0.0,0.36,0.0,0.0,,11.9,0,0,0,0.1,0.1,0.05,-0.1,-0.1,Defender,
Oualid El Hajjam,MAR,Le Havre,fr Ligue 1,32 years,4.4,0,8,3,37.5,1.83,0.69,0.0,0.0,19.1,0,0,0,0.4,0.4,0.05,-0.4,-0.4,Defender,Midfielder
Achraf Hakimi,MAR,Paris S-G,fr Ligue 1,24 years,21.5,4,42,12,28.6,1.96,0.56,0.1,0.33,19.8,9,0,0,4.2,4.2,0.1,-0.2,-0.2,Defender,
Lewis Hall,ENG,Newcastle Utd,eng Premier League,18 years,8.7,1,11,4,36.4,1.27,0.46,0.09,0.25,20.8,0,0,0,0.3,0.3,0.03,0.7,0.7,Defender,
Sébastien Haller,CIV,Dortmund,de Bundesliga,29 years,4.4,0,7,2,28.6,1.59,0.45,0.0,0.0,10.7,0,0,0,0.9,0.9,0.13,-0.9,-0.9,Forward,
Gustavo Hamer,NED,Sheffield Utd,eng Premier League,26 years,32.3,4,49,13,26.5,1.52,0.4,0.08,0.31,23.5,6,0,0,3.0,3.0,0.06,1.0,1.0,Midfielder,
Andreas Hanche-Olsen,NOR,Mainz 05,de Bundesliga,26 years,11.0,1,4,1,25.0,0.36,0.09,0.25,1.0,6.6,0,0,0,0.7,0.7,0.17,0.3,0.3,Defender,
Isak Hansen-Aarøen,NOR,Werder Bremen,de Bundesliga,18 years,0.3,0,0,0,,0.0,0.0,,,,0,0,0,0.0,0.0,,0.0,0.0,Midfielder,
Ridgeciano Haps,SUR,Genoa,it Serie A,30 years,8.6,0,4,0,0.0,0.47,0.0,0.0,,18.6,0,0,0,0.1,0.1,0.03,-0.1,-0.1,Defender,
Genki Haraguchi,JPN,Stuttgart,de Bundesliga,32 years,0.3,0,0,0,,0.0,0.0,,,,0,0,0,0.0,0.0,,0.0,0.0,Midfielder,
Amine Harit,MAR,Marseille,fr Ligue 1,26 years,20.2,1,33,8,24.2,1.63,0.4,0.03,0.13,17.7,1,0,0,3.7,3.7,0.11,-2.7,-2.7,Midfielder,Forward
Luke Harris,WAL,Fulham,eng Premier League,18 years,0.8,0,1,1,100.0,1.2,1.2,0.0,0.0,11.2,0,0,0,0.3,0.3,0.28,-0.3,-0.3,Midfielder,
Jack Harrison,ENG,Everton,eng Premier League,26 years,24.6,3,34,9,26.5,1.38,0.37,0.09,0.33,17.8,1,0,0,3.6,3.6,0.11,-0.6,-0.6,Midfielder,Forward
Abdou Harroui,NED,Frosinone,it Serie A,25 years,11.3,3,32,11,34.4,2.83,0.97,0.06,0.18,21.1,0,1,1,3.1,2.3,0.07,-0.1,-0.3,Midfielder,Forward
Makoto Hasebe,JPN,Eintracht Frankfurt,de Bundesliga,39 years,2.4,0,0,0,,0.0,0.0,,,,0,0,0,0.0,0.0,,0.0,0.0,Defender,Midfielder
Daiki Hashioka,JPN,Luton Town,eng Premier League,24 years,6.6,0,2,0,0.0,0.3,0.0,0.0,,18.1,0,0,0,0.1,0.1,0.05,-0.1,-0.1,Defender,
Hans Hateboer,NED,Atalanta,it Serie A,29 years,12.4,0,11,3,27.3,0.89,0.24,0.0,0.0,18.1,0,0,0,0.3,0.3,0.03,-0.3,-0.3,Defender,
Pantelis Hatzidiakos,GRE,Cagliari,it Serie A,26 years,9.5,0,4,1,25.0,0.42,0.11,0.0,0.0,14.0,0,0,0,0.4,0.4,0.1,-0.4,-0.4,Defender,
Kai Havertz,GER,Arsenal,eng Premier League,24 years,29.3,13,68,27,39.7,2.32,0.92,0.18,0.44,12.4,0,1,1,12.3,11.6,0.17,0.7,0.4,Midfielder,Forward
Thorgan Hazard,BEL,Dortmund,de Bundesliga,30 years,0.1,0,0,0,,0.0,0.0,,,,0,0,0,0.0,0.0,,0.0,0.0,Defender,
Jan Paul van Hecke,NED,Brighton,eng Premier League,23 years,26.3,0,15,6,40.0,0.57,0.23,0.0,0.0,11.3,0,0,0,1.2,1.2,0.08,-1.2,-1.2,Defender,
Hwang Hee-chan,KOR,Wolves,eng Premier League,27 years,23.5,12,44,17,38.6,1.87,0.72,0.25,0.65,12.2,0,1,1,7.7,6.9,0.16,4.3,4.1,Forward,Midfielder
Silvan Hefti,SUI,Genoa,it Serie A,25 years,1.3,0,0,0,,0.0,0.0,,,,0,0,0,0.0,0.0,,0.0,0.0,Midfielder,Defender
Silvan Hefti,SUI,Montpellier,fr Ligue 1,25 years,7.9,0,4,1,25.0,0.51,0.13,0.0,0.0,18.2,0,0,0,0.2,0.2,0.05,-0.2,-0.2,Defender,Forward
Dominique Heintz,GER,Köln,de Bundesliga,29 years,6.3,0,0,0,,0.0,0.0,,,,0,0,0,0.0,0.0,,0.0,0.0,Defender,
Dean Henderson,ENG,Crystal Palace,eng Premier League,26 years,18.0,0,0,0,,0.0,0.0,,,,0,0,0,0.0,0.0,,0.0,0.0,Goalkeeper,
Liam Henderson,SCO,Empoli,it Serie A,27 years,0.1,0,0,0,,0.0,0.0,,,,0,0,0,0.0,0.0,,0.0,0.0,Midfielder,
Benjamin Henrichs,GER,RB Leipzig,de Bundesliga,26 years,28.1,1,35,9,25.7,1.25,0.32,0.03,0.11,19.1,4,0,0,2.5,2.5,0.07,-1.5,-1.5,Defender,
Henrique,BRA,Lyon,fr Ligue 1,29 years,6.7,1,8,3,37.5,1.19,0.44,0.13,0.33,18.3,0,0,0,0.3,0.3,0.04,0.7,0.7,Defender,
Luis Henrique,BRA,Marseille,fr Ligue 1,21 years,8.7,1,12,3,25.0,1.38,0.34,0.08,0.33,19.4,0,0,0,1.3,1.3,0.11,-0.3,-0.3,Forward,Defender
Luiz Henrique,BRA,Betis,es La Liga,22 years,6.8,0,18,3,16.7,2.63,0.44,0.0,0.0,15.9,0,0,0,1.2,1.2,0.07,-1.2,-1.2,Forward,
Matheus Henrique,BRA,Sassuolo,it Serie A,25 years,27.8,2,19,7,36.8,0.68,0.25,0.11,0.29,20.7,0,0,0,2.3,2.3,0.12,-0.3,-0.3,Midfielder,
Rico Henry,ENG,Brentford,eng Premier League,26 years,4.5,0,2,0,0.0,0.45,0.0,0.0,,19.2,0,0,0,0.1,0.1,0.04,-0.1,-0.1,Defender,
Thomas Henry,FRA,Hellas Verona,it Serie A,28 years,3.7,3,13,7,53.8,3.5,1.89,0.23,0.43,13.9,0,0,1,3.3,2.5,0.19,-0.3,0.5,Forward,
Christophe Hérelle,MTQ,Metz,fr Ligue 1,30 years,18.0,0,4,0,0.0,0.22,0.0,0.0,,21.5,0,0,0,0.1,0.1,0.02,-0.1,-0.1,Defender,
Mario Hermoso,ESP,Atlético Madrid,es La Liga,28 years,28.4,0,17,4,23.5,0.6,0.14,0.0,0.0,15.0,0,0,0,1.4,1.4,0.08,-1.4,-1.4,Defender,
Javi Hernández,ESP,Cádiz,es La Liga,25 years,27.9,1,30,8,26.7,1.07,0.29,0.03,0.13,24.0,6,0,0,1.4,1.4,0.05,-0.4,-0.4,Defender,
Aridane Hernández,ESP,Rayo Vallecano,es La Liga,34 years,18.8,0,5,0,0.0,0.27,0.0,0.0,,16.0,0,0,0,0.3,0.3,0.06,-0.3,-0.3,Defender,
Lucas Hernández,FRA,Paris S-G,fr Ligue 1,27 years,21.2,1,6,2,33.3,0.28,0.09,0.17,0.5,18.2,0,0,0,0.5,0.5,0.08,0.5,0.5,Defender,
Luis Hernández,ESP,Cádiz,es La Liga,34 years,8.0,1,1,1,100.0,0.12,0.12,1.0,1.0,2.2,0,0,0,1.0,1.0,0.95,0.0,0.0,Defender,
Theo Hernández,FRA,Milan,it Serie A,25 years,31.0,5,55,16,29.1,1.77,0.52,0.07,0.25,20.7,2,1,2,4.9,3.4,0.06,0.1,0.6,Defender,
Jorge Herrando,ESP,Osasuna,es La Liga,22 years,18.3,0,4,0,0.0,0.22,0.0,0.0,,14.5,0,0,0,0.4,0.4,0.09,-0.4,-0.4,Defender,
Ander Herrera,ESP,Athletic Club,es La Liga,33 years,11.4,0,14,2,14.3,1.22,0.17,0.0,0.0,21.2,0,0,0,0.7,0.7,0.05,-0.7,-0.7,Midfielder,
Cristian Herrera,ESP,Las Palmas,es La Liga,32 years,1.8,1,1,1,100.0,0.54,0.54,1.0,1.0,3.8,0,0,0,0.9,0.9,0.87,0.1,0.1,Forward,Midfielder
Sergio Herrera,ESP,Osasuna,es La Liga,30 years,31.9,0,0,0,,0.0,0.0,,,,0,0,0,0.0,0.0,,0.0,0.0,Goalkeeper,
Yangel Herrera,VEN,Girona,es La Liga,25 years,23.4,5,52,18,34.6,2.22,0.77,0.1,0.28,16.5,0,0,0,4.9,4.9,0.09,0.1,0.1,Midfielder,
Patrick Herrmann,GER,Gladbach,de Bundesliga,32 years,1.0,0,4,0,0.0,4.19,0.0,0.0,,18.8,0,0,0,0.2,0.2,0.05,-0.2,-0.2,Forward,Defender
Juan Herzog,ESP,Las Palmas,es La Liga,20 years,3.2,2,3,3,100.0,0.92,0.92,0.67,0.67,6.2,0,0,0,0.7,0.7,0.23,1.3,1.3,Defender,
Son Heung-min,KOR,Tottenham,eng Premier League,31 years,32.6,17,83,38,45.8,2.55,1.17,0.18,0.39,15.5,0,2,2,12.0,10.4,0.13,5.0,4.6,Forward,
Aaron Hickey,SCO,Brentford,eng Premier League,21 years,7.9,0,7,1,14.3,0.88,0.13,0.0,0.0,25.3,0,0,0,0.2,0.2,0.03,-0.2,-0.2,Defender,
Isak Hien,SWE,Hellas Verona,it Serie A,24 years,9.6,0,4,1,25.0,0.42,0.1,0.0,0.0,9.0,0,0,0,0.4,0.4,0.11,-0.4,-0.4,Defender,
Isak Hien,SWE,Atalanta,it Serie A,24 years,10.4,0,4,2,50.0,0.38,0.19,0.0,0.0,9.1,0,0,0,0.2,0.2,0.05,-0.2,-0.2,Defender,
James Hill,ENG,Bournemouth,eng Premier League,21 years,0.8,0,0,0,,0.0,0.0,,,,0,0,0,0.0,0.0,,0.0,0.0,Defender,
Piero Hincapié,ECU,Leverkusen,de Bundesliga,21 years,16.5,1,18,6,33.3,1.09,0.36,0.06,0.17,14.2,0,0,0,1.9,1.9,0.11,-0.9,-0.9,Defender,
Jack Hinshelwood,ENG,Brighton,eng Premier League,18 years,9.7,3,14,8,57.1,1.45,0.83,0.21,0.38,9.2,0,0,0,1.9,1.9,0.14,1.1,1.1,Defender,
Adam Hložek,CZE,Leverkusen,de Bundesliga,21 years,5.1,2,18,6,33.3,3.53,1.18,0.11,0.33,14.6,0,0,0,3.1,3.1,0.17,-1.1,-1.1,Midfielder,Forward
Nicolas Höfler,GER,Freiburg,de Bundesliga,33 years,25.9,1,16,1,6.3,0.62,0.04,0.06,1.0,17.4,0,0,0,0.7,0.7,0.04,0.3,0.3,Midfielder,
Jonas Hofmann,GER,Leverkusen,de Bundesliga,31 years,24.5,5,60,25,41.7,2.45,1.02,0.08,0.2,18.5,0,0,0,5.9,5.9,0.1,-0.9,-0.9,Midfielder,
Philipp Hofmann,GER,Bochum,de Bundesliga,30 years,17.5,4,39,15,38.5,2.23,0.86,0.1,0.27,11.7,0,0,0,4.8,4.8,0.12,-0.8,-0.8,Forward,
Lucas Höler,GER,Freiburg,de Bundesliga,29 years,25.6,7,32,16,50.0,1.25,0.62,0.19,0.38,13.5,0,1,2,8.6,7.0,0.22,-1.6,-1.0,Forward,Midfielder
Mason Holgate,ENG,Sheffield Utd,eng Premier League,26 years,7.9,0,3,0,0.0,0.38,0.0,0.0,,6.5,0,0,0,0.6,0.6,0.22,-0.6,-0.6,Defender,
Fabian Holland,GER,Darmstadt 98,de Bundesliga,33 years,20.4,0,11,3,27.3,0.54,0.15,0.0,0.0,24.7,1,0,0,0.6,0.6,0.06,-0.6,-0.6,Midfielder,Defender
Benedict Hollerbach,GER,Union Berlin,de Bundesliga,22 years,14.2,5,34,10,29.4,2.39,0.7,0.15,0.5,16.1,0,0,0,3.4,3.4,0.1,1.6,1.6,Forward,Midfielder
Emil Holm,SWE,Atalanta,it Serie A,23 years,10.5,1,26,8,30.8,2.47,0.76,0.04,0.13,11.9,0,0,0,2.7,2.7,0.11,-1.7,-1.7,Defender,
Gerrit Holtmann,PHI,Darmstadt 98,de Bundesliga,28 years,4.4,0,14,5,35.7,3.21,1.15,0.0,0.0,23.6,0,0,0,0.6,0.6,0.04,-0.6,-0.6,Midfielder,Forward
Martin Hongla,CMR,Hellas Verona,it Serie A,25 years,12.0,0,3,0,0.0,0.25,0.0,0.0,,23.6,0,0,0,0.1,0.1,0.05,-0.1,-0.1,Midfielder,
Martin Hongla,CMR,Granada,es La Liga,25 years,6.2,0,3,1,33.3,0.48,0.16,0.0,0.0,18.5,0,0,0,0.2,0.2,0.06,-0.2,-0.2,Midfielder,Defender
Franck Honorat,FRA,Gladbach,de Bundesliga,26 years,26.1,3,28,10,35.7,1.07,0.38,0.11,0.3,18.3,1,0,0,1.6,1.6,0.06,1.4,1.4,Defender,Forward
Mathias Honsak,AUT,Darmstadt 98,de Bundesliga,26 years,11.3,1,23,6,26.1,2.03,0.53,0.04,0.17,17.4,0,0,0,1.8,1.8,0.08,-0.8,-0.8,Forward,Midfielder
Sydney van Hooijdonk,NED,Bologna,it Serie A,23 years,2.4,0,5,1,20.0,2.12,0.42,0.0,0.0,18.1,1,0,0,0.6,0.6,0.12,-0.6,-0.6,Forward,
Fraser Hornby,SCO,Darmstadt 98,de Bundesliga,23 years,2.4,0,10,2,20.0,4.15,0.83,0.0,0.0,13.1,0,0,0,0.7,0.7,0.07,-0.7,-0.7,Forward,Midfielder
Lukáš Hrádecký,FIN,Leverkusen,de Bundesliga,33 years,33.0,0,0,0,,0.0,0.0,,,,0,0,0,0.0,0.0,,0.0,0.0,Goalkeeper,
Xabier Huarte Armendáriz,ESP,Osasuna,es La Liga,22 years,0.1,0,0,0,,0.0,0.0,,,,0,0,0,0.0,0.0,,0.0,0.0,Midfielder,
Timo Hübers,GER,Köln,de Bundesliga,27 years,30.9,0,22,5,22.7,0.71,0.16,0.0,0.0,12.6,0,0,0,1.8,1.8,0.08,-1.8,-1.8,Defender,
Callum Hudson-Odoi,ENG,Nottingham Forest,eng Premier League,22 years,20.6,8,38,20,52.6,1.84,0.97,0.21,0.4,18.3,1,0,0,2.7,2.7,0.07,5.3,5.3,Forward,Midfielder
Will Hughes,ENG,Crystal Palace,eng Premier League,28 years,21.0,0,8,3,37.5,0.38,0.14,0.0,0.0,18.3,0,0,0,0.3,0.3,0.04,-0.3,-0.3,Midfielder,
Dean Huijsen,ESP,Roma,it Serie A,18 years,5.7,2,6,2,33.3,1.06,0.35,0.33,1.0,11.0,0,0,0,0.4,0.4,0.07,1.6,1.6,Defender,
Dean Huijsen,ESP,Juventus,it Serie A,18 years,0.1,0,0,0,,0.0,0.0,,,,0,0,0,0.0,0.0,,0.0,0.0,Defender,
Mats Hummels,GER,Dortmund,de Bundesliga,34 years,17.6,3,16,6,37.5,0.91,0.34,0.19,0.5,11.7,0,0,0,3.2,3.2,0.23,-0.2,-0.2,Defender,
Denis Huseinbasic,BIH,Köln,de Bundesliga,22 years,18.1,0,12,3,25.0,0.66,0.17,0.0,0.0,24.2,0,0,0,0.3,0.3,0.03,-0.3,-0.3,Midfielder,
Elseid Hysaj,ALB,Lazio,it Serie A,29 years,13.3,0,2,1,50.0,0.15,0.08,0.0,0.0,18.1,0,0,0,0.2,0.2,0.12,-0.2,-0.2,Defender,
Pierre Højbjerg,DEN,Tottenham,eng Premier League,27 years,14.6,0,19,6,31.6,1.3,0.41,0.0,0.0,26.5,3,0,0,0.7,0.7,0.04,-0.7,-0.7,Midfielder,
Rasmus Højlund,DEN,Manchester Utd,eng Premier League,20 years,24.0,10,38,20,52.6,1.58,0.83,0.26,0.5,11.6,0,0,0,7.6,7.6,0.2,2.4,2.4,Forward,
Iago,BRA,Augsburg,de Bundesliga,26 years,18.0,1,18,7,38.9,1.0,0.39,0.06,0.14,16.5,0,0,0,1.4,1.4,0.08,-0.4,-0.4,Defender,
Pablo Ibáñez,ESP,Osasuna,es La Liga,24 years,12.8,1,27,7,25.9,2.11,0.55,0.04,0.14,18.1,0,0,0,2.3,2.3,0.08,-1.3,-1.3,Midfielder,
Arijon Ibrahimović,GER,Frosinone,it Serie A,17 years,5.3,1,12,4,33.3,2.28,0.76,0.08,0.25,20.7,0,0,0,0.8,0.8,0.07,0.2,0.2,Forward,Defender
Iglesias,ESP,Getafe,es La Liga,25 years,15.7,0,15,6,40.0,0.96,0.38,0.0,0.0,25.2,0,0,0,0.6,0.6,0.04,-0.6,-0.6,Defender,Forward
Borja Iglesias,ESP,Betis,es La Liga,30 years,4.5,0,10,0,0.0,2.21,0.0,0.0,,16.3,0,0,0,0.6,0.6,0.06,-0.6,-0.6,Forward,
Borja Iglesias,ESP,Leverkusen,de Bundesliga,30 years,2.8,0,8,3,37.5,2.81,1.05,0.0,0.0,15.2,0,0,0,1.4,1.4,0.17,-1.4,-1.4,Forward,
Igor,BRA,Brighton,eng Premier League,25 years,18.2,0,5,0,0.0,0.27,0.0,0.0,,21.0,0,0,0,0.3,0.3,0.05,-0.3,-0.3,Defender,
Jonathan Ikone,FRA,Fiorentina,it Serie A,25 years,18.7,3,39,15,38.5,2.09,0.8,0.08,0.2,16.1,0,0,0,4.6,4.6,0.12,-1.6,-1.6,Forward,
Chukwubuikem Ikwuemesi,NGA,Salernitana,it Serie A,21 years,11.8,1,22,8,36.4,1.87,0.68,0.05,0.13,16.1,0,0,0,2.4,2.4,0.11,-1.4,-1.4,Forward,
Andrej Ilic,SRB,Lille,fr Ligue 1,23 years,0.1,0,0,0,,0.0,0.0,,,,0,0,0,0.0,0.0,,0.0,0.0,Forward,
Ivan Ilić,SRB,Torino,it Serie A,22 years,23.3,3,27,11,40.7,1.16,0.47,0.11,0.27,22.4,6,0,0,2.1,2.1,0.08,0.9,0.9,Midfielder,
Samuel Iling-Junior,ENG,Juventus,it Serie A,19 years,9.0,1,9,4,44.4,1.0,0.44,0.11,0.25,15.5,0,0,0,0.7,0.7,0.08,0.3,0.3,Defender,Midfielder
Imanol,ESP,Athletic Club,es La Liga,23 years,5.8,0,1,0,0.0,0.17,0.0,0.0,,23.7,0,0,0,0.0,0.0,0.01,0.0,0.0,Defender,
Joel Imasuen,USA,Werder Bremen,de Bundesliga,18 years,0.0,0,0,0,,0.0,0.0,,,,0,0,0,0.0,0.0,,0.0,0.0,Forward,
Ciro Immobile,ITA,Lazio,it Serie A,33 years,18.4,7,45,19,42.2,2.45,1.04,0.07,0.16,13.5,0,4,4,9.7,6.6,0.15,-2.7,-3.6,Forward,
Gino Infantino,ARG,Fiorentina,it Serie A,20 years,1.1,0,1,0,0.0,0.94,0.0,0.0,,29.3,0,0,0,0.0,0.0,0.02,0.0,0.0,Midfielder,
Danny Ings,ENG,West Ham,eng Premier League,31 years,4.5,1,12,4,33.3,2.67,0.89,0.08,0.25,13.4,0,0,0,1.3,1.3,0.11,-0.3,-0.3,Forward,
Bonke Innocent,NGA,Lorient,fr Ligue 1,27 years,2.3,0,2,1,50.0,0.86,0.43,0.0,0.0,24.0,0,0,0,0.0,0.0,0.02,0.0,0.0,Midfielder,
Tim Iroegbunam,ENG,Aston Villa,eng Premier League,20 years,1.8,0,0,0,,0.0,0.0,,,,0,0,0,0.0,0.0,,0.0,0.0,Midfielder,
Alexander Isak,SWE,Newcastle Utd,eng Premier League,23 years,25.1,21,72,36,50.0,2.87,1.44,0.22,0.44,14.5,1,5,6,20.3,15.6,0.22,0.7,0.4,Forward,
Gustav Isaksen,DEN,Lazio,it Serie A,22 years,11.9,3,23,9,39.1,1.93,0.75,0.13,0.33,20.0,3,0,0,1.6,1.6,0.07,1.4,1.4,Forward,
Isco,ESP,Betis,es La Liga,31 years,25.8,8,62,24,38.7,2.4,0.93,0.1,0.25,18.0,4,2,2,8.3,6.7,0.11,-0.3,-0.7,Midfielder,
Thomas Isherwood,SWE,Darmstadt 98,de Bundesliga,25 years,7.1,0,0,0,,0.0,0.0,,,,0,0,0,0.0,0.0,,0.0,0.0,Defender,
Ismaily,BRA,Lille,fr Ligue 1,33 years,27.4,1,7,4,57.1,0.26,0.15,0.14,0.25,17.9,0,0,0,0.3,0.3,0.04,0.7,0.7,Defender,
Ardian Ismajli,ALB,Empoli,it Serie A,26 years,22.7,0,5,0,0.0,0.22,0.0,0.0,,10.0,0,0,0,0.3,0.3,0.06,-0.3,-0.3,Defender,
Yanis Issoufou,FRA,Montpellier,fr Ligue 1,16 years,0.1,0,0,0,,0.0,0.0,,,,0,0,0,0.0,0.0,,0.0,0.0,Midfielder,
Ko Itakura,JPN,Gladbach,de Bundesliga,26 years,17.7,3,21,7,33.3,1.18,0.39,0.14,0.43,15.7,0,0,0,1.3,1.3,0.06,1.7,1.7,Defender,Midfielder
Hiroki Ito,JPN,Stuttgart,de Bundesliga,24 years,24.8,0,18,4,22.2,0.73,0.16,0.0,0.0,20.7,0,0,0,0.9,0.9,0.05,-0.9,-0.9,Defender,
Junya Ito,JPN,Reims,fr Ligue 1,30 years,30.2,3,46,15,32.6,1.53,0.5,0.07,0.2,16.6,1,0,0,4.5,4.5,0.1,-1.5,-1.5,Forward,Midfielder
Diego Iturralde,ESP,Sevilla,es La Liga,20 years,0.4,0,0,0,,0.0,0.0,,,,0,0,0,0.0,0.0,,0.0,0.0,Defender,
Alex Iwobi,NGA,Everton,eng Premier League,27 years,1.6,0,4,2,50.0,2.57,1.29,0.0,0.0,16.2,0,0,0,0.3,0.3,0.08,-0.3,-0.3,Midfielder,
Alex Iwobi,NGA,Fulham,eng Premier League,27 years,24.4,5,51,18,35.3,2.09,0.74,0.1,0.28,18.5,0,0,0,5.3,5.3,0.1,-0.3,-0.3,Forward,Midfielder
Armando Izzo,ITA,Monza,it Serie A,31 years,18.3,0,5,3,60.0,0.27,0.16,0.0,0.0,12.1,0,0,0,0.7,0.7,0.14,-0.7,-0.7,Defender,
Nicolas Jackson,SEN,Chelsea,eng Premier League,22 years,31.1,14,80,38,47.5,2.57,1.22,0.18,0.37,12.6,0,0,0,18.6,18.6,0.23,-4.6,-4.6,Forward,
Jérémy Jacquet,FRA,Rennes,fr Ligue 1,18 years,0.1,0,0,0,,0.0,0.0,,,,0,0,0,0.0,0.0,,0.0,0.0,Midfielder,
Jérémy Jacquet,FRA,Clermont Foot,fr Ligue 1,18 years,2.8,0,1,0,0.0,0.36,0.0,0.0,,7.8,0,0,0,0.2,0.2,0.21,-0.2,-0.2,Defender,
Lee Jae-sung,KOR,Mainz 05,de Bundesliga,30 years,23.5,6,38,13,34.2,1.62,0.55,0.16,0.46,14.7,0,0,0,4.9,4.9,0.13,1.1,1.1,Midfielder,Forward
Paul Jaeckel,GER,Union Berlin,de Bundesliga,25 years,2.6,0,0,0,,0.0,0.0,,,,0,0,0,0.0,0.0,,0.0,0.0,Defender,
Filip Jagiełło,POL,Genoa,it Serie A,25 years,0.4,0,0,0,,0.0,0.0,,,,0,0,0,0.0,0.0,,0.0,0.0,Midfielder,
Kristijan Jakić,CRO,Augsburg,de Bundesliga,26 years,11.7,2,13,5,38.5,1.11,0.43,0.15,0.4,23.9,0,0,0,0.8,0.8,0.06,1.2,1.2,Midfielder,
Kristijan Jakić,CRO,Eintracht Frankfurt,de Bundesliga,26 years,2.2,0,1,0,0.0,0.45,0.0,0.0,,24.2,0,0,0,0.0,0.0,0.04,0.0,0.0,Midfielder,Forward
Ismail Jakobs,SEN,Monaco,fr Ligue 1,23 years,16.3,1,21,7,33.3,1.29,0.43,0.05,0.14,15.8,1,0,0,1.3,1.3,0.06,-0.3,-0.3,Defender,
Ablie Jallow,GAM,Metz,fr Ligue 1,24 years,10.2,3,17,6,35.3,1.67,0.59,0.12,0.33,21.7,1,1,1,2.0,1.2,0.07,1.0,0.8,Midfielder,Forward
Reece James,ENG,Chelsea,eng Premier League,23 years,4.7,0,7,1,14.3,1.5,0.21,0.0,0.0,20.9,3,0,0,0.3,0.3,0.04,-0.3,-0.3,Defender,
Vitaly Janelt,GER,Brentford,eng Premier League,25 years,33.9,1,21,7,33.3,0.62,0.21,0.05,0.14,18.0,0,0,0,1.8,1.8,0.08,-0.8,-0.8,Midfielder,Defender
Jakub Jankto,CZE,Cagliari,it Serie A,27 years,9.7,1,12,5,41.7,1.24,0.52,0.08,0.2,13.4,0,0,0,1.5,1.5,0.12,-0.5,-0.5,Midfielder,Forward
Tony Jantschke,GER,Gladbach,de Bundesliga,33 years,0.3,0,0,0,,0.0,0.0,,,,0,0,0,0.0,0.0,,0.0,0.0,Defender,Midfielder
Adnan Januzaj,BEL,Sevilla,es La Liga,28 years,2.1,0,6,1,16.7,2.8,0.47,0.0,0.0,16.8,0,0,0,0.6,0.6,0.1,-0.6,-0.6,Forward,Midfielder
Nuha Jatta,GAM,RB Leipzig,de Bundesliga,17 years,0.0,0,0,0,,0.0,0.0,,,,0,0,0,0.0,0.0,,0.0,0.0,Forward,
Mikel Jauregizar,ESP,Athletic Club,es La Liga,19 years,1.7,0,2,0,0.0,1.19,0.0,0.0,,28.2,0,0,0,0.0,0.0,0.02,0.0,0.0,Midfielder,
Luis Javier Suárez,COL,Almería,es La Liga,25 years,10.2,6,39,13,33.3,3.83,1.28,0.13,0.38,14.2,0,1,1,6.5,5.7,0.15,-0.5,-0.7,Forward,
Danley Jean-Jacques,HAI,Metz,fr Ligue 1,23 years,29.8,0,34,5,14.7,1.14,0.17,0.0,0.0,20.4,0,0,0,2.9,2.9,0.08,-2.9,-2.9,Midfielder,
Salim El Jebari,MAR,Atlético Madrid,es La Liga,19 years,0.1,0,0,0,,0.0,0.0,,,,0,0,0,0.0,0.0,,0.0,0.0,Midfielder,
Daniel Jebbison,ENG,Sheffield Utd,eng Premier League,19 years,0.2,0,0,0,,0.0,0.0,,,,0,0,0,0.0,0.0,,0.0,0.0,Forward,
Jeffinho,BRA,Lyon,fr Ligue 1,23 years,3.4,1,11,3,27.3,3.21,0.88,0.09,0.33,17.0,0,0,0,1.0,1.0,0.09,0.0,0.0,Forward,Midfielder
Fredrik Jensen,FIN,Augsburg,de Bundesliga,25 years,14.9,2,14,5,35.7,0.94,0.34,0.14,0.4,18.9,0,0,0,0.9,0.9,0.06,1.1,1.1,Midfielder,Forward
Mathias Jensen,DEN,Brentford,eng Premier League,27 years,24.5,3,14,7,50.0,0.57,0.29,0.21,0.43,26.7,3,0,0,0.7,0.7,0.05,2.3,2.3,Midfielder,
Moritz Jenz,GER,Wolfsburg,de Bundesliga,24 years,19.4,0,7,0,0.0,0.36,0.0,0.0,,13.6,0,0,0,0.3,0.3,0.05,-0.3,-0.3,Defender,
Gabriel Jesus,BRA,Arsenal,eng Premier League,26 years,16.4,4,55,19,34.5,3.35,1.16,0.07,0.21,12.2,0,0,0,6.3,6.3,0.12,-2.3,-2.3,Forward,
Juan Jesus,BRA,Napoli,it Serie A,32 years,23.5,1,8,2,25.0,0.34,0.09,0.13,0.5,8.9,0,0,0,1.3,1.3,0.16,-0.3,-0.3,Defender,
Alejandro Jiménez,ESP,Milan,it Serie A,18 years,0.8,0,0,0,,0.0,0.0,,,,0,0,0,0.0,0.0,,0.0,0.0,Defender,
Raúl Jiménez,MEX,Fulham,eng Premier League,32 years,15.5,7,41,17,41.5,2.65,1.1,0.17,0.41,14.7,0,0,0,5.2,5.2,0.13,1.8,1.8,Forward,
João Pedro,BRA,Brighton,eng Premier League,21 years,22.7,9,70,20,28.6,3.08,0.88,0.07,0.25,14.4,0,4,5,11.9,7.9,0.11,-2.9,-2.9,Forward,Midfielder
Joelinton,BRA,Newcastle Utd,eng Premier League,26 years,14.2,2,19,7,36.8,1.34,0.49,0.11,0.29,15.5,0,0,0,3.1,3.1,0.16,-1.1,-1.1,Midfielder,Forward
Ben Johnson,ENG,West Ham,eng Premier League,23 years,6.0,0,6,2,33.3,0.99,0.33,0.0,0.0,24.1,0,0,0,0.2,0.2,0.03,-0.2,-0.2,Defender,Forward
Brennan Johnson,WAL,Tottenham,eng Premier League,22 years,23.2,5,50,19,38.0,2.16,0.82,0.1,0.26,12.9,0,0,0,10.3,10.3,0.21,-5.3,-5.3,Forward,
Brennan Johnson,WAL,Nottingham Forest,eng Premier League,22 years,2.6,0,3,0,0.0,1.14,0.0,0.0,,19.7,0,0,0,0.3,0.3,0.11,-0.3,-0.3,Forward,Midfielder
Joseph Johnson,ENG,Luton Town,eng Premier League,17 years,0.9,0,0,0,,0.0,0.0,,,,0,0,0,0.0,0.0,,0.0,0.0,Defender,
Sam Johnstone,ENG,Crystal Palace,eng Premier League,30 years,20.0,0,0,0,,0.0,0.0,,,,0,0,0,0.0,0.0,,0.0,0.0,Goalkeeper,
Curtis Jones,ENG,Liverpool,eng Premier League,22 years,13.0,1,19,5,26.3,1.47,0.39,0.05,0.2,16.2,0,0,0,2.6,2.6,0.14,-1.6,-1.6,Midfielder,
Frenkie de Jong,NED,Barcelona,es La Liga,26 years,18.2,2,7,4,57.1,0.39,0.22,0.29,0.5,20.4,0,0,0,0.7,0.7,0.1,1.3,1.3,Midfielder,
Joan Jordán,ESP,Sevilla,es La Liga,29 years,4.2,0,6,1,16.7,1.42,0.24,0.0,0.0,21.9,1,0,0,0.2,0.2,0.03,-0.2,-0.2,Midfielder,
Jordi,ESP,Getafe,es La Liga,22 years,6.4,0,7,3,42.9,1.1,0.47,0.0,0.0,12.9,0,0,0,1.3,1.3,0.18,-1.3,-1.3,Midfielder,Defender
Jeremy Jorge,ESP,Getafe,es La Liga,20 years,0.0,0,0,0,,0.0,0.0,,,,0,0,0,0.0,0.0,,0.0,0.0,Forward,
Kaio Jorge,BRA,Frosinone,it Serie A,21 years,9.0,3,25,12,48.0,2.77,1.33,0.08,0.17,14.9,1,1,2,5.4,3.8,0.16,-2.4,-1.8,Forward,
Jorginho,ITA,Arsenal,eng Premier League,31 years,10.2,0,4,0,0.0,0.39,0.0,0.0,,24.6,0,0,0,0.1,0.1,0.02,-0.1,-0.1,Midfielder,
Willian José,BRA,Betis,es La Liga,31 years,21.9,10,48,24,50.0,2.19,1.1,0.21,0.42,16.3,4,0,0,5.7,5.7,0.12,4.3,4.3,Forward,
Joselu,ESP,Real Madrid,es La Liga,33 years,18.7,10,61,28,45.9,3.25,1.49,0.16,0.36,12.8,0,0,2,11.6,10.0,0.16,-1.6,0.0,Forward,
Diogo Jota,POR,Liverpool,eng Premier League,26 years,12.7,10,41,19,46.3,3.22,1.49,0.24,0.53,12.3,0,0,0,5.3,5.3,0.13,4.7,4.7,Forward,
Antoine Joujou,FRA,Le Havre,fr Ligue 1,20 years,8.7,0,20,3,15.0,2.31,0.35,0.0,0.0,19.1,0,0,0,1.1,1.1,0.06,-1.1,-1.1,Forward,Midfielder
Luka Jović,SRB,Milan,it Serie A,25 years,9.7,6,22,12,54.5,2.26,1.23,0.27,0.5,11.3,0,0,0,4.9,4.9,0.23,1.1,1.1,Forward,
Kamil Jóźwiak,POL,Granada,es La Liga,25 years,6.3,0,4,1,25.0,0.63,0.16,0.0,0.0,21.8,0,0,0,0.1,0.1,0.03,-0.1,-0.1,Midfielder,
Juanmi,ESP,Cádiz,es La Liga,30 years,9.7,3,14,7,50.0,1.44,0.72,0.21,0.43,12.6,0,0,0,2.5,2.5,0.18,0.5,0.5,Forward,
Juanpe,ESP,Girona,es La Liga,32 years,8.3,0,4,0,0.0,0.48,0.0,0.0,,12.6,0,0,0,0.2,0.2,0.05,-0.2,-0.2,Defender,
Mads Juel Andersen,DEN,Luton Town,eng Premier League,25 years,4.4,1,3,1,33.3,0.68,0.23,0.33,1.0,9.2,0,0,0,0.3,0.3,0.09,0.7,0.7,Defender,
Christopher Jullien,FRA,Montpellier,fr Ligue 1,30 years,13.7,1,7,1,14.3,0.51,0.07,0.14,1.0,8.0,0,0,0,1.1,1.1,0.16,-0.1,-0.1,Defender,
Anthony Jung,GER,Werder Bremen,de Bundesliga,31 years,28.7,1,5,1,20.0,0.17,0.03,0.2,1.0,13.6,0,0,0,0.6,0.6,0.12,0.4,0.4,Defender,
Eli Junior Kroupi,FRA,Lorient,fr Ligue 1,17 years,12.0,5,22,12,54.5,1.83,1.0,0.23,0.42,13.7,0,0,0,3.5,3.5,0.16,1.5,1.5,Forward,Midfielder
Hamed Junior Traorè,CIV,Bournemouth,eng Premier League,23 years,0.5,0,3,2,66.7,5.74,3.83,0.0,0.0,25.9,0,0,0,0.2,0.2,0.06,-0.2,-0.2,Midfielder,
Hamed Junior Traorè,CIV,Napoli,it Serie A,23 years,4.2,0,10,3,30.0,2.36,0.71,0.0,0.0,22.6,0,0,0,0.9,0.9,0.09,-0.9,-0.9,Midfielder,
Vinicius Júnior,BRA,Real Madrid,es La Liga,23 years,20.7,15,77,38,49.4,3.72,1.83,0.18,0.37,14.6,0,1,1,13.1,12.3,0.16,1.9,1.7,Forward,
Josip Juranović,CRO,Union Berlin,de Bundesliga,27 years,14.4,0,11,2,18.2,0.77,0.14,0.0,0.0,23.3,2,0,1,1.4,0.6,0.06,-1.4,-0.6,Defender,
David Jurásek,CZE,Hoffenheim,de Bundesliga,22 years,5.5,0,5,2,40.0,0.91,0.36,0.0,0.0,24.0,0,0,0,0.2,0.2,0.03,-0.2,-0.2,Defender,
Julian Justvan,GER,Hoffenheim,de Bundesliga,25 years,0.5,0,1,0,0.0,1.84,0.0,0.0,,25.0,0,0,0,0.0,0.0,0.04,0.0,0.0,Forward,Midfielder
Julian Justvan,GER,Darmstadt 98,de Bundesliga,25 years,11.4,2,17,4,23.5,1.5,0.35,0.12,0.5,21.4,0,0,0,0.9,0.9,0.05,1.1,1.1,Midfielder,Forward
Filip Jørgensen,DEN,Villarreal,es La Liga,21 years,36.0,0,0,0,,0.0,0.0,,,,0,0,0,0.0,0.0,,0.0,0.0,Goalkeeper,
Mathias Jørgensen,DEN,Brentford,eng Premier League,33 years,12.1,1,8,2,25.0,0.66,0.17,0.13,0.5,14.2,0,0,0,0.7,0.7,0.09,0.3,0.3,Defender,
Mohamed Kaba,FRA,Lecce,it Serie A,21 years,15.3,0,14,6,42.9,0.91,0.39,0.0,0.0,18.4,0,0,0,1.2,1.2,0.08,-1.2,-1.2,Midfielder,
Sory Kaba,GUI,Las Palmas,es La Liga,28 years,8.0,1,13,1,7.7,1.62,0.12,0.08,1.0,17.1,0,0,0,1.5,1.5,0.11,-0.5,-0.5,Forward,
Ozan Kabak,TUR,Hoffenheim,de Bundesliga,23 years,25.4,4,19,7,36.8,0.75,0.28,0.21,0.57,12.2,0,0,0,2.2,2.2,0.11,1.8,1.8,Defender,
Christian Kabasele,BEL,Udinese,it Serie A,32 years,9.6,1,7,2,28.6,0.73,0.21,0.14,0.5,9.0,0,0,0,1.2,1.2,0.17,-0.2,-0.2,Defender,
Issa Kaboré,BFA,Luton Town,eng Premier League,22 years,19.2,0,6,1,16.7,0.31,0.05,0.0,0.0,15.8,0,0,0,0.2,0.2,0.04,-0.2,-0.2,Defender,
Abdoul Kader Bamba,FRA,Nantes,fr Ligue 1,29 years,6.8,2,14,5,35.7,2.06,0.74,0.14,0.4,16.1,1,0,0,2.1,2.1,0.16,-0.1,-0.1,Forward,Midfielder
Yaya Kader Fofana,MLI,Reims,fr Ligue 1,19 years,0.4,0,3,1,33.3,8.44,2.81,0.0,0.0,22.3,0,0,0,0.1,0.1,0.03,-0.1,-0.1,Midfielder,Defender
Pavel Kadeřábek,CZE,Hoffenheim,de Bundesliga,31 years,26.8,3,19,6,31.6,0.71,0.22,0.16,0.5,11.1,0,0,0,2.5,2.5,0.13,0.5,0.5,Defender,Forward
Tino Kadewere,ZIM,Lyon,fr Ligue 1,27 years,3.3,0,6,1,16.7,1.82,0.3,0.0,0.0,17.9,0,0,0,0.7,0.7,0.11,-0.7,-0.7,Forward,Midfielder
Tino Kadewere,ZIM,Nantes,fr Ligue 1,27 years,8.7,1,9,4,44.4,1.04,0.46,0.11,0.25,21.9,0,0,1,1.9,1.2,0.13,-0.9,-0.2,Forward,Midfielder
Kaiky,BRA,Almería,es La Liga,19 years,5.8,1,3,1,33.3,0.52,0.17,0.33,1.0,11.4,0,0,0,0.2,0.2,0.08,0.8,0.8,Defender,
Florian Kainz,AUT,Köln,de Bundesliga,30 years,24.4,5,23,4,17.4,0.94,0.16,0.0,0.0,25.5,3,5,5,5.0,1.0,0.04,0.0,-1.0,Midfielder,Forward
Sasa Kalajdzic,AUT,Wolves,eng Premier League,26 years,1.8,2,4,2,50.0,2.17,1.08,0.5,1.0,11.2,0,0,0,1.1,1.1,0.26,0.9,0.9,Forward,
Sasa Kalajdzic,AUT,Eintracht Frankfurt,de Bundesliga,26 years,3.6,0,2,1,50.0,0.55,0.28,0.0,0.0,13.7,0,0,0,0.2,0.2,0.08,-0.2,-0.2,Forward,
Arnaud Kalimuendo,FRA,Rennes,fr Ligue 1,21 years,23.8,10,59,22,37.3,2.48,0.93,0.14,0.36,16.3,0,2,2,9.0,7.4,0.13,1.0,0.6,Forward,
Yayah Kallon,SLE,Hellas Verona,it Serie A,22 years,0.0,0,0,0,,0.0,0.0,,,,0,0,0,0.0,0.0,,0.0,0.0,Forward,
Gedeon Kalulu,COD,Lorient,fr Ligue 1,25 years,10.8,0,6,1,16.7,0.56,0.09,0.0,0.0,19.2,0,0,0,0.3,0.3,0.05,-0.3,-0.3,Defender,
Pierre Kalulu,FRA,Milan,it Serie A,23 years,4.2,0,2,0,0.0,0.48,0.0,0.0,,11.2,0,0,0,0.1,0.1,0.03,-0.1,-0.1,Defender,
Daichi Kamada,JPN,Lazio,it Serie A,26 years,17.2,2,29,8,27.6,1.69,0.47,0.07,0.25,20.7,0,0,0,1.8,1.8,0.06,0.2,0.2,Midfielder,
Waren Kamanzi,NOR,Toulouse,fr Ligue 1,22 years,13.2,0,6,0,0.0,0.45,0.0,0.0,,15.4,0,0,0,0.8,0.8,0.14,-0.8,-0.8,Defender,Forward
Boubacar Kamara,FRA,Aston Villa,eng Premier League,23 years,18.4,0,5,1,20.0,0.27,0.05,0.0,0.0,16.7,0,0,0,0.1,0.1,0.03,-0.1,-0.1,Midfielder,
Hassane Kamara,CIV,Udinese,it Serie A,29 years,24.7,1,26,8,30.8,1.05,0.32,0.04,0.13,20.9,0,0,0,1.9,1.9,0.07,-0.9,-0.9,Defender,
Willy Kambwala,FRA,Manchester Utd,eng Premier League,18 years,3.7,0,0,0,,0.0,0.0,,,,0,0,0,0.0,0.0,,0.0,0.0,Defender,
Jakub Kamiński,POL,Wolfsburg,de Bundesliga,21 years,5.3,0,10,3,30.0,1.9,0.57,0.0,0.0,16.3,0,0,0,0.5,0.5,0.05,-0.5,-0.5,Forward,Midfielder
Thomas Kaminski,BEL,Luton Town,eng Premier League,30 years,37.8,0,0,0,,0.0,0.0,,,,0,0,0,0.0,0.0,,0.0,0.0,Goalkeeper,
Kevin Kampl,SVN,RB Leipzig,de Bundesliga,32 years,15.1,1,6,1,16.7,0.4,0.07,0.17,1.0,22.2,0,0,0,0.2,0.2,0.03,0.8,0.8,Midfielder,
Harry Kane,ENG,Bayern Munich,de Bundesliga,30 years,31.5,36,141,61,43.3,4.47,1.93,0.22,0.51,14.4,4,5,5,30.6,26.7,0.19,5.4,4.3,Forward,
Lee Kang-in,KOR,Paris S-G,fr Ligue 1,22 years,16.3,3,23,9,39.1,1.41,0.55,0.13,0.33,19.5,0,0,0,1.5,1.5,0.06,1.5,1.5,Forward,Midfielder
Yann Karamoh,FRA,Torino,it Serie A,25 years,1.8,0,2,1,50.0,1.11,0.56,0.0,0.0,14.0,0,0,0,0.1,0.1,0.07,-0.1,-0.1,Midfielder,Forward
Yann Karamoh,FRA,Montpellier,fr Ligue 1,25 years,3.2,1,5,3,60.0,1.58,0.95,0.2,0.33,20.0,0,0,0,0.8,0.8,0.16,0.2,0.2,Forward,Midfielder
Atakan Karazor,,Stuttgart,de Bundesliga,26 years,29.1,0,19,2,10.5,0.65,0.07,0.0,0.0,21.8,0,0,0,1.0,1.0,0.05,-1.0,-1.0,Midfielder,
Ayman Kari,FRA,Lorient,fr Ligue 1,18 years,9.9,1,7,3,42.9,0.71,0.3,0.14,0.33,14.6,0,0,0,0.6,0.6,0.09,0.4,0.4,Midfielder,
Emir Karic,AUT,Darmstadt 98,de Bundesliga,26 years,19.8,0,12,3,25.0,0.61,0.15,0.0,0.0,23.4,0,0,0,0.4,0.4,0.03,-0.4,-0.4,Defender,
Loris Karius,GER,Newcastle Utd,eng Premier League,30 years,1.0,0,0,0,,0.0,0.0,,,,0,0,0,0.0,0.0,,0.0,0.0,Goalkeeper,
Jesper Karlsson,SWE,Bologna,it Serie A,25 years,3.8,0,6,4,66.7,1.57,1.05,0.0,0.0,26.8,1,0,0,0.4,0.4,0.07,-0.4,-0.4,Forward,
Jon Karrikaburu,ESP,Alavés,es La Liga,20 years,0.2,0,0,0,,0.0,0.0,,,,0,0,0,0.0,0.0,,0.0,0.0,Midfielder,Forward
Rick Karsdorp,NED,Roma,it Serie A,28 years,13.2,0,8,1,12.5,0.6,0.08,0.0,0.0,16.7,0,0,0,0.4,0.4,0.06,-0.4,-0.4,Defender,
Grigoris Kastanos,CYP,Salernitana,it Serie A,25 years,16.4,3,30,10,33.3,1.82,0.61,0.1,0.3,20.6,1,0,0,2.9,2.9,0.1,0.1,0.1,Midfielder,Defender
Silas Katompa,COD,Stuttgart,de Bundesliga,24 years,10.0,5,23,8,34.8,2.3,0.8,0.22,0.63,13.4,0,0,1,5.7,4.9,0.21,-0.7,0.1,Forward,Midfielder
Panos Katseris,GRE,Lorient,fr Ligue 1,22 years,11.6,1,17,6,35.3,1.47,0.52,0.06,0.17,16.1,0,0,0,2.1,2.1,0.12,-1.1,-1.1,Defender,
Mikkel Kaufmann,DEN,Union Berlin,de Bundesliga,22 years,5.4,1,15,6,40.0,2.78,1.11,0.07,0.17,15.8,0,0,0,1.3,1.3,0.09,-0.3,-0.3,Forward,
Michael Kayode,ITA,Fiorentina,it Serie A,19 years,22.9,1,7,2,28.6,0.31,0.09,0.14,0.5,20.3,0,0,0,0.5,0.5,0.07,0.5,0.5,Defender,
Moise Kean,ITA,Juventus,it Serie A,23 years,7.3,0,16,3,18.8,2.2,0.41,0.0,0.0,15.4,0,0,0,2.1,2.1,0.13,-2.1,-2.1,Forward,
Michael Keane,ENG,Everton,eng Premier League,30 years,4.9,1,6,4,66.7,1.23,0.82,0.17,0.25,10.8,0,0,0,0.7,0.7,0.12,0.3,0.3,Defender,
Ibrahima Kebe,MLI,Girona,es La Liga,22 years,0.1,0,0,0,,0.0,0.0,,,,0,0,0,0.0,0.0,,0.0,0.0,Midfielder,
Kévin Keben Biakolo,CMR,Toulouse,fr Ligue 1,19 years,5.8,0,1,0,0.0,0.17,0.0,0.0,,10.2,0,0,0,0.0,0.0,0.01,0.0,0.0,Defender,
Yassine Kechta,MAR,Le Havre,fr Ligue 1,21 years,20.5,2,20,9,45.0,0.97,0.44,0.1,0.22,22.5,0,0,0,1.6,1.6,0.08,0.4,0.4,Midfielder,
Thilo Kehrer,GER,West Ham,eng Premier League,26 years,0.2,0,0,0,,0.0,0.0,,,,0,0,0,0.0,0.0,,0.0,0.0,Defender,Midfielder
Thilo Kehrer,GER,Monaco,fr Ligue 1,26 years,14.7,1,12,4,33.3,0.82,0.27,0.08,0.25,11.1,0,0,0,0.7,0.7,0.06,0.3,0.3,Defender,
Habib Keita,MLI,Clermont Foot,fr Ligue 1,21 years,14.2,1,20,5,25.0,1.41,0.35,0.05,0.2,25.2,0,0,0,0.7,0.7,0.03,0.3,0.3,Midfielder,
Naby Keïta,GUI,Werder Bremen,de Bundesliga,28 years,1.2,0,2,0,0.0,1.65,0.0,0.0,,22.5,0,0,0,0.1,0.1,0.05,-0.1,-0.1,Midfielder,Defender
Yannik Keitel,GER,Freiburg,de Bundesliga,23 years,10.2,1,6,2,33.3,0.59,0.2,0.17,0.5,8.8,0,0,0,0.7,0.7,0.12,0.3,0.3,Defender,Midfielder
Caoimhín Kelleher,IRL,Liverpool,eng Premier League,24 years,10.0,0,0,0,,0.0,0.0,,,,0,0,0,0.0,0.0,,0.0,0.0,Goalkeeper,
Thomas Keller,GER,Heidenheim,de Bundesliga,23 years,0.0,0,0,0,,0.0,0.0,,,,0,0,0,0.0,0.0,,0.0,0.0,Midfielder,Forward
Lloyd Kelly,ENG,Bournemouth,eng Premier League,24 years,17.3,0,4,1,25.0,0.23,0.06,0.0,0.0,8.6,0,0,0,0.3,0.3,0.08,-0.3,-0.3,Defender,
Omari Kellyman,ENG,Aston Villa,eng Premier League,17 years,0.4,0,1,0,0.0,2.43,0.0,0.0,,20.8,0,0,0,0.1,0.1,0.07,-0.1,-0.1,Forward,
Aljoscha Kemlein,GER,Union Berlin,de Bundesliga,18 years,0.3,0,1,0,0.0,3.1,0.0,0.0,,23.2,0,0,0,0.0,0.0,0.04,0.0,0.0,Midfielder,
Tobias Kempe,GER,Darmstadt 98,de Bundesliga,34 years,15.0,3,18,1,5.6,1.2,0.07,0.0,0.0,23.0,3,3,3,3.6,1.2,0.07,-0.6,-1.2,Midfielder,
Milos Kerkez,HUN,Bournemouth,eng Premier League,19 years,21.9,0,16,5,31.3,0.73,0.23,0.0,0.0,19.3,0,0,0,1.2,1.2,0.08,-1.2,-1.2,Defender,
Kaine Kesler-Hayden,ENG,Aston Villa,eng Premier League,20 years,0.1,0,0,0,,0.0,0.0,,,,0,0,0,0.0,0.0,,0.0,0.0,Midfielder,Defender
Reda Khadra,GER,Reims,fr Ligue 1,22 years,15.2,1,23,12,52.2,1.51,0.79,0.04,0.08,19.2,1,0,0,1.8,1.8,0.08,-0.8,-0.8,Forward,Midfielder
Wahbi Khazri,TUN,Montpellier,fr Ligue 1,32 years,12.6,1,42,15,35.7,3.34,1.19,0.02,0.07,21.3,0,0,0,3.3,3.3,0.08,-2.3,-2.3,Forward,
Rani Khedira,GER,Union Berlin,de Bundesliga,29 years,14.9,0,3,1,33.3,0.2,0.07,0.0,0.0,17.5,0,0,0,0.4,0.4,0.13,-0.4,-0.4,Midfielder,
Abdukodir Khusanov,UZB,Lens,fr Ligue 1,19 years,9.0,0,5,2,40.0,0.56,0.22,0.0,0.0,18.8,0,0,0,0.2,0.2,0.04,-0.2,-0.2,Defender,
Kiké,ESP,Alavés,es La Liga,33 years,15.8,3,56,23,41.1,3.54,1.45,0.05,0.13,13.1,0,0,1,7.7,6.9,0.12,-4.7,-3.9,Forward,Midfielder
Luca Kilian,GER,Köln,de Bundesliga,23 years,7.1,0,0,0,,0.0,0.0,,,,0,0,0,0.0,0.0,,0.0,0.0,Defender,
Max Kilman,ENG,Wolves,eng Premier League,26 years,38.0,2,14,5,35.7,0.37,0.13,0.14,0.4,9.8,0,0,0,1.8,1.8,0.13,0.2,0.2,Defender,
Joshua Kimmich,GER,Bayern Munich,de Bundesliga,28 years,24.2,1,25,7,28.0,1.03,0.29,0.04,0.14,24.6,3,0,0,1.1,1.1,0.05,-0.1,-0.1,Midfielder,Defender
Jakub Kiwior,POL,Arsenal,eng Premier League,23 years,10.5,1,6,2,33.3,0.57,0.19,0.17,0.5,13.8,0,0,0,0.8,0.8,0.14,0.2,0.2,Defender,
Simon Kjær,DEN,Milan,it Serie A,34 years,13.0,0,6,0,0.0,0.46,0.0,0.0,,11.0,0,0,0,0.5,0.5,0.08,-0.5,-0.5,Defender,
Davy Klaassen,NED,Inter,it Serie A,30 years,2.3,0,1,0,0.0,0.44,0.0,0.0,,20.2,0,0,0,0.1,0.1,0.09,-0.1,-0.1,Midfielder,
Christoph Klarer,AUT,Darmstadt 98,de Bundesliga,23 years,26.2,2,9,2,22.2,0.34,0.08,0.22,1.0,9.3,0,0,0,1.2,1.2,0.13,0.8,0.8,Defender,
Tim Kleindienst,GER,Heidenheim,de Bundesliga,27 years,31.9,12,81,31,38.3,2.54,0.97,0.12,0.32,13.6,0,2,2,13.9,12.3,0.15,-1.9,-2.3,Forward,
Lukas Klostermann,GER,RB Leipzig,de Bundesliga,27 years,16.0,1,6,2,33.3,0.38,0.13,0.17,0.5,16.2,0,0,0,0.7,0.7,0.12,0.3,0.3,Defender,
Justin Kluivert,NED,Bournemouth,eng Premier League,24 years,21.3,7,56,20,35.7,2.63,0.94,0.13,0.35,17.4,3,0,0,6.2,6.2,0.11,0.8,0.8,Midfielder,Forward
Ansgar Knauff,GER,Eintracht Frankfurt,de Bundesliga,21 years,23.4,7,37,13,35.1,1.58,0.55,0.19,0.54,14.4,0,0,0,5.7,5.7,0.15,1.3,1.3,Midfielder,Defender
Robin Knoche,GER,Union Berlin,de Bundesliga,31 years,21.3,1,7,3,42.9,0.33,0.14,0.14,0.33,13.3,0,0,1,1.2,0.4,0.06,-0.2,0.6,Defender,
Gregor Kobel,SUI,Dortmund,de Bundesliga,25 years,26.3,0,0,0,,0.0,0.0,,,,0,0,0,0.0,0.0,,0.0,0.0,Goalkeeper,
Robin Koch,GER,Eintracht Frankfurt,de Bundesliga,27 years,30.4,2,24,5,20.8,0.79,0.16,0.08,0.4,11.3,0,0,0,3.1,3.1,0.13,-1.1,-1.1,Defender,
Philipp Köhn,SUI,Monaco,fr Ligue 1,25 years,22.0,0,0,0,,0.0,0.0,,,,0,0,0,0.0,0.0,,0.0,0.0,Goalkeeper,
Dominik Kohr,GER,Mainz 05,de Bundesliga,29 years,24.3,1,25,7,28.0,1.03,0.29,0.04,0.14,16.5,0,0,0,1.6,1.6,0.07,-0.6,-0.6,Defender,Midfielder
Koke,ESP,Atlético Madrid,es La Liga,31 years,27.7,0,10,2,20.0,0.36,0.07,0.0,0.0,21.9,0,0,0,0.4,0.4,0.04,-0.4,-0.4,Midfielder,
Sead Kolašinac,BIH,Atalanta,it Serie A,30 years,24.2,1,13,5,38.5,0.54,0.21,0.08,0.2,12.3,0,0,0,1.3,1.3,0.1,-0.3,-0.3,Defender,
Luca Koleosho,ITA,Burnley,eng Premier League,18 years,10.8,1,23,5,21.7,2.13,0.46,0.04,0.2,18.5,0,0,0,2.0,2.0,0.09,-1.0,-1.0,Midfielder,Forward
Randal Kolo Muani,FRA,Paris S-G,fr Ligue 1,24 years,14.1,6,22,12,54.5,1.56,0.85,0.27,0.5,11.0,0,0,0,6.1,6.1,0.28,-0.1,-0.1,Forward,Midfielder
Randal Kolo Muani,FRA,Eintracht Frankfurt,de Bundesliga,24 years,1.7,1,5,1,20.0,2.94,0.59,0.2,1.0,8.0,0,0,0,1.3,1.3,0.26,-0.3,-0.3,Forward,
Mert Kömür,GER,Augsburg,de Bundesliga,18 years,1.3,1,2,1,50.0,1.53,0.76,0.5,1.0,16.0,0,0,0,0.2,0.2,0.1,0.8,0.8,Midfielder,Defender
Cheick Konaté,MLI,Clermont Foot,fr Ligue 1,19 years,11.9,1,14,4,28.6,1.18,0.34,0.07,0.25,20.3,0,0,0,0.5,0.5,0.04,0.5,0.5,Defender,
Ibrahima Konaté,FRA,Liverpool,eng Premier League,24 years,17.5,0,11,2,18.2,0.63,0.11,0.0,0.0,11.6,0,0,0,0.7,0.7,0.06,-0.7,-0.7,Defender,
Geoffrey Kondogbia,CTA,Marseille,fr Ligue 1,30 years,16.3,0,8,1,12.5,0.49,0.06,0.0,0.0,18.4,0,0,0,0.4,0.4,0.05,-0.4,-0.4,Midfielder,
Abdoul Koné,FRA,Reims,fr Ligue 1,18 years,2.1,0,0,0,,0.0,0.0,,,,0,0,0,0.0,0.0,,0.0,0.0,Defender,
Amadou Koné,MLI,Reims,fr Ligue 1,18 years,5.3,0,6,1,16.7,1.14,0.19,0.0,0.0,27.3,0,0,0,0.3,0.3,0.05,-0.3,-0.3,Midfielder,
Ibrahima Koné,MLI,Almería,es La Liga,24 years,3.1,0,4,2,50.0,1.3,0.65,0.0,0.0,12.9,0,0,0,0.4,0.4,0.11,-0.4,-0.4,Forward,
Ibrahima Koné,MLI,Lorient,fr Ligue 1,24 years,0.4,0,0,0,,0.0,0.0,,,,0,0,0,0.0,0.0,,0.0,0.0,Forward,
Manu Koné,FRA,Gladbach,de Bundesliga,22 years,17.3,1,24,8,33.3,1.38,0.46,0.04,0.13,19.3,0,0,0,1.2,1.2,0.05,-0.2,-0.2,Midfielder,
Ezri Konsa,ENG,Aston Villa,eng Premier League,25 years,34.1,1,19,5,26.3,0.56,0.15,0.05,0.2,12.2,0,0,0,2.5,2.5,0.13,-1.5,-1.5,Defender,
Teun Koopmeiners,NED,Atalanta,it Serie A,25 years,29.2,12,52,16,30.8,1.78,0.55,0.19,0.63,18.2,2,2,2,6.5,5.0,0.1,5.5,5.0,Midfielder,
Odilon Kossounou,CIV,Leverkusen,de Bundesliga,22 years,20.1,1,5,1,20.0,0.25,0.05,0.2,1.0,15.1,0,0,0,0.6,0.6,0.12,0.4,0.4,Defender,
Filip Kostić,SRB,Juventus,it Serie A,30 years,20.2,0,21,2,9.5,1.04,0.1,0.0,0.0,22.1,0,0,0,0.7,0.7,0.03,-0.7,-0.7,Defender,
N'Guessan Kouadio,CIV,Metz,fr Ligue 1,20 years,1.2,0,3,1,33.3,2.45,0.82,0.0,0.0,28.7,0,0,0,0.1,0.1,0.03,-0.1,-0.1,Midfielder,Forward
Christian Kouamé,CIV,Fiorentina,it Serie A,25 years,12.1,2,24,7,29.2,1.98,0.58,0.08,0.29,17.0,0,0,0,1.9,1.9,0.08,0.1,0.1,Forward,
Rominigue Kouamé,MLI,Cádiz,es La Liga,26 years,9.1,0,5,0,0.0,0.55,0.0,0.0,,22.3,0,0,0,0.3,0.3,0.06,-0.3,-0.3,Midfielder,
Koffi Kouao,CIV,Metz,fr Ligue 1,25 years,9.6,0,5,1,20.0,0.52,0.1,0.0,0.0,21.4,0,0,0,0.2,0.2,0.04,-0.2,-0.2,Defender,
Tomáš Koubek,CZE,Augsburg,de Bundesliga,30 years,3.0,0,0,0,,0.0,0.0,,,,0,0,0,0.0,0.0,,0.0,0.0,Goalkeeper,
Therence Koudou,FRA,Reims,fr Ligue 1,18 years,3.5,0,2,1,50.0,0.57,0.29,0.0,0.0,27.7,0,0,0,0.1,0.1,0.03,-0.1,-0.1,Defender,
Jules Koundé,FRA,Barcelona,es La Liga,24 years,32.2,1,24,6,25.0,0.75,0.19,0.04,0.17,15.3,0,0,0,2.0,2.0,0.08,-1.0,-1.0,Defender,
Boubakar Kouyaté,MLI,Montpellier,fr Ligue 1,26 years,21.4,0,14,2,14.3,0.65,0.09,0.0,0.0,11.4,0,0,0,0.8,0.8,0.05,-0.8,-0.8,Defender,
Cheikhou Kouyaté,SEN,Nottingham Forest,eng Premier League,33 years,2.4,0,5,1,20.0,2.12,0.42,0.0,0.0,19.8,0,0,0,0.3,0.3,0.06,-0.3,-0.3,Midfielder,
Mateo Kovačić,CRO,Manchester City,eng Premier League,29 years,17.2,1,22,5,22.7,1.28,0.29,0.05,0.2,20.8,0,0,0,1.3,1.3,0.06,-0.3,-0.3,Midfielder,
Viktor Kovalenko,UKR,Empoli,it Serie A,27 years,6.8,1,11,4,36.4,1.62,0.59,0.09,0.25,13.9,0,0,0,0.9,0.9,0.08,0.1,0.1,Midfielder,
Matej Kovar,CZE,Leverkusen,de Bundesliga,23 years,1.0,0,0,0,,0.0,0.0,,,,0,0,0,0.0,0.0,,0.0,0.0,Goalkeeper,
Dawid Kownacki,POL,Werder Bremen,de Bundesliga,26 years,4.2,0,19,4,21.1,4.5,0.95,0.0,0.0,16.2,0,0,0,1.3,1.3,0.07,-1.3,-1.3,Forward,
Emil Krafth,SWE,Newcastle Utd,eng Premier League,28 years,10.1,0,4,0,0.0,0.39,0.0,0.0,,17.9,0,0,0,0.2,0.2,0.05,-0.2,-0.2,Defender,
Alex Král,CZE,Union Berlin,de Bundesliga,25 years,15.2,0,18,5,27.8,1.18,0.33,0.0,0.0,20.6,0,0,0,1.7,1.7,0.09,-1.7,-1.7,Midfielder,
Andrej Kramarić,CRO,Hoffenheim,de Bundesliga,32 years,24.4,15,64,29,45.3,2.62,1.19,0.16,0.34,20.1,8,5,5,11.1,7.1,0.11,3.9,2.9,Midfielder,Forward
Christoph Kramer,GER,Gladbach,de Bundesliga,32 years,2.8,0,1,0,0.0,0.36,0.0,0.0,,16.1,0,0,0,0.1,0.1,0.11,-0.1,-0.1,Midfielder,
Frans Krätzig,GER,Bayern Munich,de Bundesliga,20 years,0.6,0,2,2,100.0,3.21,3.21,0.0,0.0,19.4,0,0,0,0.3,0.3,0.13,-0.3,-0.3,Defender,
Tom Krauß,GER,Mainz 05,de Bundesliga,22 years,15.0,1,19,2,10.5,1.27,0.13,0.05,0.5,24.0,0,0,0,0.8,0.8,0.04,0.2,0.2,Midfielder,
Rasmus Kristensen,DEN,Roma,it Serie A,26 years,19.4,1,9,2,22.2,0.46,0.1,0.11,0.5,12.0,0,0,0,0.5,0.5,0.06,0.5,0.5,Defender,
Thomas Kristensen,DEN,Udinese,it Serie A,21 years,23.3,0,10,3,30.0,0.43,0.13,0.0,0.0,11.2,0,0,0,1.1,1.1,0.11,-1.1,-1.1,Defender,
Toni Kroos,GER,Real Madrid,es La Liga,33 years,23.6,1,35,13,37.1,1.48,0.55,0.03,0.08,25.2,10,0,0,1.6,1.6,0.05,-0.6,-0.6,Midfielder,
Nikola Krstović,MNE,Lecce,it Serie A,23 years,26.4,7,89,20,22.5,3.38,0.76,0.07,0.3,15.9,2,1,3,11.6,9.2,0.1,-4.6,-3.2,Forward,
Rade Krunić,BIH,Milan,it Serie A,29 years,7.6,0,2,0,0.0,0.26,0.0,0.0,,10.0,0,0,0,0.1,0.1,0.07,-0.1,-0.1,Midfielder,
Lukas Kübler,GER,Freiburg,de Bundesliga,30 years,20.5,1,8,3,37.5,0.39,0.15,0.13,0.33,15.2,0,0,0,0.6,0.6,0.07,0.4,0.4,Defender,
Takefusa Kubo,JPN,Real Sociedad,es La Liga,22 years,23.9,7,46,21,45.7,1.93,0.88,0.15,0.33,17.5,2,0,0,3.5,3.5,0.08,3.5,3.5,Forward,Midfielder
Mahmut Kücüksahin,,Augsburg,de Bundesliga,19 years,0.0,0,0,0,,0.0,0.0,,,,0,0,0,0.0,0.0,,0.0,0.0,Midfielder,
Mohammed Kudus,GHA,West Ham,eng Premier League,22 years,27.6,8,67,17,25.4,2.43,0.62,0.12,0.47,18.6,0,0,0,5.1,5.1,0.08,2.9,2.9,Forward,Midfielder
Christian Kühlwetter,GER,Heidenheim,de Bundesliga,27 years,0.1,0,0,0,,0.0,0.0,,,,0,0,0,0.0,0.0,,0.0,0.0,Midfielder,
Dejan Kulusevski,SWE,Tottenham,eng Premier League,23 years,30.7,8,57,23,40.4,1.86,0.75,0.14,0.35,15.7,0,0,0,4.7,4.7,0.08,3.3,3.3,Forward,Midfielder
Sael Kumbedi,FRA,Lyon,fr Ligue 1,18 years,10.3,0,6,4,66.7,0.58,0.39,0.0,0.0,22.2,0,0,0,0.2,0.2,0.04,-0.2,-0.2,Defender,
Marash Kumbulla,ALB,Sassuolo,it Serie A,23 years,4.0,0,0,0,,0.0,0.0,,,,0,0,0,0.0,0.0,,0.0,0.0,Defender,
Justin Kumi,ITA,Sassuolo,it Serie A,19 years,0.0,0,0,0,,0.0,0.0,,,,0,0,0,0.0,0.0,,0.0,0.0,Forward,
Layvin Kurzawa,FRA,Paris S-G,fr Ligue 1,30 years,0.1,0,0,0,,0.0,0.0,,,,0,0,0,0.0,0.0,,0.0,0.0,Defender,
Berkan Kutlu,TUR,Genoa,it Serie A,25 years,2.2,0,4,1,25.0,1.81,0.45,0.0,0.0,16.9,0,0,0,0.2,0.2,0.04,-0.2,-0.2,Midfielder,
Daler Kuzyaev,RUS,Le Havre,fr Ligue 1,30 years,23.2,2,16,5,31.3,0.69,0.22,0.13,0.4,17.7,0,0,0,1.8,1.8,0.12,0.2,0.2,Midfielder,
Khvicha Kvaratskhelia,GEO,Napoli,it Serie A,22 years,30.4,11,128,45,35.2,4.21,1.48,0.09,0.24,18.8,4,0,0,11.1,11.1,0.09,-0.1,-0.1,Forward,
Giorgi Kvernadze,GEO,Frosinone,it Serie A,20 years,0.7,0,0,0,,0.0,0.0,,,,0,0,0,0.0,0.0,,0.0,0.0,Forward,Defender
Moritz-Broni Kwarteng,GHA,Bochum,de Bundesliga,25 years,3.1,0,14,3,21.4,4.48,0.96,0.0,0.0,17.5,1,0,0,1.0,1.0,0.07,-1.0,-1.0,Forward,
Grejohn Kyei,FRA,Clermont Foot,fr Ligue 1,27 years,11.4,2,30,7,23.3,2.63,0.61,0.03,0.14,14.6,0,1,1,4.9,4.1,0.14,-2.9,-3.1,Forward,
Giorgos Kyriakopoulos,GRE,Monza,it Serie A,27 years,19.0,0,24,2,8.3,1.26,0.11,0.0,0.0,20.8,1,0,0,1.2,1.2,0.05,-1.2,-1.2,Defender,
Luca de la Torre,USA,Celta Vigo,es La Liga,25 years,21.7,1,24,8,33.3,1.1,0.37,0.04,0.13,16.4,0,0,0,2.5,2.5,0.1,-1.5,-1.5,Midfielder,
Gaëtan Laborde,FRA,Nice,fr Ligue 1,29 years,21.2,5,62,22,35.5,2.93,1.04,0.06,0.18,16.0,2,1,2,7.7,6.1,0.1,-2.7,-2.1,Forward,Midfielder
Alexandre Lacazette,FRA,Lyon,fr Ligue 1,32 years,25.5,19,60,33,55.0,2.35,1.3,0.28,0.52,14.0,6,2,2,11.4,9.8,0.17,7.6,7.2,Forward,
Maxence Lacroix,FRA,Wolfsburg,de Bundesliga,23 years,26.2,4,12,8,66.7,0.46,0.3,0.33,0.5,11.1,0,0,0,0.8,0.8,0.07,3.2,3.2,Defender,
Alban Lafont,FRA,Nantes,fr Ligue 1,24 years,27.7,0,0,0,,0.0,0.0,,,,0,0,0,0.0,0.0,,0.0,0.0,Goalkeeper,
Yoel Lago,ESP,Celta Vigo,es La Liga,19 years,1.0,0,0,0,,0.0,0.0,,,,0,0,0,0.0,0.0,,0.0,0.0,Defender,
Aïssa Laïdouni,TUN,Union Berlin,de Bundesliga,26 years,11.9,0,13,5,38.5,1.09,0.42,0.0,0.0,21.7,0,0,0,0.7,0.7,0.05,-0.7,-0.7,Midfielder,
Konrad Laimer,AUT,Bayern Munich,de Bundesliga,26 years,19.7,0,17,5,29.4,0.86,0.25,0.0,0.0,16.7,0,0,0,1.0,1.0,0.06,-1.0,-1.0,Defender,Midfielder
Stefan Lainer,AUT,Gladbach,de Bundesliga,30 years,8.3,0,3,0,0.0,0.36,0.0,0.0,,11.6,0,0,0,0.2,0.2,0.07,-0.2,-0.2,Defender,Midfielder
Kenny Lala,MAD,Brest,fr Ligue 1,31 years,33.0,2,14,7,50.0,0.42,0.21,0.14,0.29,26.3,4,0,0,0.5,0.5,0.03,1.5,1.5,Defender,
Adam Lallana,ENG,Brighton,eng Premier League,35 years,9.4,0,11,2,18.2,1.16,0.21,0.0,0.0,17.8,0,0,0,0.8,0.8,0.08,-0.8,-0.8,Midfielder,Forward
Mathis Lambourde,FRA,Rennes,fr Ligue 1,17 years,0.1,0,0,0,,0.0,0.0,,,,0,0,0,0.0,0.0,,0.0,0.0,Forward,
Érik Lamela,ARG,Sevilla,es La Liga,31 years,5.1,2,9,4,44.4,1.75,0.78,0.22,0.5,14.2,0,0,0,1.0,1.0,0.11,1.0,1.0,Forward,Midfielder
Mohamed Lamine Bayo,GUI,Le Havre,fr Ligue 1,25 years,15.4,5,43,15,34.9,2.79,0.97,0.07,0.2,13.2,0,2,2,7.2,5.7,0.13,-2.2,-2.7,Forward,
Didier Lamkel Zé,CMR,Metz,fr Ligue 1,26 years,6.1,1,11,3,27.3,1.8,0.49,0.09,0.33,16.4,0,0,0,1.6,1.6,0.14,-0.6,-0.6,Forward,Midfielder
Tariq Lamptey,GHA,Brighton,eng Premier League,22 years,10.2,0,6,0,0.0,0.59,0.0,0.0,,18.2,0,0,0,0.4,0.4,0.07,-0.4,-0.4,Defender,Forward
Bruno Langa,MOZ,Almería,es La Liga,25 years,9.1,1,8,2,25.0,0.88,0.22,0.13,0.5,24.6,0,0,0,0.2,0.2,0.02,0.8,0.8,Defender,
Gianluca Lapadula,PER,Cagliari,it Serie A,33 years,13.4,3,34,10,29.4,2.54,0.75,0.06,0.2,14.2,2,1,1,4.8,4.1,0.12,-1.8,-2.1,Forward,
Aymeric Laporte,ESP,Manchester City,eng Premier League,29 years,0.1,0,1,1,100.0,7.5,7.5,0.0,0.0,10.8,0,0,0,0.0,0.0,0.04,0.0,0.0,Defender,
Julien Laporte,FRA,Lorient,fr Ligue 1,29 years,20.2,0,13,1,7.7,0.64,0.05,0.0,0.0,12.3,0,0,0,0.8,0.8,0.06,-0.8,-0.8,Defender,
Cyle Larin,CAN,Mallorca,es La Liga,28 years,20.3,3,69,25,36.2,3.41,1.23,0.04,0.12,12.7,0,0,0,9.0,9.0,0.13,-6.0,-6.0,Forward,
Yasser Larouci,ALG,Sheffield Utd,eng Premier League,22 years,5.9,0,6,1,16.7,1.02,0.17,0.0,0.0,19.1,0,0,0,0.2,0.2,0.04,-0.2,-0.2,Defender,
Hugo Larsson,SWE,Eintracht Frankfurt,de Bundesliga,19 years,21.0,2,10,4,40.0,0.48,0.19,0.2,0.5,19.9,0,0,0,1.3,1.3,0.13,0.7,0.7,Midfielder,
Jamaal Lascelles,ENG,Newcastle Utd,eng Premier League,29 years,12.0,1,6,1,16.7,0.5,0.08,0.17,1.0,9.3,0,0,0,0.7,0.7,0.12,0.3,0.3,Defender,
Juanmi Latasa,ESP,Getafe,es La Liga,22 years,17.3,2,44,15,34.1,2.55,0.87,0.05,0.13,12.7,0,0,0,3.6,3.5,0.08,-1.6,-1.5,Forward,
Toni Lato,ESP,Mallorca,es La Liga,25 years,17.2,0,5,1,20.0,0.29,0.06,0.0,0.0,17.6,0,0,0,0.2,0.2,0.05,-0.2,-0.2,Defender,
Armand Lauriente,FRA,Sassuolo,it Serie A,24 years,32.3,5,84,30,35.7,2.6,0.93,0.06,0.17,21.6,11,0,0,5.7,5.7,0.07,-0.7,-0.7,Forward,
Roméo Lavia,BEL,Chelsea,eng Premier League,19 years,0.4,0,0,0,,0.0,0.0,,,,0,0,0,0.0,0.0,,0.0,0.0,Midfielder,
Lázaro,BRA,Almería,es La Liga,21 years,3.2,0,8,4,50.0,2.53,1.26,0.0,0.0,18.3,0,0,0,0.9,0.9,0.11,-0.9,-0.9,Forward,Midfielder
Valentino Lazaro,AUT,Torino,it Serie A,27 years,22.2,0,17,4,23.5,0.77,0.18,0.0,0.0,16.2,3,0,0,1.7,1.7,0.1,-1.7,-1.7,Defender,Midfielder
Darko Lazović,SRB,Hellas Verona,it Serie A,32 years,21.4,3,33,13,39.4,1.54,0.61,0.06,0.15,20.7,2,1,1,2.8,2.0,0.06,0.2,0.0,Forward,Midfielder
Manuel Lazzari,ITA,Lazio,it Serie A,29 years,18.6,0,8,2,25.0,0.43,0.11,0.0,0.0,22.1,0,0,0,1.0,1.0,0.13,-1.0,-1.0,Defender,
Théo Le Bris,FRA,Lorient,fr Ligue 1,20 years,16.8,0,13,2,15.4,0.77,0.12,0.0,0.0,17.4,0,0,0,1.2,1.2,0.09,-1.2,-1.2,Defender,Midfielder
Julien Le Cardinal,FRA,Brest,fr Ligue 1,25 years,5.3,0,4,2,50.0,0.76,0.38,0.0,0.0,17.3,0,0,0,0.3,0.3,0.07,-0.3,-0.3,Defender,
Julien Le Cardinal,FRA,Lens,fr Ligue 1,25 years,0.6,0,0,0,,0.0,0.0,,,,0,0,0,0.0,0.0,,0.0,0.0,Defender,
Jérémy Le Douaron,FRA,Brest,fr Ligue 1,25 years,18.0,4,50,19,38.0,2.78,1.06,0.08,0.21,13.2,0,0,0,6.2,6.2,0.12,-2.2,-2.2,Forward,
Enzo Le Fée,FRA,Rennes,fr Ligue 1,23 years,17.0,0,12,0,0.0,0.71,0.0,0.0,,22.6,2,0,0,0.5,0.5,0.04,-0.5,-0.5,Midfielder,
Vincent Le Goff,FRA,Lorient,fr Ligue 1,33 years,6.0,1,4,1,25.0,0.67,0.17,0.25,1.0,16.6,0,0,0,0.1,0.1,0.03,0.9,0.9,Defender,Midfielder
Robin Le Normand,ESP,Real Sociedad,es La Liga,26 years,27.4,2,8,5,62.5,0.29,0.18,0.25,0.4,12.2,0,0,0,1.0,1.0,0.13,1.0,1.0,Defender,
Nicola Leali,ITA,Genoa,it Serie A,30 years,2.0,0,0,0,,0.0,0.0,,,,0,0,0,0.0,0.0,,0.0,0.0,Goalkeeper,
Rafael Leão,POR,Milan,it Serie A,24 years,27.9,9,70,24,34.3,2.51,0.86,0.13,0.38,17.1,0,0,0,10.0,10.0,0.14,-1.0,-1.0,Forward,
Adrien Lebeau,FRA,Brest,fr Ligue 1,24 years,0.6,0,2,0,0.0,3.33,0.0,0.0,,30.7,0,0,0,0.1,0.1,0.03,-0.1,-0.1,Midfielder,Forward
Jean-Louis Leca,FRA,Lens,fr Ligue 1,37 years,1.0,0,0,0,,0.0,0.0,,,,0,0,0,0.0,0.0,,0.0,0.0,Goalkeeper,
Benjamin Lecomte,FRA,Montpellier,fr Ligue 1,32 years,30.0,0,0,0,,0.0,0.0,,,,0,0,0,0.0,0.0,,0.0,0.0,Goalkeeper,
Jeremías Ledesma,ARG,Cádiz,es La Liga,30 years,33.9,0,0,0,,0.0,0.0,,,,0,0,0,0.0,0.0,,0.0,0.0,Goalkeeper,
Pierre Lees-Melou,FRA,Brest,fr Ligue 1,30 years,28.0,4,52,13,25.0,1.86,0.46,0.08,0.31,22.8,0,0,0,2.4,2.4,0.05,1.6,1.6,Midfielder,
Diogo Leite,POR,Union Berlin,de Bundesliga,24 years,30.0,0,13,4,30.8,0.43,0.13,0.0,0.0,12.3,0,0,0,0.8,0.8,0.06,-0.8,-0.8,Defender,
Maxim Leitsch,GER,Mainz 05,de Bundesliga,25 years,4.2,0,0,0,,0.0,0.0,,,,0,0,0,0.0,0.0,,0.0,0.0,Defender,
Florian Lejeune,FRA,Rayo Vallecano,es La Liga,32 years,37.0,3,67,21,31.3,1.81,0.57,0.04,0.14,27.9,32,0,0,3.3,3.3,0.05,-0.3,-0.3,Defender,
Stefan Lekovic,SRB,Villarreal,es La Liga,19 years,0.3,0,0,0,,0.0,0.0,,,,0,0,0,0.0,0.0,,0.0,0.0,Defender,
Iñigo Lekue,ESP,Athletic Club,es La Liga,30 years,22.2,0,5,0,0.0,0.22,0.0,0.0,,22.3,0,0,0,0.2,0.2,0.03,-0.2,-0.2,Defender,
Thomas Lemar,FRA,Atlético Madrid,es La Liga,27 years,1.8,0,2,0,0.0,1.1,0.0,0.0,,23.0,0,0,0,0.2,0.2,0.08,-0.2,-0.2,Midfielder,
Mario Lemina,GAB,Wolves,eng Premier League,29 years,33.0,4,48,18,37.5,1.46,0.55,0.08,0.22,16.6,0,0,0,4.6,4.6,0.1,-0.6,-0.6,Midfielder,
Álvaro Lemos,ESP,Las Palmas,es La Liga,30 years,2.8,0,1,0,0.0,0.36,0.0,0.0,,29.3,0,0,0,0.0,0.0,0.02,0.0,0.0,Defender,
Ruben Lendinez,ESP,Valencia,es La Liga,20 years,0.1,0,0,0,,0.0,0.0,,,,0,0,0,0.0,0.0,,0.0,0.0,Defender,
Clément Lenglet,FRA,Aston Villa,eng Premier League,28 years,12.8,0,8,2,25.0,0.62,0.16,0.0,0.0,10.5,0,0,0,0.9,0.9,0.11,-0.9,-0.9,Defender,
Bernd Leno,GER,Fulham,eng Premier League,31 years,38.0,0,0,0,,0.0,0.0,,,,0,0,0,0.0,0.0,,0.0,0.0,Goalkeeper,
Christopher Lenz,GER,RB Leipzig,de Bundesliga,28 years,0.5,0,0,0,,0.0,0.0,,,,0,0,0,0.0,0.0,,0.0,0.0,Defender,Midfielder
Christopher Lenz,GER,Eintracht Frankfurt,de Bundesliga,28 years,0.1,0,0,0,,0.0,0.0,,,,0,0,0,0.0,0.0,,0.0,0.0,Defender,
Johann Lepenant,FRA,Lyon,fr Ligue 1,20 years,2.8,0,4,2,50.0,1.42,0.71,0.0,0.0,26.7,0,0,0,0.1,0.1,0.03,-0.1,-0.1,Midfielder,
Jefferson Lerma,COL,Crystal Palace,eng Premier League,28 years,26.7,1,34,9,26.5,1.27,0.34,0.03,0.11,19.7,0,0,0,2.7,2.7,0.08,-1.7,-1.7,Midfielder,Defender
Léo Leroy,FRA,Montpellier,fr Ligue 1,23 years,5.5,0,7,1,14.3,1.26,0.18,0.0,0.0,21.3,0,0,0,0.8,0.8,0.12,-0.8,-0.8,Midfielder,
Robert Lewandowski,POL,Barcelona,es La Liga,34 years,30.6,19,90,37,41.1,2.95,1.21,0.17,0.41,13.9,3,4,4,18.1,15.0,0.17,0.9,0.0,Forward,
Jamie Leweling,GER,Stuttgart,de Bundesliga,22 years,16.9,4,44,22,50.0,2.6,1.3,0.09,0.18,15.9,0,0,0,6.1,6.1,0.14,-2.1,-2.1,Forward,Midfielder
Rico Lewis,ENG,Manchester City,eng Premier League,18 years,9.0,2,5,4,80.0,0.56,0.44,0.4,0.5,15.5,0,0,0,0.6,0.6,0.13,1.4,1.4,Defender,Midfielder
Keane Lewis-Potter,ENG,Brentford,eng Premier League,22 years,16.0,3,43,20,46.5,2.69,1.25,0.07,0.15,12.8,0,0,0,6.3,6.3,0.15,-3.3,-3.3,Forward,Defender
Philipp Lienhart,AUT,Freiburg,de Bundesliga,27 years,14.1,1,7,3,42.9,0.5,0.21,0.14,0.33,9.6,0,0,0,1.1,1.1,0.16,-0.1,-0.1,Defender,
Matthijs de Ligt,NED,Bayern Munich,de Bundesliga,23 years,15.4,2,14,6,42.9,0.91,0.39,0.14,0.33,9.7,0,0,0,1.7,1.7,0.12,0.3,0.3,Defender,
Victor Lindelöf,SWE,Manchester Utd,eng Premier League,29 years,14.8,1,6,4,66.7,0.41,0.27,0.17,0.25,10.4,0,0,0,0.8,0.8,0.13,0.2,0.2,Defender,
Jesper Lindstrøm,DEN,Napoli,it Serie A,23 years,4.8,0,14,2,14.3,2.93,0.42,0.0,0.0,21.4,1,0,0,0.7,0.7,0.05,-0.7,-0.7,Forward,Midfielder
Jesper Lindstrøm,DEN,Eintracht Frankfurt,de Bundesliga,23 years,0.9,0,1,0,0.0,1.08,0.0,0.0,,11.1,0,0,0,0.2,0.2,0.19,-0.2,-0.2,Forward,
Karol Linetty,POL,Torino,it Serie A,28 years,20.6,0,16,1,6.3,0.78,0.05,0.0,0.0,25.4,0,0,0,0.5,0.5,0.03,-0.5,-0.5,Midfielder,
Samuel Lino,BRA,Atlético Madrid,es La Liga,23 years,23.1,4,54,21,38.9,2.34,0.91,0.07,0.19,16.6,0,0,0,5.6,5.6,0.1,-1.6,-1.6,Defender,Midfielder
Luca Lipani,ITA,Sassuolo,it Serie A,18 years,4.3,0,3,1,33.3,0.7,0.23,0.0,0.0,13.7,0,0,0,0.1,0.1,0.03,-0.1,-0.1,Midfielder,
Pol Lirola,ESP,Frosinone,it Serie A,25 years,17.1,2,9,3,33.3,0.53,0.18,0.22,0.67,19.0,0,0,0,1.3,1.3,0.15,0.7,0.7,Defender,
Marcin Listkowski,POL,Lecce,it Serie A,25 years,0.1,0,1,0,0.0,11.25,0.0,0.0,,24.5,0,0,0,0.0,0.0,0.04,0.0,0.0,Forward,
Valentino Livramento,ENG,Newcastle Utd,eng Premier League,20 years,14.6,1,4,2,50.0,0.27,0.14,0.25,0.5,12.9,0,0,0,0.4,0.4,0.09,0.6,0.6,Defender,
Dejan Ljubicic,AUT,Köln,de Bundesliga,25 years,22.8,0,38,9,23.7,1.67,0.4,0.0,0.0,21.8,0,0,0,1.9,1.9,0.05,-1.9,-1.9,Midfielder,Forward
Javier Llabrés,ESP,Mallorca,es La Liga,20 years,2.7,1,9,4,44.4,3.28,1.46,0.11,0.25,19.9,0,0,0,0.7,0.7,0.08,0.3,0.3,Midfielder,Forward
Diego Llorente,ESP,Roma,it Serie A,29 years,24.1,1,9,4,44.4,0.37,0.17,0.11,0.25,19.8,1,0,0,0.3,0.3,0.04,0.7,0.7,Defender,
Marcos Llorente,ESP,Atlético Madrid,es La Liga,28 years,28.5,6,30,19,63.3,1.05,0.67,0.2,0.32,15.4,0,0,0,4.1,4.1,0.14,1.9,1.9,Midfielder,Defender
Gautier Lloris,FRA,Le Havre,fr Ligue 1,28 years,30.9,2,16,4,25.0,0.52,0.13,0.13,0.5,8.4,0,0,0,2.1,2.1,0.13,-0.1,-0.1,Defender,
Abou Lô,SEN,Metz,fr Ligue 1,23 years,2.2,0,1,0,0.0,0.46,0.0,0.0,,7.8,0,0,0,0.1,0.1,0.13,-0.1,-0.1,Midfielder,Defender
Giovani Lo Celso,ARG,Tottenham,eng Premier League,27 years,5.6,2,13,6,46.2,2.31,1.07,0.15,0.33,21.7,0,0,0,0.6,0.6,0.04,1.4,1.4,Midfielder,
Stanislav Lobotka,SVK,Napoli,it Serie A,28 years,36.5,0,14,4,28.6,0.38,0.11,0.0,0.0,26.9,0,0,0,0.6,0.6,0.04,-0.6,-0.6,Midfielder,
Manuel Locatelli,ITA,Juventus,it Serie A,25 years,33.4,1,24,3,12.5,0.72,0.09,0.04,0.33,22.3,0,0,0,1.3,1.3,0.06,-0.3,-0.3,Midfielder,
Bradley Locko,FRA,Brest,fr Ligue 1,21 years,32.9,0,12,2,16.7,0.36,0.06,0.0,0.0,26.8,0,0,0,0.3,0.3,0.02,-0.3,-0.3,Defender,
Tom Lockyer,WAL,Luton Town,eng Premier League,28 years,13.0,1,7,1,14.3,0.54,0.08,0.14,1.0,8.5,0,0,0,1.1,1.1,0.15,-0.1,-0.1,Defender,
Renan Lodi,BRA,Marseille,fr Ligue 1,25 years,13.7,0,6,2,33.3,0.44,0.15,0.0,0.0,22.5,3,0,0,0.3,0.3,0.05,-0.3,-0.3,Defender,
Ruben Loftus-Cheek,ENG,Milan,it Serie A,27 years,23.0,6,40,14,35.0,1.74,0.61,0.15,0.43,16.6,0,0,0,3.7,3.7,0.09,2.3,2.3,Midfielder,
Elysée Logbo,FRA,Le Havre,fr Ligue 1,19 years,2.8,0,4,0,0.0,1.45,0.0,0.0,,13.1,0,0,0,0.3,0.3,0.08,-0.3,-0.3,Forward,
Enzo Loiodice,FRA,Las Palmas,es La Liga,22 years,19.9,0,16,6,37.5,0.8,0.3,0.0,0.0,23.7,0,0,0,0.5,0.5,0.03,-0.5,-0.5,Midfielder,
Sean Longstaff,ENG,Newcastle Utd,eng Premier League,25 years,30.5,6,41,15,36.6,1.34,0.49,0.15,0.4,14.5,0,0,0,6.6,6.6,0.16,-0.6,-0.6,Midfielder,
Ademola Lookman,NGA,Atalanta,it Serie A,25 years,21.0,11,67,24,35.8,3.18,1.14,0.16,0.46,14.3,0,0,0,9.1,9.1,0.14,1.9,1.9,Forward,Midfielder
Noah Loosli,SUI,Bochum,de Bundesliga,26 years,3.8,0,0,0,,0.0,0.0,,,,0,0,0,0.0,0.0,,0.0,0.0,Defender,
Anthony Lopes,POR,Lyon,fr Ligue 1,32 years,31.0,0,0,0,,0.0,0.0,,,,0,0,0,0.0,0.0,,0.0,0.0,Goalkeeper,
David López,ESP,Girona,es La Liga,33 years,21.8,3,16,5,31.3,0.73,0.23,0.19,0.6,15.0,0,0,0,2.1,1.9,0.12,0.9,1.1,Defender,
Diego López,ESP,Valencia,es La Liga,21 years,29.5,3,41,15,36.6,1.39,0.51,0.07,0.2,15.4,0,0,0,3.7,3.7,0.09,-0.7,-0.7,Midfielder,Forward
Fermin López,ESP,Barcelona,es La Liga,20 years,16.1,8,51,24,47.1,3.17,1.49,0.16,0.33,15.9,0,0,0,7.5,7.5,0.15,0.5,0.5,Midfielder,Forward
Javi López,ESP,Alavés,es La Liga,21 years,26.5,1,18,3,16.7,0.68,0.11,0.06,0.33,17.4,0,0,0,0.9,0.9,0.05,0.1,0.1,Defender,
Maxime Lopez,FRA,Fiorentina,it Serie A,25 years,8.9,0,4,2,50.0,0.45,0.23,0.0,0.0,20.7,0,0,0,0.2,0.2,0.05,-0.2,-0.2,Midfielder,
Maxime Lopez,FRA,Sassuolo,it Serie A,25 years,1.6,0,0,0,,0.0,0.0,,,,0,0,0,0.0,0.0,,0.0,0.0,Midfielder,
Pau López,ESP,Marseille,fr Ligue 1,28 years,32.7,0,0,0,,0.0,0.0,,,,0,0,0,0.0,0.0,,0.0,0.0,Goalkeeper,
Unai López,ESP,Rayo Vallecano,es La Liga,27 years,23.4,1,32,5,15.6,1.37,0.21,0.03,0.2,28.0,3,0,0,1.1,1.1,0.04,-0.1,-0.1,Midfielder,
Dion Lopy,SEN,Almería,es La Liga,21 years,21.3,0,23,8,34.8,1.08,0.38,0.0,0.0,26.2,0,0,0,1.3,1.3,0.06,-1.3,-1.3,Midfielder,
Anthony Losilla,FRA,Bochum,de Bundesliga,37 years,28.6,1,28,6,21.4,0.98,0.21,0.04,0.17,18.0,0,0,0,2.3,2.3,0.08,-1.3,-1.3,Midfielder,
Jordan Lotomba,SUI,Nice,fr Ligue 1,24 years,20.0,1,11,2,18.2,0.55,0.1,0.09,0.5,15.5,0,0,0,0.9,0.9,0.08,0.1,0.1,Defender,
Tom Louchet,FRA,Nice,fr Ligue 1,20 years,4.5,1,2,1,50.0,0.44,0.22,0.5,1.0,11.4,0,0,0,1.0,1.0,0.51,0.0,0.0,Midfielder,Defender
Imran Louza,MAR,Lorient,fr Ligue 1,24 years,9.6,1,22,5,22.7,2.29,0.52,0.05,0.2,23.2,2,0,0,1.1,1.1,0.05,-0.1,-0.1,Midfielder,
Matteo Lovato,ITA,Torino,it Serie A,23 years,6.0,0,1,0,0.0,0.17,0.0,0.0,,12.4,0,0,0,0.0,0.0,0.03,0.0,0.0,Defender,
Matteo Lovato,ITA,Salernitana,it Serie A,23 years,10.5,0,1,0,0.0,0.1,0.0,0.0,,10.9,0,0,0,0.0,0.0,0.03,0.0,0.0,Defender,
Dejan Lovren,CRO,Lyon,fr Ligue 1,34 years,8.0,0,6,4,66.7,0.75,0.5,0.0,0.0,12.5,0,0,0,0.4,0.4,0.07,-0.4,-0.4,Defender,
Sandi Lovrić,SVN,Udinese,it Serie A,25 years,22.1,1,43,12,27.9,1.95,0.54,0.02,0.08,22.1,2,0,0,3.5,3.5,0.08,-2.5,-2.5,Midfielder,
Max Lowe,ENG,Sheffield Utd,eng Premier League,26 years,5.6,0,2,0,0.0,0.36,0.0,0.0,,10.4,0,0,0,0.6,0.6,0.29,-0.6,-0.6,Defender,Midfielder
Anthony Lozano,HON,Getafe,es La Liga,30 years,1.0,0,4,0,0.0,3.91,0.0,0.0,,15.2,0,0,0,0.2,0.2,0.05,-0.2,-0.2,Midfielder,Forward
Anthony Lozano,HON,Almería,es La Liga,30 years,8.6,3,23,9,39.1,2.68,1.05,0.13,0.33,13.3,0,0,0,3.3,3.3,0.14,-0.3,-0.3,Forward,
Lucas,BRA,Cádiz,es La Liga,22 years,17.1,1,11,4,36.4,0.64,0.23,0.09,0.25,21.5,3,0,0,0.8,0.8,0.07,0.2,0.2,Defender,
Lorenzo Lucca,ITA,Udinese,it Serie A,22 years,28.8,8,61,25,41.0,2.12,0.87,0.13,0.32,12.9,1,0,0,7.8,7.8,0.13,0.2,0.2,Forward,
Jhon Lucumí,COL,Bologna,it Serie A,25 years,24.6,0,11,2,18.2,0.45,0.08,0.0,0.0,16.1,0,0,0,0.8,0.8,0.08,-0.8,-0.8,Defender,
José Luis Gayà,ESP,Valencia,es La Liga,28 years,19.9,1,10,1,10.0,0.5,0.05,0.1,1.0,20.1,1,0,0,0.5,0.5,0.05,0.5,0.5,Defender,
José Luis Morales,ESP,Villarreal,es La Liga,36 years,11.6,7,26,12,46.2,2.23,1.03,0.27,0.58,13.3,0,0,0,5.6,5.6,0.21,1.4,1.4,Forward,Midfielder
José Luis Palomino,ARG,Atalanta,it Serie A,33 years,0.3,0,0,0,,0.0,0.0,,,,0,0,0,0.0,0.0,,0.0,0.0,Defender,
Douglas Luiz,BRA,Aston Villa,eng Premier League,25 years,33.3,9,44,13,29.5,1.32,0.39,0.11,0.38,23.3,5,4,4,6.9,3.8,0.09,2.1,1.2,Midfielder,
Romelu Lukaku,BEL,Roma,it Serie A,30 years,29.3,13,64,27,42.2,2.18,0.92,0.2,0.48,14.1,0,0,1,9.8,9.0,0.14,3.2,4.0,Forward,
Castello Lukeba,FRA,RB Leipzig,de Bundesliga,20 years,24.3,1,7,3,42.9,0.29,0.12,0.14,0.33,10.6,0,0,0,0.8,0.8,0.11,0.2,0.2,Defender,
Dodi Lukebakio,BEL,Sevilla,es La Liga,25 years,12.5,5,42,17,40.5,3.36,1.36,0.12,0.29,14.4,1,0,0,5.6,5.6,0.13,-0.6,-0.6,Forward,Midfielder
Saša Lukić,SRB,Fulham,eng Premier League,26 years,12.5,1,13,3,23.1,1.04,0.24,0.08,0.33,17.1,0,0,0,1.6,1.6,0.12,-0.6,-0.6,Midfielder,
Karlo Lulić,CRO,Frosinone,it Serie A,27 years,0.2,0,0,0,,0.0,0.0,,,,0,0,0,0.0,0.0,,0.0,0.0,Midfielder,
Andriy Lunin,UKR,Real Madrid,es La Liga,24 years,21.0,0,0,0,,0.0,0.0,,,,0,0,0,0.0,0.0,,0.0,0.0,Goalkeeper,
Sebastiano Luperto,ITA,Empoli,it Serie A,26 years,37.8,1,19,3,15.8,0.5,0.08,0.05,0.33,15.1,0,0,0,1.7,1.7,0.09,-0.7,-0.7,Defender,
Mateus Lusuardi,BRA,Frosinone,it Serie A,19 years,2.4,0,1,0,0.0,0.41,0.0,0.0,,9.9,0,0,0,0.1,0.1,0.07,-0.1,-0.1,Defender,
Andreas Luthe,GER,Bochum,de Bundesliga,36 years,1.0,0,0,0,,0.0,0.0,,,,0,0,0,0.0,0.0,,0.0,0.0,Goalkeeper,
Zito Luvumbo,ANG,Cagliari,it Serie A,21 years,21.6,4,51,16,31.4,2.36,0.74,0.08,0.25,17.3,0,0,0,4.0,4.0,0.08,0.0,0.0,Forward,Midfielder
Charalambos Lykogiannis,GRE,Bologna,it Serie A,29 years,10.0,2,15,4,26.7,1.49,0.4,0.13,0.5,21.9,4,0,0,1.3,1.3,0.08,0.7,0.7,Defender,
Senne Lynen,BEL,Werder Bremen,de Bundesliga,24 years,20.0,0,12,2,16.7,0.6,0.1,0.0,0.0,25.1,0,0,0,0.4,0.4,0.03,-0.4,-0.4,Midfielder,
Joshua M'Bahia,CIV,Clermont Foot,fr Ligue 1,18 years,0.2,0,0,0,,0.0,0.0,,,,0,0,0,0.0,0.0,,0.0,0.0,Midfielder,
Othmane Maamma,MAR,Montpellier,fr Ligue 1,17 years,1.0,1,3,1,33.3,3.07,1.02,0.33,1.0,14.6,0,0,0,0.3,0.3,0.09,0.7,0.7,Forward,
Ian Maatsen,NED,Chelsea,eng Premier League,21 years,2.3,0,5,0,0.0,2.15,0.0,0.0,,17.1,0,0,0,0.8,0.8,0.16,-0.8,-0.8,Forward,Midfielder
Ian Maatsen,NED,Dortmund,de Bundesliga,21 years,14.0,2,11,4,36.4,0.78,0.28,0.18,0.5,19.5,0,0,0,0.9,0.9,0.08,1.1,1.1,Defender,
Alexis Mac Allister,ARG,Liverpool,eng Premier League,24 years,28.9,5,43,8,18.6,1.49,0.28,0.09,0.5,23.3,2,1,1,3.7,2.9,0.07,1.3,1.1,Midfielder,
Deiver Machado,COL,Lens,fr Ligue 1,29 years,12.5,4,16,8,50.0,1.28,0.64,0.25,0.5,18.2,1,0,0,1.7,1.7,0.1,2.3,2.3,Defender,
Darwin Machís,VEN,Cádiz,es La Liga,30 years,8.7,4,20,9,45.0,2.29,1.03,0.15,0.33,24.2,1,1,1,1.4,0.6,0.03,2.6,2.4,Midfielder,
James Maddison,ENG,Tottenham,eng Premier League,26 years,23.7,4,58,23,39.7,2.44,0.97,0.07,0.17,19.2,3,0,0,6.4,6.4,0.11,-2.4,-2.4,Midfielder,
Noni Madueke,ENG,Chelsea,eng Premier League,21 years,11.7,5,31,12,38.7,2.65,1.03,0.13,0.33,19.0,0,1,1,2.5,1.7,0.05,2.5,2.3,Forward,
Pablo Maffeo,ESP,Mallorca,es La Liga,26 years,16.2,1,11,4,36.4,0.68,0.25,0.09,0.25,23.3,0,0,0,0.8,0.8,0.07,0.2,0.2,Defender,
Gabriel Magalhães,BRA,Arsenal,eng Premier League,25 years,33.8,4,31,10,32.3,0.92,0.3,0.13,0.4,7.9,0,0,0,4.3,4.3,0.14,-0.3,-0.3,Defender,
Soungoutou Magassa,FRA,Monaco,fr Ligue 1,19 years,15.0,0,8,2,25.0,0.53,0.13,0.0,0.0,19.0,0,0,0,0.6,0.6,0.08,-0.6,-0.6,Defender,Midfielder
Giulio Maggiore,ITA,Salernitana,it Serie A,25 years,20.0,4,23,10,43.5,1.15,0.5,0.17,0.4,14.2,0,0,0,2.3,2.3,0.1,1.7,1.7,Midfielder,
Matej Maglica,CRO,Darmstadt 98,de Bundesliga,24 years,18.9,1,10,2,20.0,0.53,0.11,0.1,0.5,20.8,1,0,0,0.6,0.6,0.06,0.4,0.4,Defender,
Giangiacomo Magnani,ITA,Hellas Verona,it Serie A,27 years,27.2,0,11,2,18.2,0.41,0.07,0.0,0.0,13.4,0,0,0,0.5,0.5,0.05,-0.5,-0.5,Defender,
Hugo Magnetti,FRA,Brest,fr Ligue 1,25 years,26.0,2,36,10,27.8,1.38,0.38,0.06,0.2,23.9,0,0,0,2.4,2.4,0.07,-0.4,-0.4,Midfielder,
Yohann Magnin,FRA,Clermont Foot,fr Ligue 1,26 years,18.7,1,14,5,35.7,0.75,0.27,0.07,0.2,14.2,0,0,0,1.6,1.6,0.12,-0.6,-0.6,Midfielder,
Frank Magri,CMR,Toulouse,fr Ligue 1,23 years,16.0,5,41,14,34.1,2.57,0.88,0.12,0.36,16.3,0,0,0,3.1,3.1,0.07,1.9,1.9,Forward,Midfielder
Harry Maguire,ENG,Manchester Utd,eng Premier League,30 years,18.4,2,20,3,15.0,1.09,0.16,0.1,0.67,11.5,0,0,0,2.0,2.0,0.1,0.0,0.0,Defender,
Jon Magunazelaia,ESP,Real Sociedad,es La Liga,23 years,1.3,0,4,0,0.0,2.98,0.0,0.0,,15.5,0,0,0,0.3,0.3,0.07,-0.3,-0.3,Forward,Midfielder
Adel Mahamoud,COM,Nantes,fr Ligue 1,20 years,0.1,0,0,0,,0.0,0.0,,,,0,0,0,0.0,0.0,,0.0,0.0,Forward,
Arne Maier,GER,Augsburg,de Bundesliga,24 years,11.1,2,22,5,22.7,1.97,0.45,0.09,0.4,22.2,3,0,0,1.5,1.5,0.07,0.5,0.5,Midfielder,
Habib Maïga,CIV,Metz,fr Ligue 1,27 years,1.6,0,2,0,0.0,1.22,0.0,0.0,,9.9,0,0,0,0.1,0.1,0.06,-0.1,-0.1,Midfielder,Forward
Mike Maignan,FRA,Milan,it Serie A,28 years,29.0,0,0,0,,0.0,0.0,,,,0,0,0,0.0,0.0,,0.0,0.0,Goalkeeper,
Linton Maina,GER,Köln,de Bundesliga,24 years,21.1,1,33,11,33.3,1.56,0.52,0.03,0.09,19.8,0,0,0,1.9,1.9,0.06,-0.9,-0.9,Forward,Midfielder
Patrick Mainka,GER,Heidenheim,de Bundesliga,28 years,34.0,2,29,6,20.7,0.85,0.18,0.07,0.33,9.4,0,0,0,3.2,3.2,0.11,-1.2,-1.2,Defender,
Kobbie Mainoo,ENG,Manchester Utd,eng Premier League,18 years,21.4,3,11,5,45.5,0.51,0.23,0.27,0.6,21.1,0,0,0,0.9,0.9,0.08,2.1,2.1,Midfielder,
Ainsley Maitland-Niles,ENG,Lyon,fr Ligue 1,25 years,15.9,1,17,5,29.4,1.07,0.31,0.0,0.0,13.9,0,1,1,3.0,2.2,0.16,-2.0,-2.2,Defender,Midfielder
Radosław Majecki,POL,Monaco,fr Ligue 1,23 years,12.0,0,0,0,,0.0,0.0,,,,0,0,0,0.0,0.0,,0.0,0.0,Goalkeeper,
Lovro Majer,CRO,Rennes,fr Ligue 1,25 years,0.2,0,1,0,0.0,5.63,0.0,0.0,,22.0,0,0,0,0.0,0.0,0.03,0.0,0.0,Midfielder,
Lovro Majer,CRO,Wolfsburg,de Bundesliga,25 years,23.4,5,35,10,28.6,1.5,0.43,0.09,0.3,21.1,2,2,2,5.4,3.8,0.11,-0.4,-0.8,Midfielder,Forward
Jean-Victor Makengo,FRA,Lorient,fr Ligue 1,25 years,5.3,0,5,2,40.0,0.94,0.38,0.0,0.0,25.3,0,0,0,0.3,0.3,0.05,-0.3,-0.3,Midfielder,Forward
Jordy Makengo,FRA,Freiburg,de Bundesliga,21 years,11.4,0,3,0,0.0,0.26,0.0,0.0,,16.9,0,0,0,0.2,0.2,0.07,-0.2,-0.2,Defender,
Antoine Makoumbou,CGO,Cagliari,it Serie A,25 years,30.0,1,8,2,25.0,0.27,0.07,0.13,0.5,21.4,0,0,0,0.7,0.7,0.09,0.3,0.3,Midfielder,
Nemanja Maksimović,SRB,Getafe,es La Liga,28 years,36.3,4,34,15,44.1,0.94,0.41,0.12,0.27,11.7,0,0,0,5.5,5.5,0.16,-1.5,-1.5,Midfielder,
Julián Malatini,ARG,Werder Bremen,de Bundesliga,22 years,6.7,1,3,1,33.3,0.45,0.15,0.33,1.0,19.3,0,0,0,1.0,1.0,0.33,0.0,0.0,Defender,
Daniel Maldini,ITA,Monza,it Serie A,21 years,3.7,4,12,5,41.7,3.24,1.35,0.33,0.8,20.0,1,0,0,1.3,1.3,0.11,2.7,2.7,Midfielder,Forward
Daniel Maldini,ITA,Empoli,it Serie A,21 years,2.9,0,9,2,22.2,3.08,0.68,0.0,0.0,26.4,2,0,0,0.3,0.3,0.03,-0.3,-0.3,Forward,Midfielder
Youssef Maleh,MAR,Empoli,it Serie A,24 years,28.9,0,18,2,11.1,0.62,0.07,0.0,0.0,20.1,2,0,0,1.6,1.6,0.09,-1.6,-1.6,Midfielder,
Donyell Malen,NED,Dortmund,de Bundesliga,24 years,19.8,13,72,36,50.0,3.64,1.82,0.18,0.36,16.5,2,0,0,9.5,9.5,0.14,3.5,3.5,Forward,Midfielder
Ruslan Malinovskyi,UKR,Genoa,it Serie A,30 years,17.2,4,39,13,33.3,2.27,0.76,0.1,0.31,29.6,10,0,0,1.1,1.1,0.03,2.9,2.9,Midfielder,
Lennard Maloney,USA,Heidenheim,de Bundesliga,23 years,25.4,1,14,3,21.4,0.55,0.12,0.07,0.33,16.2,0,0,0,0.8,0.8,0.05,0.2,0.2,Midfielder,
Aaron Malouda,FRA,Lille,fr Ligue 1,17 years,0.0,0,0,0,,0.0,0.0,,,,0,0,0,0.0,0.0,,0.0,0.0,Forward,
Giorgi Mamardashvili,GEO,Valencia,es La Liga,22 years,36.5,0,0,0,,0.0,0.0,,,,0,0,0,0.0,0.0,,0.0,0.0,Goalkeeper,
David Mamutovic,GER,Mainz 05,de Bundesliga,22 years,0.1,0,0,0,,0.0,0.0,,,,0,0,0,0.0,0.0,,0.0,0.0,Forward,Defender
Wilson Manafá,POR,Granada,es La Liga,29 years,2.7,0,1,0,0.0,0.37,0.0,0.0,,29.4,0,0,0,0.0,0.0,0.01,0.0,0.0,Defender,Midfielder
Hianga Mananga Mbock,FRA,Brest,fr Ligue 1,23 years,0.1,0,1,0,0.0,10.0,0.0,0.0,,12.3,0,0,0,0.1,0.1,0.05,-0.1,-0.1,Midfielder,Forward
Gianluca Mancini,ITA,Roma,it Serie A,27 years,31.9,4,19,7,36.8,0.6,0.22,0.21,0.57,12.2,0,0,0,1.9,1.9,0.1,2.1,2.1,Defender,
Marco Mancosu,ITA,Cagliari,it Serie A,34 years,1.7,0,6,0,0.0,3.46,0.0,0.0,,29.7,1,0,1,1.2,0.5,0.08,-1.2,-0.5,Midfielder,Forward
Steve Mandanda,FRA,Rennes,fr Ligue 1,38 years,34.0,0,0,0,,0.0,0.0,,,,0,0,0,0.0,0.0,,0.0,0.0,Goalkeeper,
Christos Mandas,GRE,Lazio,it Serie A,21 years,8.0,0,0,0,,0.0,0.0,,,,0,0,0,0.0,0.0,,0.0,0.0,Goalkeeper,
Reinildo Mandava,MOZ,Atlético Madrid,es La Liga,29 years,8.1,2,5,3,60.0,0.62,0.37,0.4,0.67,10.4,0,0,0,0.9,0.9,0.17,1.1,1.1,Defender,
Aïssa Mandi,ALG,Villarreal,es La Liga,31 years,12.4,1,4,2,50.0,0.32,0.16,0.25,0.5,12.8,0,0,0,0.6,0.6,0.16,0.4,0.4,Defender,
Rolando Mandragora,ITA,Fiorentina,it Serie A,26 years,17.6,3,30,11,36.7,1.7,0.62,0.1,0.27,20.6,1,0,0,3.5,3.5,0.12,-0.5,-0.5,Midfielder,
Orel Mangala,BEL,Nottingham Forest,eng Premier League,25 years,17.4,1,10,1,10.0,0.58,0.06,0.1,1.0,18.9,0,0,0,0.8,0.8,0.08,0.2,0.2,Midfielder,
Orel Mangala,BEL,Lyon,fr Ligue 1,25 years,4.4,2,5,2,40.0,1.13,0.45,0.4,1.0,17.0,0,0,0,1.0,1.0,0.2,1.0,1.0,Midfielder,
Vito Mannone,ITA,Lille,fr Ligue 1,35 years,1.0,0,0,0,,0.0,0.0,,,,0,0,0,0.0,0.0,,0.0,0.0,Goalkeeper,
Kostas Manolas,GRE,Salernitana,it Serie A,32 years,5.4,0,2,0,0.0,0.37,0.0,0.0,,9.9,0,0,0,0.1,0.1,0.07,-0.1,-0.1,Defender,
Javier Manquillo,ESP,Celta Vigo,es La Liga,29 years,8.3,0,1,0,0.0,0.12,0.0,0.0,,13.5,0,0,0,0.1,0.1,0.11,-0.1,-0.1,Defender,Midfielder
Braydon Manu,GHA,Darmstadt 98,de Bundesliga,26 years,1.9,0,5,1,20.0,2.63,0.53,0.0,0.0,14.5,0,0,0,0.4,0.4,0.07,-0.4,-0.4,Midfielder,
Benson Manuel,ANG,Burnley,eng Premier League,26 years,1.3,0,4,2,50.0,3.1,1.55,0.0,0.0,24.0,0,0,0,0.1,0.1,0.02,-0.1,-0.1,Midfielder,Forward
Faitout Maouassa,FRA,Granada,es La Liga,25 years,2.5,0,5,0,0.0,1.97,0.0,0.0,,20.0,0,0,0,0.2,0.2,0.03,-0.2,-0.2,Defender,Midfielder
Faitout Maouassa,FRA,Lens,fr Ligue 1,25 years,0.8,0,3,2,66.7,3.55,2.37,0.0,0.0,19.1,0,0,0,0.1,0.1,0.03,-0.1,-0.1,Midfielder,Defender
Marcão,BRA,Sevilla,es La Liga,27 years,3.9,0,0,0,,0.0,0.0,,,,0,0,0,0.0,0.0,,0.0,0.0,Defender,
Solly March,ENG,Brighton,eng Premier League,29 years,6.2,3,14,6,42.9,2.27,0.97,0.21,0.5,16.6,1,0,0,2.0,2.0,0.14,1.0,1.0,Forward,Defender
Riccardo Marchizza,ITA,Frosinone,it Serie A,25 years,12.8,0,8,3,37.5,0.63,0.24,0.0,0.0,24.4,0,0,0,0.4,0.4,0.05,-0.4,-0.4,Defender,
Gian Marco Ferrari,ITA,Sassuolo,it Serie A,31 years,25.2,1,16,6,37.5,0.63,0.24,0.06,0.17,12.2,0,0,0,1.6,1.6,0.1,-0.6,-0.6,Defender,
Óscar de Marcos,ESP,Athletic Club,es La Liga,34 years,25.1,1,5,2,40.0,0.2,0.08,0.2,0.5,15.7,0,0,0,0.6,0.6,0.13,0.4,0.4,Defender,
Alberto Marí,ESP,Valencia,es La Liga,22 years,3.1,1,6,2,33.3,1.96,0.65,0.0,0.0,11.4,0,1,1,1.8,1.2,0.2,-0.8,-1.2,Forward,
José Mari,ESP,Cádiz,es La Liga,35 years,0.2,0,0,0,,0.0,0.0,,,,0,0,0,0.0,0.0,,0.0,0.0,Midfielder,Forward
Pablo Marí,ESP,Monza,it Serie A,29 years,29.1,0,8,1,12.5,0.28,0.03,0.0,0.0,13.9,0,0,0,0.4,0.4,0.05,-0.4,-0.4,Defender,
José María Giménez,URU,Atlético Madrid,es La Liga,28 years,14.7,0,7,1,14.3,0.48,0.07,0.0,0.0,12.4,0,0,0,0.4,0.4,0.06,-0.4,-0.4,Defender,
Mariano,DOM,Sevilla,es La Liga,29 years,2.7,0,14,2,14.3,5.16,0.74,0.0,0.0,14.7,0,0,0,1.2,1.2,0.09,-1.2,-1.2,Forward,Midfielder
Mirko Marić,CRO,Monza,it Serie A,28 years,3.2,1,7,2,28.6,2.2,0.63,0.14,0.5,10.4,0,0,0,0.9,0.9,0.12,0.1,0.1,Forward,
Rafa Marín,ESP,Alavés,es La Liga,21 years,27.1,0,13,3,23.1,0.48,0.11,0.0,0.0,14.5,0,0,0,0.7,0.7,0.05,-0.7,-0.7,Defender,
Răzvan Marin,ROU,Empoli,it Serie A,27 years,20.2,0,35,9,25.7,1.73,0.45,0.0,0.0,29.7,10,0,0,1.1,1.1,0.03,-1.1,-1.1,Midfielder,
Diego Mariño,ESP,Almería,es La Liga,33 years,1.0,0,0,0,,0.0,0.0,,,,0,0,0,0.0,0.0,,0.0,0.0,Goalkeeper,
Guillermo Maripán,CHI,Monaco,fr Ligue 1,29 years,19.6,1,11,5,45.5,0.56,0.25,0.09,0.2,16.6,0,0,0,0.4,0.4,0.04,0.6,0.6,Defender,
Mika Mármol,ESP,Las Palmas,es La Liga,22 years,35.3,0,3,0,0.0,0.08,0.0,0.0,,15.9,0,0,0,0.2,0.2,0.05,-0.2,-0.2,Defender,
Omar Marmoush,EGY,Eintracht Frankfurt,de Bundesliga,24 years,25.6,12,77,31,40.3,3.01,1.21,0.13,0.32,17.6,5,2,2,11.6,10.1,0.13,0.4,-0.1,Forward,Midfielder
Marquinhos,BRA,Nantes,fr Ligue 1,20 years,1.7,0,5,1,20.0,2.92,0.58,0.0,0.0,20.7,1,0,0,0.3,0.3,0.05,-0.3,-0.3,Forward,Midfielder
Marquinhos,BRA,Paris S-G,fr Ligue 1,29 years,17.1,0,4,0,0.0,0.23,0.0,0.0,,6.5,0,0,0,0.4,0.4,0.11,-0.4,-0.4,Defender,
Unai Marrero,ESP,Real Sociedad,es La Liga,21 years,1.6,0,0,0,,0.0,0.0,,,,0,0,0,0.0,0.0,,0.0,0.0,Goalkeeper,
Agustín Martegani,ARG,Salernitana,it Serie A,23 years,8.1,1,15,4,26.7,1.85,0.49,0.07,0.25,24.3,0,0,0,0.6,0.6,0.04,0.4,0.4,Midfielder,
Eric Martel,GER,Köln,de Bundesliga,21 years,27.3,1,27,9,33.3,0.99,0.33,0.04,0.11,18.9,0,0,0,2.2,2.2,0.09,-1.2,-1.2,Midfielder,
Roger Martí,ESP,Cádiz,es La Liga,32 years,15.1,2,33,12,36.4,2.19,0.79,0.06,0.17,17.8,0,0,0,2.8,2.8,0.08,-0.8,-0.8,Forward,
Anthony Martial,FRA,Manchester Utd,eng Premier League,27 years,5.0,1,6,4,66.7,1.21,0.8,0.17,0.25,12.9,0,0,0,1.2,1.2,0.2,-0.2,-0.2,Forward,
Aarón Martín,ESP,Genoa,it Serie A,26 years,15.3,0,5,0,0.0,0.33,0.0,0.0,,24.8,2,0,0,0.2,0.2,0.03,-0.2,-0.2,Defender,
Iván Martín,ESP,Girona,es La Liga,24 years,30.3,5,19,11,57.9,0.63,0.36,0.26,0.45,16.4,0,0,0,2.9,2.9,0.15,2.1,2.1,Midfielder,
Jon Martin,ESP,Real Sociedad,es La Liga,17 years,0.3,0,0,0,,0.0,0.0,,,,0,0,0,0.0,0.0,,0.0,0.0,Defender,
Jonas Martin,FRA,Brest,fr Ligue 1,33 years,13.4,0,10,3,30.0,0.75,0.22,0.0,0.0,17.7,0,0,0,1.2,1.2,0.12,-1.2,-1.2,Midfielder,
Mario Martín,ESP,Real Madrid,es La Liga,19 years,0.2,0,0,0,,0.0,0.0,,,,0,0,0,0.0,0.0,,0.0,0.0,Midfielder,
Gabriel Martinelli,BRA,Arsenal,eng Premier League,22 years,22.4,6,58,20,34.5,2.59,0.89,0.1,0.3,15.6,0,0,0,6.8,6.8,0.12,-0.8,-0.8,Forward,
Tommaso Martinelli,ITA,Fiorentina,it Serie A,17 years,1.0,0,0,0,,0.0,0.0,,,,0,0,0,0.0,0.0,,0.0,0.0,Goalkeeper,
Arnau Martinez,ESP,Girona,es La Liga,20 years,13.8,0,1,0,0.0,0.07,0.0,0.0,,7.9,0,0,0,0.2,0.2,0.2,-0.2,-0.2,Defender,
Emiliano Martínez,ARG,Aston Villa,eng Premier League,30 years,33.5,0,0,0,,0.0,0.0,,,,0,0,0,0.0,0.0,,0.0,0.0,Goalkeeper,
Iñigo Martínez,ESP,Barcelona,es La Liga,32 years,14.4,0,8,1,12.5,0.56,0.07,0.0,0.0,11.6,0,0,0,0.4,0.4,0.05,-0.4,-0.4,Defender,
Josep Martinez,ESP,Genoa,it Serie A,25 years,36.0,0,0,0,,0.0,0.0,,,,0,0,0,0.0,0.0,,0.0,0.0,Goalkeeper,
Lautaro Martínez,ARG,Inter,it Serie A,25 years,29.5,24,105,44,41.9,3.56,1.49,0.21,0.5,14.2,0,2,3,17.6,15.3,0.15,6.4,6.7,Forward,
Lisandro Martínez,ARG,Manchester Utd,eng Premier League,25 years,7.2,0,0,0,,0.0,0.0,,,,0,0,0,0.0,0.0,,0.0,0.0,Defender,
Marc Martínez,ESP,Granada,es La Liga,33 years,3.0,0,0,0,,0.0,0.0,,,,0,0,0,0.0,0.0,,0.0,0.0,Goalkeeper,
Lucas Martínez Quarta,ARG,Fiorentina,it Serie A,27 years,25.5,5,24,7,29.2,0.94,0.27,0.21,0.71,10.2,0,0,0,2.7,2.7,0.11,2.3,2.3,Defender,
Adam Marušić,MNE,Lazio,it Serie A,30 years,34.4,1,8,3,37.5,0.23,0.09,0.13,0.33,19.9,0,0,0,0.4,0.4,0.05,0.6,0.6,Defender,
Marvin,ESP,Las Palmas,es La Liga,23 years,20.6,0,14,3,21.4,0.68,0.15,0.0,0.0,17.3,0,0,0,0.9,0.9,0.07,-0.9,-0.9,Forward,Defender
Omar Mascarell,EQG,Mallorca,es La Liga,30 years,17.5,0,6,0,0.0,0.34,0.0,0.0,,21.7,0,0,0,0.4,0.4,0.06,-0.4,-0.4,Midfielder,
Adam Masina,MAR,Udinese,it Serie A,29 years,0.7,0,1,1,100.0,1.41,1.41,0.0,0.0,21.9,0,0,0,0.1,0.1,0.06,-0.1,-0.1,Defender,
Adam Masina,MAR,Torino,it Serie A,29 years,11.4,0,5,1,20.0,0.44,0.09,0.0,0.0,13.4,0,0,0,0.2,0.2,0.05,-0.2,-0.2,Defender,
Erhan Mašović,SRB,Bochum,de Bundesliga,24 years,24.7,0,17,3,17.6,0.69,0.12,0.0,0.0,21.2,0,0,0,1.1,1.1,0.06,-1.1,-1.1,Defender,Midfielder
Han-Noah Massengo,FRA,Burnley,eng Premier League,22 years,0.2,0,0,0,,0.0,0.0,,,,0,0,0,0.0,0.0,,0.0,0.0,Midfielder,Defender
Roberto Massimo,GER,Stuttgart,de Bundesliga,22 years,0.9,0,0,0,,0.0,0.0,,,,0,0,0,0.0,0.0,,0.0,0.0,Forward,Defender
Clinton Mata,ANG,Lyon,fr Ligue 1,30 years,24.7,0,14,0,0.0,0.57,0.0,0.0,,24.3,3,0,0,0.6,0.6,0.04,-0.6,-0.6,Defender,
Jaime Mata,ESP,Getafe,es La Liga,34 years,19.9,5,32,12,37.5,1.61,0.6,0.16,0.42,13.8,0,0,0,5.6,5.6,0.18,-0.6,-0.6,Forward,Midfielder
Pape Matar Sarr,SEN,Tottenham,eng Premier League,20 years,23.0,3,36,13,36.1,1.57,0.57,0.08,0.23,17.6,0,0,0,3.4,3.4,0.1,-0.4,-0.4,Midfielder,
Eliot Matazo,BEL,Monaco,fr Ligue 1,21 years,1.1,0,1,1,100.0,0.88,0.88,0.0,0.0,22.6,0,0,0,0.1,0.1,0.08,-0.1,-0.1,Midfielder,
Jean-Philippe Mateta,FRA,Crystal Palace,eng Premier League,26 years,25.4,16,44,25,56.8,1.74,0.99,0.32,0.56,12.7,0,2,2,10.9,9.4,0.21,5.1,4.6,Forward,
Nemanja Matić,SRB,Rennes,fr Ligue 1,34 years,11.4,0,5,1,20.0,0.44,0.09,0.0,0.0,30.0,0,0,0,0.3,0.3,0.07,-0.3,-0.3,Midfielder,
Nemanja Matić,SRB,Lyon,fr Ligue 1,34 years,13.9,0,6,2,33.3,0.43,0.14,0.0,0.0,20.1,0,0,0,0.3,0.3,0.05,-0.3,-0.3,Midfielder,
Joël Matip,CMR,Liverpool,eng Premier League,31 years,8.7,0,5,0,0.0,0.58,0.0,0.0,,10.6,0,0,0,0.5,0.5,0.1,-0.5,-0.5,Defender,
Alex Matos,ENG,Chelsea,eng Premier League,18 years,0.0,0,0,0,,0.0,0.0,,,,0,0,0,0.0,0.0,,0.0,0.0,Midfielder,
Chrislain Matsima,FRA,Clermont Foot,fr Ligue 1,21 years,13.1,1,5,2,40.0,0.38,0.15,0.2,0.5,24.0,0,0,0,0.2,0.2,0.03,0.8,0.8,Defender,
Chrislain Matsima,FRA,Monaco,fr Ligue 1,21 years,3.3,0,2,0,0.0,0.6,0.0,0.0,,8.7,0,0,0,0.1,0.1,0.07,-0.1,-0.1,Defender,
Jean Mattéo Bahoya,FRA,Eintracht Frankfurt,de Bundesliga,18 years,2.0,0,0,0,,0.0,0.0,,,,0,0,0,0.0,0.0,,0.0,0.0,Midfielder,Forward
Remi Matthews,ENG,Crystal Palace,eng Premier League,29 years,0.0,0,0,0,,0.0,0.0,,,,0,0,0,0.0,0.0,,0.0,0.0,Goalkeeper,
Alan Matturro,URU,Genoa,it Serie A,18 years,1.2,0,1,0,0.0,0.85,0.0,0.0,,7.5,0,0,0,0.1,0.1,0.07,-0.1,-0.1,Defender,
Azor Matusiwa,NED,Reims,fr Ligue 1,25 years,15.4,1,12,2,16.7,0.78,0.13,0.08,0.5,21.1,0,0,0,0.7,0.7,0.05,0.3,0.3,Midfielder,
Azor Matusiwa,NED,Rennes,fr Ligue 1,25 years,8.8,0,6,1,16.7,0.68,0.11,0.0,0.0,18.1,0,0,0,0.3,0.3,0.05,-0.3,-0.3,Midfielder,
Neal Maupay,FRA,Brentford,eng Premier League,26 years,14.7,6,37,14,37.8,2.52,0.95,0.16,0.43,15.3,1,0,0,5.7,5.7,0.16,0.3,0.3,Forward,
Neal Maupay,FRA,Everton,eng Premier League,26 years,1.2,0,5,4,80.0,4.05,3.24,0.0,0.0,12.5,0,0,0,1.4,1.4,0.29,-1.4,-1.4,Forward,
Aïman Maurer,MAR,Clermont Foot,fr Ligue 1,18 years,0.6,0,3,1,33.3,4.82,1.61,0.0,0.0,18.5,0,0,0,0.1,0.1,0.04,-0.1,-0.1,Midfielder,Forward
Konstantinos Mavropanos,GRE,West Ham,eng Premier League,25 years,16.7,1,12,2,16.7,0.72,0.12,0.08,0.5,9.3,0,0,0,1.2,1.2,0.1,-0.2,-0.2,Defender,
Christian Mawissa,FRA,Toulouse,fr Ligue 1,18 years,12.4,2,5,2,40.0,0.4,0.16,0.4,1.0,13.1,0,0,0,1.0,1.0,0.19,1.0,1.0,Defender,
Philipp Max,GER,Eintracht Frankfurt,de Bundesliga,29 years,15.0,1,8,2,25.0,0.53,0.13,0.13,0.5,24.2,0,0,0,0.2,0.2,0.03,0.8,0.8,Defender,
Eric Maxim Choupo-Moting,CMR,Bayern Munich,de Bundesliga,34 years,8.0,2,26,11,42.3,3.26,1.38,0.08,0.18,12.5,0,0,0,4.5,4.5,0.17,-2.5,-2.5,Midfielder,Forward
Luís Maximiano,POR,Almería,es La Liga,24 years,33.0,0,0,0,,0.0,0.0,,,,0,0,0,0.0,0.0,,0.0,0.0,Goalkeeper,
Noam Mayoka-Tika,BEL,Marseille,fr Ligue 1,19 years,0.0,0,0,0,,0.0,0.0,,,,0,0,0,0.0,0.0,,0.0,0.0,Midfielder,
Borja Mayoral,ESP,Getafe,es La Liga,26 years,23.9,15,43,23,53.5,1.8,0.96,0.26,0.48,15.8,0,4,4,11.9,8.7,0.2,3.1,2.3,Forward,
Senny Mayulu,FRA,Paris S-G,fr Ligue 1,17 years,3.6,0,3,0,0.0,0.83,0.0,0.0,,23.4,0,0,0,0.1,0.1,0.05,-0.1,-0.1,Forward,Midfielder
Youssef Maziz,FRA,Metz,fr Ligue 1,25 years,1.4,1,3,1,33.3,2.18,0.73,0.33,1.0,19.4,0,0,0,0.1,0.1,0.04,0.9,0.9,Forward,Midfielder
Noussair Mazraoui,MAR,Bayern Munich,de Bundesliga,25 years,13.3,0,12,3,25.0,0.9,0.23,0.0,0.0,19.0,0,0,0,0.9,0.9,0.07,-0.9,-0.9,Defender,
Luca Mazzitelli,ITA,Frosinone,it Serie A,27 years,24.6,5,49,18,36.7,2.0,0.73,0.1,0.28,23.0,3,0,0,2.3,2.3,0.05,2.7,2.7,Midfielder,
Pasquale Mazzocchi,ITA,Salernitana,it Serie A,28 years,14.1,0,8,1,12.5,0.57,0.07,0.0,0.0,28.6,1,0,0,0.3,0.3,0.04,-0.3,-0.3,Defender,
Pasquale Mazzocchi,ITA,Napoli,it Serie A,28 years,4.8,0,5,1,20.0,1.05,0.21,0.0,0.0,24.5,0,0,0,0.2,0.2,0.03,-0.2,-0.2,Defender,
Kevin Mbabu,SUI,Augsburg,de Bundesliga,28 years,22.7,0,4,1,25.0,0.18,0.04,0.0,0.0,17.6,0,0,0,0.1,0.1,0.03,-0.1,-0.1,Defender,
Noah Mbamba,BEL,Leverkusen,de Bundesliga,18 years,0.2,0,1,0,0.0,5.63,0.0,0.0,,26.7,0,0,0,0.0,0.0,0.03,0.0,0.0,Midfielder,
Ethan Mbappé,FRA,Paris S-G,fr Ligue 1,16 years,0.5,0,2,1,50.0,3.75,1.87,0.0,0.0,15.7,0,0,0,0.1,0.1,0.07,-0.1,-0.1,Midfielder,Defender
Kylian Mbappé,FRA,Paris S-G,fr Ligue 1,24 years,24.0,27,112,50,44.6,4.67,2.09,0.19,0.42,18.3,2,6,8,21.0,14.5,0.13,6.0,6.5,Forward,
Malick Mbaye,SEN,Metz,fr Ligue 1,19 years,1.7,0,4,0,0.0,2.35,0.0,0.0,,18.6,0,0,0,0.4,0.4,0.11,-0.4,-0.4,Midfielder,Forward
Mamadou Mbaye,SEN,Cádiz,es La Liga,25 years,3.2,0,2,1,50.0,0.62,0.31,0.0,0.0,7.9,0,0,0,0.3,0.3,0.17,-0.3,-0.3,Defender,
Chancel Mbemba,COD,Marseille,fr Ligue 1,28 years,24.5,2,19,2,10.5,0.77,0.08,0.11,1.0,10.3,0,0,0,1.8,1.8,0.1,0.2,0.2,Defender,
Nolan Mbemba,CGO,Le Havre,fr Ligue 1,28 years,0.2,1,2,1,50.0,8.18,4.09,0.5,1.0,27.1,0,0,0,0.0,0.0,0.02,1.0,1.0,Midfielder,
Bryan Mbeumo,CMR,Brentford,eng Premier League,23 years,21.8,9,50,16,32.0,2.3,0.73,0.12,0.38,17.1,4,3,3,9.8,7.4,0.15,-0.8,-1.4,Forward,
Christ Mbondi,FRA,Reims,fr Ligue 1,18 years,0.0,0,0,0,,0.0,0.0,,,,0,0,0,0.0,0.0,,0.0,0.0,Forward,
Jordi Mboula,ESP,Hellas Verona,it Serie A,24 years,3.4,0,4,1,25.0,1.17,0.29,0.0,0.0,15.9,0,0,0,0.2,0.2,0.05,-0.2,-0.2,Forward,Midfielder
Nathanael Mbuku,COD,Augsburg,de Bundesliga,21 years,0.1,0,1,0,0.0,18.0,0.0,0.0,,23.7,0,0,0,0.0,0.0,0.03,0.0,0.0,Forward,
James Mcatee,ENG,Sheffield Utd,eng Premier League,20 years,20.2,3,25,8,32.0,1.23,0.4,0.08,0.25,18.6,2,1,1,3.1,2.3,0.09,-0.1,-0.3,Midfielder,Forward
James Mcatee,ENG,Manchester City,eng Premier League,20 years,0.0,0,0,0,,0.0,0.0,,,,0,0,0,0.0,0.0,,0.0,0.0,Midfielder,
Oliver McBurnie,SCO,Sheffield Utd,eng Premier League,27 years,14.2,6,31,15,48.4,2.18,1.05,0.13,0.27,11.9,0,2,2,6.9,5.3,0.17,-0.9,-1.3,Forward,
James McConnell,ENG,Liverpool,eng Premier League,18 years,0.0,0,0,0,,0.0,0.0,,,,0,0,0,0.0,0.0,,0.0,0.0,Midfielder,
John McGinn,SCO,Aston Villa,eng Premier League,28 years,33.3,6,40,14,35.0,1.2,0.42,0.15,0.43,19.5,3,0,0,5.0,5.0,0.12,1.0,1.0,Midfielder,Forward
Scott McKenna,SCO,Nottingham Forest,eng Premier League,26 years,4.6,0,2,0,0.0,0.43,0.0,0.0,,10.8,0,0,0,0.2,0.2,0.1,-0.2,-0.2,Defender,
Weston McKennie,USA,Juventus,it Serie A,24 years,28.8,0,23,5,21.7,0.8,0.17,0.0,0.0,10.5,0,0,0,3.0,3.0,0.13,-3.0,-3.0,Midfielder,Defender
Dwight McNeil,ENG,Everton,eng Premier League,23 years,32.1,3,57,14,24.6,1.77,0.44,0.05,0.21,21.0,0,0,0,3.4,3.4,0.06,-0.4,-0.4,Midfielder,Forward
Scott McTominay,SCO,Manchester Utd,eng Premier League,26 years,21.1,7,44,19,43.2,2.08,0.9,0.16,0.37,14.6,0,0,0,5.7,5.7,0.14,1.3,1.3,Midfielder,Forward
Facundo Medina,ARG,Lens,fr Ligue 1,24 years,30.2,1,19,12,63.2,0.63,0.4,0.05,0.08,18.6,0,0,0,1.1,1.1,0.06,-0.1,-0.1,Defender,
Ben Mee,ENG,Brentford,eng Premier League,33 years,14.1,2,10,2,20.0,0.71,0.14,0.2,1.0,12.7,0,0,0,1.5,1.5,0.15,0.5,0.5,Defender,
Marvin Mehlem,GER,Darmstadt 98,de Bundesliga,25 years,16.5,3,23,8,34.8,1.4,0.49,0.13,0.38,17.5,0,0,0,3.8,3.8,0.17,-0.8,-0.8,Midfielder,
Bamo Meïté,CIV,Marseille,fr Ligue 1,21 years,7.1,0,1,0,0.0,0.14,0.0,0.0,,7.6,0,0,0,0.1,0.1,0.06,-0.1,-0.1,Defender,
Bamo Meïté,CIV,Lorient,fr Ligue 1,21 years,1.6,0,0,0,,0.0,0.0,,,,0,0,0,0.0,0.0,,0.0,0.0,Defender,
Hannibal Mejbri,TUN,Manchester Utd,eng Premier League,20 years,1.5,1,1,1,100.0,0.68,0.68,1.0,1.0,28.7,0,0,0,0.0,0.0,0.03,1.0,1.0,Midfielder,Forward
Hannibal Mejbri,TUN,Sevilla,es La Liga,20 years,1.2,0,1,0,0.0,0.87,0.0,0.0,,24.9,0,0,0,0.0,0.0,0.01,0.0,0.0,Midfielder,
Óscar Melendo,ESP,Granada,es La Liga,25 years,12.5,0,6,2,33.3,0.48,0.16,0.0,0.0,14.9,0,0,0,0.4,0.4,0.07,-0.4,-0.4,Midfielder,Forward
Gonzalo Melero,ESP,Almería,es La Liga,29 years,12.3,1,14,4,28.6,1.14,0.33,0.07,0.25,11.7,0,0,0,2.0,2.0,0.14,-1.0,-1.0,Midfielder,Forward
Birger Meling,NOR,Rennes,fr Ligue 1,28 years,0.2,0,1,1,100.0,5.63,5.63,0.0,0.0,12.2,0,0,0,0.2,0.2,0.15,-0.2,-0.2,Defender,
Arthur Melo,BRA,Fiorentina,it Serie A,26 years,22.1,2,11,5,45.5,0.5,0.23,0.09,0.2,28.6,0,1,1,1.0,0.3,0.02,1.0,0.7,Midfielder,
Memphis,NED,Atlético Madrid,es La Liga,29 years,9.9,5,38,15,39.5,3.83,1.51,0.13,0.33,17.5,3,0,0,5.8,5.8,0.15,-0.8,-0.8,Forward,
Houboulang Mendes,GNB,Almería,es La Liga,25 years,4.4,0,1,0,0.0,0.23,0.0,0.0,,23.2,0,0,0,0.0,0.0,0.01,0.0,0.0,Defender,
Nuno Mendes,POR,Paris S-G,fr Ligue 1,21 years,3.0,1,4,1,25.0,1.35,0.34,0.25,1.0,21.6,1,0,0,0.3,0.3,0.08,0.7,0.7,Defender,
Tomás Mendes,ESP,Alavés,es La Liga,18 years,0.1,0,0,0,,0.0,0.0,,,,0,0,0,0.0,0.0,,0.0,0.0,Midfielder,
Brais Méndez,ESP,Real Sociedad,es La Liga,26 years,26.8,5,66,15,22.7,2.46,0.56,0.08,0.33,20.7,10,0,0,4.2,4.2,0.06,0.8,0.8,Midfielder,Forward
Bruno Méndez,URU,Granada,es La Liga,23 years,14.8,2,8,4,50.0,0.54,0.27,0.25,0.5,15.8,0,0,0,0.6,0.6,0.08,1.4,1.4,Defender,
Diego Méndez,ESP,Rayo Vallecano,es La Liga,19 years,0.1,0,0,0,,0.0,0.0,,,,0,0,0,0.0,0.0,,0.0,0.0,Midfielder,
Leonardo Mendicino,ITA,Atalanta,it Serie A,17 years,0.0,0,0,0,,0.0,0.0,,,,0,0,0,0.0,0.0,,0.0,0.0,Midfielder,
Antoine Mendy,SEN,Nice,fr Ligue 1,19 years,4.6,0,2,1,50.0,0.43,0.22,0.0,0.0,20.5,0,0,0,0.1,0.1,0.05,-0.1,-0.1,Defender,
Benjamin Mendy,FRA,Lorient,fr Ligue 1,29 years,7.9,2,13,4,30.8,1.65,0.51,0.15,0.5,16.6,0,0,0,1.1,1.1,0.08,0.9,0.9,Defender,
Ferland Mendy,FRA,Real Madrid,es La Liga,28 years,19.1,0,5,1,20.0,0.26,0.05,0.0,0.0,19.8,0,0,0,0.2,0.2,0.05,-0.2,-0.2,Defender,
Formose Mendy,SEN,Lorient,fr Ligue 1,22 years,14.0,0,7,2,28.6,0.5,0.14,0.0,0.0,14.7,0,0,0,0.3,0.3,0.04,-0.3,-0.3,Defender,
Nampalys Mendy,SEN,Lens,fr Ligue 1,31 years,11.7,0,7,2,28.6,0.6,0.17,0.0,0.0,26.5,0,0,0,0.2,0.2,0.03,-0.2,-0.2,Midfielder,
Teden Mengi,ENG,Luton Town,eng Premier League,21 years,27.4,1,11,4,36.4,0.4,0.15,0.09,0.25,17.6,0,0,0,0.6,0.6,0.05,0.4,0.4,Defender,
Chris Mepham,WAL,Bournemouth,eng Premier League,25 years,6.9,0,1,1,100.0,0.15,0.15,0.0,0.0,8.8,0,0,0,0.1,0.1,0.09,-0.1,-0.1,Defender,
Jorge Meré,ESP,Cádiz,es La Liga,26 years,7.5,0,4,1,25.0,0.53,0.13,0.0,0.0,18.2,0,0,0,0.2,0.2,0.04,-0.2,-0.2,Defender,
Alex Meret,ITA,Napoli,it Serie A,26 years,30.8,0,0,0,,0.0,0.0,,,,0,0,0,0.0,0.0,,0.0,0.0,Goalkeeper,
Mikel Merino,ESP,Real Sociedad,es La Liga,27 years,27.6,5,30,11,36.7,1.09,0.4,0.17,0.45,13.9,0,0,0,3.3,3.3,0.11,1.7,1.7,Midfielder,
Quentin Merlin,FRA,Marseille,fr Ligue 1,21 years,7.8,0,5,1,20.0,0.64,0.13,0.0,0.0,22.6,0,0,0,0.1,0.1,0.03,-0.1,-0.1,Defender,
Quentin Merlin,FRA,Nantes,fr Ligue 1,21 years,14.3,0,14,3,21.4,0.98,0.21,0.0,0.0,20.4,0,0,0,0.7,0.7,0.05,-0.7,-0.7,Defender,
Junior Messias,BRA,Genoa,it Serie A,32 years,11.7,1,22,3,13.6,1.88,0.26,0.05,0.33,18.2,1,0,0,1.6,1.6,0.07,-0.6,-0.6,Midfielder,Defender
Thomas Meunier,BEL,Dortmund,de Bundesliga,31 years,6.5,0,8,1,12.5,1.23,0.15,0.0,0.0,18.7,0,0,0,0.5,0.5,0.06,-0.5,-0.5,Defender,
Bastien Meupiyou,FRA,Nantes,fr Ligue 1,17 years,0.1,0,0,0,,0.0,0.0,,,,0,0,0,0.0,0.0,,0.0,0.0,Defender,
Alexander Meyer,GER,Dortmund,de Bundesliga,32 years,7.7,0,0,0,,0.0,0.0,,,,0,0,0,0.0,0.0,,0.0,0.0,Goalkeeper,
Omenuke Mfulu,COD,Las Palmas,es La Liga,29 years,0.9,0,0,0,,0.0,0.0,,,,0,0,0,0.0,0.0,,0.0,0.0,Midfielder,Forward
Lucas Michal,FRA,Monaco,fr Ligue 1,18 years,0.1,0,0,0,,0.0,0.0,,,,0,0,0,0.0,0.0,,0.0,0.0,Forward,
Sven Michel,GER,Augsburg,de Bundesliga,33 years,6.5,2,12,5,41.7,1.85,0.77,0.08,0.2,20.7,0,1,2,2.4,0.8,0.07,-0.4,0.2,Forward,Midfielder
Miguel,ESP,Alavés,es La Liga,23 years,0.7,0,2,1,50.0,2.77,1.38,0.0,0.0,19.6,0,0,0,0.1,0.1,0.05,-0.1,-0.1,Forward,Midfielder
Georges Mikautadze,GEO,Metz,fr Ligue 1,22 years,19.4,13,55,24,43.6,2.83,1.24,0.18,0.42,17.7,4,3,3,9.5,7.2,0.13,3.5,2.8,Forward,
Nikola Milenković,SRB,Fiorentina,it Serie A,25 years,27.9,0,10,3,30.0,0.36,0.11,0.0,0.0,19.9,0,0,0,0.4,0.4,0.04,-0.4,-0.4,Defender,
Lewis Miley,ENG,Newcastle Utd,eng Premier League,17 years,13.4,1,13,3,23.1,0.97,0.22,0.08,0.33,15.4,0,0,0,1.2,1.2,0.1,-0.2,-0.2,Midfielder,
Arkadiusz Milik,POL,Juventus,it Serie A,29 years,10.2,4,37,13,35.1,3.62,1.27,0.11,0.31,13.6,3,0,0,5.1,5.1,0.14,-1.1,-1.1,Forward,
Vanja Milinković-Savić,SRB,Torino,it Serie A,26 years,36.0,0,0,0,,0.0,0.0,,,,0,0,0,0.0,0.0,,0.0,0.0,Goalkeeper,
Éder Militão,BRA,Real Madrid,es La Liga,25 years,5.5,0,2,2,100.0,0.36,0.36,0.0,0.0,22.4,0,0,0,0.1,0.1,0.06,-0.1,-0.1,Defender,
Luis Milla,ESP,Getafe,es La Liga,28 years,23.5,0,16,5,31.3,0.68,0.21,0.0,0.0,25.1,1,0,0,0.6,0.6,0.04,-0.6,-0.6,Midfielder,
Enzo Millot,FRA,Stuttgart,de Bundesliga,21 years,24.9,5,38,17,44.7,1.53,0.68,0.11,0.24,19.4,0,1,1,5.3,4.5,0.12,-0.3,-0.5,Midfielder,Forward
James Milner,ENG,Brighton,eng Premier League,37 years,8.6,0,5,1,20.0,0.58,0.12,0.0,0.0,17.2,0,0,0,0.3,0.3,0.06,-0.3,-0.3,Defender,Midfielder
Jovan Milošević,SRB,Stuttgart,de Bundesliga,18 years,0.3,0,0,0,,0.0,0.0,,,,0,0,0,0.0,0.0,,0.0,0.0,Forward,Midfielder
Marko Milovanović,SRB,Almería,es La Liga,19 years,3.4,1,5,1,20.0,1.46,0.29,0.2,1.0,16.2,0,0,0,1.5,1.5,0.31,-0.5,-0.5,Forward,Midfielder
Kim Min-jae,KOR,Bayern Munich,de Bundesliga,26 years,21.9,1,10,3,30.0,0.46,0.14,0.1,0.33,10.4,0,0,0,0.8,0.8,0.08,0.2,0.2,Defender,
Yerry Mina,COL,Fiorentina,it Serie A,28 years,0.5,0,1,0,0.0,2.05,0.0,0.0,,15.8,0,0,0,0.1,0.1,0.06,-0.1,-0.1,Defender,Midfielder
Yerry Mina,COL,Cagliari,it Serie A,28 years,13.5,2,2,1,50.0,0.15,0.07,0.5,1.0,17.2,0,1,1,1.3,0.5,0.25,0.7,0.5,Defender,
Takumi Minamino,JPN,Monaco,fr Ligue 1,28 years,23.5,9,60,28,46.7,2.55,1.19,0.15,0.32,17.1,0,0,0,5.9,5.9,0.1,3.1,3.1,Midfielder,
Lucas Mincarelli,FRA,Montpellier,fr Ligue 1,19 years,10.9,1,6,3,50.0,0.55,0.28,0.17,0.33,17.9,0,0,0,0.4,0.4,0.06,0.6,0.6,Defender,Midfielder
Tyrone Mings,ENG,Aston Villa,eng Premier League,30 years,0.3,0,1,0,0.0,3.0,0.0,0.0,,18.4,0,0,0,0.0,0.0,0.01,0.0,0.0,Defender,
Óscar Mingueza,ESP,Celta Vigo,es La Liga,24 years,33.3,2,28,13,46.4,0.84,0.39,0.07,0.15,20.4,0,0,0,2.6,2.6,0.09,-0.6,-0.6,Defender,Midfielder
Ignasi Miquel,ESP,Granada,es La Liga,30 years,33.2,1,22,8,36.4,0.66,0.24,0.05,0.13,12.7,0,0,0,1.4,1.4,0.06,-0.4,-0.4,Defender,
Rafa Mir,ESP,Sevilla,es La Liga,26 years,4.3,2,15,7,46.7,3.45,1.61,0.13,0.29,16.9,0,0,0,1.4,1.4,0.1,0.6,0.6,Forward,Midfielder
Ignacio Miramon,ARG,Lille,fr Ligue 1,20 years,0.4,0,2,1,50.0,4.62,2.31,0.0,0.0,29.9,0,0,0,0.1,0.1,0.03,-0.1,-0.1,Midfielder,
Aleksei Miranchuk,RUS,Atalanta,it Serie A,27 years,13.1,3,37,21,56.8,2.83,1.61,0.08,0.14,16.4,0,0,0,5.4,5.4,0.15,-2.4,-2.4,Midfielder,Forward
Juan Miranda,ESP,Betis,es La Liga,23 years,20.6,1,16,6,37.5,0.78,0.29,0.06,0.17,18.6,1,0,0,1.6,1.6,0.11,-0.6,-0.6,Defender,
Kevin Miranda,ITA,Sassuolo,it Serie A,20 years,0.2,0,0,0,,0.0,0.0,,,,0,0,0,0.0,0.0,,0.0,0.0,Defender,
Antonio Mirante,ITA,Milan,it Serie A,40 years,2.0,0,0,0,,0.0,0.0,,,,0,0,0,0.0,0.0,,0.0,0.0,Goalkeeper,
Fabio Miretti,ITA,Juventus,it Serie A,19 years,12.3,1,20,3,15.0,1.63,0.24,0.05,0.33,20.4,0,0,0,1.2,1.2,0.06,-0.2,-0.2,Midfielder,
Filippo Missori,ITA,Sassuolo,it Serie A,19 years,3.0,0,4,1,25.0,1.35,0.34,0.0,0.0,16.6,0,0,0,0.3,0.3,0.07,-0.3,-0.3,Defender,
Tyrick Mitchell,ENG,Crystal Palace,eng Premier League,23 years,35.6,2,12,4,33.3,0.34,0.11,0.17,0.5,12.4,0,0,0,1.6,1.6,0.13,0.4,0.4,Defender,Midfielder
Kaoru Mitoma,JPN,Brighton,eng Premier League,26 years,16.5,3,34,15,44.1,2.06,0.91,0.09,0.2,13.2,0,0,0,3.5,3.5,0.1,-0.5,-0.5,Forward,
Aleksandar Mitrović,SRB,Fulham,eng Premier League,28 years,0.4,0,2,1,50.0,5.45,2.73,0.0,0.0,11.0,0,0,0,0.2,0.2,0.08,-0.2,-0.2,Forward,
Stefan Mitrović,SRB,Hellas Verona,it Serie A,20 years,4.3,0,7,1,14.3,1.61,0.23,0.0,0.0,15.1,0,0,0,0.4,0.4,0.06,-0.4,-0.4,Forward,Midfielder
Stefan Mitrović,SRB,Getafe,es La Liga,33 years,7.8,1,1,1,100.0,0.13,0.13,1.0,1.0,8.7,0,0,0,0.1,0.1,0.09,0.9,0.9,Defender,
Maximilian Mittelstädt,GER,Stuttgart,de Bundesliga,26 years,23.4,2,21,6,28.6,0.9,0.26,0.1,0.33,23.3,0,0,0,0.9,0.9,0.04,1.1,1.1,Defender,
Henrikh Mkhitaryan,ARM,Inter,it Serie A,34 years,30.9,2,39,6,15.4,1.26,0.19,0.05,0.33,19.5,0,0,0,3.6,3.6,0.09,-1.6,-1.6,Midfielder,
Marko Mladenović,SRB,Eintracht Frankfurt,de Bundesliga,18 years,0.1,0,0,0,,0.0,0.0,,,,0,0,0,0.0,0.0,,0.0,0.0,Midfielder,
Jakub Moder,POL,Brighton,eng Premier League,24 years,6.9,0,11,3,27.3,1.6,0.44,0.0,0.0,17.8,1,0,0,0.6,0.6,0.05,-0.6,-0.6,Midfielder,Defender
Luka Modrić,CRO,Real Madrid,es La Liga,37 years,18.8,2,25,10,40.0,1.33,0.53,0.08,0.2,21.9,1,0,0,1.3,1.3,0.05,0.7,0.7,Midfielder,
Max Moerstedt,GER,Hoffenheim,de Bundesliga,nan years,0.1,0,0,0,,0.0,0.0,,,,0,0,0,0.0,0.0,,0.0,0.0,Defender,Forward
Terem Moffi,NGA,Nice,fr Ligue 1,24 years,21.7,11,46,20,43.5,2.12,0.92,0.17,0.4,15.4,0,3,3,10.7,8.3,0.18,0.3,-0.3,Forward,
Mostafa Mohamed,EGY,Nantes,fr Ligue 1,25 years,22.2,8,62,23,37.1,2.79,1.03,0.08,0.22,15.6,4,3,3,7.8,5.5,0.09,0.2,-0.5,Forward,
Dion Moise Sahi,CIV,Strasbourg,fr Ligue 1,21 years,7.0,3,24,7,29.2,3.44,1.0,0.13,0.43,15.8,0,0,0,4.1,4.1,0.17,-1.1,-1.1,Midfielder,Forward
Johan Mojica,COL,Osasuna,es La Liga,30 years,22.7,0,17,1,5.9,0.75,0.04,0.0,0.0,22.1,2,0,0,1.0,1.0,0.06,-1.0,-1.0,Defender,
Alberto Moleiro,ESP,Las Palmas,es La Liga,19 years,20.0,3,33,10,30.3,1.65,0.5,0.09,0.3,20.0,0,0,0,2.0,2.0,0.06,1.0,1.0,Forward,Midfielder
Nahuel Molina,ARG,Atlético Madrid,es La Liga,25 years,20.6,2,12,4,33.3,0.58,0.19,0.17,0.5,17.4,1,0,0,1.3,1.3,0.11,0.7,0.7,Defender,
Florent Mollet,FRA,Nantes,fr Ligue 1,31 years,23.1,4,64,26,40.6,2.77,1.12,0.06,0.15,19.4,8,0,0,5.9,5.9,0.09,-1.9,-1.9,Midfielder,Forward
Jon Moncayola,ESP,Osasuna,es La Liga,25 years,20.0,1,16,5,31.3,0.8,0.25,0.06,0.2,23.0,0,0,0,0.6,0.6,0.04,0.4,0.4,Midfielder,
Enzo Mongo,FRA,Nantes,fr Ligue 1,18 years,0.1,0,0,0,,0.0,0.0,,,,0,0,0,0.0,0.0,,0.0,0.0,Defender,
Ilario Monterisi,ITA,Frosinone,it Serie A,21 years,16.3,2,5,3,60.0,0.31,0.18,0.4,0.67,8.7,0,0,0,1.1,1.1,0.22,0.9,0.9,Defender,
César Montes,MEX,Almería,es La Liga,26 years,19.9,0,13,2,15.4,0.65,0.1,0.0,0.0,11.0,0,0,0,0.7,0.7,0.05,-0.7,-0.7,Defender,
Gonzalo Montiel,ARG,Nottingham Forest,eng Premier League,26 years,8.9,0,3,0,0.0,0.34,0.0,0.0,,18.4,0,0,0,0.1,0.1,0.04,-0.1,-0.1,Defender,
Lorenzo Montipò,ITA,Hellas Verona,it Serie A,27 years,37.0,0,0,0,,0.0,0.0,,,,0,0,0,0.0,0.0,,0.0,0.0,Goalkeeper,
Kieffer Moore,WAL,Bournemouth,eng Premier League,30 years,1.2,1,6,2,33.3,5.0,1.67,0.17,0.5,12.5,0,0,0,1.5,1.5,0.25,-0.5,-0.5,Forward,Midfielder
Mikey Moore,ENG,Tottenham,eng Premier League,15 years,0.0,0,0,0,,0.0,0.0,,,,0,0,0,0.0,0.0,,0.0,0.0,Midfielder,
Álvaro Morata,ESP,Atlético Madrid,es La Liga,30 years,21.2,15,66,33,50.0,3.12,1.56,0.23,0.45,11.4,0,0,1,13.8,12.9,0.2,1.2,2.1,Forward,
Diego Moreira,POR,Lyon,fr Ligue 1,18 years,3.0,0,5,2,40.0,1.67,0.67,0.0,0.0,11.3,0,0,0,0.7,0.7,0.14,-0.7,-0.7,Forward,Midfielder
Alberto Moreno,ESP,Villarreal,es La Liga,31 years,16.5,2,17,5,29.4,1.03,0.3,0.12,0.4,19.8,0,0,0,0.7,0.7,0.04,1.3,1.3,Defender,
Álex Moreno,ESP,Aston Villa,eng Premier League,30 years,11.5,2,8,4,50.0,0.7,0.35,0.25,0.5,12.3,0,0,0,1.1,1.1,0.14,0.9,0.9,Defender,
Gerard Moreno,ESP,Villarreal,es La Liga,31 years,24.6,10,60,18,30.0,2.44,0.73,0.13,0.44,15.3,0,2,3,9.7,7.3,0.12,0.3,0.7,Forward,
Jorge Moreno,ESP,Osasuna,es La Liga,22 years,0.2,0,0,0,,0.0,0.0,,,,0,0,0,0.0,0.0,,0.0,0.0,Defender,
Mateu Morey,ESP,Dortmund,de Bundesliga,23 years,1.2,0,1,1,100.0,0.82,0.82,0.0,0.0,26.2,0,0,0,0.0,0.0,0.03,0.0,0.0,Defender,
Ilaix Moriba,GUI,Getafe,es La Liga,20 years,6.7,0,4,1,25.0,0.6,0.15,0.0,0.0,21.4,0,0,0,0.3,0.3,0.09,-0.3,-0.3,Midfielder,Forward
Manu Morlanes,ESP,Mallorca,es La Liga,24 years,17.9,0,11,4,36.4,0.61,0.22,0.0,0.0,16.3,0,0,0,1.0,1.0,0.1,-1.0,-1.0,Midfielder,
Nikola Moro,CRO,Bologna,it Serie A,25 years,9.3,1,11,1,9.1,1.18,0.11,0.09,1.0,22.1,1,0,0,0.7,0.7,0.06,0.3,0.3,Midfielder,
Carlton Morris,ENG,Luton Town,eng Premier League,27 years,31.8,11,66,26,39.4,2.08,0.82,0.09,0.23,13.5,0,5,5,11.4,7.5,0.11,-0.4,-1.5,Forward,Midfielder
Cristhian Mosquera,ESP,Valencia,es La Liga,19 years,34.2,0,9,2,22.2,0.26,0.06,0.0,0.0,14.3,0,0,0,0.7,0.7,0.07,-0.7,-0.7,Defender,
Yerson Mosquera,COL,Villarreal,es La Liga,22 years,13.7,2,10,4,40.0,0.73,0.29,0.2,0.5,8.4,0,0,0,1.6,1.6,0.16,0.4,0.4,Defender,
Dany Mota,POR,Monza,it Serie A,25 years,22.8,4,38,11,28.9,1.67,0.48,0.11,0.36,14.4,0,0,0,3.6,3.6,0.09,0.4,0.4,Forward,Midfielder
Lebo Mothiba,RSA,Strasbourg,fr Ligue 1,27 years,6.9,3,16,7,43.8,2.33,1.02,0.19,0.43,9.8,0,0,0,4.6,4.6,0.31,-1.6,-1.6,Forward,
Youssoufa Moukoko,GER,Dortmund,de Bundesliga,18 years,6.9,5,14,7,50.0,2.02,1.01,0.36,0.71,13.0,0,0,0,3.9,3.9,0.28,1.1,1.1,Forward,
Steve Mounié,BEN,Brest,fr Ligue 1,28 years,19.7,6,60,25,41.7,3.05,1.27,0.1,0.24,11.4,0,0,0,8.9,8.9,0.15,-2.9,-2.9,Forward,
Mason Mount,ENG,Manchester Utd,eng Premier League,24 years,5.7,1,5,1,20.0,0.87,0.17,0.2,1.0,13.6,0,0,0,0.4,0.4,0.08,0.6,0.6,Midfielder,Forward
Samuel Moutoussamy,COD,Nantes,fr Ligue 1,26 years,12.3,1,15,5,33.3,1.22,0.41,0.07,0.2,17.1,0,0,0,1.8,1.8,0.12,-0.8,-0.8,Midfielder,
Loris Mouyokolo,FRA,Lorient,fr Ligue 1,22 years,1.0,0,0,0,,0.0,0.0,,,,0,0,0,0.0,0.0,,0.0,0.0,Defender,
Divin Mubama,ENG,West Ham,eng Premier League,18 years,0.9,0,1,0,0.0,1.13,0.0,0.0,,12.5,0,0,0,0.1,0.1,0.15,-0.1,-0.1,Forward,
Mykhailo Mudryk,UKR,Chelsea,eng Premier League,22 years,17.5,5,35,12,34.3,2.0,0.69,0.14,0.42,17.2,0,0,0,4.4,4.4,0.13,0.6,0.6,Forward,
François Mughe,CMR,Marseille,fr Ligue 1,19 years,2.0,0,3,0,0.0,1.53,0.0,0.0,,26.0,0,0,0,0.1,0.1,0.03,-0.1,-0.1,Midfielder,Defender
Nordi Mukiele,FRA,Paris S-G,fr Ligue 1,25 years,8.8,0,9,5,55.6,1.02,0.57,0.0,0.0,12.5,0,0,0,1.3,1.3,0.14,-1.3,-1.3,Defender,
Samuele Mulattieri,ITA,Sassuolo,it Serie A,22 years,5.1,0,13,5,38.5,2.53,0.97,0.0,0.0,11.5,0,0,0,1.6,1.6,0.12,-1.6,-1.6,Forward,Midfielder
Andreas Müller,GER,Darmstadt 98,de Bundesliga,23 years,3.9,0,3,1,33.3,0.77,0.26,0.0,0.0,30.8,0,0,0,0.1,0.1,0.04,-0.1,-0.1,Midfielder,
Jannik Müller,GER,Darmstadt 98,de Bundesliga,29 years,12.6,0,3,0,0.0,0.24,0.0,0.0,,13.4,0,0,0,0.2,0.2,0.07,-0.2,-0.2,Defender,Midfielder
Kevin Müller,GER,Heidenheim,de Bundesliga,32 years,34.0,0,0,0,,0.0,0.0,,,,0,0,0,0.0,0.0,,0.0,0.0,Goalkeeper,
Marcus Müller,GER,Mainz 05,de Bundesliga,20 years,0.2,0,1,0,0.0,5.0,0.0,0.0,,16.0,0,0,0,0.1,0.1,0.05,-0.1,-0.1,Midfielder,
Thomas Müller,GER,Bayern Munich,de Bundesliga,33 years,18.4,5,36,11,30.6,1.96,0.6,0.14,0.45,11.9,0,0,0,5.7,5.7,0.17,-0.7,-0.7,Midfielder,Forward
Abdul Mumin,GHA,Rayo Vallecano,es La Liga,25 years,18.8,1,6,1,16.7,0.32,0.05,0.17,1.0,15.9,0,0,0,0.4,0.4,0.06,0.6,0.6,Defender,
Marshall Munetsi,ZIM,Reims,fr Ligue 1,27 years,24.1,4,44,16,36.4,1.82,0.66,0.09,0.25,12.8,0,0,0,6.2,6.2,0.15,-2.2,-2.2,Midfielder,
Iker Muniain,ESP,Athletic Club,es La Liga,30 years,6.6,2,13,7,53.8,1.97,1.06,0.15,0.29,14.3,0,0,0,1.7,1.7,0.13,0.3,0.3,Midfielder,Forward
Rodrigo Muniz,BRA,Fulham,eng Premier League,22 years,17.7,9,73,26,35.6,4.12,1.47,0.12,0.35,11.8,0,0,0,8.7,8.7,0.12,0.3,0.3,Forward,
Aihen Muñoz,ESP,Real Sociedad,es La Liga,25 years,12.5,0,7,2,28.6,0.56,0.16,0.0,0.0,24.2,0,0,0,0.3,0.3,0.04,-0.3,-0.3,Defender,
Daniel Muñoz,COL,Crystal Palace,eng Premier League,27 years,16.0,0,8,0,0.0,0.5,0.0,0.0,,8.5,0,0,0,1.2,1.2,0.15,-1.2,-1.2,Defender,Midfielder
Iker Muñoz,ESP,Osasuna,es La Liga,20 years,20.6,4,23,6,26.1,1.12,0.29,0.17,0.67,21.6,0,0,0,1.1,1.1,0.05,2.9,2.9,Midfielder,
Javier Muñoz,ESP,Las Palmas,es La Liga,28 years,29.3,2,38,9,23.7,1.3,0.31,0.05,0.22,21.0,0,0,0,2.5,2.5,0.07,-0.5,-0.5,Midfielder,
Finley Munroe,ENG,Aston Villa,eng Premier League,18 years,0.0,0,0,0,,0.0,0.0,,,,0,0,0,0.0,0.0,,0.0,0.0,Midfielder,
Arijanet Muric,KVX,Burnley,eng Premier League,24 years,10.0,0,0,0,,0.0,0.0,,,,0,0,0,0.0,0.0,,0.0,0.0,Goalkeeper,
Luis Muriel,COL,Atalanta,it Serie A,32 years,4.5,2,23,9,39.1,5.06,1.98,0.09,0.22,23.6,4,0,0,1.5,1.5,0.07,0.5,0.5,Forward,Midfielder
Murillo,BRA,Nottingham Forest,eng Premier League,21 years,31.0,0,17,6,35.3,0.55,0.19,0.0,0.0,22.6,2,0,0,1.8,1.8,0.11,-1.8,-1.8,Defender,
Vedat Muriqi,KVX,Mallorca,es La Liga,29 years,25.9,7,62,21,33.9,2.4,0.81,0.1,0.29,14.1,0,1,3,10.4,8.0,0.13,-3.4,-2.0,Forward,
Alex Murphy,IRL,Newcastle Utd,eng Premier League,19 years,0.1,0,0,0,,0.0,0.0,,,,0,0,0,0.0,0.0,,0.0,0.0,Defender,Forward
Jacob Murphy,ENG,Newcastle Utd,eng Premier League,28 years,13.2,3,30,10,33.3,2.27,0.76,0.1,0.3,19.6,0,0,0,2.1,2.1,0.07,0.9,0.9,Forward,Defender
Yunus Musah,USA,Milan,it Serie A,20 years,16.4,0,14,5,35.7,0.85,0.3,0.0,0.0,20.7,0,0,0,0.6,0.6,0.04,-0.6,-0.6,Midfielder,Forward
Jamal Musiala,GER,Bayern Munich,de Bundesliga,20 years,19.5,10,58,21,36.2,2.97,1.08,0.17,0.48,15.8,0,0,0,7.9,7.9,0.14,2.1,2.1,Midfielder,Forward
Florent Muslija,KVX,Freiburg,de Bundesliga,25 years,1.2,0,2,1,50.0,1.71,0.86,0.0,0.0,33.3,0,0,0,0.1,0.1,0.03,-0.1,-0.1,Midfielder,Forward
Juan Musso,ARG,Atalanta,it Serie A,29 years,11.0,0,0,0,,0.0,0.0,,,,0,0,0,0.0,0.0,,0.0,0.0,Goalkeeper,
Kingstone Mutandwa,ZAM,Cagliari,it Serie A,20 years,0.4,1,2,1,50.0,4.62,2.31,0.5,1.0,19.1,0,0,0,0.1,0.1,0.04,0.9,0.9,Forward,Midfielder
Yvon Mvogo,SUI,Lorient,fr Ligue 1,29 years,34.0,0,0,0,,0.0,0.0,,,,0,0,0,0.0,0.0,,0.0,0.0,Goalkeeper,
Joel Mvuka,NOR,Lorient,fr Ligue 1,20 years,2.2,0,1,0,0.0,0.46,0.0,0.0,,18.5,0,0,0,0.0,0.0,0.01,0.0,0.0,Defender,Forward
Junior Mwanga,FRA,Strasbourg,fr Ligue 1,20 years,16.1,1,20,4,20.0,1.24,0.25,0.05,0.25,19.9,0,0,0,1.5,1.5,0.07,-0.5,-0.5,Midfielder,Forward
Phillipp Mwene,AUT,Mainz 05,de Bundesliga,29 years,22.2,1,24,9,37.5,1.08,0.41,0.04,0.11,19.2,0,0,0,1.4,1.4,0.06,-0.4,-0.4,Defender,
Vitaliy Mykolenko,UKR,Everton,eng Premier League,24 years,27.4,2,26,5,19.2,0.95,0.18,0.08,0.4,18.9,0,0,0,1.5,1.5,0.06,0.5,0.5,Defender,
Joakim Mæhle,DEN,Wolfsburg,de Bundesliga,26 years,27.2,2,20,6,30.0,0.73,0.22,0.1,0.33,18.8,0,0,0,1.4,1.4,0.07,0.6,0.6,Defender,Midfielder
Obite N'Dicka,CIV,Roma,it Serie A,23 years,24.1,0,9,1,11.1,0.37,0.04,0.0,0.0,13.2,0,0,0,1.0,1.0,0.11,-1.0,-1.0,Defender,
Kévin N'Doram,FRA,Metz,fr Ligue 1,27 years,17.8,0,7,1,14.3,0.39,0.06,0.0,0.0,20.8,0,0,0,0.3,0.3,0.04,-0.3,-0.3,Midfielder,
Nathan N'Goumou,CMR,Gladbach,de Bundesliga,23 years,15.4,5,31,11,35.5,2.01,0.71,0.16,0.45,15.8,0,0,0,3.8,3.8,0.12,1.2,1.2,Forward,Midfielder
Stanley N'Soki,FRA,Hoffenheim,de Bundesliga,24 years,7.0,0,0,0,,0.0,0.0,,,,0,0,0,0.0,0.0,,0.0,0.0,Defender,
Nacho,ESP,Real Madrid,es La Liga,33 years,19.4,0,5,1,20.0,0.26,0.05,0.0,0.0,11.7,0,0,0,0.5,0.5,0.1,-0.5,-0.5,Defender,
Bilal Nadir,MAR,Marseille,fr Ligue 1,19 years,1.3,0,1,0,0.0,0.8,0.0,0.0,,15.9,0,0,0,0.1,0.1,0.1,-0.1,-0.1,Midfielder,Forward
Mahamadou Nagida,CMR,Rennes,fr Ligue 1,18 years,1.2,0,3,2,66.7,2.55,1.7,0.0,0.0,18.6,0,0,0,0.1,0.1,0.04,-0.1,-0.1,Defender,
Marvelous Nakamba,ZIM,Luton Town,eng Premier League,29 years,12.6,0,5,0,0.0,0.4,0.0,0.0,,23.6,0,0,0,0.2,0.2,0.04,-0.2,-0.2,Midfielder,
Keito Nakamura,JPN,Reims,fr Ligue 1,23 years,15.3,4,41,12,29.3,2.67,0.78,0.1,0.33,16.5,0,0,0,3.2,3.2,0.08,0.8,0.8,Forward,Midfielder
Nahitan Nández,URU,Cagliari,it Serie A,27 years,26.0,2,22,5,22.7,0.85,0.19,0.05,0.2,18.1,0,1,1,3.7,2.9,0.13,-1.7,-1.9,Midfielder,Defender
Matija Nastasić,SRB,Mallorca,es La Liga,30 years,25.1,2,8,2,25.0,0.32,0.08,0.25,1.0,10.2,0,0,0,1.0,1.0,0.13,1.0,1.0,Defender,
Natan,BRA,Napoli,it Serie A,22 years,10.6,0,6,1,16.7,0.57,0.09,0.0,0.0,14.1,0,0,0,0.4,0.4,0.07,-0.4,-0.4,Defender,
Lapo Nava,ITA,Milan,it Serie A,19 years,0.0,0,0,0,,0.0,0.0,,,,0,0,0,0.0,0.0,,0.0,0.0,Goalkeeper,
Roberto Navarro,ESP,Cádiz,es La Liga,21 years,21.0,1,30,9,30.0,1.43,0.43,0.03,0.11,19.1,0,0,0,2.1,2.1,0.07,-1.1,-1.1,Midfielder,Forward
Jesús Navas,ESP,Sevilla,es La Liga,37 years,22.3,0,7,2,28.6,0.31,0.09,0.0,0.0,25.0,0,0,0,0.1,0.1,0.02,-0.1,-0.1,Defender,
Keylor Navas,CRC,Paris S-G,fr Ligue 1,36 years,4.0,0,0,0,,0.0,0.0,,,,0,0,0,0.0,0.0,,0.0,0.0,Goalkeeper,
Michel Ndary Adopo,FRA,Atalanta,it Serie A,23 years,1.2,0,1,1,100.0,0.83,0.83,0.0,0.0,9.4,0,0,0,0.1,0.1,0.07,-0.1,-0.1,Midfielder,
Youssouf Ndayishimiye,BDI,Nice,fr Ligue 1,24 years,19.0,0,14,3,21.4,0.74,0.16,0.0,0.0,16.0,0,0,0,1.2,1.2,0.08,-1.2,-1.2,Midfielder,Defender
Bassirou Ndiaye,SEN,Lorient,fr Ligue 1,21 years,1.7,0,0,0,,0.0,0.0,,,,0,0,0,0.0,0.0,,0.0,0.0,Forward,
Iliman Ndiaye,SEN,Marseille,fr Ligue 1,23 years,18.0,3,35,9,25.7,1.95,0.5,0.09,0.33,15.6,0,0,0,4.5,4.5,0.13,-1.5,-1.5,Forward,Midfielder
Massamba Ndiaye,SEN,Clermont Foot,fr Ligue 1,21 years,4.0,0,0,0,,0.0,0.0,,,,0,0,0,0.0,0.0,,0.0,0.0,Goalkeeper,
Rassoul Ndiaye,SEN,Le Havre,fr Ligue 1,21 years,5.8,0,6,1,16.7,1.03,0.17,0.0,0.0,26.8,0,0,0,0.2,0.2,0.03,-0.2,-0.2,Midfielder,Forward
Michael Ndiweni,ENG,Newcastle Utd,eng Premier League,19 years,0.0,0,0,0,,0.0,0.0,,,,0,0,0,0.0,0.0,,0.0,0.0,Forward,
Cher Ndour,ITA,Paris S-G,fr Ligue 1,19 years,0.3,0,0,0,,0.0,0.0,,,,0,0,0,0.0,0.0,,0.0,0.0,Midfielder,
Dan Ndoye,SUI,Bologna,it Serie A,22 years,19.7,1,41,16,39.0,2.08,0.81,0.02,0.06,16.7,0,0,0,4.9,4.9,0.13,-3.9,-3.9,Forward,Midfielder
Joseph Nduquidi,FRA,Metz,fr Ligue 1,18 years,8.3,0,4,1,25.0,0.48,0.12,0.0,0.0,19.6,0,0,0,0.2,0.2,0.04,-0.2,-0.2,Midfielder,Defender
Loïc Nego,HUN,Le Havre,fr Ligue 1,32 years,17.3,0,18,4,22.2,1.04,0.23,0.0,0.0,17.0,0,0,0,1.3,1.3,0.07,-1.3,-1.3,Defender,Midfielder
Álvaro Negredo,ESP,Cádiz,es La Liga,37 years,0.6,0,3,1,33.3,5.0,1.67,0.0,0.0,29.1,1,0,0,0.1,0.1,0.03,-0.1,-0.1,Forward,Midfielder
Reiss Nelson,ENG,Arsenal,eng Premier League,23 years,3.0,0,4,1,25.0,1.34,0.34,0.0,0.0,19.7,0,0,0,0.2,0.2,0.05,-0.2,-0.2,Forward,
Zack Nelson,ENG,Luton Town,eng Premier League,18 years,0.1,0,0,0,,0.0,0.0,,,,0,0,0,0.0,0.0,,0.0,0.0,Midfielder,Defender
Neto,BRA,Bournemouth,eng Premier League,34 years,32.0,0,0,0,,0.0,0.0,,,,0,0,0,0.0,0.0,,0.0,0.0,Goalkeeper,
Pedro Neto,POR,Wolves,eng Premier League,23 years,16.8,2,36,12,33.3,2.14,0.71,0.06,0.17,16.8,3,0,0,3.5,3.5,0.1,-1.5,-1.5,Forward,Midfielder
Luca Netz,GER,Gladbach,de Bundesliga,20 years,24.7,0,17,5,29.4,0.69,0.2,0.0,0.0,16.7,0,0,0,1.0,1.0,0.06,-1.0,-1.0,Defender,
Manuel Neuer,GER,Bayern Munich,de Bundesliga,37 years,22.8,0,0,0,,0.0,0.0,,,,0,0,0,0.0,0.0,,0.0,0.0,Goalkeeper,
Florian Neuhaus,GER,Gladbach,de Bundesliga,26 years,13.6,4,38,13,34.2,2.79,0.96,0.08,0.23,21.9,1,1,1,4.3,3.5,0.1,-0.3,-0.5,Midfielder,
Carlos Neva,ESP,Granada,es La Liga,27 years,35.0,0,4,0,0.0,0.11,0.0,0.0,,20.4,0,0,0,0.1,0.1,0.03,-0.1,-0.1,Defender,
Jessic Ngankam,GER,Mainz 05,de Bundesliga,23 years,2.0,0,7,1,14.3,3.42,0.49,0.0,0.0,17.4,0,0,0,0.6,0.6,0.09,-0.6,-0.6,Forward,Midfielder
Jessic Ngankam,GER,Eintracht Frankfurt,de Bundesliga,23 years,3.1,0,7,4,57.1,2.25,1.29,0.0,0.0,16.5,0,0,1,1.5,0.7,0.1,-1.5,-0.7,Forward,
Cyril Ngonge,BEL,Hellas Verona,it Serie A,23 years,15.9,6,42,14,33.3,2.64,0.88,0.14,0.43,18.2,4,0,0,4.2,3.4,0.08,1.8,2.6,Forward,Midfielder
Cyril Ngonge,BEL,Napoli,it Serie A,23 years,3.5,1,17,5,29.4,4.86,1.43,0.06,0.2,17.7,2,0,0,1.0,1.0,0.06,0.0,0.0,Forward,
Steve Ngoura,FRA,Le Havre,fr Ligue 1,18 years,2.5,0,7,2,28.6,2.83,0.81,0.0,0.0,16.8,0,0,0,0.5,0.5,0.07,-0.5,-0.5,Forward,Midfielder
Moussa Niakhate,SEN,Nottingham Forest,eng Premier League,27 years,16.2,1,5,1,20.0,0.31,0.06,0.2,1.0,9.0,0,0,0,1.1,1.1,0.22,-0.1,-0.1,Defender,
M'Baye Niang,SEN,Empoli,it Serie A,28 years,7.9,6,20,5,25.0,2.54,0.64,0.1,0.4,16.9,0,4,4,5.4,2.3,0.11,0.6,-0.3,Forward,
Tanguy Nianzou,FRA,Sevilla,es La Liga,21 years,3.5,0,1,0,0.0,0.28,0.0,0.0,,12.9,0,0,0,0.0,0.0,0.03,0.0,0.0,Defender,
Shamar Nicholson,JAM,Clermont Foot,fr Ligue 1,26 years,16.5,4,38,17,44.7,2.3,1.03,0.08,0.18,15.9,1,1,2,5.9,4.4,0.12,-1.9,-1.4,Forward,
Rasmus Nicolaisen,DEN,Toulouse,fr Ligue 1,26 years,32.5,2,19,5,26.3,0.58,0.15,0.11,0.4,10.3,0,0,0,1.1,1.1,0.06,0.9,0.9,Defender,
Moritz Nicolas,GER,Gladbach,de Bundesliga,25 years,27.0,0,0,0,,0.0,0.0,,,,0,0,0,0.0,0.0,,0.0,0.0,Goalkeeper,
Hans Nicolussi Caviglia,ITA,Juventus,it Serie A,23 years,3.0,0,3,0,0.0,1.01,0.0,0.0,,25.9,1,0,0,0.1,0.1,0.04,-0.1,-0.1,Midfielder,
Saúl Ñíguez,ESP,Atlético Madrid,es La Liga,28 years,15.3,1,16,4,25.0,1.05,0.26,0.06,0.25,14.5,0,0,0,1.5,1.5,0.09,-0.5,-0.5,Midfielder,
Justin Njinmah,GER,Werder Bremen,de Bundesliga,22 years,11.3,6,33,14,42.4,2.92,1.24,0.18,0.43,16.2,0,0,0,4.9,4.9,0.15,1.1,1.1,Forward,
Eddie Nketiah,ENG,Arsenal,eng Premier League,24 years,12.0,5,38,12,31.6,3.16,1.0,0.13,0.42,12.7,0,0,0,4.5,4.5,0.12,0.5,0.5,Forward,
Niels Nkounkou,FRA,Eintracht Frankfurt,de Bundesliga,22 years,14.5,3,22,7,31.8,1.51,0.48,0.14,0.43,21.7,0,0,0,1.3,1.3,0.06,1.7,1.7,Defender,Midfielder
Christopher Nkunku,FRA,Chelsea,eng Premier League,25 years,4.9,3,16,7,43.8,3.25,1.42,0.19,0.43,11.4,0,0,0,2.3,2.3,0.14,0.7,0.7,Forward,Midfielder
Felix Nmecha,GER,Dortmund,de Bundesliga,22 years,11.3,1,23,3,13.0,2.03,0.26,0.04,0.33,17.8,0,0,0,1.7,1.7,0.07,-0.7,-0.7,Midfielder,
Lukas Nmecha,GER,Wolfsburg,de Bundesliga,24 years,0.5,1,1,1,100.0,2.14,2.14,1.0,1.0,7.8,0,0,0,0.1,0.1,0.14,0.9,0.9,Forward,
Peru Nolaskoain,ESP,Athletic Club,es La Liga,24 years,0.1,0,0,0,,0.0,0.0,,,,0,0,0,0.0,0.0,,0.0,0.0,Defender,Midfielder
Joseph Nonge,BEL,Juventus,it Serie A,18 years,0.3,0,0,0,,0.0,0.0,,,,0,0,0,0.0,0.0,,0.0,0.0,Midfielder,
Jonathan Norbye,NOR,RB Leipzig,de Bundesliga,16 years,0.0,0,0,0,,0.0,0.0,,,,0,0,0,0.0,0.0,,0.0,0.0,Midfielder,
Arnaud Nordin,FRA,Montpellier,fr Ligue 1,25 years,13.8,5,29,11,37.9,2.09,0.79,0.17,0.45,16.0,0,0,0,3.6,3.6,0.12,1.4,1.4,Forward,Midfielder
Rhys Norrington-Davies,WAL,Sheffield Utd,eng Premier League,24 years,1.2,0,0,0,,0.0,0.0,,,,0,0,0,0.0,0.0,,0.0,0.0,Defender,
Oliver Norwood,NIR,Sheffield Utd,eng Premier League,32 years,16.0,1,14,5,35.7,0.87,0.31,0.0,0.0,32.9,0,1,1,1.1,0.3,0.02,-0.1,-0.3,Midfielder,
Tijjani Noslin,NED,Hellas Verona,it Serie A,24 years,14.9,5,36,15,41.7,2.42,1.01,0.14,0.33,17.4,0,0,0,3.6,3.6,0.1,1.4,1.4,Forward,Midfielder
Randy Nteka,ANG,Rayo Vallecano,es La Liga,25 years,6.4,1,14,5,35.7,2.2,0.79,0.0,0.0,15.9,0,1,1,2.3,1.5,0.11,-1.3,-1.5,Forward,Midfielder
Ernest Nuamah,GHA,Lyon,fr Ligue 1,19 years,20.4,3,43,20,46.5,2.11,0.98,0.07,0.15,18.0,3,0,0,4.0,4.0,0.09,-1.0,-1.0,Forward,Midfielder
Alexander Nübel,GER,Stuttgart,de Bundesliga,26 years,30.0,0,0,0,,0.0,0.0,,,,0,0,0,0.0,0.0,,0.0,0.0,Goalkeeper,
Kasim Nuhu,GHA,Hoffenheim,de Bundesliga,28 years,0.1,0,0,0,,0.0,0.0,,,,0,0,0,0.0,0.0,,0.0,0.0,Defender,
Matheus Nunes,POR,Wolves,eng Premier League,24 years,2.0,0,1,0,0.0,0.5,0.0,0.0,,15.4,0,0,0,0.1,0.1,0.08,-0.1,-0.1,Midfielder,
Matheus Nunes,POR,Manchester City,eng Premier League,24 years,7.3,0,9,4,44.4,1.23,0.54,0.0,0.0,17.9,0,0,0,0.8,0.8,0.09,-0.8,-0.8,Midfielder,
Darwin Núñez,URU,Liverpool,eng Premier League,24 years,22.7,11,107,46,43.0,4.7,2.02,0.1,0.24,15.0,0,0,1,16.3,15.5,0.15,-5.3,-4.5,Forward,
Unai Núñez,ESP,Celta Vigo,es La Liga,26 years,31.1,1,22,5,22.7,0.71,0.16,0.05,0.2,14.4,1,0,0,1.4,1.4,0.07,-0.4,-0.4,Defender,
Fabian Nürnberger,BUL,Darmstadt 98,de Bundesliga,24 years,16.8,1,19,6,31.6,1.13,0.36,0.05,0.17,22.0,4,0,0,0.9,0.9,0.05,0.1,0.1,Defender,Midfielder
Ethan Nwaneri,ENG,Arsenal,eng Premier League,16 years,0.2,0,0,0,,0.0,0.0,,,,0,0,0,0.0,0.0,,0.0,0.0,Forward,
Simeon Nwankwo,NGA,Salernitana,it Serie A,31 years,7.6,3,13,7,53.8,1.71,0.92,0.23,0.43,10.6,0,0,0,2.7,2.7,0.21,0.3,0.3,Forward,
Gerzino Nyamsi,FRA,Strasbourg,fr Ligue 1,26 years,12.1,0,6,2,33.3,0.49,0.16,0.0,0.0,11.4,0,0,0,0.3,0.3,0.06,-0.3,-0.3,Defender,
Ørjan Nyland,NOR,Sevilla,es La Liga,32 years,24.0,0,0,0,,0.0,0.0,,,,0,0,0,0.0,0.0,,0.0,0.0,Goalkeeper,
Rabby Nzingoula,CGO,Strasbourg,fr Ligue 1,17 years,1.5,0,1,1,100.0,0.68,0.68,0.0,0.0,25.3,0,0,0,0.1,0.1,0.09,-0.1,-0.1,Midfielder,Forward
M'Bala Nzola,ANG,Fiorentina,it Serie A,26 years,17.2,3,31,12,38.7,1.8,0.7,0.06,0.17,12.5,0,1,1,4.5,3.7,0.12,-1.5,-1.7,Forward,
Christian Nørgaard,DEN,Brentford,eng Premier League,29 years,27.8,2,35,7,20.0,1.26,0.25,0.06,0.29,14.4,0,0,0,3.5,3.5,0.1,-1.5,-1.5,Midfielder,
Jake O'Brien,IRL,Lyon,fr Ligue 1,22 years,26.3,4,18,8,44.4,0.68,0.3,0.22,0.5,7.4,0,0,0,3.6,3.6,0.2,0.4,0.4,Defender,
Mark O'Mahony,IRL,Brighton,eng Premier League,18 years,0.7,0,1,0,0.0,1.43,0.0,0.0,,16.8,0,0,0,0.1,0.1,0.06,-0.1,-0.1,Forward,
Dara O'Shea,IRL,Burnley,eng Premier League,24 years,32.1,3,19,5,26.3,0.59,0.16,0.16,0.6,10.6,0,0,0,0.7,0.7,0.04,2.3,2.3,Defender,
Michael Obafemi,IRL,Burnley,eng Premier League,23 years,0.2,0,2,0,0.0,9.0,0.0,0.0,,19.8,0,0,0,0.1,0.1,0.05,-0.1,-0.1,Forward,Midfielder
Adam Obert,SVK,Cagliari,it Serie A,20 years,10.5,0,3,3,100.0,0.29,0.29,0.0,0.0,18.8,0,0,0,0.1,0.1,0.05,-0.1,-0.1,Defender,
Pedro Obiang,EQG,Sassuolo,it Serie A,31 years,5.0,0,2,0,0.0,0.4,0.0,0.0,,28.8,0,0,0,0.0,0.0,0.02,0.0,0.0,Midfielder,
Jan Oblak,SVN,Atlético Madrid,es La Liga,30 years,38.0,0,0,0,,0.0,0.0,,,,0,0,0,0.0,0.0,,0.0,0.0,Goalkeeper,
Brian Ocampo,URU,Cádiz,es La Liga,24 years,2.8,1,5,2,40.0,1.81,0.73,0.2,0.5,23.0,0,0,0,0.3,0.3,0.06,0.7,0.7,Midfielder,Forward
Lucas Ocampos,ARG,Sevilla,es La Liga,29 years,31.9,4,63,23,36.5,1.97,0.72,0.05,0.13,16.9,0,1,1,5.4,4.6,0.07,-1.4,-1.6,Forward,Midfielder
Guillermo Ochoa,MEX,Salernitana,it Serie A,38 years,21.0,0,0,0,,0.0,0.0,,,,0,0,0,0.0,0.0,,0.0,0.0,Goalkeeper,
Jens Odgaard,DEN,Bologna,it Serie A,24 years,4.8,2,11,2,18.2,2.3,0.42,0.18,1.0,18.9,0,0,0,1.5,1.5,0.13,0.5,0.5,Forward,Midfielder
Wilson Odobert,FRA,Burnley,eng Premier League,18 years,23.3,3,49,14,28.6,2.1,0.6,0.06,0.21,19.4,0,0,0,2.8,2.8,0.06,0.2,0.2,Midfielder,Forward
Álvaro Odriozola,ESP,Real Sociedad,es La Liga,27 years,4.4,0,0,0,,0.0,0.0,,,,0,0,0,0.0,0.0,,0.0,0.0,Defender,
Tim Oermann,GER,Bochum,de Bundesliga,19 years,7.9,0,5,0,0.0,0.63,0.0,0.0,,27.1,0,0,0,0.1,0.1,0.02,-0.1,-0.1,Defender,
Odeluga Offiah,ENG,Brighton,eng Premier League,20 years,1.4,0,0,0,,0.0,0.0,,,,0,0,0,0.0,0.0,,0.0,0.0,Defender,
Chiedozie Ogbene,IRL,Luton Town,eng Premier League,26 years,22.2,4,35,14,40.0,1.58,0.63,0.11,0.29,15.3,0,0,0,4.2,4.2,0.12,-0.2,-0.2,Midfielder,Defender
Angelo Ogbonna,ITA,West Ham,eng Premier League,35 years,7.1,0,1,0,0.0,0.14,0.0,0.0,,12.5,0,0,0,0.0,0.0,0.04,0.0,0.0,Defender,
Florent Ogier,FRA,Clermont Foot,fr Ligue 1,34 years,10.5,1,7,2,28.6,0.67,0.19,0.14,0.5,12.2,0,0,0,0.6,0.6,0.09,0.4,0.4,Defender,
Noah Okafor,SUI,Milan,it Serie A,23 years,9.9,6,22,14,63.6,2.23,1.42,0.27,0.43,13.9,0,0,0,3.8,3.8,0.17,2.2,2.2,Forward,Midfielder
David Okereke,NGA,Torino,it Serie A,25 years,2.8,0,8,5,62.5,2.86,1.79,0.0,0.0,19.8,0,0,0,0.2,0.2,0.03,-0.2,-0.2,Forward,Midfielder
Caleb Okoli,ITA,Frosinone,it Serie A,22 years,32.4,0,13,3,23.1,0.4,0.09,0.0,0.0,11.7,0,0,0,0.6,0.6,0.05,-0.6,-0.6,Defender,
Maduka Okoye,NGA,Udinese,it Serie A,23 years,21.0,0,0,0,,0.0,0.0,,,,0,0,0,0.0,0.0,,0.0,0.0,Goalkeeper,
Masaya Okugawa,JPN,Augsburg,de Bundesliga,27 years,0.4,0,0,0,,0.0,0.0,,,,0,0,0,0.0,0.0,,0.0,0.0,Forward,Defender
Joseph Okumu,KEN,Reims,fr Ligue 1,26 years,19.4,1,11,3,27.3,0.57,0.15,0.09,0.33,12.4,0,0,0,1.5,1.5,0.14,-0.5,-0.5,Defender,
Aingeru Olabarrieta,ESP,Athletic Club,es La Liga,17 years,0.1,0,1,0,0.0,10.0,0.0,0.0,,25.4,0,0,0,0.0,0.0,0.01,0.0,0.0,Forward,
Michael Olakigbe,ENG,Brentford,eng Premier League,19 years,0.7,0,3,0,0.0,4.58,0.0,0.0,,20.5,0,0,0,0.1,0.1,0.04,-0.1,-0.1,Defender,Forward
Olasagasti,ESP,Real Sociedad,es La Liga,22 years,4.0,0,9,0,0.0,2.25,0.0,0.0,,17.0,0,0,0,0.9,0.9,0.09,-0.9,-0.9,Midfielder,
Finn Ole Becker,GER,Hoffenheim,de Bundesliga,23 years,6.7,0,6,1,16.7,0.89,0.15,0.0,0.0,22.6,0,0,0,0.2,0.2,0.04,-0.2,-0.2,Midfielder,
Mathias Olesen,LUX,Köln,de Bundesliga,22 years,1.2,0,1,0,0.0,0.8,0.0,0.0,,30.1,0,0,0,0.0,0.0,0.03,0.0,0.0,Midfielder,Forward
Michael Olise,FRA,Crystal Palace,eng Premier League,21 years,14.2,10,56,20,35.7,3.95,1.41,0.16,0.45,18.5,4,1,1,5.5,4.7,0.08,4.5,4.3,Forward,Midfielder
Mathías Olivera,URU,Napoli,it Serie A,25 years,17.4,1,12,1,8.3,0.69,0.06,0.08,1.0,11.7,0,0,0,0.5,0.5,0.05,0.5,0.5,Defender,
Dani Olmo,ESP,RB Leipzig,de Bundesliga,25 years,16.1,4,45,13,28.9,2.8,0.81,0.09,0.31,18.7,3,0,0,3.3,3.3,0.07,0.7,0.7,Midfielder,
Robin Olsen,SWE,Aston Villa,eng Premier League,33 years,4.5,0,0,0,,0.0,0.0,,,,0,0,0,0.0,0.0,,0.0,0.0,Goalkeeper,
Warmed Omari,COM,Rennes,fr Ligue 1,23 years,23.0,1,4,1,25.0,0.17,0.04,0.25,1.0,8.7,0,0,0,0.7,0.7,0.16,0.3,0.3,Defender,
Becir Omeragic,SUI,Montpellier,fr Ligue 1,21 years,25.7,0,9,3,33.3,0.35,0.12,0.0,0.0,16.1,0,0,0,0.5,0.5,0.06,-0.5,-0.5,Defender,Midfielder
Jonas Omlin,SUI,Gladbach,de Bundesliga,29 years,7.0,0,0,0,,0.0,0.0,,,,0,0,0,0.0,0.0,,0.0,0.0,Goalkeeper,
Andrew Omobamidele,IRL,Nottingham Forest,eng Premier League,21 years,8.7,0,1,0,0.0,0.11,0.0,0.0,,5.1,0,0,0,0.1,0.1,0.14,-0.1,-0.1,Defender,
Samu Omorodion,ESP,Alavés,es La Liga,19 years,21.3,8,64,24,37.5,3.0,1.13,0.13,0.33,13.5,0,0,0,10.8,10.8,0.17,-2.8,-2.8,Forward,
Samu Omorodion,ESP,Granada,es La Liga,19 years,0.9,1,3,2,66.7,3.38,2.25,0.33,0.5,8.6,0,0,0,0.7,0.7,0.23,0.3,0.3,Forward,
Amadou Onana,BEL,Everton,eng Premier League,21 years,23.2,2,29,6,20.7,1.25,0.26,0.07,0.33,19.3,0,0,0,2.0,2.0,0.07,0.0,0.0,Midfielder,
André Onana,CMR,Manchester Utd,eng Premier League,27 years,38.0,0,0,0,,0.0,0.0,,,,0,0,0,0.0,0.0,,0.0,0.0,Goalkeeper,
Jean Onana,CMR,Marseille,fr Ligue 1,23 years,6.3,1,8,3,37.5,1.27,0.48,0.13,0.33,24.5,0,0,0,0.8,0.8,0.1,0.2,0.2,Midfielder,
Ryan One,SCO,Sheffield Utd,eng Premier League,17 years,0.1,0,0,0,,0.0,0.0,,,,0,0,0,0.0,0.0,,0.0,0.0,Forward,
Karim Onisiwo,AUT,Mainz 05,de Bundesliga,31 years,16.6,1,33,7,21.2,1.99,0.42,0.03,0.14,14.8,0,0,0,2.3,2.3,0.07,-1.3,-1.3,Forward,Midfielder
Tyler Onyango,ENG,Everton,eng Premier League,20 years,0.0,0,0,0,,0.0,0.0,,,,0,0,0,0.0,0.0,,0.0,0.0,Midfielder,
Fred Onyedinma,ENG,Luton Town,eng Premier League,26 years,4.5,0,5,2,40.0,1.11,0.44,0.0,0.0,12.9,0,0,0,0.2,0.2,0.03,-0.2,-0.2,Defender,Midfielder
Frank Onyeka,NGA,Brentford,eng Premier League,25 years,12.9,1,22,9,40.9,1.71,0.7,0.05,0.11,17.4,0,0,0,2.2,2.2,0.1,-1.2,-1.2,Midfielder,
Loïs Openda,BEL,RB Leipzig,de Bundesliga,23 years,30.0,24,118,59,50.0,3.94,1.97,0.19,0.37,14.2,1,2,3,22.1,19.7,0.17,1.9,2.3,Forward,
Royce Openda Owaga,GAB,Lorient,fr Ligue 1,21 years,0.2,0,0,0,,0.0,0.0,,,,0,0,0,0.0,0.0,,0.0,0.0,Forward,
Christopher Operi,CIV,Le Havre,fr Ligue 1,26 years,27.2,3,22,9,40.9,0.81,0.33,0.14,0.33,24.3,7,0,0,1.2,1.2,0.05,1.8,1.8,Defender,
Leon Opitz,GER,Werder Bremen,de Bundesliga,18 years,0.2,0,0,0,,0.0,0.0,,,,0,0,0,0.0,0.0,,0.0,0.0,Forward,Defender
Gift Orban,NGA,Lyon,fr Ligue 1,21 years,5.3,1,8,2,25.0,1.52,0.38,0.13,0.5,12.7,0,0,0,1.1,1.1,0.14,-0.1,-0.1,Forward,
Willi Orban,HUN,RB Leipzig,de Bundesliga,30 years,17.6,0,7,2,28.6,0.4,0.11,0.0,0.0,9.9,0,0,0,0.4,0.4,0.05,-0.4,-0.4,Defender,
Ivan Ordets,UKR,Bochum,de Bundesliga,31 years,20.9,1,16,6,37.5,0.77,0.29,0.06,0.17,10.7,0,0,0,1.3,1.3,0.08,-0.3,-0.3,Defender,
Divock Origi,BEL,Nottingham Forest,eng Premier League,28 years,6.7,0,14,2,14.3,2.08,0.3,0.0,0.0,19.7,0,0,0,1.4,1.4,0.1,-1.4,-1.4,Forward,
Gaetano Oristanio,ITA,Cagliari,it Serie A,20 years,12.3,2,23,5,21.7,1.87,0.41,0.09,0.4,18.9,1,0,0,1.8,1.8,0.08,0.2,0.2,Forward,Midfielder
Aimar Oroz,ESP,Osasuna,es La Liga,21 years,26.0,2,24,5,20.8,0.92,0.19,0.04,0.2,18.0,1,1,1,3.5,2.8,0.11,-1.5,-1.8,Midfielder,
Riccardo Orsolini,ITA,Bologna,it Serie A,26 years,19.9,10,55,22,40.0,2.76,1.1,0.15,0.36,18.1,5,2,3,7.4,5.0,0.09,2.6,3.0,Forward,Midfielder
Stefan Ortega,GER,Manchester City,eng Premier League,30 years,7.1,0,0,0,,0.0,0.0,,,,0,0,0,0.0,0.0,,0.0,0.0,Goalkeeper,
Eneko Ortiz,ESP,Alavés,es La Liga,20 years,0.2,0,0,0,,0.0,0.0,,,,0,0,0,0.0,0.0,,0.0,0.0,Defender,
Asier Osambela,ESP,Osasuna,es La Liga,19 years,0.1,0,0,0,,0.0,0.0,,,,0,0,0,0.0,0.0,,0.0,0.0,Midfielder,
Ben Osborn,ENG,Sheffield Utd,eng Premier League,28 years,15.2,0,4,0,0.0,0.26,0.0,0.0,,23.5,0,0,0,0.2,0.2,0.06,-0.2,-0.2,Defender,Midfielder
Gabriel Osho,NGA,Luton Town,eng Premier League,24 years,20.5,2,10,2,20.0,0.49,0.1,0.2,1.0,14.8,0,0,0,1.1,1.1,0.11,0.9,0.9,Defender,
Victor Osimhen,NGA,Napoli,it Serie A,24 years,22.0,15,85,36,42.4,3.86,1.63,0.14,0.33,13.4,0,3,5,15.4,11.4,0.13,-0.4,0.6,Forward,
Milutin Osmajić,MNE,Cádiz,es La Liga,24 years,0.1,0,2,0,0.0,36.0,0.0,0.0,,12.8,0,0,0,0.1,0.1,0.04,-0.1,-0.1,Midfielder,
Patrick Osterhage,GER,Bochum,de Bundesliga,23 years,20.7,2,22,3,13.6,1.06,0.15,0.09,0.67,19.5,0,0,0,1.4,1.4,0.06,0.6,0.6,Midfielder,
William Osula,DEN,Sheffield Utd,eng Premier League,19 years,8.7,0,21,8,38.1,2.4,0.92,0.0,0.0,14.4,0,0,0,1.6,1.6,0.08,-1.6,-1.6,Forward,
Dango Ouattara,BFA,Bournemouth,eng Premier League,21 years,13.7,1,30,7,23.3,2.2,0.51,0.03,0.14,15.2,0,0,0,2.6,2.6,0.09,-1.6,-1.6,Forward,Defender
Kassoum Ouattara,FRA,Monaco,fr Ligue 1,18 years,7.1,1,8,5,62.5,1.13,0.71,0.13,0.2,15.2,0,0,0,1.3,1.3,0.16,-0.3,-0.3,Defender,Forward
Remi Oudin,FRA,Lecce,it Serie A,26 years,20.2,3,34,8,23.5,1.68,0.4,0.09,0.38,23.8,4,0,0,1.8,1.8,0.05,1.2,1.2,Midfielder,Forward
Alexandre Oukidja,ALG,Metz,fr Ligue 1,35 years,33.2,0,0,0,,0.0,0.0,,,,0,0,0,0.0,0.0,,0.0,0.0,Goalkeeper,
Azzedine Ounahi,MAR,Marseille,fr Ligue 1,23 years,13.4,2,16,4,25.0,1.19,0.3,0.13,0.5,21.0,0,0,0,1.0,1.0,0.06,1.0,1.0,Midfielder,
Adam Ounas,ALG,Lille,fr Ligue 1,26 years,4.6,1,9,3,33.3,1.94,0.65,0.11,0.33,18.6,1,0,0,0.6,0.6,0.07,0.4,0.4,Forward,
Patrick Ouotro,CIV,Strasbourg,fr Ligue 1,17 years,0.1,0,0,0,,0.0,0.0,,,,0,0,0,0.0,0.0,,0.0,0.0,Forward,
Aiham Ousou,SYR,Cádiz,es La Liga,23 years,4.8,0,2,0,0.0,0.42,0.0,0.0,,13.3,0,0,0,0.2,0.2,0.09,-0.2,-0.2,Defender,
Jesús Owono,EQG,Alavés,es La Liga,22 years,4.0,0,0,0,,0.0,0.0,,,,0,0,0,0.0,0.0,,0.0,0.0,Goalkeeper,
Mikel Oyarzabal,ESP,Real Sociedad,es La Liga,26 years,24.0,9,38,16,42.1,1.59,0.67,0.18,0.44,15.2,3,2,2,9.1,7.5,0.2,-0.1,-0.5,Forward,Midfielder
Anthony Oyono,GAB,Frosinone,it Serie A,22 years,13.3,0,4,1,25.0,0.3,0.08,0.0,0.0,19.1,0,0,0,0.1,0.1,0.03,-0.1,-0.1,Defender,
Salih Özcan,TUR,Dortmund,de Bundesliga,25 years,13.2,0,5,2,40.0,0.38,0.15,0.0,0.0,24.5,0,0,0,0.2,0.2,0.03,-0.2,-0.2,Midfielder,
Cenk Özkacar,TUR,Valencia,es La Liga,22 years,17.8,0,6,3,50.0,0.34,0.17,0.0,0.0,14.3,0,0,0,0.3,0.3,0.04,-0.3,-0.3,Defender,
David Ozoh,ENG,Crystal Palace,eng Premier League,18 years,1.7,0,0,0,,0.0,0.0,,,,0,0,0,0.0,0.0,,0.0,0.0,Midfielder,Defender
Jon Pacheco,ESP,Real Sociedad,es La Liga,22 years,17.0,1,6,3,50.0,0.35,0.18,0.17,0.33,8.2,0,0,0,1.1,1.1,0.18,-0.1,-0.1,Defender,
Willian Pacho,ECU,Eintracht Frankfurt,de Bundesliga,21 years,33.0,0,10,2,20.0,0.3,0.06,0.0,0.0,16.3,0,0,0,1.2,1.2,0.12,-1.2,-1.2,Defender,
Gonçalo Paciência,POR,Bochum,de Bundesliga,28 years,7.2,3,38,12,31.6,5.26,1.66,0.08,0.25,17.9,1,0,0,3.0,3.0,0.08,0.0,0.0,Forward,Midfielder
Simone Pafundi,ITA,Udinese,it Serie A,17 years,0.1,0,0,0,,0.0,0.0,,,,0,0,0,0.0,0.0,,0.0,0.0,Midfielder,
Riccardo Pagano,ITA,Roma,it Serie A,18 years,0.6,0,1,0,0.0,1.76,0.0,0.0,,22.8,0,0,0,0.1,0.1,0.06,-0.1,-0.1,Midfielder,Defender
Pablo Pagis,FRA,Lorient,fr Ligue 1,20 years,1.8,0,3,1,33.3,1.64,0.55,0.0,0.0,25.3,0,0,0,0.1,0.1,0.04,-0.1,-0.1,Midfielder,
Exequiel Palacios,ARG,Leverkusen,de Bundesliga,24 years,20.3,4,19,4,21.1,0.93,0.2,0.11,0.5,23.2,0,2,2,3.3,1.8,0.09,0.7,0.2,Midfielder,
Isaac Palazón Camacho,ESP,Rayo Vallecano,es La Liga,28 years,31.0,4,70,31,44.3,2.26,1.0,0.03,0.06,22.5,5,2,2,5.9,4.4,0.06,-1.9,-2.4,Midfielder,Forward
João Palhinha,POR,Fulham,eng Premier League,28 years,30.0,4,45,14,31.1,1.5,0.47,0.09,0.29,17.9,1,0,0,3.3,3.3,0.07,0.7,0.7,Midfielder,
Nicolas Pallois,FRA,Nantes,fr Ligue 1,35 years,17.7,0,4,1,25.0,0.23,0.06,0.0,0.0,21.5,0,0,0,0.1,0.1,0.03,-0.1,-0.1,Defender,
Cole Palmer,ENG,Chelsea,eng Premier League,21 years,29.0,22,100,37,37.0,3.45,1.28,0.13,0.35,22.1,11,9,9,18.2,11.1,0.11,3.8,1.9,Forward,Midfielder
Cole Palmer,ENG,Manchester City,eng Premier League,21 years,0.1,0,0,0,,0.0,0.0,,,,0,0,0,0.0,0.0,,0.0,0.0,Midfielder,
Emerson Palmieri,ITA,West Ham,eng Premier League,28 years,34.9,1,19,4,21.1,0.55,0.11,0.05,0.25,17.3,0,0,0,1.5,1.5,0.08,-0.5,-0.5,Defender,
Joaquín Panichelli,ARG,Alavés,es La Liga,20 years,2.5,0,9,2,22.2,3.58,0.8,0.0,0.0,17.8,0,0,0,0.6,0.6,0.06,-0.6,-0.6,Forward,Midfielder
Miloš Pantović,SRB,Union Berlin,de Bundesliga,27 years,0.2,1,1,1,100.0,6.0,6.0,1.0,1.0,13.2,0,0,0,0.8,0.8,0.76,0.2,0.2,Midfielder,
Antonios Papadopoulos,GER,Dortmund,de Bundesliga,23 years,1.3,0,0,0,,0.0,0.0,,,,0,0,0,0.0,0.0,,0.0,0.0,Defender,
Christos Papadopoulos,GRE,Genoa,it Serie A,18 years,0.0,0,0,0,,0.0,0.0,,,,0,0,0,0.0,0.0,,0.0,0.0,Forward,
Sokratis Papastathopoulos,GRE,Betis,es La Liga,35 years,12.6,0,2,1,50.0,0.16,0.08,0.0,0.0,7.9,0,0,0,0.3,0.3,0.13,-0.3,-0.3,Defender,
Merveille Papela,GER,Mainz 05,de Bundesliga,22 years,2.9,0,4,1,25.0,1.4,0.35,0.0,0.0,17.8,0,0,0,0.3,0.3,0.08,-0.3,-0.3,Midfielder,Defender
Leart Paqarada,KVX,Köln,de Bundesliga,28 years,11.9,0,10,4,40.0,0.84,0.33,0.0,0.0,26.6,3,0,0,0.4,0.4,0.04,-0.4,-0.4,Defender,
Lucas Paquetá,BRA,West Ham,eng Premier League,25 years,29.1,4,40,8,20.0,1.37,0.27,0.05,0.25,17.8,1,2,2,5.4,3.8,0.1,-1.4,-1.8,Forward,Midfielder
Victor Parada,ESP,Alavés,es La Liga,21 years,0.0,0,0,0,,0.0,0.0,,,,0,0,0,0.0,0.0,,0.0,0.0,Forward,Midfielder
Aitor Paredes,ESP,Athletic Club,es La Liga,23 years,30.0,1,14,3,21.4,0.47,0.1,0.07,0.33,9.7,0,0,0,1.2,1.2,0.08,-0.2,-0.2,Defender,
Kevin Paredes,USA,Wolfsburg,de Bundesliga,20 years,15.9,3,19,7,36.8,1.19,0.44,0.16,0.43,16.7,0,0,0,3.0,3.0,0.16,0.0,0.0,Forward,Midfielder
Leandro Paredes,ARG,Roma,it Serie A,29 years,29.3,3,29,3,10.3,0.99,0.1,0.0,0.0,28.6,4,3,3,3.3,1.0,0.03,-0.3,-1.0,Midfielder,
Daniel Parejo,ESP,Villarreal,es La Liga,34 years,28.7,3,9,3,33.3,0.31,0.1,0.0,0.0,27.1,2,3,3,2.9,0.6,0.06,0.1,-0.6,Midfielder,
Fabiano Parisi,ITA,Fiorentina,it Serie A,22 years,16.2,0,12,2,16.7,0.74,0.12,0.0,0.0,19.4,0,0,0,0.9,0.9,0.08,-0.9,-0.9,Defender,
Ben Parkinson,ENG,Newcastle Utd,eng Premier League,18 years,0.3,0,0,0,,0.0,0.0,,,,0,0,0,0.0,0.0,,0.0,0.0,Forward,
Thomas Partey,GHA,Arsenal,eng Premier League,30 years,8.8,0,8,2,25.0,0.91,0.23,0.0,0.0,20.7,0,0,0,0.4,0.4,0.05,-0.4,-0.4,Midfielder,Defender
Mario Pašalić,CRO,Atalanta,it Serie A,28 years,22.8,6,38,16,42.1,1.67,0.7,0.11,0.25,14.5,0,2,2,7.1,5.5,0.15,-1.1,-1.5,Midfielder,
Triantafyllos Pasaridīs,GRE,Salernitana,it Serie A,27 years,5.0,0,0,0,,0.0,0.0,,,,0,0,0,0.0,0.0,,0.0,0.0,Defender,
Pascu,ESP,Villarreal,es La Liga,20 years,0.2,0,0,0,,0.0,0.0,,,,0,0,0,0.0,0.0,,0.0,0.0,Forward,
Felix Passlack,GER,Bochum,de Bundesliga,25 years,10.7,2,14,3,21.4,1.31,0.28,0.14,0.67,21.0,0,0,0,0.9,0.9,0.06,1.1,1.1,Defender,
Patric,ESP,Lazio,it Serie A,30 years,17.9,2,6,2,33.3,0.34,0.11,0.33,1.0,19.5,0,0,0,1.4,1.4,0.23,0.6,0.6,Defender,
Rui Patrício,POR,Roma,it Serie A,35 years,23.0,0,0,0,,0.0,0.0,,,,0,0,0,0.0,0.0,,0.0,0.0,Goalkeeper,
Nathan Patterson,SCO,Everton,eng Premier League,21 years,11.2,0,4,0,0.0,0.36,0.0,0.0,,20.9,0,0,0,0.3,0.3,0.08,-0.3,-0.3,Defender,
Gabriel Paulista,BRA,Atlético Madrid,es La Liga,32 years,4.5,0,1,1,100.0,0.22,0.22,0.0,0.0,4.7,0,0,0,0.2,0.2,0.19,-0.2,-0.2,Defender,
Gabriel Paulista,BRA,Valencia,es La Liga,32 years,15.5,0,7,0,0.0,0.45,0.0,0.0,,13.3,0,0,0,0.4,0.4,0.05,-0.4,-0.4,Defender,
Benjamin Pavard,FRA,Inter,it Serie A,27 years,18.6,0,15,5,33.3,0.81,0.27,0.0,0.0,18.7,0,0,0,0.7,0.7,0.05,-0.7,-0.7,Defender,
Jiří Pavlenka,CZE,Werder Bremen,de Bundesliga,31 years,7.0,0,0,0,,0.0,0.0,,,,0,0,0,0.0,0.0,,0.0,0.0,Goalkeeper,
Aleksandar Pavlovic,GER,Bayern Munich,de Bundesliga,19 years,13.6,2,8,2,25.0,0.59,0.15,0.25,1.0,16.0,0,0,0,1.2,1.2,0.15,0.8,0.8,Midfielder,
Leonardo Pavoletti,ITA,Cagliari,it Serie A,34 years,7.0,4,25,9,36.0,3.58,1.29,0.16,0.44,11.3,0,0,0,2.6,2.6,0.1,1.4,1.4,Forward,
Martín Payero,ARG,Udinese,it Serie A,24 years,20.0,2,38,8,21.1,1.9,0.4,0.05,0.25,22.9,1,0,0,1.5,1.5,0.04,0.5,0.5,Midfielder,
Nicolás Paz,ARG,Real Madrid,es La Liga,18 years,0.3,0,2,0,0.0,7.83,0.0,0.0,,26.2,0,0,0,0.1,0.1,0.04,-0.1,-0.1,Midfielder,Forward
Myles Peart-Harris,ENG,Brentford,eng Premier League,20 years,0.1,0,0,0,,0.0,0.0,,,,0,0,0,0.0,0.0,,0.0,0.0,Defender,Midfielder
Sydie Peck,ENG,Sheffield Utd,eng Premier League,18 years,0.1,0,0,0,,0.0,0.0,,,,0,0,0,0.0,0.0,,0.0,0.0,Midfielder,
Mads Pedersen,DEN,Augsburg,de Bundesliga,26 years,19.8,1,13,1,7.7,0.66,0.05,0.08,1.0,19.0,0,0,0,0.8,0.8,0.06,0.2,0.2,Defender,
Marcus Pedersen,NOR,Sassuolo,it Serie A,23 years,17.9,0,3,0,0.0,0.17,0.0,0.0,,24.9,0,0,0,0.1,0.1,0.03,-0.1,-0.1,Defender,
Alfonso Pedraza,ESP,Villarreal,es La Liga,27 years,12.4,1,9,4,44.4,0.73,0.32,0.11,0.25,16.5,0,0,0,0.6,0.6,0.07,0.4,0.4,Defender,
Pedri,ESP,Barcelona,es La Liga,20 years,16.4,4,15,7,46.7,0.91,0.43,0.27,0.57,14.5,0,0,0,3.1,3.1,0.21,0.9,0.9,Midfielder,Forward
Pedro,ESP,Lazio,it Serie A,36 years,9.1,1,11,4,36.4,1.21,0.44,0.09,0.25,20.0,1,0,0,1.5,1.5,0.14,-0.5,-0.5,Forward,Midfielder
Adrià Pedrosa,ESP,Sevilla,es La Liga,25 years,19.5,1,16,4,25.0,0.82,0.21,0.06,0.25,22.0,0,0,0,0.7,0.7,0.04,0.3,0.3,Defender,
Jordan Pefok,USA,Gladbach,de Bundesliga,27 years,15.8,5,35,9,25.7,2.22,0.57,0.14,0.56,10.9,0,0,0,6.5,6.5,0.2,-1.5,-1.5,Forward,
Jordan Pefok,USA,Union Berlin,de Bundesliga,27 years,0.3,0,0,0,,0.0,0.0,,,,0,0,0,0.0,0.0,,0.0,0.0,Forward,
Dženan Pejčinović,GER,Wolfsburg,de Bundesliga,18 years,0.4,0,2,0,0.0,4.86,0.0,0.0,,13.8,0,0,0,0.1,0.1,0.06,-0.1,-0.1,Forward,
Pejiño,ESP,Las Palmas,es La Liga,27 years,5.6,2,17,8,47.1,3.04,1.43,0.12,0.25,22.2,0,0,0,1.3,1.3,0.08,0.7,0.7,Forward,
Pietro Pellegri,ITA,Torino,it Serie A,22 years,8.4,1,13,4,30.8,1.55,0.48,0.08,0.25,10.2,0,0,0,1.0,1.0,0.08,0.0,0.0,Forward,
Lorenzo Pellegrini,ITA,Roma,it Serie A,27 years,20.7,8,46,19,41.3,2.23,0.92,0.15,0.37,19.8,5,1,1,4.8,4.0,0.09,3.2,3.0,Midfielder,
Luca Pellegrini,ITA,Lazio,it Serie A,24 years,8.7,1,7,1,14.3,0.8,0.11,0.14,1.0,26.6,1,0,0,0.2,0.2,0.03,0.8,0.8,Defender,
Marco Pellegrino,ARG,Salernitana,it Serie A,21 years,6.1,0,2,0,0.0,0.33,0.0,0.0,,11.9,0,0,0,0.0,0.0,0.02,0.0,0.0,Defender,
Marco Pellegrino,ARG,Milan,it Serie A,21 years,0.8,0,1,1,100.0,1.32,1.32,0.0,0.0,12.9,0,0,0,0.0,0.0,0.02,0.0,0.0,Defender,
Facundo Pellistri,URU,Manchester Utd,eng Premier League,21 years,1.9,0,4,2,50.0,2.09,1.05,0.0,0.0,11.5,0,0,0,0.7,0.7,0.18,-0.7,-0.7,Forward,Midfielder
Facundo Pellistri,URU,Granada,es La Liga,21 years,13.7,2,17,6,35.3,1.24,0.44,0.12,0.33,14.5,0,0,0,2.5,2.5,0.14,-0.5,-0.5,Midfielder,Forward
Andy Pelmard,FRA,Clermont Foot,fr Ligue 1,23 years,33.2,0,2,1,50.0,0.06,0.03,0.0,0.0,9.1,0,0,0,0.3,0.3,0.17,-0.3,-0.3,Defender,
Aurélien Pelon,FRA,Lorient,fr Ligue 1,19 years,1.0,0,0,0,,0.0,0.0,,,,0,0,0,0.0,0.0,,0.0,0.0,Defender,
Faris Pemi Moumbagna,CMR,Marseille,fr Ligue 1,23 years,6.1,3,16,5,31.3,2.63,0.82,0.19,0.6,13.9,0,0,0,1.7,1.7,0.11,1.3,1.3,Forward,
Iñaki Peña,ESP,Barcelona,es La Liga,24 years,10.0,0,0,0,,0.0,0.0,,,,0,0,0,0.0,0.0,,0.0,0.0,Goalkeeper,
Marcos Peña,ESP,Almería,es La Liga,18 years,4.9,0,4,1,25.0,0.82,0.2,0.0,0.0,28.1,0,0,0,0.2,0.2,0.04,-0.2,-0.2,Midfielder,
Rubén Peña,ESP,Osasuna,es La Liga,32 years,23.2,0,17,5,29.4,0.73,0.22,0.0,0.0,21.0,0,0,0,0.9,0.9,0.05,-0.9,-0.9,Defender,Forward
Pepín,EQG,Monza,it Serie A,26 years,2.7,0,5,0,0.0,1.87,0.0,0.0,,26.2,2,0,0,0.2,0.2,0.03,-0.2,-0.2,Midfielder,Forward
Alberto Perea,ESP,Granada,es La Liga,32 years,0.0,0,0,0,,0.0,0.0,,,,0,0,0,0.0,0.0,,0.0,0.0,Midfielder,Forward
Andreas Pereira,BRA,Fulham,eng Premier League,27 years,29.0,3,52,16,30.8,1.79,0.55,0.06,0.19,21.9,7,0,0,4.6,4.6,0.09,-1.6,-1.6,Midfielder,
Danilo Pereira,POR,Paris S-G,fr Ligue 1,31 years,22.2,0,10,1,10.0,0.45,0.05,0.0,0.0,10.8,0,0,0,1.4,1.4,0.14,-1.4,-1.4,Defender,
Mathias Pereira Lage,POR,Brest,fr Ligue 1,26 years,13.2,3,36,16,44.4,2.73,1.21,0.08,0.19,17.9,4,0,0,3.5,3.5,0.1,-0.5,-0.5,Forward,Midfielder
Pedro Pereira,POR,Monza,it Serie A,25 years,9.3,0,3,0,0.0,0.32,0.0,0.0,,14.9,0,0,0,0.2,0.2,0.06,-0.2,-0.2,Defender,
Daniel Peretz,ISR,Bayern Munich,de Bundesliga,23 years,0.2,0,0,0,,0.0,0.0,,,,0,0,0,0.0,0.0,,0.0,0.0,Goalkeeper,
Roberto Pereyra,ARG,Udinese,it Serie A,32 years,20.6,4,26,8,30.8,1.26,0.39,0.12,0.38,15.9,0,1,1,3.5,2.7,0.11,0.5,0.3,Forward,Midfielder
Ayoze Pérez,ESP,Betis,es La Liga,30 years,25.5,9,68,26,38.2,2.67,1.02,0.13,0.35,13.5,0,0,0,7.4,7.4,0.11,1.6,1.6,Forward,
Carles Pérez,ESP,Celta Vigo,es La Liga,25 years,8.6,1,24,6,25.0,2.8,0.7,0.04,0.17,21.4,2,0,0,1.2,1.2,0.05,-0.2,-0.2,Midfielder,Defender
Francisco Perez,ESP,Valencia,es La Liga,20 years,22.8,1,20,2,10.0,0.88,0.09,0.05,0.5,18.4,0,0,0,1.1,1.1,0.05,-0.1,-0.1,Midfielder,Forward
Kike Pérez,ESP,Rayo Vallecano,es La Liga,26 years,9.3,1,13,5,38.5,1.4,0.54,0.08,0.2,18.7,1,0,0,1.9,1.9,0.14,-0.9,-0.9,Midfielder,Forward
Nehuén Pérez,ARG,Udinese,it Serie A,23 years,36.0,0,20,2,10.0,0.56,0.06,0.0,0.0,12.3,0,0,0,1.3,1.3,0.07,-1.3,-1.3,Defender,
Matteo Perez Vinlöf,SWE,Bayern Munich,de Bundesliga,17 years,0.2,0,0,0,,0.0,0.0,,,,0,0,0,0.0,0.0,,0.0,0.0,Forward,
Simone Perilli,ITA,Hellas Verona,it Serie A,28 years,1.0,0,0,0,,0.0,0.0,,,,0,0,0,0.0,0.0,,0.0,0.0,Goalkeeper,
Mattia Perin,ITA,Juventus,it Serie A,30 years,2.5,0,0,0,,0.0,0.0,,,,0,0,0,0.0,0.0,,0.0,0.0,Goalkeeper,
Samuele Perisan,ITA,Empoli,it Serie A,25 years,1.0,0,0,0,,0.0,0.0,,,,0,0,0,0.0,0.0,,0.0,0.0,Goalkeeper,
Ivan Perišić,CRO,Tottenham,eng Premier League,34 years,1.1,0,2,0,0.0,1.75,0.0,0.0,,13.0,0,0,0,0.1,0.1,0.06,-0.1,-0.1,Forward,
Romain Perraud,FRA,Nice,fr Ligue 1,25 years,4.1,0,2,0,0.0,0.49,0.0,0.0,,31.3,0,0,0,0.0,0.0,0.02,0.0,0.0,Defender,Forward
Lucas Perrin,FRA,Strasbourg,fr Ligue 1,24 years,30.3,0,12,3,25.0,0.4,0.1,0.0,0.0,18.2,0,0,0,0.6,0.6,0.05,-0.6,-0.6,Defender,
Máximo Perrone,ARG,Las Palmas,es La Liga,20 years,18.0,0,7,3,42.9,0.39,0.17,0.0,0.0,23.6,0,0,0,0.2,0.2,0.03,-0.2,-0.2,Midfielder,
Pavao Pervan,AUT,Wolfsburg,de Bundesliga,35 years,9.0,0,0,0,,0.0,0.0,,,,0,0,0,0.0,0.0,,0.0,0.0,Goalkeeper,
Matteo Pessina,ITA,Monza,it Serie A,26 years,35.8,6,22,8,36.4,0.61,0.22,0.09,0.25,20.2,0,4,5,6.3,2.4,0.11,-0.3,-0.4,Midfielder,
Andrea Petagna,ITA,Cagliari,it Serie A,28 years,11.1,1,20,8,40.0,1.81,0.72,0.05,0.13,13.7,0,0,0,1.6,1.6,0.08,-0.6,-0.6,Forward,
Denis Petrić,SRB,Nantes,fr Ligue 1,35 years,0.3,0,0,0,,0.0,0.0,,,,0,0,0,0.0,0.0,,0.0,0.0,Goalkeeper,
Njegoš Petrović,SRB,Granada,es La Liga,24 years,1.7,0,2,1,50.0,1.15,0.57,0.0,0.0,31.9,1,0,0,0.0,0.0,0.02,0.0,0.0,Midfielder,Forward
Đorđe Petrović,SRB,Chelsea,eng Premier League,23 years,22.1,0,0,0,,0.0,0.0,,,,0,0,0,0.0,0.0,,0.0,0.0,Goalkeeper,
Jens Petter Hauge,NOR,Eintracht Frankfurt,de Bundesliga,23 years,1.6,0,1,0,0.0,0.61,0.0,0.0,,17.4,0,0,0,0.1,0.1,0.07,-0.1,-0.1,Midfielder,Forward
Germán Pezzella,ARG,Betis,es La Liga,32 years,30.7,1,23,5,21.7,0.75,0.16,0.04,0.2,11.2,0,0,0,2.0,2.0,0.09,-1.0,-1.0,Defender,
Giuseppe Pezzella,ITA,Empoli,it Serie A,25 years,12.1,0,3,2,66.7,0.25,0.17,0.0,0.0,20.5,0,0,0,0.2,0.2,0.06,-0.2,-0.2,Defender,
Luca Pfeiffer,GER,Darmstadt 98,de Bundesliga,26 years,18.0,1,48,18,37.5,2.67,1.0,0.02,0.06,15.7,0,0,0,4.6,4.6,0.1,-3.6,-3.6,Forward,Midfielder
Patric Pfeiffer,GER,Augsburg,de Bundesliga,23 years,5.7,0,11,0,0.0,1.94,0.0,0.0,,17.9,0,0,0,0.5,0.5,0.04,-0.5,-0.5,Defender,
Maximilian Philipp,GER,Freiburg,de Bundesliga,29 years,3.6,1,9,3,33.3,2.51,0.84,0.11,0.33,12.7,0,0,0,0.5,0.5,0.05,0.5,0.5,Forward,Midfielder
Kalvin Phillips,ENG,West Ham,eng Premier League,27 years,3.4,0,3,2,66.7,0.87,0.58,0.0,0.0,25.8,0,0,0,0.1,0.1,0.03,-0.1,-0.1,Midfielder,
Kalvin Phillips,ENG,Manchester City,eng Premier League,27 years,1.0,0,2,0,0.0,1.94,0.0,0.0,,21.7,0,0,0,0.1,0.1,0.04,-0.1,-0.1,Midfielder,
Jaden Philogene Bidace,ENG,Aston Villa,eng Premier League,21 years,0.0,0,0,0,,0.0,0.0,,,,0,0,0,0.0,0.0,,0.0,0.0,Forward,
Kamil Piątkowski,POL,Granada,es La Liga,23 years,5.6,0,4,2,50.0,0.71,0.36,0.0,0.0,7.3,0,0,0,0.8,0.8,0.2,-0.8,-0.8,Defender,
Roberto Piccoli,ITA,Empoli,it Serie A,22 years,0.4,0,1,0,0.0,2.31,0.0,0.0,,16.3,0,0,0,0.1,0.1,0.05,-0.1,-0.1,Forward,
Roberto Piccoli,ITA,Lecce,it Serie A,22 years,15.3,5,56,20,35.7,3.66,1.31,0.07,0.2,16.5,1,1,1,6.4,5.6,0.1,-1.4,-1.6,Forward,
Florian Pick,GER,Heidenheim,de Bundesliga,27 years,3.6,0,8,1,12.5,2.2,0.28,0.0,0.0,25.4,0,0,0,0.3,0.3,0.04,-0.3,-0.3,Midfielder,Forward
Jordan Pickford,ENG,Everton,eng Premier League,29 years,38.0,0,0,0,,0.0,0.0,,,,0,0,0,0.0,0.0,,0.0,0.0,Goalkeeper,
Amos Pieper,GER,Werder Bremen,de Bundesliga,25 years,6.6,0,4,1,25.0,0.61,0.15,0.0,0.0,10.2,0,0,0,0.5,0.5,0.11,-0.5,-0.5,Defender,
Marvin Pieringer,GER,Heidenheim,de Bundesliga,23 years,16.8,3,27,8,29.6,1.61,0.48,0.11,0.38,14.4,0,0,0,2.3,2.3,0.09,0.7,0.7,Midfielder,Forward
Santiago Pierotti,ARG,Lecce,it Serie A,22 years,2.2,0,7,3,42.9,3.15,1.35,0.0,0.0,17.0,0,0,0,0.5,0.5,0.07,-0.5,-0.5,Midfielder,Forward
Niccolò Pierozzi,ITA,Salernitana,it Serie A,21 years,9.7,1,8,2,25.0,0.83,0.21,0.13,0.5,15.8,0,0,0,0.2,0.2,0.03,0.8,0.8,Defender,
Ronaël Pierre-Gabriel,FRA,Nantes,fr Ligue 1,25 years,6.6,0,7,0,0.0,1.05,0.0,0.0,,20.8,0,0,0,0.3,0.3,0.05,-0.3,-0.3,Defender,
Andrea Pinamonti,ITA,Sassuolo,it Serie A,24 years,34.2,11,80,19,23.8,2.34,0.56,0.11,0.47,16.4,0,2,3,8.9,6.6,0.08,2.1,2.4,Forward,
Ethan Pinnock,JAM,Brentford,eng Premier League,30 years,28.0,2,19,4,21.1,0.68,0.14,0.11,0.5,9.8,0,0,0,2.0,2.0,0.11,0.0,0.0,Defender,
Yeremi Pino,ESP,Villarreal,es La Liga,20 years,5.3,0,9,4,44.4,1.71,0.76,0.0,0.0,12.5,0,0,0,1.4,1.4,0.16,-1.4,-1.4,Midfielder,Forward
Carlo Pinsoglio,ITA,Juventus,it Serie A,33 years,0.5,0,0,0,,0.0,0.0,,,,0,0,0,0.0,0.0,,0.0,0.0,Goalkeeper,
Lorenzo Pirola,ITA,Salernitana,it Serie A,21 years,22.1,1,15,4,26.7,0.68,0.18,0.07,0.25,13.8,0,0,0,0.9,0.9,0.06,0.1,0.1,Defender,
Niccolò Pisilli,ITA,Roma,it Serie A,18 years,0.1,0,0,0,,0.0,0.0,,,,0,0,0,0.0,0.0,,0.0,0.0,Midfielder,
Alassane Pléa,FRA,Gladbach,de Bundesliga,30 years,21.3,7,57,18,31.6,2.68,0.85,0.11,0.33,17.6,0,1,1,7.0,6.2,0.11,0.0,-0.2,Forward,Midfielder
Tommaso Pobega,ITA,Milan,it Serie A,24 years,3.5,0,5,4,80.0,1.41,1.13,0.0,0.0,16.9,0,0,0,0.2,0.2,0.04,-0.2,-0.2,Midfielder,
Paul Pogba,FRA,Juventus,it Serie A,30 years,0.6,0,0,0,,0.0,0.0,,,,0,0,0,0.0,0.0,,0.0,0.0,Midfielder,
Ole Pohlmann,GER,Dortmund,de Bundesliga,22 years,0.6,0,1,0,0.0,1.67,0.0,0.0,,17.1,0,0,0,0.1,0.1,0.05,-0.1,-0.1,Midfielder,
Matteo Politano,ITA,Napoli,it Serie A,29 years,26.2,8,72,15,20.8,2.75,0.57,0.08,0.4,21.5,4,2,3,7.1,4.8,0.07,0.9,1.2,Forward,
Sebastian Polter,GER,Darmstadt 98,de Bundesliga,32 years,5.0,0,10,3,30.0,2.02,0.61,0.0,0.0,11.9,0,0,0,1.0,1.0,0.1,-1.0,-1.0,Forward,
Julien Ponceau,FRA,Lorient,fr Ligue 1,22 years,24.9,3,33,13,39.4,1.32,0.52,0.09,0.23,19.9,0,0,0,3.3,3.3,0.1,-0.3,-0.3,Midfielder,
Marin Pongračić,CRO,Lecce,it Serie A,25 years,35.8,0,13,3,23.1,0.36,0.08,0.0,0.0,13.5,0,0,0,1.2,1.2,0.09,-1.2,-1.2,Defender,
Nick Pope,ENG,Newcastle Utd,eng Premier League,31 years,14.9,0,1,0,0.0,0.07,0.0,0.0,,14.3,0,0,0,0.0,0.0,0.03,0.0,0.0,Goalkeeper,
Pedro Porro,ESP,Tottenham,eng Premier League,23 years,34.3,3,53,12,22.6,1.54,0.35,0.06,0.25,21.0,4,0,0,2.9,2.9,0.06,0.1,0.1,Defender,
Portu,ESP,Getafe,es La Liga,31 years,1.1,0,1,1,100.0,0.93,0.93,0.0,0.0,8.5,0,0,0,0.2,0.2,0.16,-0.2,-0.2,Forward,
Portu,ESP,Girona,es La Liga,31 years,13.2,7,21,10,47.6,1.59,0.76,0.33,0.7,11.5,0,0,0,3.4,3.4,0.16,3.6,3.6,Midfielder,Forward
Stefan Posch,AUT,Bologna,it Serie A,26 years,26.8,1,18,4,22.2,0.67,0.15,0.06,0.25,19.3,0,0,0,1.2,1.2,0.07,-0.2,-0.2,Defender,
Yussuf Poulsen,DEN,RB Leipzig,de Bundesliga,29 years,13.5,5,29,16,55.2,2.14,1.18,0.17,0.31,10.6,0,0,0,5.7,5.7,0.2,-0.7,-0.7,Forward,
José Pozo,ESP,Rayo Vallecano,es La Liga,27 years,0.2,0,0,0,,0.0,0.0,,,,0,0,0,0.0,0.0,,0.0,0.0,Midfielder,
Alejandro Pozo Pozo,ESP,Almería,es La Liga,24 years,10.8,0,4,3,75.0,0.37,0.28,0.0,0.0,23.3,0,0,0,0.4,0.4,0.1,-0.4,-0.4,Defender,Midfielder
Beñat Prados,ESP,Athletic Club,es La Liga,22 years,16.1,0,7,4,57.1,0.43,0.25,0.0,0.0,18.5,0,0,0,0.5,0.5,0.07,-0.5,-0.5,Midfielder,Defender
Matteo Prati,ITA,Cagliari,it Serie A,19 years,21.9,1,36,10,27.8,1.64,0.46,0.03,0.1,22.6,2,0,0,2.0,2.0,0.06,-1.0,-1.0,Midfielder,
Abdón Prats,ESP,Mallorca,es La Liga,30 years,14.1,6,33,14,42.4,2.34,0.99,0.18,0.43,14.8,2,0,0,3.2,3.2,0.1,2.8,2.8,Forward,Midfielder
Sanjin Prcić,BIH,Strasbourg,fr Ligue 1,29 years,1.0,0,1,0,0.0,1.02,0.0,0.0,,27.6,0,0,0,0.0,0.0,0.01,0.0,0.0,Midfielder,
Grischa Prömel,GER,Hoffenheim,de Bundesliga,28 years,23.8,4,26,8,30.8,1.09,0.34,0.15,0.5,15.5,0,0,0,3.8,3.8,0.15,0.2,0.2,Midfielder,
Ivan Provedel,ITA,Lazio,it Serie A,29 years,30.0,0,0,0,,0.0,0.0,,,,0,0,0,0.0,0.0,,0.0,0.0,Goalkeeper,
Marc Pubill,ESP,Almería,es La Liga,20 years,20.9,1,20,5,25.0,0.96,0.24,0.05,0.2,20.8,0,0,0,0.7,0.7,0.04,0.3,0.3,Defender,
Gustavo Puerta,COL,Leverkusen,de Bundesliga,20 years,0.5,0,2,0,0.0,3.91,0.0,0.0,,24.5,0,0,0,0.1,0.1,0.05,-0.1,-0.1,Defender,Midfielder
Antonio Puertas,ESP,Granada,es La Liga,31 years,8.1,0,17,4,23.5,2.1,0.49,0.0,0.0,16.0,0,0,2,3.2,1.6,0.09,-3.2,-1.6,Midfielder,Forward
Arnau Puigmal,ESP,Almería,es La Liga,22 years,2.8,0,0,0,,0.0,0.0,,,,0,0,0,0.0,0.0,,0.0,0.0,Forward,Defender
Christian Pulisic,USA,Milan,it Serie A,24 years,28.9,12,65,31,47.7,2.25,1.07,0.18,0.39,15.7,0,0,0,8.0,8.0,0.12,4.0,4.0,Forward,Midfielder
George Pușcaș,ROU,Genoa,it Serie A,27 years,2.1,0,11,5,45.5,5.18,2.36,0.0,0.0,12.9,0,0,0,2.1,2.1,0.19,-2.1,-2.1,Forward,
Jarell Quansah,ENG,Liverpool,eng Premier League,20 years,13.2,2,6,4,66.7,0.45,0.3,0.33,0.5,10.6,0,0,0,1.0,1.0,0.17,1.0,1.0,Defender,
Domingos Quina,POR,Udinese,it Serie A,23 years,0.1,0,0,0,,0.0,0.0,,,,0,0,0,0.0,0.0,,0.0,0.0,Midfielder,
Adrien Rabiot,FRA,Juventus,it Serie A,28 years,29.5,5,38,16,42.1,1.29,0.54,0.13,0.31,16.9,0,0,0,3.5,3.4,0.09,1.5,1.6,Midfielder,
Uroš Račić,SRB,Sassuolo,it Serie A,25 years,9.1,1,17,4,23.5,1.87,0.44,0.06,0.25,24.3,2,0,0,0.8,0.8,0.05,0.2,0.2,Midfielder,
Nemanja Radonjić,SRB,Torino,it Serie A,27 years,4.2,3,12,5,41.7,2.89,1.2,0.25,0.6,16.6,0,0,0,1.7,1.7,0.14,1.3,1.3,Midfielder,Forward
Nemanja Radonjić,SRB,Mallorca,es La Liga,27 years,3.9,0,10,7,70.0,2.55,1.78,0.0,0.0,17.5,0,0,0,1.6,1.6,0.16,-1.6,-1.6,Midfielder,Defender
Aleksandar Radovanović,SRB,Almería,es La Liga,29 years,6.3,0,1,0,0.0,0.16,0.0,0.0,,10.5,0,0,0,0.0,0.0,0.04,0.0,0.0,Defender,
Ionuț Radu,ROU,Bournemouth,eng Premier League,26 years,2.0,0,0,0,,0.0,0.0,,,,0,0,0,0.0,0.0,,0.0,0.0,Goalkeeper,
Boris Radunović,SRB,Cagliari,it Serie A,27 years,7.0,0,0,0,,0.0,0.0,,,,0,0,0,0.0,0.0,,0.0,0.0,Goalkeeper,
Hamza Rafia,TUN,Lecce,it Serie A,24 years,13.4,1,16,3,18.8,1.2,0.22,0.06,0.33,22.6,0,0,0,0.8,0.8,0.05,0.2,0.2,Midfielder,
Abdellah Raihani,MAR,Atlético Madrid,es La Liga,19 years,0.1,0,0,0,,0.0,0.0,,,,0,0,0,0.0,0.0,,0.0,0.0,Forward,
Antonio Raillo,ESP,Mallorca,es La Liga,31 years,24.4,3,29,9,31.0,1.19,0.37,0.1,0.33,17.3,0,0,0,1.4,1.4,0.05,1.6,1.6,Defender,
Luca Raimund,GER,Stuttgart,de Bundesliga,18 years,0.3,0,2,0,0.0,6.0,0.0,0.0,,7.2,0,0,0,0.9,0.9,0.55,-0.9,-0.9,Forward,Midfielder
Predrag Rajković,SRB,Mallorca,es La Liga,27 years,36.0,0,0,0,,0.0,0.0,,,,0,0,0,0.0,0.0,,0.0,0.0,Goalkeeper,
Jesurun Rak Sakyi,ENG,Crystal Palace,eng Premier League,20 years,1.5,0,5,1,20.0,3.31,0.66,0.0,0.0,15.5,0,0,0,0.4,0.4,0.08,-0.4,-0.4,Midfielder,Forward
Ivan Rakitić,CRO,Sevilla,es La Liga,35 years,15.8,2,32,7,21.9,2.02,0.44,0.06,0.29,26.9,3,0,0,1.3,1.3,0.04,0.7,0.7,Midfielder,
Ylber Ramadani,ALB,Lecce,it Serie A,27 years,33.0,1,31,6,19.4,0.94,0.18,0.03,0.17,27.6,0,0,0,1.0,1.0,0.03,0.0,0.0,Midfielder,
Largie Ramazani,BEL,Almería,es La Liga,22 years,17.3,3,40,12,30.0,2.32,0.69,0.08,0.25,17.5,1,0,0,4.7,4.7,0.12,-1.7,-1.7,Forward,Midfielder
Benito Ramírez,ESP,Las Palmas,es La Liga,28 years,4.3,1,10,3,30.0,2.34,0.7,0.1,0.33,22.5,1,0,0,0.4,0.4,0.04,0.6,0.6,Forward,Midfielder
Sandro Ramírez,ESP,Las Palmas,es La Liga,28 years,20.1,1,51,18,35.3,2.54,0.9,0.02,0.06,21.7,5,0,1,3.7,3.0,0.06,-2.7,-2.0,Forward,
Chris Ramos,ESP,Cádiz,es La Liga,26 years,29.0,5,76,27,35.5,2.62,0.93,0.07,0.19,12.0,0,0,0,10.1,10.1,0.13,-5.1,-5.1,Forward,Midfielder
Gonçalo Ramos,POR,Paris S-G,fr Ligue 1,22 years,15.8,11,54,20,37.0,3.42,1.27,0.19,0.5,13.2,0,1,1,10.9,10.2,0.19,0.1,-0.2,Forward,
Sergio Ramos,ESP,Sevilla,es La Liga,37 years,28.0,3,28,11,39.3,1.0,0.39,0.11,0.27,18.9,5,0,0,1.9,1.9,0.07,1.1,1.1,Defender,
Aaron Ramsdale,ENG,Arsenal,eng Premier League,25 years,6.0,0,0,0,,0.0,0.0,,,,0,0,0,0.0,0.0,,0.0,0.0,Goalkeeper,
Aaron Ramsey,ENG,Burnley,eng Premier League,20 years,5.9,0,6,2,33.3,1.02,0.34,0.0,0.0,16.5,0,0,0,0.3,0.3,0.06,-0.3,-0.3,Midfielder,Forward
Jacob Ramsey,ENG,Aston Villa,eng Premier League,22 years,9.5,1,19,4,21.1,2.0,0.42,0.05,0.25,15.9,0,0,0,2.2,2.2,0.11,-1.2,-1.2,Forward,Midfielder
Luca Ranieri,ITA,Fiorentina,it Serie A,24 years,22.9,2,10,3,30.0,0.44,0.13,0.2,0.67,8.8,0,0,0,0.9,0.9,0.09,1.1,1.1,Defender,
Filippo Ranocchia,ITA,Empoli,it Serie A,22 years,5.3,0,6,2,33.3,1.13,0.38,0.0,0.0,26.6,2,0,0,0.2,0.2,0.04,-0.2,-0.2,Midfielder,Defender
Grant Ranos,ARM,Gladbach,de Bundesliga,20 years,0.5,0,3,0,0.0,5.51,0.0,0.0,,17.0,0,0,0,0.3,0.3,0.08,-0.3,-0.3,Midfielder,Forward
Raphinha,BRA,Barcelona,es La Liga,26 years,15.2,6,58,20,34.5,3.82,1.32,0.09,0.25,19.8,10,1,1,7.4,6.6,0.12,-1.4,-1.6,Forward,Midfielder
Nicolai Rapp,GER,Werder Bremen,de Bundesliga,26 years,0.8,0,0,0,,0.0,0.0,,,,0,0,0,0.0,0.0,,0.0,0.0,Defender,
Elba Rashani,KVX,Clermont Foot,fr Ligue 1,30 years,13.1,2,17,5,29.4,1.3,0.38,0.12,0.4,16.8,0,0,0,2.1,2.1,0.13,-0.1,-0.1,Midfielder,Forward
Marcus Rashford,ENG,Manchester Utd,eng Premier League,25 years,25.2,7,60,19,31.7,2.38,0.75,0.08,0.26,16.8,1,2,2,7.4,5.8,0.1,-0.4,-0.8,Forward,
Giacomo Raspadori,ITA,Napoli,it Serie A,23 years,17.6,5,60,24,40.0,3.41,1.36,0.08,0.21,18.8,4,0,1,5.9,4.5,0.07,-0.9,0.5,Forward,Midfielder
Andrei Ratiu,ROU,Rayo Vallecano,es La Liga,25 years,7.0,0,6,1,16.7,0.86,0.14,0.0,0.0,16.5,0,0,0,0.3,0.3,0.05,-0.3,-0.3,Defender,Midfielder
Raúl,ESP,Osasuna,es La Liga,22 years,15.1,6,33,12,36.4,2.19,0.8,0.18,0.5,11.6,0,0,0,4.9,4.9,0.15,1.1,1.1,Forward,
David Raum,GER,RB Leipzig,de Bundesliga,25 years,30.4,2,14,4,28.6,0.46,0.13,0.14,0.5,20.3,4,0,0,0.8,0.8,0.05,1.2,1.2,Defender,
Federico Ravaglia,ITA,Bologna,it Serie A,23 years,5.9,0,0,0,,0.0,0.0,,,,0,0,0,0.0,0.0,,0.0,0.0,Goalkeeper,
David Raya,ESP,Arsenal,eng Premier League,27 years,32.0,0,0,0,,0.0,0.0,,,,0,0,0,0.0,0.0,,0.0,0.0,Goalkeeper,
Tim Ream,USA,Fulham,eng Premier League,35 years,16.7,1,1,1,100.0,0.06,0.06,1.0,1.0,1.3,0,0,0,1.0,1.0,0.96,0.0,0.0,Defender,
Abderrahman Rebbach,ALG,Alavés,es La Liga,24 years,8.0,1,17,4,23.5,2.12,0.5,0.06,0.25,19.4,1,0,0,0.8,0.8,0.05,0.2,0.2,Forward,Midfielder
Nathan Redmond,ENG,Burnley,eng Premier League,29 years,1.6,0,0,0,,0.0,0.0,,,,0,0,0,0.0,0.0,,0.0,0.0,Forward,Midfielder
Harrison Reed,ENG,Fulham,eng Premier League,28 years,14.7,0,9,2,22.2,0.61,0.14,0.0,0.0,23.6,1,0,0,0.3,0.3,0.03,-0.3,-0.3,Midfielder,
Sergio Reguilón,ESP,Manchester Utd,eng Premier League,26 years,4.6,0,4,0,0.0,0.87,0.0,0.0,,18.1,0,0,0,0.2,0.2,0.05,-0.2,-0.2,Defender,
Sergio Reguilón,ESP,Brentford,eng Premier League,26 years,12.4,0,13,1,7.7,1.05,0.08,0.0,0.0,18.2,0,0,0,0.8,0.8,0.06,-0.8,-0.8,Defender,
Tijjani Reijnders,NED,Milan,it Serie A,25 years,31.3,3,44,9,20.5,1.4,0.29,0.07,0.33,20.1,0,0,0,3.2,3.2,0.07,-0.2,-0.2,Midfielder,
Pepe Reina,ESP,Villarreal,es La Liga,40 years,2.0,0,0,0,,0.0,0.0,,,,0,0,0,0.0,0.0,,0.0,0.0,Goalkeeper,
Reinier,BRA,Frosinone,it Serie A,21 years,11.8,2,14,6,42.9,1.19,0.51,0.14,0.33,16.3,0,0,0,1.3,1.3,0.09,0.7,0.7,Midfielder,Forward
Rocco Reitz,GER,Gladbach,de Bundesliga,21 years,23.7,6,33,14,42.4,1.39,0.59,0.18,0.43,17.3,0,0,0,3.7,3.7,0.11,2.3,2.3,Midfielder,
Álex Remiro,ESP,Real Sociedad,es La Liga,28 years,36.4,0,0,0,,0.0,0.0,,,,0,0,0,0.0,0.0,,0.0,0.0,Goalkeeper,
Guillaume Restes,FRA,Toulouse,fr Ligue 1,18 years,34.0,0,0,0,,0.0,0.0,,,,0,0,0,0.0,0.0,,0.0,0.0,Goalkeeper,
Mateo Retegui,ITA,Genoa,it Serie A,24 years,24.6,7,62,22,35.5,2.52,0.89,0.1,0.27,14.3,0,1,1,5.8,5.0,0.08,1.2,1.0,Forward,
Marco Reus,GER,Dortmund,de Bundesliga,34 years,17.8,6,42,20,47.6,2.36,1.12,0.14,0.3,14.2,8,0,0,6.5,6.5,0.16,-0.5,-0.5,Midfielder,Forward
Elvis Rexhbeçaj,KVX,Augsburg,de Bundesliga,25 years,22.1,2,28,3,10.7,1.27,0.14,0.04,0.33,24.3,0,1,1,1.7,1.0,0.03,0.3,0.0,Midfielder,
Gio Reyna,USA,Nottingham Forest,eng Premier League,20 years,2.6,0,5,2,40.0,1.91,0.77,0.0,0.0,21.3,0,0,0,0.3,0.3,0.06,-0.3,-0.3,Forward,Midfielder
Gio Reyna,USA,Dortmund,de Bundesliga,20 years,3.1,0,8,2,25.0,2.57,0.64,0.0,0.0,17.4,0,0,0,0.8,0.8,0.1,-0.8,-0.8,Midfielder,Forward
Chadi Riad,MAR,Betis,es La Liga,20 years,24.0,0,11,5,45.5,0.46,0.21,0.0,0.0,11.1,0,0,0,0.7,0.7,0.07,-0.7,-0.7,Defender,
Alexsandro Ribeiro,BRA,Lille,fr Ligue 1,23 years,24.7,0,17,2,11.8,0.69,0.08,0.0,0.0,10.9,0,0,0,2.0,2.0,0.12,-2.0,-2.0,Defender,
Rodrigo Ribeiro,POR,Nottingham Forest,eng Premier League,18 years,0.2,0,0,0,,0.0,0.0,,,,0,0,0,0.0,0.0,,0.0,0.0,Midfielder,Forward
Samuele Ricci,ITA,Torino,it Serie A,21 years,26.6,1,30,5,16.7,1.13,0.19,0.03,0.2,22.7,0,0,0,1.3,1.3,0.04,-0.3,-0.3,Midfielder,
Declan Rice,ENG,Arsenal,eng Premier League,24 years,35.8,7,58,20,34.5,1.62,0.56,0.12,0.35,20.4,2,0,0,3.3,3.3,0.06,3.7,3.7,Midfielder,
Chris Richards,USA,Crystal Palace,eng Premier League,23 years,23.3,1,11,3,27.3,0.47,0.13,0.09,0.33,10.0,0,0,0,0.6,0.6,0.05,0.4,0.4,Defender,Midfielder
Amir Richardson,MAR,Reims,fr Ligue 1,21 years,15.0,3,17,8,47.1,1.13,0.53,0.18,0.38,18.8,0,0,0,1.6,1.6,0.1,1.4,1.4,Midfielder,
Richarlison,BRA,Tottenham,eng Premier League,26 years,16.6,11,62,25,40.3,3.74,1.51,0.18,0.44,12.9,0,0,0,9.6,9.6,0.15,1.4,1.4,Forward,
Marco Richter,GER,Mainz 05,de Bundesliga,25 years,8.0,1,38,9,23.7,4.77,1.13,0.03,0.11,21.2,4,0,0,1.9,1.9,0.05,-0.9,-0.9,Midfielder,Forward
Diego Rico,ESP,Getafe,es La Liga,30 years,28.2,0,18,5,27.8,0.64,0.18,0.0,0.0,27.0,0,0,0,0.3,0.3,0.02,-0.3,-0.3,Defender,
Clemens Riedel,GER,Darmstadt 98,de Bundesliga,20 years,8.4,0,8,3,37.5,0.95,0.36,0.0,0.0,21.6,1,0,0,0.3,0.3,0.03,-0.3,-0.3,Defender,
Fabian Rieder,SUI,Rennes,fr Ligue 1,21 years,4.1,1,5,2,40.0,1.23,0.49,0.2,0.5,23.7,2,0,0,0.3,0.3,0.06,0.7,0.7,Midfielder,
Jaïro Riedewald,NED,Crystal Palace,eng Premier League,26 years,2.6,0,1,0,0.0,0.38,0.0,0.0,,14.5,0,0,0,0.0,0.0,0.02,0.0,0.0,Midfielder,Forward
Manuel Riemann,GER,Bochum,de Bundesliga,34 years,33.0,0,0,0,,0.0,0.0,,,,0,0,0,0.0,0.0,,0.0,0.0,Goalkeeper,
Luis Rioja,ESP,Alavés,es La Liga,29 years,27.8,5,53,15,28.3,1.91,0.54,0.04,0.13,21.6,4,3,4,6.1,3.0,0.06,-1.1,-1.0,Forward,Midfielder
Rémy Riou,FRA,Lyon,fr Ligue 1,35 years,3.0,0,0,0,,0.0,0.0,,,,0,0,0,0.0,0.0,,0.0,0.0,Goalkeeper,
Rodrigo Riquelme,ESP,Atlético Madrid,es La Liga,23 years,17.0,3,37,16,43.2,2.18,0.94,0.08,0.19,18.0,0,0,0,2.7,2.7,0.07,0.3,0.3,Defender,Midfielder
Alberto Risco,ESP,Getafe,es La Liga,17 years,1.5,0,2,1,50.0,1.31,0.66,0.0,0.0,8.9,0,0,0,0.1,0.1,0.04,-0.1,-0.1,Midfielder,
Mihailo Ristić,SRB,Celta Vigo,es La Liga,27 years,9.0,0,10,4,40.0,1.11,0.45,0.0,0.0,23.7,1,0,0,0.3,0.3,0.03,-0.3,-0.3,Defender,Midfielder
Matt Ritchie,SCO,Newcastle Utd,eng Premier League,33 years,1.4,1,6,4,66.7,4.22,2.81,0.17,0.25,12.0,0,0,0,1.0,1.0,0.16,0.0,0.0,Forward,Midfielder
Gorka Rivera Alonso,ESP,Getafe,es La Liga,18 years,0.0,0,0,0,,0.0,0.0,,,,0,0,0,0.0,0.0,,0.0,0.0,Defender,
Sergi Roberto,ESP,Barcelona,es La Liga,31 years,9.6,3,10,4,40.0,1.05,0.42,0.3,0.75,12.5,0,0,0,1.7,1.7,0.17,1.3,1.3,Midfielder,Defender
Lucas Robertone,ARG,Almería,es La Liga,26 years,26.5,0,37,13,35.1,1.4,0.49,0.0,0.0,28.1,3,0,0,1.0,1.0,0.03,-1.0,-1.0,Midfielder,
Connor Roberts,WAL,Burnley,eng Premier League,27 years,9.1,0,0,0,,0.0,0.0,,,,0,0,0,0.0,0.0,,0.0,0.0,Defender,
Andrew Robertson,SCO,Liverpool,eng Premier League,29 years,18.8,3,12,6,50.0,0.64,0.32,0.25,0.5,12.5,0,0,0,1.9,1.9,0.16,1.1,1.1,Defender,
Antonee Robinson,USA,Fulham,eng Premier League,25 years,36.3,0,16,7,43.8,0.44,0.19,0.0,0.0,22.9,0,0,0,0.7,0.7,0.04,-0.7,-0.7,Defender,
Jack Robinson,ENG,Sheffield Utd,eng Premier League,29 years,32.1,1,14,5,35.7,0.44,0.16,0.07,0.2,12.7,0,0,0,1.2,1.2,0.09,-0.2,-0.2,Defender,
Marc Roca,ESP,Betis,es La Liga,26 years,22.0,2,20,7,35.0,0.91,0.32,0.1,0.29,24.3,0,0,0,1.1,1.1,0.06,0.9,0.9,Midfielder,
Sebastian Rode,GER,Eintracht Frankfurt,de Bundesliga,32 years,0.7,0,0,0,,0.0,0.0,,,,0,0,0,0.0,0.0,,0.0,0.0,Midfielder,
Sergio Rodelas,ESP,Granada,es La Liga,18 years,1.4,0,2,0,0.0,1.48,0.0,0.0,,27.3,0,0,0,0.0,0.0,0.02,0.0,0.0,Forward,Defender
Rodri,ESP,Manchester City,eng Premier League,27 years,32.6,8,62,22,35.5,1.9,0.68,0.13,0.36,20.6,0,0,0,4.1,4.1,0.07,3.9,3.9,Midfielder,
Rodri,ESP,Betis,es La Liga,23 years,11.7,0,18,5,27.8,1.54,0.43,0.0,0.0,18.6,0,0,0,1.1,1.1,0.06,-1.1,-1.1,Forward,Midfielder
Álvaro Rodríguez,URU,Real Madrid,es La Liga,19 years,0.0,0,0,0,,0.0,0.0,,,,0,0,0,0.0,0.0,,0.0,0.0,Forward,
Óscar Rodríguez Arnaiz,ESP,Getafe,es La Liga,25 years,10.7,2,34,9,26.5,3.16,0.84,0.06,0.22,24.9,4,0,0,1.5,1.5,0.04,0.5,0.5,Midfielder,Forward
Damián Rodríguez,ESP,Celta Vigo,es La Liga,20 years,2.9,0,1,0,0.0,0.35,0.0,0.0,,31.6,0,0,0,0.0,0.0,0.03,0.0,0.0,Midfielder,
Dani Rodríguez,ESP,Mallorca,es La Liga,35 years,29.1,2,27,4,14.8,0.93,0.14,0.07,0.5,19.8,0,0,0,1.4,1.4,0.05,0.6,0.6,Midfielder,
Guido Rodríguez,ARG,Betis,es La Liga,29 years,20.5,2,18,7,38.9,0.88,0.34,0.11,0.29,20.5,0,0,0,0.7,0.7,0.04,1.3,1.3,Midfielder,
Jay Rodriguez,ENG,Burnley,eng Premier League,34 years,9.1,2,21,7,33.3,2.3,0.77,0.05,0.14,12.9,0,1,1,3.5,2.7,0.13,-1.5,-1.7,Forward,
Kirian Rodríguez,ESP,Las Palmas,es La Liga,27 years,35.7,6,43,14,32.6,1.21,0.39,0.14,0.43,25.4,2,0,0,2.1,2.1,0.05,3.9,3.9,Midfielder,
Miguel Rodríguez,ESP,Celta Vigo,es La Liga,20 years,3.3,0,6,0,0.0,1.8,0.0,0.0,,26.5,0,0,0,0.2,0.2,0.04,-0.2,-0.2,Midfielder,
Ricardo Rodríguez,SUI,Torino,it Serie A,30 years,30.8,1,11,2,18.2,0.36,0.06,0.09,0.5,27.2,2,0,0,0.3,0.3,0.03,0.7,0.7,Defender,
Rodrygo,BRA,Real Madrid,es La Liga,22 years,26.4,10,86,35,40.7,3.25,1.32,0.12,0.29,15.2,4,0,1,11.7,10.9,0.13,-1.7,-0.9,Forward,
Mads Roerslev,DEN,Brentford,eng Premier League,24 years,22.1,1,7,1,14.3,0.32,0.05,0.14,1.0,14.3,0,0,0,0.9,0.9,0.14,0.1,0.1,Defender,
Rogério,BRA,Wolfsburg,de Bundesliga,25 years,10.1,1,4,2,50.0,0.4,0.2,0.25,0.5,15.3,0,0,0,0.3,0.3,0.09,0.7,0.7,Defender,
Morgan Rogers,ENG,Aston Villa,eng Premier League,21 years,7.1,3,11,5,45.5,1.55,0.71,0.27,0.6,14.8,0,0,0,1.4,1.4,0.12,1.6,1.6,Midfielder,Forward
Merlin Röhl,GER,Freiburg,de Bundesliga,21 years,16.4,2,24,8,33.3,1.46,0.49,0.08,0.25,15.1,0,0,0,2.0,2.0,0.08,0.0,0.0,Midfielder,Forward
Alessio Romagnoli,ITA,Lazio,it Serie A,28 years,26.8,0,11,5,45.5,0.41,0.19,0.0,0.0,12.0,0,0,0,0.6,0.6,0.05,-0.6,-0.6,Defender,
Simone Romagnoli,ITA,Frosinone,it Serie A,33 years,30.2,1,12,1,8.3,0.4,0.03,0.08,1.0,8.8,0,0,0,1.2,1.2,0.1,-0.2,-0.2,Defender,
Carlos Romero,ESP,Villarreal,es La Liga,21 years,2.9,0,2,1,50.0,0.69,0.34,0.0,0.0,11.1,0,0,0,0.4,0.4,0.2,-0.4,-0.4,Defender,
Cristian Romero,ARG,Tottenham,eng Premier League,25 years,31.0,5,24,9,37.5,0.77,0.29,0.21,0.56,10.5,0,0,0,3.5,3.5,0.14,1.5,1.5,Defender,
Isaac Romero,ESP,Sevilla,es La Liga,23 years,11.5,4,42,17,40.5,3.64,1.47,0.1,0.24,14.8,0,0,0,7.3,7.3,0.17,-3.3,-3.3,Forward,
Luka Romero,ARG,Milan,it Serie A,18 years,1.0,0,1,0,0.0,1.02,0.0,0.0,,9.5,0,0,0,0.1,0.1,0.09,-0.1,-0.1,Forward,Midfielder
Luka Romero,ARG,Almería,es La Liga,18 years,4.9,3,8,3,37.5,1.64,0.62,0.38,1.0,15.9,0,0,0,1.3,1.3,0.18,1.7,1.7,Forward,
Oriol Romeu,ESP,Barcelona,es La Liga,31 years,10.4,0,10,2,20.0,0.96,0.19,0.0,0.0,23.6,0,0,0,0.7,0.7,0.07,-0.7,-0.7,Midfielder,
Valentin Rongier,FRA,Marseille,fr Ligue 1,28 years,9.5,0,10,3,30.0,1.06,0.32,0.0,0.0,19.7,0,0,0,0.6,0.6,0.06,-0.6,-0.6,Midfielder,
Frank Ronstadt,GER,Darmstadt 98,de Bundesliga,26 years,0.8,0,3,0,0.0,3.55,0.0,0.0,,24.6,0,0,0,0.1,0.1,0.03,-0.1,-0.1,Defender,Midfielder
Marten de Roon,NED,Atalanta,it Serie A,32 years,28.9,0,16,3,18.8,0.55,0.1,0.0,0.0,24.5,0,0,0,0.6,0.6,0.04,-0.6,-0.6,Midfielder,Defender
Unai Ropero,ESP,Alavés,es La Liga,21 years,0.1,0,0,0,,0.0,0.0,,,,0,0,0,0.0,0.0,,0.0,0.0,Midfielder,
Vitor Roque,BRA,Barcelona,es La Liga,18 years,3.6,2,13,6,46.2,3.57,1.65,0.15,0.33,13.7,0,0,0,2.5,2.5,0.2,-0.5,-0.5,Forward,
Pablo Rosario,NED,Nice,fr Ligue 1,26 years,22.3,0,16,2,12.5,0.72,0.09,0.0,0.0,13.1,0,0,0,1.2,1.2,0.08,-1.2,-1.2,Midfielder,Defender
Valentin Rosier,FRA,Nice,fr Ligue 1,26 years,0.6,0,1,0,0.0,1.7,0.0,0.0,,23.3,0,0,0,0.0,0.0,0.04,0.0,0.0,Defender,Midfielder
Francesco Rossi,ITA,Atalanta,it Serie A,32 years,0.1,0,0,0,,0.0,0.0,,,,0,0,0,0.0,0.0,,0.0,0.0,Goalkeeper,
Joe Rothwell,ENG,Bournemouth,eng Premier League,28 years,4.3,0,2,0,0.0,0.47,0.0,0.0,,22.7,0,0,0,0.1,0.1,0.04,-0.1,-0.1,Midfielder,
Anthony Rouault,FRA,Stuttgart,de Bundesliga,22 years,11.2,0,3,1,33.3,0.27,0.09,0.0,0.0,24.5,0,0,0,0.1,0.1,0.02,-0.1,-0.1,Defender,
Jérôme Roussillon,FRA,Union Berlin,de Bundesliga,30 years,8.4,0,7,4,57.1,0.84,0.48,0.0,0.0,20.4,0,0,0,0.3,0.3,0.05,-0.3,-0.3,Defender,
Nicolò Rovella,ITA,Lazio,it Serie A,21 years,14.6,0,5,1,20.0,0.34,0.07,0.0,0.0,26.4,1,0,0,0.6,0.6,0.12,-0.6,-0.6,Midfielder,
Amir Rrahmani,KVX,Napoli,it Serie A,29 years,28.9,3,25,8,32.0,0.87,0.28,0.12,0.38,12.0,0,0,0,2.2,2.2,0.09,0.8,0.8,Defender,
Ruan,BRA,Sassuolo,it Serie A,24 years,16.8,0,7,2,28.6,0.42,0.12,0.0,0.0,10.6,0,0,0,0.5,0.5,0.07,-0.5,-0.5,Defender,
Pelly Ruddock Mpanzu,COD,Luton Town,eng Premier League,30 years,12.2,0,11,1,9.1,0.9,0.08,0.0,0.0,19.7,0,0,0,0.6,0.6,0.06,-0.6,-0.6,Midfielder,
Antonio Rüdiger,GER,Real Madrid,es La Liga,30 years,30.1,1,19,2,10.5,0.63,0.07,0.05,0.5,16.0,0,0,0,1.5,1.5,0.08,-0.5,-0.5,Defender,
Fabian Rüdlin,GER,Freiburg,de Bundesliga,26 years,0.1,0,0,0,,0.0,0.0,,,,0,0,0,0.0,0.0,,0.0,0.0,Midfielder,
Javier Rueda Garcia,ESP,Celta Vigo,es La Liga,21 years,0.2,0,0,0,,0.0,0.0,,,,0,0,0,0.0,0.0,,0.0,0.0,Midfielder,Defender
Daniele Rugani,ITA,Juventus,it Serie A,29 years,13.2,2,8,2,25.0,0.61,0.15,0.25,1.0,7.3,0,0,0,1.6,1.6,0.3,0.4,0.4,Defender,
Matteo Ruggeri,ITA,Atalanta,it Serie A,21 years,27.2,0,12,4,33.3,0.44,0.15,0.0,0.0,16.9,0,0,0,0.5,0.5,0.04,-0.5,-0.5,Defender,
Mário Rui,POR,Napoli,it Serie A,32 years,13.4,0,5,2,40.0,0.37,0.15,0.0,0.0,31.7,0,0,0,0.1,0.1,0.03,-0.1,-0.1,Defender,
Aitor Ruibal,ESP,Betis,es La Liga,27 years,11.3,2,13,2,15.4,1.15,0.18,0.15,1.0,22.1,0,0,0,0.8,0.8,0.06,1.2,1.2,Defender,Forward
Fabián Ruiz Peña,ESP,Paris S-G,fr Ligue 1,27 years,13.3,1,19,6,31.6,1.43,0.45,0.05,0.17,21.7,0,0,0,2.0,2.0,0.1,-1.0,-1.0,Midfielder,
Sergio Ruiz,ESP,Granada,es La Liga,28 years,27.7,0,13,1,7.7,0.47,0.04,0.0,0.0,18.2,0,0,0,0.7,0.7,0.05,-0.7,-0.7,Midfielder,
Julian Ryerson,NOR,Dortmund,de Bundesliga,25 years,19.6,4,18,8,44.4,0.92,0.41,0.22,0.5,19.5,0,0,0,1.8,1.8,0.1,2.2,2.2,Defender,
Frederik Rønnow,DEN,Union Berlin,de Bundesliga,30 years,33.0,0,3,0,0.0,0.09,0.0,0.0,,11.0,0,0,0,0.1,0.1,0.02,-0.1,-0.1,Goalkeeper,
José Sá,POR,Wolves,eng Premier League,30 years,33.7,0,0,0,,0.0,0.0,,,,0,0,0,0.0,0.0,,0.0,0.0,Goalkeeper,
Youssouf Sabaly,SEN,Betis,es La Liga,30 years,11.6,0,4,0,0.0,0.34,0.0,0.0,,22.2,0,0,0,0.1,0.1,0.03,-0.1,-0.1,Defender,
Emmanuel Sabbi,USA,Le Havre,fr Ligue 1,25 years,17.6,5,29,10,34.5,1.65,0.57,0.1,0.3,16.4,0,2,2,4.1,2.5,0.09,0.9,0.5,Forward,Midfielder
Stefano Sabelli,ITA,Genoa,it Serie A,30 years,27.0,0,9,3,33.3,0.33,0.11,0.0,0.0,18.6,0,0,0,0.8,0.8,0.08,-0.8,-0.8,Defender,
Marcel Sabitzer,AUT,Dortmund,de Bundesliga,29 years,21.8,4,46,19,41.3,2.11,0.87,0.07,0.16,22.6,5,1,1,3.6,2.8,0.06,0.4,0.2,Midfielder,
Falaye Sacko,MLI,Montpellier,fr Ligue 1,28 years,15.4,0,1,0,0.0,0.07,0.0,0.0,,27.4,0,0,0,0.0,0.0,0.02,0.0,0.0,Defender,
Dominic Sadi,ENG,Bournemouth,eng Premier League,19 years,0.0,0,0,0,,0.0,0.0,,,,0,0,0,0.0,0.0,,0.0,0.0,Forward,
Umar Sadiq,NGA,Real Sociedad,es La Liga,26 years,12.0,3,33,10,30.3,2.76,0.84,0.09,0.3,14.7,0,0,0,3.6,3.6,0.12,-0.6,-0.6,Forward,
Alexis Saelemaekers,BEL,Bologna,it Serie A,24 years,21.0,4,29,10,34.5,1.38,0.48,0.14,0.4,23.2,4,0,0,2.6,2.6,0.09,1.4,1.4,Forward,Midfielder
Pablo Saenz,ESP,Granada,es La Liga,22 years,0.2,0,0,0,,0.0,0.0,,,,0,0,0,0.0,0.0,,0.0,0.0,Midfielder,
Modibo Sagnan,MLI,Montpellier,fr Ligue 1,24 years,11.7,2,9,3,33.3,0.77,0.26,0.22,0.67,19.5,0,0,0,1.2,1.2,0.13,0.8,0.8,Defender,
Wesley Saïd,FRA,Lens,fr Ligue 1,28 years,11.3,7,45,18,40.0,3.97,1.59,0.16,0.39,13.6,0,0,0,5.7,5.7,0.13,1.3,1.3,Forward,Midfielder
Théo Sainte-Luce,FRA,Montpellier,fr Ligue 1,24 years,3.8,0,3,1,33.3,0.78,0.26,0.0,0.0,22.4,0,0,0,0.1,0.1,0.04,-0.1,-0.1,Defender,
Bukayo Saka,ENG,Arsenal,eng Premier League,21 years,32.4,16,102,31,30.4,3.14,0.96,0.1,0.32,16.3,0,6,6,15.5,10.8,0.11,0.5,-0.8,Forward,
Mamadou Sakho,FRA,Montpellier,fr Ligue 1,33 years,0.1,0,0,0,,0.0,0.0,,,,0,0,0,0.0,0.0,,0.0,0.0,Defender,
Ibrahim Salah,MAR,Rennes,fr Ligue 1,21 years,5.8,4,17,9,52.9,2.92,1.55,0.24,0.44,15.5,0,0,0,3.1,3.1,0.19,0.9,0.9,Forward,Midfielder
Mohamed Salah,EGY,Liverpool,eng Premier League,31 years,28.2,18,107,47,43.9,3.8,1.67,0.12,0.28,15.5,1,5,7,21.2,15.5,0.15,-3.2,-2.5,Forward,
Amine Salama,FRA,Reims,fr Ligue 1,23 years,3.5,0,6,1,16.7,1.73,0.29,0.0,0.0,13.8,0,0,0,0.7,0.7,0.12,-0.7,-0.7,Forward,
Kike Salas,ESP,Sevilla,es La Liga,21 years,17.8,3,16,5,31.3,0.9,0.28,0.19,0.6,12.0,0,0,0,0.8,0.8,0.05,2.2,2.2,Defender,
William Saliba,FRA,Arsenal,eng Premier League,22 years,38.0,2,10,3,30.0,0.26,0.08,0.2,0.67,10.5,0,0,0,1.6,1.6,0.16,0.4,0.4,Defender,
Mohammed Salisu,GHA,Monaco,fr Ligue 1,24 years,11.5,0,4,1,25.0,0.35,0.09,0.0,0.0,14.3,0,0,0,0.2,0.2,0.06,-0.2,-0.2,Defender,
Roland Sallai,HUN,Freiburg,de Bundesliga,26 years,20.4,3,55,19,34.5,2.69,0.93,0.05,0.16,15.8,0,0,1,7.9,7.1,0.14,-4.9,-4.1,Midfielder,Forward
Yoann Salmier,GUF,Le Havre,fr Ligue 1,30 years,17.4,1,10,5,50.0,0.57,0.29,0.1,0.2,14.2,0,0,0,1.1,1.1,0.11,-0.1,-0.1,Defender,
Salvi,ESP,Rayo Vallecano,es La Liga,32 years,0.3,0,0,0,,0.0,0.0,,,,0,0,0,0.0,0.0,,0.0,0.0,Midfielder,
Lazar Samardzic,SRB,Udinese,it Serie A,21 years,26.4,6,56,16,28.6,2.12,0.61,0.09,0.31,25.7,13,1,1,3.5,2.8,0.05,2.5,2.2,Midfielder,
Diadie Samassékou,MLI,Cádiz,es La Liga,27 years,1.0,0,1,1,100.0,0.98,0.98,0.0,0.0,25.6,0,0,0,0.0,0.0,0.03,0.0,0.0,Midfielder,
Diadie Samassékou,MLI,Hoffenheim,de Bundesliga,27 years,0.0,0,0,0,,0.0,0.0,,,,0,0,0,0.0,0.0,,0.0,0.0,Midfielder,
Mama Samba Baldé,GNB,Lyon,fr Ligue 1,27 years,6.1,2,17,9,52.9,2.78,1.47,0.12,0.22,14.2,0,0,0,3.4,3.4,0.2,-1.4,-1.4,Forward,Midfielder
Brice Samba,FRA,Lens,fr Ligue 1,29 years,33.0,0,0,0,,0.0,0.0,,,,0,0,0,0.0,0.0,,0.0,0.0,Goalkeeper,
Albert Sambi Lokonga,BEL,Luton Town,eng Premier League,23 years,14.5,1,8,2,25.0,0.55,0.14,0.13,0.5,20.9,0,0,0,0.6,0.6,0.08,0.4,0.4,Midfielder,
Junior Sambia,FRA,Salernitana,it Serie A,26 years,11.5,1,12,4,33.3,1.05,0.35,0.08,0.25,25.9,5,0,0,0.5,0.5,0.04,0.5,0.5,Defender,Midfielder
Fede San Emeterio,ESP,Cádiz,es La Liga,26 years,1.7,1,1,1,100.0,0.59,0.59,1.0,1.0,5.0,0,0,0,0.1,0.1,0.06,0.9,0.9,Midfielder,
Antonio Sanabria,PAR,Torino,it Serie A,27 years,23.7,5,52,14,26.9,2.19,0.59,0.06,0.21,12.7,0,2,2,9.3,7.7,0.15,-4.3,-4.7,Forward,Midfielder
Oihan Sancet,ESP,Athletic Club,es La Liga,23 years,21.9,4,41,11,26.8,1.87,0.5,0.1,0.36,15.6,0,0,1,6.3,5.5,0.13,-2.3,-1.5,Midfielder,
Renato Sanches,POR,Roma,it Serie A,25 years,1.6,1,2,1,50.0,1.23,0.62,0.5,1.0,19.1,0,0,0,0.1,0.1,0.04,0.9,0.9,Midfielder,
Ricard Sánchez,ESP,Granada,es La Liga,23 years,25.5,3,14,5,35.7,0.55,0.2,0.21,0.6,19.0,0,0,0,1.0,1.0,0.07,2.0,2.0,Defender,
Alexis Sánchez,CHI,Inter,it Serie A,34 years,8.5,2,17,5,29.4,2.01,0.59,0.06,0.2,16.4,2,1,1,3.2,2.5,0.14,-1.2,-1.5,Forward,Midfielder
Antonio Sánchez,ESP,Mallorca,es La Liga,26 years,16.1,3,23,9,39.1,1.43,0.56,0.13,0.33,20.1,0,0,0,2.5,2.5,0.11,0.5,0.5,Midfielder,
Davinson Sánchez,COL,Tottenham,eng Premier League,27 years,0.9,0,1,0,0.0,1.17,0.0,0.0,,8.6,0,0,0,0.1,0.1,0.12,-0.1,-0.1,Defender,
Juanlu Sánchez,ESP,Sevilla,es La Liga,19 years,13.1,0,11,2,18.2,0.84,0.15,0.0,0.0,20.5,0,0,0,0.9,0.9,0.08,-0.9,-0.9,Defender,
Manu Sánchez,ESP,Celta Vigo,es La Liga,22 years,19.7,0,9,1,11.1,0.46,0.05,0.0,0.0,18.6,0,0,0,0.5,0.5,0.05,-0.5,-0.5,Defender,Midfielder
Robert Sánchez,ESP,Chelsea,eng Premier League,25 years,15.9,0,0,0,,0.0,0.0,,,,0,0,0,0.0,0.0,,0.0,0.0,Goalkeeper,
Jadon Sancho,ENG,Manchester Utd,eng Premier League,23 years,0.9,0,0,0,,0.0,0.0,,,,0,0,0,0.0,0.0,,0.0,0.0,Forward,Midfielder
Jadon Sancho,ENG,Dortmund,de Bundesliga,23 years,10.5,2,9,4,44.4,0.86,0.38,0.22,0.5,13.3,0,0,0,0.7,0.7,0.08,1.3,1.3,Forward,Midfielder
Alex Sandro,BRA,Juventus,it Serie A,32 years,8.0,1,5,1,20.0,0.62,0.12,0.2,1.0,8.2,0,0,0,0.4,0.4,0.08,0.6,0.6,Defender,
Ibou Sané,SEN,Metz,fr Ligue 1,18 years,1.4,1,2,1,50.0,1.41,0.7,0.5,1.0,16.9,0,0,0,0.7,0.7,0.35,0.3,0.3,Midfielder,Forward
Leroy Sané,GER,Bayern Munich,de Bundesliga,27 years,23.7,8,73,28,38.4,3.07,1.18,0.11,0.29,17.6,6,0,0,10.9,10.9,0.15,-2.9,-2.9,Forward,
Sadibou Sané,SEN,Metz,fr Ligue 1,19 years,9.4,0,5,0,0.0,0.53,0.0,0.0,,14.2,0,0,0,0.4,0.4,0.07,-0.4,-0.4,Defender,
Arouna Sangante,SEN,Le Havre,fr Ligue 1,21 years,29.9,0,16,3,18.8,0.54,0.1,0.0,0.0,15.2,0,0,0,0.9,0.9,0.06,-0.9,-0.9,Defender,
Ibrahim Sangaré,CIV,Nottingham Forest,eng Premier League,25 years,11.5,0,8,0,0.0,0.7,0.0,0.0,,17.0,0,0,0,0.6,0.6,0.08,-0.6,-0.6,Midfielder,
Morgan Sanson,FRA,Nice,fr Ligue 1,28 years,21.8,2,41,9,22.0,1.88,0.41,0.05,0.22,20.6,1,0,0,3.3,3.3,0.08,-1.3,-1.3,Midfielder,
Nicola Sansone,ITA,Lecce,it Serie A,31 years,8.5,2,23,5,21.7,2.7,0.59,0.09,0.4,18.9,2,0,0,2.8,2.8,0.12,-0.8,-0.8,Forward,Midfielder
Baptiste Santamaria,FRA,Rennes,fr Ligue 1,28 years,21.4,0,28,9,32.1,1.31,0.42,0.0,0.0,23.6,0,0,0,1.9,1.9,0.07,-1.9,-1.9,Midfielder,
Jesús Santiago,ESP,Getafe,es La Liga,19 years,7.3,1,5,2,40.0,0.69,0.27,0.2,0.5,18.5,0,0,0,0.6,0.6,0.12,0.4,0.4,Midfielder,
Andrey Santos,BRA,Nottingham Forest,eng Premier League,19 years,0.1,0,2,0,0.0,22.5,0.0,0.0,,22.6,0,0,0,0.1,0.1,0.03,-0.1,-0.1,Midfielder,
Andrey Santos,BRA,Strasbourg,fr Ligue 1,19 years,9.2,1,12,4,33.3,1.3,0.43,0.08,0.25,22.1,0,0,0,1.0,1.0,0.08,0.0,0.0,Midfielder,
Tiago Santos,POR,Lille,fr Ligue 1,21 years,26.3,1,33,7,21.2,1.26,0.27,0.03,0.14,22.5,0,0,0,1.4,1.4,0.04,-0.4,-0.4,Defender,
Paco Sanz,ESP,Almería,es La Liga,18 years,0.3,0,0,0,,0.0,0.0,,,,0,0,0,0.0,0.0,,0.0,0.0,Defender,
Riccardo Saponara,ITA,Hellas Verona,it Serie A,31 years,3.8,0,5,1,20.0,1.32,0.26,0.0,0.0,25.6,0,0,0,0.1,0.1,0.02,-0.1,-0.1,Forward,Midfielder
Pablo Sarabia,ESP,Wolves,eng Premier League,31 years,19.4,4,44,16,36.4,2.27,0.83,0.05,0.13,19.1,7,2,2,5.5,3.9,0.09,-1.5,-1.9,Midfielder,Forward
Amin Sarr,SWE,Lyon,fr Ligue 1,22 years,1.1,0,5,2,40.0,4.59,1.84,0.0,0.0,13.5,0,0,0,0.3,0.3,0.07,-0.3,-0.3,Forward,Midfielder
Amin Sarr,SWE,Wolfsburg,de Bundesliga,22 years,4.3,0,6,2,33.3,1.4,0.47,0.0,0.0,15.7,0,0,0,0.6,0.6,0.09,-0.6,-0.6,Forward,Midfielder
Bouna Sarr,SEN,Bayern Munich,de Bundesliga,31 years,1.2,0,1,1,100.0,0.85,0.85,0.0,0.0,5.0,0,0,0,0.2,0.2,0.22,-0.2,-0.2,Defender,
Ismaila Sarr,SEN,Marseille,fr Ligue 1,25 years,16.1,3,25,10,40.0,1.55,0.62,0.12,0.3,12.7,0,0,0,3.2,3.2,0.13,-0.2,-0.2,Forward,Midfielder
Mamadou Sarr,FRA,Lyon,fr Ligue 1,17 years,0.1,0,0,0,,0.0,0.0,,,,0,0,0,0.0,0.0,,0.0,0.0,Defender,
Martin Satriano,URU,Brest,fr Ligue 1,22 years,20.7,4,63,20,31.7,3.04,0.97,0.06,0.2,16.2,0,0,0,6.1,6.1,0.1,-2.1,-2.1,Forward,
Téji Savanier,FRA,Montpellier,fr Ligue 1,31 years,30.7,9,75,22,29.3,2.44,0.72,0.03,0.09,26.8,21,7,7,9.1,3.6,0.05,-0.1,-1.6,Midfielder,
Stefan Savić,MNE,Atlético Madrid,es La Liga,32 years,18.1,0,5,1,20.0,0.28,0.06,0.0,0.0,11.9,0,0,0,0.3,0.3,0.07,-0.3,-0.3,Defender,
Sávio,BRA,Girona,es La Liga,19 years,33.1,9,45,20,44.4,1.36,0.6,0.2,0.45,16.6,0,0,0,6.1,6.1,0.13,2.9,2.9,Forward,Midfielder
Zanos Savva,CYP,Torino,it Serie A,17 years,0.3,1,1,1,100.0,3.21,3.21,1.0,1.0,8.2,0,0,0,0.2,0.2,0.16,0.8,0.8,Defender,Midfielder
Saba Sazonov,GEO,Torino,it Serie A,21 years,4.0,0,1,0,0.0,0.25,0.0,0.0,,3.0,0,0,0,0.2,0.2,0.16,-0.2,-0.2,Defender,
Joe Scally,USA,Gladbach,de Bundesliga,20 years,24.8,1,11,1,9.1,0.44,0.04,0.09,1.0,22.0,0,0,0,0.6,0.6,0.05,0.4,0.4,Defender,
Giorgio Scalvini,ITA,Atalanta,it Serie A,19 years,28.3,1,19,6,31.6,0.67,0.21,0.05,0.17,14.6,0,0,0,1.4,1.4,0.08,-0.4,-0.4,Defender,
Gianluca Scamacca,ITA,Atalanta,it Serie A,24 years,16.1,12,60,26,43.3,3.72,1.61,0.2,0.46,15.1,0,0,0,6.5,6.5,0.11,5.5,5.5,Forward,
Dane Scarlett,ENG,Tottenham,eng Premier League,19 years,0.2,0,0,0,,0.0,0.0,,,,0,0,0,0.0,0.0,,0.0,0.0,Forward,
Kevin Schade,GER,Brentford,eng Premier League,21 years,3.7,2,8,4,50.0,2.16,1.08,0.25,0.5,15.8,0,0,0,1.2,1.2,0.15,0.8,0.8,Forward,Midfielder
András Schäfer,HUN,Union Berlin,de Bundesliga,24 years,13.5,1,21,5,23.8,1.56,0.37,0.05,0.2,16.9,0,0,0,1.8,1.8,0.08,-0.8,-0.8,Midfielder,
Fabian Schär,SUI,Newcastle Utd,eng Premier League,31 years,33.9,4,35,9,25.7,1.03,0.27,0.11,0.44,18.9,3,0,0,2.5,2.5,0.07,1.5,1.5,Defender,
Patrik Schick,CZE,Leverkusen,de Bundesliga,27 years,11.8,7,39,12,30.8,3.3,1.02,0.15,0.5,12.7,0,1,1,6.0,5.3,0.13,1.0,0.7,Forward,
Stefan Schimmer,GER,Heidenheim,de Bundesliga,29 years,1.7,0,5,0,0.0,2.94,0.0,0.0,,9.7,0,0,0,0.6,0.6,0.12,-0.6,-0.6,Midfielder,Forward
Xaver Schlager,AUT,RB Leipzig,de Bundesliga,25 years,27.5,0,21,3,14.3,0.76,0.11,0.0,0.0,26.0,0,0,0,1.1,1.1,0.05,-1.1,-1.1,Midfielder,
Keven Schlotterbeck,GER,Bochum,de Bundesliga,26 years,24.3,5,27,12,44.4,1.11,0.49,0.19,0.42,12.9,0,0,0,2.0,2.0,0.08,3.0,3.0,Defender,
Nico Schlotterbeck,GER,Dortmund,de Bundesliga,23 years,31.8,2,27,6,22.2,0.85,0.19,0.07,0.33,13.4,0,0,0,3.0,3.0,0.11,-1.0,-1.0,Defender,
Jeffrey Schlupp,GHA,Crystal Palace,eng Premier League,30 years,15.0,2,19,11,57.9,1.26,0.73,0.11,0.18,19.4,0,0,0,1.8,1.8,0.1,0.2,0.2,Forward,Midfielder
Romano Schmid,AUT,Werder Bremen,de Bundesliga,23 years,28.9,4,38,10,26.3,1.31,0.35,0.11,0.4,19.6,1,0,0,5.2,5.2,0.14,-1.2,-1.2,Midfielder,Forward
Kenneth Schmidt,GER,Freiburg,de Bundesliga,21 years,0.8,0,1,0,0.0,1.32,0.0,0.0,,29.0,0,0,0,0.0,0.0,0.02,0.0,0.0,Defender,
Niklas Schmidt,GER,Toulouse,fr Ligue 1,25 years,14.1,1,20,13,65.0,1.42,0.92,0.05,0.08,27.6,2,0,0,1.2,1.2,0.06,-0.2,-0.2,Midfielder,
Benno Schmitz,GER,Köln,de Bundesliga,28 years,12.8,0,8,5,62.5,0.62,0.39,0.0,0.0,23.4,0,0,0,0.2,0.2,0.03,-0.2,-0.2,Defender,
Fabian Schnellhardt,GER,Darmstadt 98,de Bundesliga,29 years,2.6,0,5,2,40.0,1.91,0.77,0.0,0.0,27.1,1,0,0,0.2,0.2,0.04,-0.2,-0.2,Midfielder,
Jan Schöppner,GER,Heidenheim,de Bundesliga,24 years,22.2,2,17,4,23.5,0.77,0.18,0.12,0.5,17.4,0,0,0,1.1,1.1,0.06,0.9,0.9,Midfielder,
Marcel Schuhen,GER,Darmstadt 98,de Bundesliga,30 years,31.0,0,0,0,,0.0,0.0,,,,0,0,0,0.0,0.0,,0.0,0.0,Goalkeeper,
Perr Schuurs,NED,Torino,it Serie A,23 years,8.6,1,7,1,14.3,0.82,0.12,0.14,1.0,25.5,0,0,0,0.7,0.7,0.1,0.3,0.3,Defender,
Marvin Schwäbe,GER,Köln,de Bundesliga,28 years,34.0,0,0,0,,0.0,0.0,,,,0,0,0,0.0,0.0,,0.0,0.0,Goalkeeper,
Alexander Schwolow,GER,Union Berlin,de Bundesliga,31 years,1.0,0,0,0,,0.0,0.0,,,,0,0,0,0.0,0.0,,0.0,0.0,Goalkeeper,
Alex Scott,ENG,Bournemouth,eng Premier League,19 years,11.3,1,15,3,20.0,1.33,0.27,0.07,0.33,22.8,2,0,0,0.7,0.7,0.05,0.3,0.3,Midfielder,
Simone Scuffet,ITA,Cagliari,it Serie A,27 years,31.0,0,0,0,,0.0,0.0,,,,0,0,0,0.0,0.0,,0.0,0.0,Goalkeeper,
Jérémy Sebas,MTQ,Strasbourg,fr Ligue 1,20 years,4.4,2,7,4,57.1,1.58,0.9,0.29,0.5,14.7,0,0,0,1.0,1.0,0.14,1.0,1.0,Forward,Midfielder
Demba Seck,SEN,Torino,it Serie A,22 years,4.7,0,9,2,22.2,1.91,0.42,0.0,0.0,17.6,0,0,0,0.3,0.3,0.04,-0.3,-0.3,Midfielder,
Demba Seck,SEN,Frosinone,it Serie A,22 years,3.3,0,7,2,28.6,2.11,0.6,0.0,0.0,16.8,0,0,0,1.1,1.1,0.16,-1.1,-1.1,Forward,Midfielder
Aleksandar Sedlar,SRB,Alavés,es La Liga,31 years,10.5,1,4,1,25.0,0.38,0.1,0.25,1.0,10.7,0,0,0,0.3,0.3,0.07,0.7,0.7,Defender,
Alidu Seidu,GHA,Rennes,fr Ligue 1,23 years,6.6,0,2,0,0.0,0.3,0.0,0.0,,28.7,0,0,0,0.2,0.2,0.12,-0.2,-0.2,Defender,
Alidu Seidu,GHA,Clermont Foot,fr Ligue 1,23 years,12.6,0,6,1,16.7,0.48,0.08,0.0,0.0,36.3,0,0,0,0.1,0.1,0.01,-0.1,-0.1,Defender,
Nicolas Seiwald,AUT,RB Leipzig,de Bundesliga,22 years,8.0,0,0,0,,0.0,0.0,,,,0,0,0,0.0,0.0,,0.0,0.0,Midfielder,
Nikola Sekulov,ITA,Juventus,it Serie A,21 years,0.1,0,0,0,,0.0,0.0,,,,0,0,0,0.0,0.0,,0.0,0.0,Forward,
Davie Selke,GER,Köln,de Bundesliga,28 years,14.1,6,33,11,33.3,2.35,0.78,0.18,0.55,11.1,0,0,0,4.8,4.8,0.14,1.2,1.2,Forward,
Matz Sels,BEL,Nottingham Forest,eng Premier League,31 years,16.0,0,0,0,,0.0,0.0,,,,0,0,0,0.0,0.0,,0.0,0.0,Goalkeeper,
Matz Sels,BEL,Strasbourg,fr Ligue 1,31 years,19.0,0,0,0,,0.0,0.0,,,,0,0,0,0.0,0.0,,0.0,0.0,Goalkeeper,
Nélson Semedo,POR,Wolves,eng Premier League,29 years,34.3,0,17,4,23.5,0.5,0.12,0.0,0.0,19.7,0,0,0,1.3,1.3,0.07,-1.3,-1.3,Defender,Midfielder
Vivaldo Semedo,POR,Udinese,it Serie A,18 years,0.1,0,0,0,,0.0,0.0,,,,0,0,0,0.0,0.0,,0.0,0.0,Forward,
Antoine Semenyo,GHA,Bournemouth,eng Premier League,23 years,23.4,8,70,30,42.9,2.99,1.28,0.11,0.27,17.8,0,0,0,4.6,4.6,0.07,3.4,3.4,Forward,
Marvin Senaya,TOG,Strasbourg,fr Ligue 1,22 years,23.8,1,17,4,23.5,0.72,0.17,0.06,0.25,21.5,0,0,0,1.2,1.2,0.07,-0.2,-0.2,Defender,Midfielder
Marcos Senesi,ARG,Bournemouth,eng Premier League,26 years,24.9,4,13,4,30.8,0.52,0.16,0.31,1.0,12.3,0,0,0,2.0,2.0,0.16,2.0,2.0,Defender,
Stefano Sensi,ITA,Inter,it Serie A,27 years,0.5,0,2,0,0.0,3.91,0.0,0.0,,28.5,1,0,0,0.1,0.1,0.04,-0.1,-0.1,Midfielder,
Suat Serdar,GER,Hellas Verona,it Serie A,26 years,18.4,0,22,7,31.8,1.19,0.38,0.0,0.0,22.4,0,0,0,1.0,1.0,0.05,-1.0,-1.0,Midfielder,
Benjamin Šeško,SVN,RB Leipzig,de Bundesliga,20 years,17.0,14,47,25,53.2,2.77,1.47,0.3,0.56,13.0,0,0,0,7.7,7.7,0.16,6.3,6.3,Forward,
Kevin Sessa,GER,Heidenheim,de Bundesliga,23 years,11.2,3,29,7,24.1,2.58,0.62,0.1,0.43,19.9,1,0,0,2.9,2.9,0.1,0.1,0.1,Midfielder,Forward
Aaron Seydel,GER,Darmstadt 98,de Bundesliga,27 years,6.9,1,14,6,42.9,2.04,0.87,0.07,0.17,16.8,0,0,0,1.0,1.0,0.07,0.0,0.0,Forward,
Andres Sfait,ROU,Salernitana,it Serie A,18 years,0.3,0,0,0,,0.0,0.0,,,,0,0,0,0.0,0.0,,0.0,0.0,Defender,Midfielder
Stephan El Shaarawy,ITA,Roma,it Serie A,30 years,19.3,3,40,10,25.0,2.07,0.52,0.08,0.3,19.1,1,0,0,2.5,2.5,0.06,0.5,0.5,Forward,Defender
Luke Shaw,ENG,Manchester Utd,eng Premier League,28 years,10.7,0,2,0,0.0,0.19,0.0,0.0,,21.2,0,0,0,0.0,0.0,0.02,0.0,0.0,Defender,
James Shea,ENG,Luton Town,eng Premier League,32 years,0.2,0,0,0,,0.0,0.0,,,,0,0,0,0.0,0.0,,0.0,0.0,Goalkeeper,
Eldor Shomurodov,UZB,Cagliari,it Serie A,28 years,10.4,3,21,7,33.3,2.02,0.67,0.14,0.43,11.9,0,0,0,3.5,3.5,0.19,-0.5,-0.5,Forward,Midfielder
Steven Shpendi,ALB,Empoli,it Serie A,20 years,4.6,0,7,3,42.9,1.53,0.66,0.0,0.0,16.8,0,0,0,0.4,0.4,0.06,-0.4,-0.4,Forward,Midfielder
Sofiane Sidi Ali,FRA,Marseille,fr Ligue 1,28 years,0.2,0,1,0,0.0,5.0,0.0,0.0,,16.5,0,0,0,0.0,0.0,0.02,0.0,0.0,Midfielder,
Vincent Sierro,SUI,Toulouse,fr Ligue 1,27 years,25.1,6,31,6,19.4,1.23,0.24,0.06,0.33,25.2,7,4,5,5.9,1.9,0.06,0.1,0.1,Midfielder,
Tim Siersleben,GER,Heidenheim,de Bundesliga,23 years,10.1,0,3,0,0.0,0.3,0.0,0.0,,28.2,0,0,0,0.2,0.2,0.06,-0.2,-0.2,Defender,
Kiliann Sildillia,FRA,Freiburg,de Bundesliga,21 years,20.1,0,7,1,14.3,0.35,0.05,0.0,0.0,18.7,0,0,0,0.6,0.6,0.08,-0.6,-0.6,Defender,
André Silva,POR,Real Sociedad,es La Liga,27 years,8.1,3,15,5,33.3,1.85,0.62,0.13,0.4,19.1,1,1,1,3.3,2.5,0.17,-0.3,-0.5,Forward,
Bernardo Silva,POR,Manchester City,eng Premier League,28 years,28.6,6,34,15,44.1,1.19,0.52,0.18,0.4,15.9,0,0,0,3.7,3.7,0.11,2.3,2.3,Midfielder,Forward
Caio Henrique Oliveira Silva,BRA,Monaco,fr Ligue 1,26 years,6.9,0,6,1,16.7,0.87,0.14,0.0,0.0,26.9,1,0,0,0.2,0.2,0.04,-0.2,-0.2,Defender,
Fábio Silva,POR,Wolves,eng Premier League,21 years,2.9,0,7,3,42.9,2.39,1.02,0.0,0.0,13.8,0,0,0,1.0,1.0,0.15,-1.0,-1.0,Forward,
Rui Silva,POR,Betis,es La Liga,29 years,27.5,0,0,0,,0.0,0.0,,,,0,0,0,0.0,0.0,,0.0,0.0,Goalkeeper,
Thiago Silva,BRA,Chelsea,eng Premier League,38 years,28.1,3,14,4,28.6,0.5,0.14,0.21,0.75,9.4,0,0,0,0.8,0.8,0.06,2.2,2.2,Defender,
Marco Silvestri,ITA,Udinese,it Serie A,32 years,17.0,0,0,0,,0.0,0.0,,,,0,0,0,0.0,0.0,,0.0,0.0,Goalkeeper,
Mohamed Simakan,FRA,RB Leipzig,de Bundesliga,23 years,23.8,2,30,11,36.7,1.26,0.46,0.07,0.18,11.3,0,0,0,3.9,3.9,0.13,-1.9,-1.9,Defender,
Giovanni Simeone,ARG,Napoli,it Serie A,28 years,8.9,1,35,12,34.3,3.94,1.35,0.03,0.08,14.6,0,0,0,3.4,3.4,0.1,-2.4,-2.4,Forward,
Giuliano Simeone,ARG,Alavés,es La Liga,20 years,7.0,1,14,2,14.3,2.0,0.29,0.07,0.5,19.7,0,0,1,2.4,1.6,0.12,-1.4,-0.6,Forward,
Jan-Carlo Simic,SRB,Milan,it Serie A,18 years,1.6,1,2,1,50.0,1.23,0.62,0.5,1.0,6.2,0,0,0,0.6,0.6,0.31,0.4,0.4,Defender,
Moses Simon,NGA,Nantes,fr Ligue 1,28 years,19.9,3,33,12,36.4,1.66,0.6,0.06,0.17,16.5,0,1,1,4.1,3.3,0.1,-1.1,-1.3,Forward,Midfielder
Unai Simón,ESP,Athletic Club,es La Liga,26 years,35.4,0,0,0,,0.0,0.0,,,,0,0,0,0.0,0.0,,0.0,0.0,Goalkeeper,
Xavi Simons,NED,RB Leipzig,de Bundesliga,20 years,29.5,8,79,31,39.2,2.68,1.05,0.09,0.23,21.1,3,1,2,8.3,6.7,0.08,-0.3,0.3,Midfielder,
Wilfried Singo,CIV,Monaco,fr Ligue 1,22 years,24.3,1,19,7,36.8,0.78,0.29,0.05,0.14,16.1,0,0,0,0.8,0.8,0.04,0.2,0.2,Defender,
Luis Sinisterra,COL,Bournemouth,eng Premier League,24 years,7.8,2,27,8,29.6,3.48,1.03,0.07,0.25,13.9,0,0,0,2.5,2.5,0.09,-0.5,-0.5,Forward,Midfielder
Daley Sinkgraven,NED,Las Palmas,es La Liga,28 years,4.2,0,0,0,,0.0,0.0,,,,0,0,0,0.0,0.0,,0.0,0.0,Defender,
Jailson Siqueira,BRA,Celta Vigo,es La Liga,27 years,10.0,0,5,3,60.0,0.5,0.3,0.0,0.0,22.2,1,0,0,0.2,0.2,0.04,-0.2,-0.2,Defender,Midfielder
Ayanda Sishuba,BEL,Lens,fr Ligue 1,18 years,0.7,0,12,2,16.7,17.42,2.9,0.0,0.0,18.1,0,0,0,0.9,0.9,0.08,-0.9,-0.9,Midfielder,Forward
Ibrahima Sissoko,MLI,Strasbourg,fr Ligue 1,25 years,18.2,0,14,3,21.4,0.77,0.16,0.0,0.0,17.2,0,0,0,1.0,1.0,0.07,-1.0,-1.0,Midfielder,
Moussa Sissoko,FRA,Nantes,fr Ligue 1,33 years,20.2,0,10,3,30.0,0.49,0.15,0.0,0.0,16.0,0,0,0,1.3,1.3,0.13,-1.3,-1.3,Midfielder,
Antonio Sivera,ESP,Alavés,es La Liga,26 years,34.0,0,0,0,,0.0,0.0,,,,0,0,0,0.0,0.0,,0.0,0.0,Goalkeeper,
Tim Skarke,GER,Darmstadt 98,de Bundesliga,26 years,26.7,8,69,20,29.0,2.58,0.75,0.12,0.4,21.9,1,0,0,3.6,3.6,0.05,4.4,4.4,Forward,Defender
Ellyes Skhiri,TUN,Eintracht Frankfurt,de Bundesliga,28 years,24.1,2,18,8,44.4,0.75,0.33,0.11,0.25,16.7,0,0,0,2.3,2.3,0.13,-0.3,-0.3,Midfielder,
Oliver Skipp,ENG,Tottenham,eng Premier League,22 years,7.9,0,4,1,25.0,0.51,0.13,0.0,0.0,13.7,0,0,0,0.7,0.7,0.17,-0.7,-0.7,Midfielder,Defender
Leo Skiri Østigård,NOR,Napoli,it Serie A,23 years,18.1,1,7,1,14.3,0.39,0.06,0.14,1.0,13.2,0,0,0,0.6,0.6,0.09,0.4,0.4,Defender,
Łukasz Skorupski,POL,Bologna,it Serie A,32 years,32.0,0,0,0,,0.0,0.0,,,,0,0,0,0.0,0.0,,0.0,0.0,Goalkeeper,
Robert Skov,DEN,Hoffenheim,de Bundesliga,27 years,14.0,3,32,7,21.9,2.29,0.5,0.09,0.43,19.8,6,0,0,1.8,1.8,0.06,1.2,1.2,Defender,Forward
Milan Škriniar,SVK,Paris S-G,fr Ligue 1,28 years,18.1,0,3,1,33.3,0.17,0.06,0.0,0.0,9.5,0,0,0,0.2,0.2,0.06,-0.2,-0.2,Defender,
Naatan Skyttä,FIN,Toulouse,fr Ligue 1,21 years,1.3,0,5,2,40.0,3.75,1.5,0.0,0.0,12.9,0,0,0,0.5,0.5,0.1,-0.5,-0.5,Midfielder,Forward
Chris Smalling,ENG,Roma,it Serie A,33 years,4.3,0,1,1,100.0,0.23,0.23,0.0,0.0,7.1,0,0,0,0.0,0.0,0.05,0.0,0.0,Defender,
Adam Smith,ENG,Bournemouth,eng Premier League,32 years,23.9,0,2,0,0.0,0.08,0.0,0.0,,26.9,0,0,0,0.1,0.1,0.03,-0.1,-0.1,Defender,
Emile Smith Rowe,ENG,Arsenal,eng Premier League,23 years,3.9,0,15,5,33.3,3.82,1.27,0.0,0.0,15.6,0,0,0,2.0,2.0,0.13,-2.0,-2.0,Midfielder,
Hrvoje Smolčić,CRO,Eintracht Frankfurt,de Bundesliga,22 years,3.9,1,3,1,33.3,0.78,0.26,0.33,1.0,15.5,0,0,0,1.0,1.0,0.34,0.0,0.0,Defender,
Cédric Soares,POR,Arsenal,eng Premier League,31 years,0.7,0,0,0,,0.0,0.0,,,,0,0,0,0.0,0.0,,0.0,0.0,Defender,
Danilo Soares,BRA,Bochum,de Bundesliga,31 years,3.9,0,3,0,0.0,0.77,0.0,0.0,,28.4,0,0,0,0.0,0.0,0.01,0.0,0.0,Defender,
Eduard Sobol,UKR,Strasbourg,fr Ligue 1,28 years,0.3,0,0,0,,0.0,0.0,,,,0,0,0,0.0,0.0,,0.0,0.0,Defender,
Rubén Sobrino,ESP,Cádiz,es La Liga,31 years,18.3,0,21,3,14.3,1.15,0.16,0.0,0.0,17.9,0,0,0,1.8,1.8,0.09,-1.8,-1.8,Midfielder,Forward
Andrea Sodero,ITA,Empoli,it Serie A,18 years,0.1,0,0,0,,0.0,0.0,,,,0,0,0,0.0,0.0,,0.0,0.0,Midfielder,
Emran Soglo,ENG,Marseille,fr Ligue 1,18 years,1.2,1,1,1,100.0,0.83,0.83,1.0,1.0,12.1,0,0,0,0.1,0.1,0.08,0.9,0.9,Midfielder,Defender
Alex Sola,ESP,Alavés,es La Liga,24 years,14.0,0,28,7,25.0,2.0,0.5,0.0,0.0,17.6,2,0,0,1.6,1.6,0.06,-1.6,-1.6,Forward,Midfielder
Alex Sola,ESP,Real Sociedad,es La Liga,24 years,0.3,0,0,0,,0.0,0.0,,,,0,0,0,0.0,0.0,,0.0,0.0,Defender,Midfielder
Dominic Solanke,ENG,Bournemouth,eng Premier League,25 years,36.9,19,106,35,33.0,2.87,0.95,0.16,0.49,12.2,0,2,3,19.6,17.2,0.16,-0.6,-0.2,Forward,
Ola Solbakken,NOR,Roma,it Serie A,24 years,0.3,0,0,0,,0.0,0.0,,,,0,0,0,0.0,0.0,,0.0,0.0,Forward,
Carlos Soler,ESP,Paris S-G,fr Ligue 1,26 years,12.1,2,14,5,35.7,1.16,0.41,0.14,0.4,15.0,0,0,0,1.5,1.5,0.11,0.5,0.5,Midfielder,Defender
Jhon Solis,COL,Girona,es La Liga,18 years,4.3,0,9,2,22.2,2.11,0.47,0.0,0.0,17.3,0,0,0,1.0,1.0,0.12,-1.0,-1.0,Midfielder,
Manor Solomon,ISR,Tottenham,eng Premier League,24 years,2.2,0,7,1,14.3,3.17,0.45,0.0,0.0,16.8,0,0,0,0.4,0.4,0.06,-0.4,-0.4,Forward,
Daniele Sommariva,ITA,Genoa,it Serie A,26 years,0.1,0,0,0,,0.0,0.0,,,,0,0,0,0.0,0.0,,0.0,0.0,Goalkeeper,
Yann Sommer,SUI,Inter,it Serie A,34 years,34.0,0,0,0,,0.0,0.0,,,,0,0,0,0.0,0.0,,0.0,0.0,Goalkeeper,
Brandon Soppy,FRA,Torino,it Serie A,21 years,2.0,0,1,0,0.0,0.51,0.0,0.0,,25.1,0,0,0,0.0,0.0,0.01,0.0,0.0,Defender,
David Soria,ESP,Getafe,es La Liga,30 years,37.9,0,0,0,,0.0,0.0,,,,0,0,0,0.0,0.0,,0.0,0.0,Goalkeeper,
Alberto Soro,ESP,Granada,es La Liga,24 years,0.1,0,0,0,,0.0,0.0,,,,0,0,0,0.0,0.0,,0.0,0.0,Midfielder,
Alessandro Sorrentino,ITA,Monza,it Serie A,21 years,6.1,0,0,0,,0.0,0.0,,,,0,0,0,0.0,0.0,,0.0,0.0,Goalkeeper,
Borna Sosa,CRO,Stuttgart,de Bundesliga,25 years,0.5,0,1,0,0.0,1.96,0.0,0.0,,24.2,0,0,0,0.0,0.0,0.03,0.0,0.0,Forward,Defender
Hugo Sotelo,ESP,Celta Vigo,es La Liga,19 years,8.0,0,8,1,12.5,1.0,0.12,0.0,0.0,23.2,1,0,0,0.3,0.3,0.04,-0.3,-0.3,Midfielder,
Florian Sotoca,FRA,Lens,fr Ligue 1,32 years,28.9,7,65,18,27.7,2.25,0.62,0.05,0.17,15.5,0,4,4,9.1,5.9,0.09,-2.1,-2.9,Midfielder,Forward
Riccardo Sottil,ITA,Fiorentina,it Serie A,24 years,12.3,2,34,13,38.2,2.77,1.06,0.06,0.15,17.0,1,0,0,2.6,2.6,0.08,-0.6,-0.6,Forward,
Tomáš Souček,CZE,West Ham,eng Premier League,28 years,31.9,7,43,15,34.9,1.35,0.47,0.16,0.47,11.0,0,0,0,6.7,6.7,0.16,0.3,0.3,Midfielder,
Matìas Soulé,ARG,Frosinone,it Serie A,20 years,34.7,11,77,18,23.4,2.22,0.52,0.08,0.33,22.2,7,5,6,10.5,5.7,0.07,0.5,0.3,Forward,Midfielder
Boubakary Soumaré,FRA,Sevilla,es La Liga,24 years,25.4,0,1,0,0.0,0.04,0.0,0.0,,19.6,0,0,0,0.0,0.0,0.02,0.0,0.0,Midfielder,
Issa Soumaré,SEN,Le Havre,fr Ligue 1,22 years,2.6,0,5,1,20.0,1.9,0.38,0.0,0.0,22.8,0,0,0,0.4,0.4,0.08,-0.4,-0.4,Forward,Midfielder
Vinicius Souza,BRA,Sheffield Utd,eng Premier League,24 years,29.6,1,14,6,42.9,0.47,0.2,0.07,0.17,21.5,0,0,0,0.6,0.6,0.05,0.4,0.4,Midfielder,
Djibril Sow,SUI,Sevilla,es La Liga,26 years,16.2,1,18,5,27.8,1.11,0.31,0.06,0.2,17.7,0,0,0,1.5,1.5,0.08,-0.5,-0.5,Midfielder,
Saidou Sow,GUI,Strasbourg,fr Ligue 1,21 years,8.0,0,3,2,66.7,0.38,0.25,0.0,0.0,8.2,0,0,0,0.3,0.3,0.11,-0.3,-0.3,Defender,
Çağlar Söyüncü,TUR,Atlético Madrid,es La Liga,27 years,1.3,0,0,0,,0.0,0.0,,,,0,0,0,0.0,0.0,,0.0,0.0,Defender,
Djed Spence,ENG,Genoa,it Serie A,22 years,9.5,0,2,0,0.0,0.21,0.0,0.0,,11.9,0,0,0,0.2,0.2,0.09,-0.2,-0.2,Defender,
Stijn Spierings,NED,Toulouse,fr Ligue 1,27 years,16.8,0,11,1,9.1,0.65,0.06,0.0,0.0,21.0,0,0,0,0.4,0.4,0.04,-0.4,-0.4,Midfielder,
Stijn Spierings,NED,Lens,fr Ligue 1,27 years,1.3,0,0,0,,0.0,0.0,,,,0,0,0,0.0,0.0,,0.0,0.0,Midfielder,
Leonardo Spinazzola,ITA,Roma,it Serie A,30 years,14.6,1,8,3,37.5,0.55,0.21,0.13,0.33,23.6,0,0,0,0.2,0.2,0.03,0.8,0.8,Defender,
Marco Sportiello,ITA,Milan,it Serie A,31 years,7.0,0,0,0,,0.0,0.0,,,,0,0,0,0.0,0.0,,0.0,0.0,Goalkeeper,
Anton Stach,GER,Hoffenheim,de Bundesliga,24 years,25.8,2,38,9,23.7,1.47,0.35,0.05,0.22,24.1,1,0,0,1.7,1.7,0.04,0.3,0.3,Midfielder,
Anton Stach,GER,Mainz 05,de Bundesliga,24 years,1.9,0,2,1,50.0,1.06,0.53,0.0,0.0,12.8,0,0,0,0.2,0.2,0.09,-0.2,-0.2,Midfielder,
Jens Stage,DEN,Werder Bremen,de Bundesliga,26 years,25.9,3,40,11,27.5,1.55,0.43,0.08,0.27,15.8,0,0,0,4.4,4.4,0.11,-1.4,-1.4,Midfielder,
Benjamin Stambouli,FRA,Reims,fr Ligue 1,32 years,3.2,0,2,0,0.0,0.63,0.0,0.0,,25.0,0,0,0,0.1,0.1,0.04,-0.1,-0.1,Midfielder,
Josip Stanišić,CRO,Leverkusen,de Bundesliga,23 years,14.0,3,10,5,50.0,0.71,0.36,0.3,0.6,16.4,0,0,0,0.8,0.8,0.08,2.2,2.2,Defender,
Carl Starfelt,SWE,Celta Vigo,es La Liga,28 years,24.6,1,12,5,41.7,0.49,0.2,0.08,0.2,8.5,0,0,0,1.4,1.4,0.12,-0.4,-0.4,Defender,
Niklas Stark,GER,Werder Bremen,de Bundesliga,28 years,12.1,2,4,2,50.0,0.33,0.17,0.5,1.0,13.1,0,0,0,0.2,0.2,0.05,1.8,1.8,Defender,
Jason Steele,ENG,Brighton,eng Premier League,32 years,17.0,0,0,0,,0.0,0.0,,,,0,0,0,0.0,0.0,,0.0,0.0,Goalkeeper,
Pascal Stenzel,GER,Stuttgart,de Bundesliga,27 years,11.8,0,14,4,28.6,1.18,0.34,0.0,0.0,28.2,1,0,0,0.3,0.3,0.02,-0.3,-0.3,Defender,
Leonidas Stergiou,SUI,Stuttgart,de Bundesliga,21 years,6.6,1,3,1,33.3,0.45,0.15,0.33,1.0,23.3,0,0,0,0.4,0.4,0.12,0.6,0.6,Defender,
Raheem Sterling,ENG,Chelsea,eng Premier League,28 years,22.0,8,51,21,41.2,2.32,0.96,0.16,0.38,14.5,5,0,0,6.5,6.5,0.13,1.5,1.5,Forward,Midfielder
Trivante Stewart,JAM,Salernitana,it Serie A,23 years,1.1,0,2,1,50.0,1.8,0.9,0.0,0.0,22.7,0,0,0,0.1,0.1,0.04,-0.1,-0.1,Forward,Midfielder
Angelo Stiller,GER,Hoffenheim,de Bundesliga,22 years,0.9,0,2,1,50.0,2.14,1.07,0.0,0.0,21.7,0,0,0,0.1,0.1,0.04,-0.1,-0.1,Midfielder,
Angelo Stiller,GER,Stuttgart,de Bundesliga,22 years,29.9,1,16,3,18.8,0.53,0.1,0.06,0.33,22.0,2,0,0,1.6,1.6,0.1,-0.6,-0.6,Midfielder,
Kevin Stöger,AUT,Bochum,de Bundesliga,29 years,29.6,7,71,14,19.7,2.4,0.47,0.04,0.21,25.7,13,4,4,6.2,3.1,0.04,0.8,-0.1,Midfielder,
Filip Stojilković,SUI,Darmstadt 98,de Bundesliga,23 years,1.7,0,4,1,25.0,2.34,0.58,0.0,0.0,20.5,0,0,0,0.2,0.2,0.05,-0.2,-0.2,Forward,Midfielder
John Stones,ENG,Manchester City,eng Premier League,29 years,11.8,1,4,2,50.0,0.34,0.17,0.25,0.5,15.9,0,0,0,1.0,1.0,0.26,0.0,0.0,Defender,Midfielder
Thomas Strakosha,ALB,Brentford,eng Premier League,28 years,1.5,0,0,0,,0.0,0.0,,,,0,0,0,0.0,0.0,,0.0,0.0,Goalkeeper,
Jørgen Strand Larsen,NOR,Celta Vigo,es La Liga,23 years,31.8,13,82,35,42.7,2.58,1.1,0.16,0.37,11.2,0,0,0,14.5,14.5,0.18,-1.5,-1.5,Forward,
Gabriel Strefezza,BRA,Lecce,it Serie A,26 years,12.4,1,27,5,18.5,2.19,0.4,0.0,0.0,22.8,1,1,1,2.5,1.7,0.06,-1.5,-1.7,Forward,
Kevin Strootman,NED,Genoa,it Serie A,33 years,13.4,0,1,0,0.0,0.07,0.0,0.0,,24.5,0,0,0,0.1,0.1,0.08,-0.1,-0.1,Midfielder,
Cristhian Stuani,URU,Girona,es La Liga,36 years,8.9,9,34,17,50.0,3.81,1.9,0.26,0.53,9.0,0,0,0,9.6,9.6,0.3,-0.6,-0.6,Forward,
Álex Suárez,ESP,Las Palmas,es La Liga,30 years,28.5,2,7,5,71.4,0.25,0.18,0.29,0.4,9.9,0,0,0,1.2,1.2,0.22,0.8,0.8,Defender,
Damián Suárez,URU,Getafe,es La Liga,35 years,14.4,0,4,1,25.0,0.28,0.07,0.0,0.0,25.3,1,0,0,0.3,0.3,0.08,-0.3,-0.3,Defender,
Denis Suárez,ESP,Villarreal,es La Liga,29 years,1.5,0,1,0,0.0,0.68,0.0,0.0,,11.5,0,0,0,0.1,0.1,0.09,-0.1,-0.1,Midfielder,Forward
Gabriel Suazo,CHI,Toulouse,fr Ligue 1,25 years,26.2,0,10,3,30.0,0.38,0.11,0.0,0.0,17.3,1,0,0,0.7,0.7,0.07,-0.7,-0.7,Defender,
Isaac Success,NGA,Udinese,it Serie A,27 years,9.8,1,18,4,22.2,1.84,0.41,0.06,0.25,16.9,0,0,1,2.7,1.9,0.11,-1.7,-0.9,Forward,Midfielder
Niklas Süle,GER,Dortmund,de Bundesliga,27 years,16.8,1,7,1,14.3,0.42,0.06,0.14,1.0,16.0,0,0,0,0.4,0.4,0.06,0.6,0.6,Defender,
Ibrahim Sulemana,GHA,Cagliari,it Serie A,20 years,14.9,2,13,3,23.1,0.87,0.2,0.15,0.67,23.2,0,0,0,0.8,0.8,0.06,1.2,1.2,Midfielder,
Tomáš Suslov,SVK,Hellas Verona,it Serie A,21 years,23.2,3,51,15,29.4,2.19,0.65,0.04,0.13,25.8,4,1,1,3.5,2.6,0.05,-0.5,-0.6,Midfielder,Forward
Suso,ESP,Sevilla,es La Liga,29 years,16.9,1,26,6,23.1,1.54,0.36,0.04,0.17,24.3,1,0,0,1.4,1.4,0.05,-0.4,-0.4,Midfielder,Forward
Mattias Svanberg,SWE,Wolfsburg,de Bundesliga,24 years,19.1,1,42,11,26.2,2.2,0.58,0.02,0.09,21.5,6,0,0,3.0,3.0,0.07,-2.0,-2.0,Midfielder,
Max Svensson,ESP,Osasuna,es La Liga,nan years,0.0,0,0,0,,0.0,0.0,,,,0,0,0,0.0,0.0,,0.0,0.0,Forward,
Mile Svilar,SRB,Roma,it Serie A,23 years,15.0,0,0,0,,0.0,0.0,,,,0,0,0,0.0,0.0,,0.0,0.0,Goalkeeper,
Williot Swedberg,SWE,Celta Vigo,es La Liga,19 years,4.9,5,12,6,50.0,2.46,1.23,0.42,0.83,14.8,0,0,0,2.3,2.3,0.19,2.7,2.7,Forward,Midfielder
Karol Świderski,POL,Hellas Verona,it Serie A,26 years,5.6,2,15,6,40.0,2.68,1.07,0.13,0.33,13.7,0,0,0,1.7,1.7,0.12,0.3,0.3,Forward,Midfielder
Abakar Sylla,CIV,Strasbourg,fr Ligue 1,20 years,19.9,2,11,5,45.5,0.55,0.25,0.18,0.4,14.6,0,0,0,1.6,1.6,0.14,0.4,0.4,Defender,
Dembo Sylla,GUI,Lorient,fr Ligue 1,20 years,0.5,0,1,0,0.0,2.0,0.0,0.0,,10.8,0,0,0,0.1,0.1,0.11,-0.1,-0.1,Defender,
Issiaga Sylla,GUI,Montpellier,fr Ligue 1,29 years,16.2,1,13,5,38.5,0.8,0.31,0.08,0.2,14.6,0,0,0,1.4,1.4,0.11,-0.4,-0.4,Defender,Forward
Mamadou Sylla,SEN,Alavés,es La Liga,29 years,0.2,0,0,0,,0.0,0.0,,,,0,0,0,0.0,0.0,,0.0,0.0,Forward,Midfielder
Attila Szalai,HUN,Hoffenheim,de Bundesliga,25 years,3.2,0,1,1,100.0,0.31,0.31,0.0,0.0,39.5,0,0,0,0.0,0.0,0.01,0.0,0.0,Defender,
Attila Szalai,HUN,Freiburg,de Bundesliga,25 years,1.1,0,0,0,,0.0,0.0,,,,0,0,0,0.0,0.0,,0.0,0.0,Defender,
Wojciech Szczęsny,POL,Juventus,it Serie A,33 years,35.0,0,0,0,,0.0,0.0,,,,0,0,0,0.0,0.0,,0.0,0.0,Goalkeeper,
Dominik Szoboszlai,HUN,Liverpool,eng Premier League,22 years,23.4,3,60,15,25.0,2.57,0.64,0.05,0.2,24.3,7,0,0,3.7,3.7,0.06,-0.7,-0.7,Midfielder,
Przemysław Szymiński,POL,Frosinone,it Serie A,29 years,0.1,0,0,0,,0.0,0.0,,,,0,0,0,0.0,0.0,,0.0,0.0,Midfielder,
Alexander Sørloth,NOR,Villarreal,es La Liga,27 years,27.7,23,78,36,46.2,2.82,1.3,0.29,0.64,12.1,0,0,0,12.3,12.3,0.16,10.7,10.7,Forward,
Musa Al-Taamari,JOR,Montpellier,fr Ligue 1,26 years,21.4,5,46,19,41.3,2.15,0.89,0.11,0.26,17.8,0,0,0,3.6,3.6,0.08,1.4,1.4,Forward,
Nicolás Tagliafico,ARG,Lyon,fr Ligue 1,30 years,23.6,3,15,6,40.0,0.64,0.25,0.2,0.5,13.7,0,0,0,2.6,2.6,0.17,0.4,0.4,Defender,
Jonathan Tah,GER,Leverkusen,de Bundesliga,27 years,29.2,4,26,10,38.5,0.89,0.34,0.15,0.4,13.1,0,0,0,2.1,2.1,0.08,1.9,1.9,Defender,
Montassar Talbi,TUN,Lorient,fr Ligue 1,25 years,24.5,0,5,2,40.0,0.2,0.08,0.0,0.0,16.6,0,0,0,0.6,0.6,0.11,-0.6,-0.6,Defender,
Yassin Tallal,ESP,Getafe,es La Liga,18 years,0.0,0,0,0,,0.0,0.0,,,,0,0,0,0.0,0.0,,0.0,0.0,Forward,
Adrien Tameze,CMR,Torino,it Serie A,29 years,23.8,0,9,0,0.0,0.38,0.0,0.0,,13.0,0,0,0,0.7,0.7,0.08,-0.7,-0.7,Defender,Midfielder
Renato Tapia,PER,Celta Vigo,es La Liga,28 years,14.9,0,19,1,5.3,1.28,0.07,0.0,0.0,20.8,2,0,0,1.0,1.0,0.05,-1.0,-1.0,Midfielder,Defender
Edmond Tapsoba,BFA,Leverkusen,de Bundesliga,24 years,23.2,0,12,1,8.3,0.52,0.04,0.0,0.0,16.3,0,0,0,1.0,1.0,0.08,-1.0,-1.0,Defender,
Matt Targett,ENG,Newcastle Utd,eng Premier League,27 years,0.9,0,0,0,,0.0,0.0,,,,0,0,0,0.0,0.0,,0.0,0.0,Defender,
Oussama Targhalline,MAR,Le Havre,fr Ligue 1,21 years,11.4,0,6,0,0.0,0.53,0.0,0.0,,28.4,0,0,0,0.2,0.2,0.03,-0.2,-0.2,Midfielder,
James Tarkowski,ENG,Everton,eng Premier League,30 years,38.0,1,25,4,16.0,0.66,0.11,0.04,0.25,9.9,0,0,0,2.6,2.6,0.1,-1.6,-1.6,Defender,
César Tárrega,ESP,Valencia,es La Liga,21 years,0.1,0,0,0,,0.0,0.0,,,,0,0,0,0.0,0.0,,0.0,0.0,Defender,
Jimi Tauriainen,ENG,Chelsea,eng Premier League,19 years,0.0,0,0,0,,0.0,0.0,,,,0,0,0,0.0,0.0,,0.0,0.0,Forward,
Nuno Tavares,POR,Nottingham Forest,eng Premier League,23 years,5.1,0,7,1,14.3,1.38,0.2,0.0,0.0,26.1,0,0,0,0.2,0.2,0.02,-0.2,-0.2,Defender,
Marcus Tavernier,ENG,Bournemouth,eng Premier League,24 years,23.5,3,53,16,30.2,2.25,0.68,0.06,0.19,20.0,4,0,0,3.9,3.9,0.07,-0.9,-0.9,Forward,
Elayis Tavsan,NED,Hellas Verona,it Serie A,22 years,0.6,0,3,1,33.3,5.4,1.8,0.0,0.0,23.9,0,0,0,0.1,0.1,0.03,-0.1,-0.1,Midfielder,Forward
Charlie Taylor,ENG,Burnley,eng Premier League,29 years,25.9,1,10,1,10.0,0.39,0.04,0.1,1.0,25.8,0,0,0,0.2,0.2,0.02,0.8,0.8,Defender,
Marciano Tchami,GNB,Almería,es La Liga,19 years,0.5,0,1,0,0.0,2.09,0.0,0.0,,22.7,0,0,0,0.0,0.0,0.03,0.0,0.0,Forward,Midfielder
Loum Tchaouna,FRA,Salernitana,it Serie A,19 years,23.3,4,44,15,34.1,1.89,0.64,0.09,0.27,20.3,0,0,0,2.6,2.6,0.06,1.4,1.4,Forward,Midfielder
Jackson Tchatchoua,CMR,Hellas Verona,it Serie A,21 years,19.2,0,0,0,,0.0,0.0,,,,0,0,0,0.0,0.0,,0.0,0.0,Defender,
Enzo Tchato,CMR,Montpellier,fr Ligue 1,20 years,12.5,0,5,1,20.0,0.4,0.08,0.0,0.0,18.8,0,0,0,0.3,0.3,0.07,-0.3,-0.3,Defender,
Aurélien Tchouaméni,FRA,Real Madrid,es La Liga,23 years,22.1,3,27,7,25.9,1.22,0.32,0.11,0.43,22.2,0,0,0,1.3,1.3,0.05,1.7,1.7,Midfielder,Defender
Mathys Tel,FRA,Bayern Munich,de Bundesliga,18 years,11.7,7,43,18,41.9,3.69,1.54,0.16,0.39,15.9,0,0,0,3.7,3.7,0.09,3.3,3.3,Forward,Midfielder
Nathan Tella,NGA,Leverkusen,de Bundesliga,24 years,9.1,5,21,11,52.4,2.31,1.21,0.24,0.45,15.1,0,0,0,3.5,3.5,0.17,1.5,1.5,Defender,Midfielder
Nahuel Tenaglia,ARG,Alavés,es La Liga,27 years,12.7,1,8,1,12.5,0.63,0.08,0.13,1.0,14.1,0,0,0,0.6,0.6,0.08,0.4,0.4,Defender,
Arnau Tenas,ESP,Paris S-G,fr Ligue 1,22 years,5.9,0,0,0,,0.0,0.0,,,,0,0,0,0.0,0.0,,0.0,0.0,Goalkeeper,
Marc-André ter Stegen,GER,Barcelona,es La Liga,31 years,28.0,0,0,0,,0.0,0.0,,,,0,0,0,0.0,0.0,,0.0,0.0,Goalkeeper,
Filippo Terracciano,ITA,Hellas Verona,it Serie A,20 years,14.4,0,8,3,37.5,0.56,0.21,0.0,0.0,21.3,0,0,0,0.3,0.3,0.04,-0.3,-0.3,Defender,
Filippo Terracciano,ITA,Milan,it Serie A,20 years,0.8,0,0,0,,0.0,0.0,,,,0,0,0,0.0,0.0,,0.0,0.0,Defender,Forward
Pietro Terracciano,ITA,Fiorentina,it Serie A,33 years,33.0,0,0,0,,0.0,0.0,,,,0,0,0,0.0,0.0,,0.0,0.0,Goalkeeper,
Ramón Terrats,ESP,Villarreal,es La Liga,22 years,8.7,0,8,1,12.5,0.92,0.11,0.0,0.0,21.2,0,0,0,0.4,0.4,0.05,-0.4,-0.4,Midfielder,Defender
Martin Terrier,FRA,Rennes,fr Ligue 1,26 years,17.0,7,38,16,42.1,2.24,0.94,0.18,0.44,12.8,0,0,0,5.2,5.2,0.14,1.8,1.8,Forward,Midfielder
Kenny Tete,NED,Fulham,eng Premier League,27 years,9.6,1,4,1,25.0,0.42,0.1,0.25,1.0,7.9,0,0,0,0.9,0.9,0.21,0.1,0.1,Defender,
Benjamin Tetteh,GHA,Metz,fr Ligue 1,26 years,3.1,0,3,1,33.3,0.97,0.32,0.0,0.0,17.6,0,0,0,0.3,0.3,0.09,-0.3,-0.3,Forward,Midfielder
Teddy Teuma,MLT,Reims,fr Ligue 1,29 years,23.5,6,43,14,32.6,1.83,0.6,0.12,0.36,23.3,8,1,1,3.1,2.3,0.05,2.9,2.7,Midfielder,
Florian Thauvin,FRA,Udinese,it Serie A,30 years,19.0,5,47,14,29.8,2.47,0.74,0.09,0.29,18.2,4,1,1,4.7,3.9,0.08,0.3,0.1,Forward,
Arthur Theate,BEL,Rennes,fr Ligue 1,23 years,25.5,2,22,5,22.7,0.86,0.2,0.09,0.4,18.7,1,0,0,1.9,1.9,0.09,0.1,0.1,Defender,
Norman Theuerkauf,GER,Heidenheim,de Bundesliga,36 years,14.0,0,7,2,28.6,0.5,0.14,0.0,0.0,19.1,0,0,0,0.4,0.4,0.05,-0.4,-0.4,Midfielder,Defender
Malick Thiaw,GER,Milan,it Serie A,21 years,18.0,0,5,1,20.0,0.28,0.06,0.0,0.0,12.7,0,0,0,0.6,0.6,0.12,-0.6,-0.6,Defender,
Jan Thielmann,GER,Köln,de Bundesliga,21 years,17.5,1,37,12,32.4,2.11,0.68,0.03,0.08,18.8,0,0,0,2.3,2.3,0.06,-1.3,-1.3,Forward,Defender
Denis Thomalla,GER,Heidenheim,de Bundesliga,30 years,5.0,0,3,0,0.0,0.61,0.0,0.0,,10.6,0,0,0,0.3,0.3,0.09,-0.3,-0.3,Midfielder,Forward
Luke Thomas,ENG,Sheffield Utd,eng Premier League,22 years,10.2,0,6,1,16.7,0.59,0.1,0.0,0.0,15.1,0,0,0,0.5,0.5,0.09,-0.5,-0.5,Defender,
Adrien Thomasson,FRA,Lens,fr Ligue 1,29 years,13.3,1,31,6,19.4,2.34,0.45,0.03,0.17,14.3,0,0,0,3.8,3.8,0.12,-2.8,-2.8,Midfielder,
Morten Thorsby,NOR,Genoa,it Serie A,27 years,12.9,2,13,6,46.2,1.01,0.47,0.15,0.33,12.2,0,0,0,1.8,1.8,0.14,0.2,0.2,Midfielder,
Kristian Thorstvedt,NOR,Sassuolo,it Serie A,24 years,26.6,6,42,15,35.7,1.58,0.56,0.14,0.4,15.8,0,0,0,4.4,4.4,0.1,1.6,1.6,Midfielder,
Khéphren Thuram,FRA,Nice,fr Ligue 1,22 years,23.4,1,39,11,28.2,1.67,0.47,0.03,0.09,18.3,0,0,0,3.4,3.4,0.09,-2.4,-2.4,Midfielder,
Marcus Thuram,FRA,Inter,it Serie A,25 years,29.9,13,77,29,37.7,2.58,0.97,0.17,0.45,11.8,0,0,0,14.3,14.3,0.19,-1.3,-1.3,Forward,
Cheikh Tidiane Sabaly,SEN,Metz,fr Ligue 1,24 years,15.3,3,21,9,42.9,1.37,0.59,0.14,0.33,17.6,0,0,0,2.7,2.7,0.13,0.3,0.3,Forward,Midfielder
Youri Tielemans,BEL,Aston Villa,eng Premier League,26 years,18.0,2,14,5,35.7,0.78,0.28,0.14,0.4,20.0,0,0,0,1.3,1.3,0.09,0.7,0.7,Midfielder,Forward
Kieran Tierney,SCO,Real Sociedad,es La Liga,26 years,13.8,0,2,0,0.0,0.15,0.0,0.0,,12.2,0,0,0,0.2,0.2,0.09,-0.2,-0.2,Defender,
Phillip Tietz,GER,Augsburg,de Bundesliga,26 years,26.5,8,52,18,34.6,1.96,0.68,0.15,0.44,15.1,1,0,0,8.2,8.2,0.16,-0.2,-0.2,Forward,
Steffen Tigges,GER,Köln,de Bundesliga,25 years,8.1,3,22,9,40.9,2.72,1.11,0.14,0.33,13.0,0,0,0,2.6,2.6,0.16,0.4,0.4,Forward,
Antonio Tikvić,CRO,Udinese,it Serie A,19 years,0.0,0,0,0,,0.0,0.0,,,,0,0,0,0.0,0.0,,0.0,0.0,Defender,
Jurriën Timber,NED,Arsenal,eng Premier League,22 years,0.8,0,0,0,,0.0,0.0,,,,0,0,0,0.0,0.0,,0.0,0.0,Defender,
Jean-Clair Todibo,FRA,Nice,fr Ligue 1,23 years,29.5,0,9,1,11.1,0.31,0.03,0.0,0.0,17.9,0,0,0,0.6,0.6,0.07,-0.6,-0.6,Defender,
Harry Toffolo,ENG,Nottingham Forest,eng Premier League,27 years,16.2,1,8,5,62.5,0.49,0.31,0.13,0.2,14.4,0,0,0,1.6,1.6,0.21,-0.6,-0.6,Defender,
Umut Tohumcu,GER,Hoffenheim,de Bundesliga,18 years,11.2,0,15,3,20.0,1.34,0.27,0.0,0.0,23.8,0,0,0,0.5,0.5,0.03,-0.5,-0.5,Midfielder,
Corentin Tolisso,FRA,Lyon,fr Ligue 1,28 years,19.3,2,38,13,34.2,1.96,0.67,0.03,0.08,18.9,1,1,1,3.2,2.4,0.06,-1.2,-1.4,Midfielder,
Jeremy Toljan,GER,Sassuolo,it Serie A,28 years,23.1,0,12,3,25.0,0.52,0.13,0.0,0.0,18.6,0,0,0,0.6,0.6,0.05,-0.6,-0.6,Defender,
Rafael Tolói,ITA,Atalanta,it Serie A,32 years,10.7,0,3,0,0.0,0.28,0.0,0.0,,19.5,0,0,0,0.1,0.1,0.02,-0.1,-0.1,Defender,
Raúl de Tomás,ESP,Rayo Vallecano,es La Liga,28 years,14.1,1,38,11,28.9,2.69,0.78,0.0,0.0,18.5,3,1,1,3.4,2.6,0.07,-2.4,-2.6,Forward,
Tiago Tomás,POR,Wolfsburg,de Bundesliga,21 years,11.5,1,27,10,37.0,2.35,0.87,0.04,0.1,13.5,0,0,0,2.7,2.7,0.1,-1.7,-1.7,Forward,Midfielder
Takehiro Tomiyasu,JPN,Arsenal,eng Premier League,24 years,12.8,2,17,3,17.6,1.33,0.23,0.12,0.67,14.9,0,0,0,1.5,1.5,0.09,0.5,0.5,Defender,
James Tomkins,ENG,Crystal Palace,eng Premier League,34 years,0.1,0,0,0,,0.0,0.0,,,,0,0,0,0.0,0.0,,0.0,0.0,Defender,
Fikayo Tomori,ENG,Milan,it Serie A,25 years,23.6,4,17,7,41.2,0.72,0.3,0.24,0.57,9.9,0,0,0,3.7,3.7,0.22,0.3,0.3,Defender,
Sandro Tonali,ITA,Newcastle Utd,eng Premier League,23 years,4.9,1,3,2,66.7,0.62,0.41,0.33,0.5,15.8,0,0,0,0.7,0.7,0.22,0.3,0.3,Midfielder,
Ivan Toney,ENG,Brentford,eng Premier League,27 years,16.1,4,51,21,41.2,3.17,1.3,0.08,0.19,17.4,8,0,0,6.0,6.0,0.12,-2.0,-2.0,Forward,
Pablo Torre,ESP,Girona,es La Liga,20 years,7.8,0,13,1,7.7,1.67,0.13,0.0,0.0,19.3,0,0,0,0.8,0.8,0.06,-0.8,-0.8,Midfielder,Forward
Raúl Torrente,ESP,Granada,es La Liga,21 years,13.9,0,3,0,0.0,0.22,0.0,0.0,,14.7,0,0,0,0.2,0.2,0.05,-0.2,-0.2,Defender,
Ferrán Torres,ESP,Barcelona,es La Liga,23 years,13.5,7,38,15,39.5,2.82,1.11,0.18,0.47,16.6,2,0,0,5.5,5.5,0.15,1.5,1.5,Forward,
Óliver Torres,ESP,Sevilla,es La Liga,28 years,18.0,0,9,3,33.3,0.5,0.17,0.0,0.0,20.4,0,0,0,0.5,0.5,0.06,-0.5,-0.5,Midfielder,
Pau Torres,ESP,Aston Villa,eng Premier League,26 years,27.4,2,12,5,41.7,0.44,0.18,0.17,0.4,15.4,0,0,0,1.0,1.0,0.08,1.0,1.0,Defender,
Lucas Torró,ESP,Osasuna,es La Liga,29 years,19.9,1,30,7,23.3,1.51,0.35,0.03,0.14,22.3,1,0,0,1.5,1.5,0.05,-0.5,-0.5,Midfielder,
Fabio Torsiello,ITA,Darmstadt 98,de Bundesliga,18 years,1.7,0,4,0,0.0,2.31,0.0,0.0,,16.7,0,0,0,0.3,0.3,0.07,-0.3,-0.3,Forward,Defender
Ahmed Touba,ALG,Lecce,it Serie A,25 years,3.1,0,1,0,0.0,0.32,0.0,0.0,,7.1,0,0,0,0.0,0.0,0.03,0.0,0.0,Defender,
Abdoulaye Touré,GUI,Le Havre,fr Ligue 1,29 years,25.4,2,31,8,25.8,1.22,0.32,0.0,0.0,27.4,0,2,2,3.0,1.4,0.04,-1.0,-1.4,Midfielder,
Souleymane Touré,FRA,Lorient,fr Ligue 1,20 years,22.8,1,18,9,50.0,0.79,0.39,0.06,0.11,11.4,0,0,0,1.7,1.7,0.1,-0.7,-0.7,Defender,
Lucas Tousart,FRA,Union Berlin,de Bundesliga,26 years,17.5,0,25,6,24.0,1.43,0.34,0.0,0.0,18.0,0,0,0,1.5,1.5,0.06,-1.5,-1.5,Midfielder,
Andros Townsend,ENG,Luton Town,eng Premier League,32 years,13.4,1,20,7,35.0,1.49,0.52,0.05,0.14,23.7,2,0,0,1.2,1.2,0.06,-0.2,-0.2,Midfielder,Forward
James Trafford,ENG,Burnley,eng Premier League,20 years,28.0,0,0,0,,0.0,0.0,,,,0,0,0,0.0,0.0,,0.0,0.0,Goalkeeper,
Adama Traoré,ESP,Fulham,eng Premier League,27 years,4.2,2,11,7,63.6,2.63,1.67,0.18,0.29,16.0,0,0,0,1.5,1.5,0.14,0.5,0.5,Forward,Midfielder
Bénie Traoré,CIV,Sheffield Utd,eng Premier League,20 years,4.3,0,1,1,100.0,0.23,0.23,0.0,0.0,15.3,0,0,0,0.3,0.3,0.27,-0.3,-0.3,Forward,Midfielder
Bénie Traoré,CIV,Nantes,fr Ligue 1,20 years,5.6,0,7,4,57.1,1.25,0.71,0.0,0.0,18.7,1,0,0,0.7,0.7,0.1,-0.7,-0.7,Forward,Midfielder
Bertrand Traoré,BFA,Aston Villa,eng Premier League,27 years,0.1,0,0,0,,0.0,0.0,,,,0,0,0,0.0,0.0,,0.0,0.0,Defender,Forward
Bertrand Traoré,BFA,Villarreal,es La Liga,27 years,6.3,1,20,7,35.0,3.17,1.11,0.05,0.14,19.4,0,0,0,0.9,0.9,0.05,0.1,0.1,Midfielder,
Boubacar Traoré,MLI,Wolves,eng Premier League,21 years,9.1,0,11,1,9.1,1.21,0.11,0.0,0.0,27.9,0,0,0,0.3,0.3,0.03,-0.3,-0.3,Midfielder,
Chaka Traorè,CIV,Milan,it Serie A,18 years,0.2,1,1,1,100.0,4.5,4.5,1.0,1.0,17.3,0,0,0,0.1,0.1,0.08,0.9,0.9,Forward,
Daouda Traoré,FRA,Nice,fr Ligue 1,17 years,0.2,0,1,0,0.0,5.63,0.0,0.0,,18.1,0,0,0,0.1,0.1,0.06,-0.1,-0.1,Midfielder,
Hamari Traoré,MLI,Real Sociedad,es La Liga,31 years,25.5,0,18,2,11.1,0.71,0.08,0.0,0.0,24.3,0,0,0,0.5,0.5,0.03,-0.5,-0.5,Defender,
Ismaël Traoré,CIV,Metz,fr Ligue 1,36 years,24.7,2,10,4,40.0,0.41,0.16,0.2,0.5,11.9,0,0,0,0.8,0.8,0.08,1.2,1.2,Defender,
Omar Traoré,GER,Heidenheim,de Bundesliga,25 years,27.5,0,11,1,9.1,0.4,0.04,0.0,0.0,28.0,0,0,0,0.3,0.3,0.02,-0.3,-0.3,Defender,
Kevin Trapp,GER,Eintracht Frankfurt,de Bundesliga,33 years,32.0,0,0,0,,0.0,0.0,,,,0,0,0,0.0,0.0,,0.0,0.0,Goalkeeper,
Mark Travers,IRL,Bournemouth,eng Premier League,24 years,4.0,0,0,0,,0.0,0.0,,,,0,0,0,0.0,0.0,,0.0,0.0,Goalkeeper,
Óscar Trejo,ARG,Rayo Vallecano,es La Liga,35 years,15.3,0,18,3,16.7,1.17,0.2,0.0,0.0,19.6,0,0,0,0.9,0.9,0.05,-0.9,-0.9,Forward,Midfielder
Mike Trésor,BEL,Burnley,eng Premier League,24 years,4.7,0,5,0,0.0,1.07,0.0,0.0,,19.7,1,0,0,0.5,0.5,0.09,-0.5,-0.5,Forward,Midfielder
Manu Trigueros,ESP,Villarreal,es La Liga,31 years,3.4,0,6,3,50.0,1.75,0.87,0.0,0.0,20.5,0,0,0,0.5,0.5,0.08,-0.5,-0.5,Midfielder,
Christopher Trimmel,AUT,Union Berlin,de Bundesliga,36 years,18.3,0,6,4,66.7,0.33,0.22,0.0,0.0,20.5,0,0,0,0.6,0.5,0.08,-0.6,-0.5,Defender,
Kieran Trippier,ENG,Newcastle Utd,eng Premier League,32 years,24.8,1,8,2,25.0,0.32,0.08,0.13,0.5,23.8,4,0,0,0.7,0.7,0.08,0.3,0.3,Defender,
Leandro Trossard,BEL,Arsenal,eng Premier League,28 years,18.3,12,60,22,36.7,3.27,1.2,0.2,0.55,16.1,0,0,0,7.9,7.9,0.13,4.1,4.1,Forward,Midfielder
Adrien Truffert,FRA,Rennes,fr Ligue 1,21 years,23.8,1,20,7,35.0,0.84,0.29,0.05,0.14,20.7,0,0,0,1.7,1.7,0.08,-0.7,-0.7,Defender,
Auston Trusty,USA,Sheffield Utd,eng Premier League,24 years,28.6,0,8,2,25.0,0.28,0.07,0.0,0.0,13.0,0,0,0,0.4,0.4,0.05,-0.4,-0.4,Defender,
Kostas Tsimikas,GRE,Liverpool,eng Premier League,27 years,7.5,0,3,0,0.0,0.4,0.0,0.0,,23.8,0,0,0,0.1,0.1,0.03,-0.1,-0.1,Defender,
Viktor Tsyhankov,UKR,Girona,es La Liga,25 years,22.8,8,44,15,34.1,1.93,0.66,0.18,0.53,17.0,3,0,0,6.2,6.2,0.14,1.8,1.8,Midfielder,Forward
Stefano Turati,ITA,Frosinone,it Serie A,21 years,30.5,0,0,0,,0.0,0.0,,,,0,0,0,0.0,0.0,,0.0,0.0,Goalkeeper,
Matt Turner,USA,Nottingham Forest,eng Premier League,29 years,17.0,0,0,0,,0.0,0.0,,,,0,0,0,0.0,0.0,,0.0,0.0,Goalkeeper,
Beñat Turrientes,ESP,Real Sociedad,es La Liga,21 years,18.7,0,23,10,43.5,1.23,0.53,0.0,0.0,24.6,1,0,0,1.2,1.2,0.05,-1.2,-1.2,Midfielder,
Tuta,BRA,Eintracht Frankfurt,de Bundesliga,24 years,28.9,1,18,7,38.9,0.62,0.24,0.06,0.14,12.7,0,0,0,1.4,1.4,0.08,-0.4,-0.4,Defender,
Destiny Udogie,ITA,Tottenham,eng Premier League,20 years,26.6,2,9,5,55.6,0.34,0.19,0.22,0.4,10.1,0,0,0,2.4,2.4,0.27,-0.4,-0.4,Defender,
Matthieu Udol,FRA,Metz,fr Ligue 1,27 years,30.0,3,19,7,36.8,0.63,0.23,0.16,0.43,12.3,0,0,0,1.4,1.4,0.07,1.6,1.6,Defender,
Manuel Ugarte Ribeiro,URU,Paris S-G,fr Ligue 1,22 years,21.5,0,10,1,10.0,0.47,0.05,0.0,0.0,23.4,0,0,0,0.6,0.6,0.06,-0.6,-0.6,Midfielder,
Lesley Ugochukwu,FRA,Chelsea,eng Premier League,19 years,3.3,0,0,0,,0.0,0.0,,,,0,0,0,0.0,0.0,,0.0,0.0,Midfielder,
Lukas Ullrich,GER,Gladbach,de Bundesliga,19 years,0.5,0,0,0,,0.0,0.0,,,,0,0,0,0.0,0.0,,0.0,0.0,Defender,Forward
Sven Ulreich,GER,Bayern Munich,de Bundesliga,34 years,11.0,0,0,0,,0.0,0.0,,,,0,0,0,0.0,0.0,,0.0,0.0,Goalkeeper,
Samuel Umtiti,FRA,Lille,fr Ligue 1,29 years,2.1,0,0,0,,0.0,0.0,,,,0,0,0,0.0,0.0,,0.0,0.0,Defender,
Enes Ünal,TUR,Bournemouth,eng Premier League,26 years,3.6,2,23,8,34.8,6.31,2.2,0.09,0.25,12.5,2,0,0,2.9,2.9,0.13,-0.9,-0.9,Forward,Midfielder
Enes Ünal,TUR,Getafe,es La Liga,26 years,1.6,0,1,0,0.0,0.64,0.0,0.0,,18.5,0,0,0,0.1,0.1,0.1,-0.1,-0.1,Forward,Midfielder
Deniz Undav,GER,Stuttgart,de Bundesliga,27 years,23.2,18,106,51,48.1,4.57,2.2,0.17,0.35,17.4,0,0,1,15.0,14.3,0.13,3.0,3.7,Forward,Midfielder
Dayot Upamecano,FRA,Bayern Munich,de Bundesliga,24 years,19.6,1,11,4,36.4,0.56,0.2,0.09,0.25,10.5,0,0,0,1.7,1.7,0.15,-0.7,-0.7,Defender,
Kacper Urbanski,POL,Bologna,it Serie A,18 years,10.3,0,17,6,35.3,1.65,0.58,0.0,0.0,17.6,0,0,0,1.1,1.1,0.07,-1.1,-1.1,Midfielder,Forward
Mark Uth,GER,Köln,de Bundesliga,31 years,4.1,0,12,5,41.7,2.9,1.21,0.0,0.0,14.9,1,0,0,2.0,2.0,0.17,-2.0,-2.0,Midfielder,Forward
Myrto Uzuni,ALB,Granada,es La Liga,28 years,27.2,11,58,24,41.4,2.13,0.88,0.12,0.29,17.9,2,4,5,12.9,9.0,0.16,-1.9,-2.0,Forward,
Josha Vagnoman,GER,Stuttgart,de Bundesliga,22 years,13.1,2,17,6,35.3,1.29,0.46,0.12,0.33,17.2,0,0,0,1.3,1.3,0.08,0.7,0.7,Defender,
Óscar Valentín,ESP,Rayo Vallecano,es La Liga,28 years,29.9,1,15,7,46.7,0.5,0.23,0.07,0.14,12.7,0,0,0,1.7,1.7,0.11,-0.7,-0.7,Midfielder,
Emanuele Valeri,ITA,Frosinone,it Serie A,24 years,13.1,0,19,3,15.8,1.45,0.23,0.0,0.0,24.4,0,0,0,0.9,0.9,0.05,-0.9,-0.9,Defender,
Martin Valjent,SVK,Mallorca,es La Liga,27 years,26.1,0,9,0,0.0,0.34,0.0,0.0,,19.6,0,0,0,0.3,0.3,0.04,-0.3,-0.3,Defender,
Jesús Vallejo,ESP,Granada,es La Liga,26 years,1.2,0,0,0,,0.0,0.0,,,,0,0,0,0.0,0.0,,0.0,0.0,Defender,
Álvaro Vallés,ESP,Las Palmas,es La Liga,26 years,36.3,0,0,0,,0.0,0.0,,,,0,0,0,0.0,0.0,,0.0,0.0,Goalkeeper,
Federico Valverde,URU,Real Madrid,es La Liga,25 years,32.3,2,56,18,32.1,1.74,0.56,0.04,0.11,23.0,1,0,0,3.5,3.5,0.06,-1.5,-1.5,Midfielder,
Kévin Van Den Kerkhof,ALG,Metz,fr Ligue 1,27 years,21.3,1,21,7,33.3,0.99,0.33,0.05,0.14,19.3,0,0,0,1.5,1.5,0.07,-0.5,-0.5,Forward,Midfielder
Siebe Van Der Heyden,BEL,Mallorca,es La Liga,25 years,3.2,0,2,0,0.0,0.63,0.0,0.0,,9.8,0,0,0,0.2,0.2,0.08,-0.2,-0.2,Defender,
Virgil van Dijk,NED,Liverpool,eng Premier League,32 years,35.3,2,45,14,31.1,1.27,0.4,0.04,0.14,12.6,1,0,0,2.8,2.8,0.06,-0.8,-0.8,Defender,
Vanderson,BRA,Monaco,fr Ligue 1,22 years,18.2,3,30,10,33.3,1.65,0.55,0.1,0.3,21.6,0,0,0,2.1,2.1,0.07,0.9,0.9,Defender,
Raphaël Varane,FRA,Manchester Utd,eng Premier League,30 years,15.3,1,8,2,25.0,0.52,0.13,0.13,0.5,9.2,0,0,0,1.3,1.3,0.16,-0.3,-0.3,Defender,
Ruben Vargas,SUI,Augsburg,de Bundesliga,24 years,21.8,4,49,17,34.7,2.25,0.78,0.08,0.24,17.4,3,0,0,3.9,3.9,0.08,0.1,0.1,Midfielder,Forward
Johan Vásquez,MEX,Genoa,it Serie A,24 years,31.7,1,34,10,29.4,1.07,0.32,0.03,0.1,13.6,0,0,0,1.9,1.9,0.05,-0.9,-0.9,Defender,
José Luis García Vayá,ESP,Valencia,es La Liga,24 years,36.7,7,27,5,18.5,0.74,0.14,0.0,0.0,33.8,12,7,8,7.3,1.0,0.04,-0.3,-1.0,Midfielder,
Borja Vázquez,ESP,Cádiz,es La Liga,18 years,0.0,0,0,0,,0.0,0.0,,,,0,0,0,0.0,0.0,,0.0,0.0,Forward,
Jesus Vazquez,ESP,Valencia,es La Liga,20 years,8.0,1,7,2,28.6,0.88,0.25,0.14,0.5,14.1,0,0,0,1.2,1.2,0.17,-0.2,-0.2,Defender,Midfielder
Kevin Vázquez,ESP,Celta Vigo,es La Liga,30 years,7.8,0,2,1,50.0,0.26,0.13,0.0,0.0,20.8,0,0,0,0.0,0.0,0.02,0.0,0.0,Defender,
Lucas Vázquez,ESP,Real Madrid,es La Liga,32 years,15.8,3,12,7,58.3,0.76,0.44,0.25,0.43,13.4,0,0,0,1.2,1.1,0.09,1.8,1.9,Defender,
Matías Vecino,URU,Lazio,it Serie A,31 years,12.8,6,33,11,33.3,2.58,0.86,0.18,0.55,15.7,0,0,0,3.7,3.7,0.11,2.3,2.3,Midfielder,
Gabriel Veiga,ESP,Celta Vigo,es La Liga,21 years,0.2,0,0,0,,0.0,0.0,,,,0,0,0,0.0,0.0,,0.0,0.0,Forward,
Alejo Véliz,ARG,Tottenham,eng Premier League,19 years,0.6,1,2,1,50.0,3.6,1.8,0.5,1.0,8.9,0,0,0,0.2,0.2,0.12,0.8,0.8,Forward,
Alejo Véliz,ARG,Sevilla,es La Liga,19 years,0.4,0,2,2,100.0,5.14,5.14,0.0,0.0,10.1,0,0,0,0.2,0.2,0.11,-0.2,-0.2,Forward,
Miloš Veljković,SRB,Werder Bremen,de Bundesliga,27 years,21.3,2,6,3,50.0,0.28,0.14,0.33,0.67,16.1,0,0,0,1.7,1.7,0.29,0.3,0.3,Defender,
Joël Veltman,NED,Brighton,eng Premier League,31 years,17.6,1,5,3,60.0,0.28,0.17,0.2,0.33,14.2,0,0,0,0.4,0.4,0.08,0.6,0.6,Defender,
Micky van de Ven,NED,Tottenham,eng Premier League,22 years,26.0,3,8,3,37.5,0.31,0.12,0.38,1.0,16.0,0,0,0,0.6,0.6,0.08,2.4,2.4,Defender,
Lorenzo Venuti,ITA,Lecce,it Serie A,28 years,4.0,0,3,1,33.3,0.74,0.25,0.0,0.0,25.9,0,0,0,0.1,0.1,0.03,-0.1,-0.1,Defender,
Bart Verbruggen,NED,Brighton,eng Premier League,20 years,21.0,0,0,0,,0.0,0.0,,,,0,0,0,0.0,0.0,,0.0,0.0,Goalkeeper,
Simone Verdi,ITA,Torino,it Serie A,31 years,0.0,0,0,0,,0.0,0.0,,,,0,0,0,0.0,0.0,,0.0,0.0,Forward,
Jordan Veretout,FRA,Marseille,fr Ligue 1,30 years,24.3,1,36,8,22.2,1.48,0.33,0.03,0.13,22.9,6,0,0,2.9,2.9,0.08,-1.9,-1.9,Midfielder,
Arthur Vermeeren,BEL,Atlético Madrid,es La Liga,18 years,1.8,0,0,0,,0.0,0.0,,,,0,0,0,0.0,0.0,,0.0,0.0,Midfielder,
Yorbe Vertessen,BEL,Union Berlin,de Bundesliga,22 years,6.6,3,24,9,37.5,3.64,1.37,0.13,0.33,16.8,0,0,0,2.7,2.7,0.11,0.3,0.3,Forward,Midfielder
Mikel Vesga,ESP,Athletic Club,es La Liga,30 years,17.0,3,17,5,29.4,1.0,0.29,0.06,0.2,20.7,0,2,2,2.7,1.1,0.07,0.3,-0.1,Midfielder,
Guglielmo Vicario,ITA,Tottenham,eng Premier League,26 years,38.0,0,0,0,,0.0,0.0,,,,0,0,0,0.0,0.0,,0.0,0.0,Goalkeeper,
Carlos Vicente,ESP,Alavés,es La Liga,24 years,12.4,2,15,8,53.3,1.21,0.65,0.13,0.25,15.2,1,0,0,2.3,2.3,0.16,-0.3,-0.3,Forward,
Nacho Vidal,ESP,Osasuna,es La Liga,28 years,1.1,1,3,1,33.3,2.81,0.94,0.33,1.0,12.4,0,0,0,0.3,0.3,0.1,0.7,0.7,Defender,Forward
Nacho Vidal,ESP,Mallorca,es La Liga,28 years,4.6,0,8,3,37.5,1.73,0.65,0.0,0.0,12.3,0,0,0,1.0,1.0,0.13,-1.0,-1.0,Defender,
Fabio Vieira,POR,Arsenal,eng Premier League,23 years,3.3,1,6,1,16.7,1.82,0.3,0.0,0.0,18.0,0,1,1,1.3,0.5,0.08,-0.3,-0.5,Midfielder,Forward
Fran Vieites,ESP,Betis,es La Liga,24 years,3.5,0,0,0,,0.0,0.0,,,,0,0,0,0.0,0.0,,0.0,0.0,Goalkeeper,
Jonathan Viera,ESP,Las Palmas,es La Liga,33 years,6.9,2,12,4,33.3,1.75,0.58,0.0,0.0,24.0,2,2,2,2.3,0.7,0.06,-0.3,-0.7,Midfielder,Forward
Jonathan Viera,ESP,Almería,es La Liga,33 years,10.1,0,12,5,41.7,1.18,0.49,0.0,0.0,18.7,1,0,0,1.3,1.3,0.11,-1.3,-1.3,Midfielder,
Emanuel Vignato,ITA,Salernitana,it Serie A,22 years,3.5,0,1,0,0.0,0.29,0.0,0.0,,15.6,0,0,0,0.0,0.0,0.03,0.0,0.0,Midfielder,Forward
Samuele Vignato,ITA,Monza,it Serie A,19 years,3.8,1,7,4,57.1,1.84,1.05,0.14,0.25,15.1,0,0,0,1.7,1.7,0.24,-0.7,-0.7,Midfielder,Forward
Oscar Vilhelmsson,SWE,Darmstadt 98,de Bundesliga,19 years,15.3,4,28,10,35.7,1.83,0.66,0.14,0.4,14.7,0,0,0,4.1,4.1,0.15,-0.1,-0.1,Forward,Midfielder
Toni Villa,ESP,Girona,es La Liga,28 years,0.1,0,1,1,100.0,6.92,6.92,0.0,0.0,18.9,0,0,0,0.0,0.0,0.02,0.0,0.0,Forward,
Asier Villalibre,ESP,Athletic Club,es La Liga,25 years,5.7,2,12,6,50.0,2.11,1.05,0.17,0.33,11.5,0,0,0,1.7,1.7,0.14,0.3,0.3,Forward,
Gonzalo Villar,ESP,Granada,es La Liga,25 years,20.0,1,22,4,18.2,1.1,0.2,0.05,0.25,22.5,0,0,0,1.9,1.9,0.08,-0.9,-0.9,Midfielder,
Iván Villar,ESP,Celta Vigo,es La Liga,26 years,11.3,0,0,0,,0.0,0.0,,,,0,0,0,0.0,0.0,,0.0,0.0,Goalkeeper,
Matías Viña,URU,Sassuolo,it Serie A,25 years,11.3,0,8,2,25.0,0.71,0.18,0.0,0.0,22.3,0,0,0,0.3,0.3,0.04,-0.3,-0.3,Defender,
Rúben Vinagre,POR,Hellas Verona,it Serie A,24 years,3.1,0,2,0,0.0,0.64,0.0,0.0,,31.5,0,0,0,0.0,0.0,0.02,0.0,0.0,Defender,Forward
Carlos Vinícius,BRA,Fulham,eng Premier League,28 years,3.5,2,9,5,55.6,2.57,1.43,0.22,0.4,10.9,0,0,0,1.6,1.6,0.18,0.4,0.4,Forward,
Nicolas Viola,ITA,Cagliari,it Serie A,33 years,13.4,5,37,11,29.7,2.76,0.82,0.14,0.45,22.3,6,0,1,3.4,2.6,0.07,1.6,2.4,Midfielder,Forward
Alan Virginius,FRA,Lille,fr Ligue 1,20 years,0.8,0,0,0,,0.0,0.0,,,,0,0,0,0.0,0.0,,0.0,0.0,Forward,
Alan Virginius,FRA,Clermont Foot,fr Ligue 1,20 years,10.4,0,10,6,60.0,0.96,0.58,0.0,0.0,15.0,0,0,0,1.3,1.3,0.13,-1.3,-1.3,Forward,
Ricardo Visus,ESP,Betis,es La Liga,22 years,1.8,0,0,0,,0.0,0.0,,,,0,0,0,0.0,0.0,,0.0,0.0,Defender,
Mattia Viti,ITA,Sassuolo,it Serie A,21 years,10.9,1,4,1,25.0,0.37,0.09,0.25,1.0,6.3,0,0,0,1.0,1.0,0.24,0.0,0.0,Defender,
Vitinha,POR,Genoa,it Serie A,23 years,3.2,2,14,5,35.7,4.42,1.58,0.14,0.4,14.4,0,0,0,1.1,1.1,0.08,0.9,0.9,Forward,Midfielder
Vitinha,POR,Marseille,fr Ligue 1,23 years,10.3,3,37,9,24.3,3.61,0.88,0.08,0.33,12.1,0,0,0,5.1,5.1,0.14,-2.1,-2.1,Forward,
Vitinha,POR,Paris S-G,fr Ligue 1,23 years,23.6,7,45,19,42.2,1.9,0.8,0.16,0.37,21.5,1,0,0,3.1,3.1,0.07,3.9,3.9,Midfielder,
Vitinho,BRA,Burnley,eng Premier League,24 years,25.7,0,25,4,16.0,0.97,0.16,0.0,0.0,18.0,0,0,0,1.6,1.6,0.06,-1.6,-1.6,Defender,Midfielder
Daniel Vivian,ESP,Athletic Club,es La Liga,24 years,32.0,0,11,1,9.1,0.34,0.03,0.0,0.0,13.5,0,0,0,0.6,0.6,0.05,-0.6,-0.6,Defender,
Odisseas Vlachodimos,GRE,Nottingham Forest,eng Premier League,29 years,5.0,0,0,0,,0.0,0.0,,,,0,0,0,0.0,0.0,,0.0,0.0,Goalkeeper,
Dušan Vlahović,SRB,Juventus,it Serie A,23 years,25.6,16,106,35,33.0,4.14,1.37,0.13,0.4,15.8,7,2,4,16.6,13.3,0.13,-0.6,0.7,Forward,
Nikola Vlašić,CRO,Torino,it Serie A,25 years,29.0,3,46,11,23.9,1.59,0.38,0.07,0.27,20.1,1,0,0,2.4,2.4,0.05,0.6,0.6,Midfielder,Forward
Alessandro Vogliacco,ITA,Genoa,it Serie A,24 years,13.0,0,5,0,0.0,0.38,0.0,0.0,,13.9,0,0,0,0.4,0.4,0.08,-0.4,-0.4,Defender,
Kevin Vogt,GER,Hoffenheim,de Bundesliga,31 years,14.7,0,2,1,50.0,0.14,0.07,0.0,0.0,18.8,0,0,0,0.7,0.7,0.34,-0.7,-0.7,Defender,
Kevin Vogt,GER,Union Berlin,de Bundesliga,31 years,14.7,0,1,0,0.0,0.07,0.0,0.0,,14.3,0,0,0,0.0,0.0,0.03,0.0,0.0,Defender,
Mërgim Vojvoda,KVX,Torino,it Serie A,28 years,15.3,0,9,4,44.4,0.59,0.26,0.0,0.0,21.0,0,0,0,0.4,0.4,0.04,-0.4,-0.4,Defender,
Kevin Volland,GER,Union Berlin,de Bundesliga,31 years,14.9,3,33,10,30.3,2.21,0.67,0.03,0.1,19.7,0,2,3,5.3,2.9,0.09,-2.3,-1.9,Forward,Midfielder
Cristian Volpato,ITA,Sassuolo,it Serie A,19 years,7.2,1,12,6,50.0,1.67,0.84,0.08,0.17,23.2,0,0,0,0.5,0.5,0.04,0.5,0.5,Midfielder,Forward
Aster Vranckx,BEL,Wolfsburg,de Bundesliga,20 years,12.8,0,4,2,50.0,0.31,0.16,0.0,0.0,24.5,0,0,0,0.1,0.1,0.03,-0.1,-0.1,Midfielder,
Stefan de Vrij,NED,Inter,it Serie A,31 years,17.6,1,10,3,30.0,0.57,0.17,0.1,0.33,12.3,0,0,0,0.6,0.6,0.06,0.4,0.4,Defender,
Elye Wahi,FRA,Montpellier,fr Ligue 1,20 years,0.2,0,0,0,,0.0,0.0,,,,0,0,0,0.0,0.0,,0.0,0.0,Forward,
Elye Wahi,FRA,Lens,fr Ligue 1,20 years,18.8,9,59,30,50.8,3.14,1.6,0.14,0.27,13.3,0,1,1,11.5,10.7,0.18,-2.5,-2.7,Forward,
Walace,BRA,Udinese,it Serie A,28 years,36.0,2,27,9,33.3,0.75,0.25,0.07,0.22,27.3,0,0,0,0.8,0.8,0.03,1.2,1.2,Midfielder,
Luca Waldschmidt,GER,Köln,de Bundesliga,27 years,12.7,3,42,15,35.7,3.3,1.18,0.07,0.2,22.3,2,0,1,2.9,2.1,0.05,0.1,0.9,Midfielder,Forward
Kyle Walker,ENG,Manchester City,eng Premier League,33 years,30.7,0,16,3,18.8,0.52,0.1,0.0,0.0,29.4,1,0,0,0.4,0.4,0.02,-0.4,-0.4,Defender,
Sebastian Walukiewicz,POL,Empoli,it Serie A,23 years,22.8,0,4,2,50.0,0.18,0.09,0.0,0.0,18.5,0,0,0,0.1,0.1,0.04,-0.1,-0.1,Defender,
Aaron Wan-Bissaka,ENG,Manchester Utd,eng Premier League,25 years,19.8,0,3,1,33.3,0.15,0.05,0.0,0.0,20.2,0,0,0,0.1,0.1,0.04,-0.1,-0.1,Defender,
Joel Ward,ENG,Crystal Palace,eng Premier League,33 years,22.0,0,10,0,0.0,0.45,0.0,0.0,,18.0,0,0,0,0.9,0.9,0.09,-0.9,-0.9,Defender,
James Ward-Prowse,ENG,West Ham,eng Premier League,28 years,33.3,7,42,16,38.1,1.26,0.48,0.12,0.31,22.8,16,2,2,6.0,4.4,0.11,1.0,0.6,Midfielder,
Lewis Warrington,ENG,Everton,eng Premier League,20 years,0.0,0,0,0,,0.0,0.0,,,,0,0,0,0.0,0.0,,0.0,0.0,Forward,
Deivid Washington,BRA,Chelsea,eng Premier League,18 years,0.1,0,1,0,0.0,6.92,0.0,0.0,,9.0,0,0,0,0.5,0.5,0.47,-0.5,-0.5,Defender,Forward
Kjell-Arik Wätjen,GER,Dortmund,de Bundesliga,17 years,1.2,0,0,0,,0.0,0.0,,,,0,0,0,0.0,0.0,,0.0,0.0,Midfielder,Forward
Ollie Watkins,ENG,Aston Villa,eng Premier League,27 years,35.7,19,107,47,43.9,2.99,1.31,0.18,0.4,12.8,0,0,0,16.8,16.8,0.16,2.2,2.2,Forward,
Timothy Weah,USA,Juventus,it Serie A,23 years,14.0,0,12,2,16.7,0.86,0.14,0.0,0.0,20.0,0,0,0,1.5,1.5,0.13,-1.5,-1.5,Defender,Forward
Adam Webster,ENG,Brighton,eng Premier League,28 years,12.7,0,8,0,0.0,0.63,0.0,0.0,,9.9,0,0,0,0.4,0.4,0.05,-0.4,-0.4,Defender,
Wout Weghorst,NED,Hoffenheim,de Bundesliga,30 years,22.0,7,38,14,36.8,1.73,0.64,0.16,0.43,13.3,0,1,1,7.2,6.4,0.17,-0.2,-0.4,Forward,
Julian Weigl,GER,Gladbach,de Bundesliga,27 years,30.7,2,17,4,23.5,0.55,0.13,0.0,0.0,25.2,1,2,2,2.4,0.9,0.05,-0.4,-0.9,Midfielder,
Nelson Weiper,GER,Mainz 05,de Bundesliga,18 years,1.4,0,2,0,0.0,1.45,0.0,0.0,,8.2,0,0,0,0.5,0.5,0.24,-0.5,-0.5,Forward,Midfielder
Mitchell Weiser,GER,Werder Bremen,de Bundesliga,29 years,29.3,3,44,13,29.5,1.5,0.44,0.07,0.23,14.7,0,0,0,3.8,3.8,0.09,-0.8,-0.8,Defender,Midfielder
Noah Weißhaupt,GER,Freiburg,de Bundesliga,21 years,8.4,1,3,1,33.3,0.36,0.12,0.33,1.0,13.9,0,0,0,0.4,0.4,0.14,0.6,0.6,Defender,Forward
Shon Weissman,ISR,Salernitana,it Serie A,27 years,5.5,1,6,1,16.7,1.09,0.18,0.17,1.0,11.2,0,0,0,1.0,1.0,0.17,0.0,0.0,Forward,Defender
Shon Weissman,ISR,Granada,es La Liga,27 years,0.9,0,1,0,0.0,1.1,0.0,0.0,,13.1,0,0,0,0.0,0.0,0.04,0.0,0.0,Forward,
Danny Welbeck,ENG,Brighton,eng Premier League,32 years,18.8,5,41,16,39.0,2.18,0.85,0.12,0.31,14.5,1,0,0,5.3,5.3,0.13,-0.3,-0.3,Forward,Midfielder
Timo Werner,GER,Tottenham,eng Premier League,27 years,9.0,2,29,7,24.1,3.23,0.78,0.07,0.29,14.1,0,0,0,3.7,3.7,0.13,-1.7,-1.7,Forward,
Timo Werner,GER,RB Leipzig,de Bundesliga,27 years,2.3,2,8,5,62.5,3.48,2.17,0.13,0.2,17.8,0,1,1,2.4,1.6,0.2,-0.4,-0.6,Forward,Midfielder
Adam Wharton,ENG,Crystal Palace,eng Premier League,19 years,14.4,0,10,1,10.0,0.69,0.07,0.0,0.0,24.2,0,0,0,0.3,0.3,0.03,-0.3,-0.3,Midfielder,
Ethan Wheatley,ENG,Manchester Utd,eng Premier League,17 years,0.2,0,0,0,,0.0,0.0,,,,0,0,0,0.0,0.0,,0.0,0.0,Forward,
Ben White,ENG,Arsenal,eng Premier League,25 years,33.2,4,13,6,46.2,0.39,0.18,0.31,0.67,13.2,0,0,0,1.2,1.2,0.09,2.8,2.8,Defender,
Joe White,ENG,Newcastle Utd,eng Premier League,20 years,0.1,0,0,0,,0.0,0.0,,,,0,0,0,0.0,0.0,,0.0,0.0,Midfielder,
Silvan Widmer,SUI,Mainz 05,de Bundesliga,30 years,13.8,1,14,3,21.4,1.01,0.22,0.07,0.33,15.4,0,0,0,1.4,1.4,0.1,-0.4,-0.4,Defender,
Mateusz Wieteska,POL,Cagliari,it Serie A,26 years,10.7,0,4,0,0.0,0.37,0.0,0.0,,9.8,0,0,0,0.3,0.3,0.08,-0.3,-0.3,Defender,
Mateusz Wieteska,POL,Clermont Foot,fr Ligue 1,26 years,1.9,1,3,2,66.7,1.55,1.03,0.33,0.5,10.1,0,0,0,0.1,0.1,0.03,0.9,0.9,Defender,
Iñaki Williams,GHA,Athletic Club,es La Liga,29 years,31.6,12,93,43,46.2,2.94,1.36,0.13,0.28,15.4,0,0,0,9.4,9.4,0.1,2.6,2.6,Forward,
Neco Williams,WAL,Nottingham Forest,eng Premier League,22 years,18.2,0,15,4,26.7,0.82,0.22,0.0,0.0,18.9,0,0,0,0.8,0.8,0.05,-0.8,-0.8,Defender,
Nico Williams,ESP,Athletic Club,es La Liga,21 years,25.1,5,56,19,33.9,2.23,0.76,0.09,0.26,15.7,1,0,0,6.0,6.0,0.11,-1.0,-1.0,Forward,
Willian,BRA,Fulham,eng Premier League,34 years,22.8,4,43,16,37.2,1.89,0.7,0.05,0.13,20.4,2,2,2,5.1,3.6,0.08,-1.1,-1.6,Forward,
Joe Willock,ENG,Newcastle Utd,eng Premier League,23 years,4.7,1,7,3,42.9,1.5,0.64,0.14,0.33,10.9,0,0,0,0.8,0.8,0.12,0.2,0.2,Midfielder,
Callum Wilson,ENG,Newcastle Utd,eng Premier League,31 years,11.0,9,33,18,54.5,3.0,1.63,0.21,0.39,11.8,0,2,2,8.8,7.2,0.22,0.2,-0.2,Forward,
Harry Wilson,WAL,Fulham,eng Premier League,26 years,18.0,4,40,13,32.5,2.22,0.72,0.1,0.31,19.1,3,0,0,3.4,3.4,0.08,0.6,0.6,Forward,
Josh Wilson-Esbrand,ENG,Reims,fr Ligue 1,20 years,5.1,1,4,1,25.0,0.78,0.2,0.25,1.0,20.0,0,0,0,0.1,0.1,0.04,0.9,0.9,Defender,Midfielder
Patrick Wimmer,AUT,Wolfsburg,de Bundesliga,22 years,6.5,2,10,4,40.0,1.53,0.61,0.2,0.5,16.2,0,0,0,1.4,1.4,0.14,0.6,0.6,Forward,Midfielder
Jonas Wind,DEN,Wolfsburg,de Bundesliga,24 years,29.5,11,72,34,47.2,2.44,1.15,0.15,0.32,16.1,0,0,1,9.4,8.5,0.12,1.6,2.5,Forward,
Florian Wirtz,GER,Leverkusen,de Bundesliga,20 years,26.4,11,70,33,47.1,2.66,1.25,0.14,0.3,18.1,1,1,1,8.9,8.2,0.12,2.1,1.8,Midfielder,
Yoane Wissa,COD,Brentford,eng Premier League,26 years,27.7,12,67,24,35.8,2.42,0.87,0.18,0.5,12.9,0,0,0,10.6,10.6,0.16,1.4,1.4,Forward,
Axel Witsel,BEL,Atlético Madrid,es La Liga,34 years,30.9,2,7,3,42.9,0.23,0.1,0.29,0.67,8.0,0,0,0,1.0,1.0,0.14,1.0,1.0,Defender,
Maximilian Wittek,GER,Bochum,de Bundesliga,27 years,11.9,3,26,8,30.8,2.19,0.67,0.12,0.38,25.5,3,0,0,1.3,1.3,0.05,1.7,1.7,Defender,Forward
Maximilian Wöber,AUT,Gladbach,de Bundesliga,25 years,23.0,2,19,3,15.8,0.83,0.13,0.11,0.67,14.1,0,0,0,1.3,1.3,0.07,0.7,0.7,Defender,
Marius Wolf,GER,Dortmund,de Bundesliga,28 years,13.0,0,9,1,11.1,0.69,0.08,0.0,0.0,17.4,0,0,0,0.6,0.6,0.06,-0.6,-0.6,Defender,
Nick Woltemade,GER,Werder Bremen,de Bundesliga,21 years,13.2,2,22,6,27.3,1.67,0.45,0.09,0.33,14.2,0,0,0,2.4,2.4,0.11,-0.4,-0.4,Forward,Midfielder
Jeong Woo-yeong,KOR,Stuttgart,de Bundesliga,23 years,7.0,2,18,8,44.4,2.56,1.14,0.11,0.25,17.5,0,0,0,1.8,1.8,0.1,0.2,0.2,Midfielder,Forward
Chris Wood,NZL,Nottingham Forest,eng Premier League,31 years,20.1,14,48,26,54.2,2.38,1.29,0.29,0.54,10.2,0,0,0,11.9,11.9,0.25,2.1,2.1,Forward,
Cauley Woodrow,ENG,Luton Town,eng Premier League,28 years,4.7,1,16,4,25.0,3.37,0.84,0.06,0.25,18.7,1,0,0,1.4,1.4,0.09,-0.4,-0.4,Forward,Midfielder
Christopher Wooh,CMR,Rennes,fr Ligue 1,21 years,15.4,1,10,2,20.0,0.65,0.13,0.1,0.5,9.0,0,0,0,1.3,1.3,0.14,-0.3,-0.3,Defender,
Joe Worrall,ENG,Nottingham Forest,eng Premier League,26 years,4.9,0,2,0,0.0,0.41,0.0,0.0,,10.6,0,0,0,0.1,0.1,0.06,-0.1,-0.1,Defender,
Xeber,ESP,Alavés,es La Liga,26 years,3.4,0,5,0,0.0,1.49,0.0,0.0,,16.4,0,0,0,0.4,0.4,0.07,-0.4,-0.4,Forward,Midfielder
Granit Xhaka,SUI,Leverkusen,de Bundesliga,30 years,31.3,3,45,14,31.1,1.44,0.45,0.07,0.21,25.5,0,0,0,1.8,1.8,0.04,1.2,1.2,Midfielder,
Antal Yaakobishvili,HUN,Girona,es La Liga,19 years,0.7,0,0,0,,0.0,0.0,,,,0,0,0,0.0,0.0,,0.0,0.0,Defender,
Lamine Yamal,ESP,Barcelona,es La Liga,16 years,24.5,5,58,21,36.2,2.37,0.86,0.09,0.24,17.5,0,0,0,5.2,5.2,0.09,-0.2,-0.2,Forward,
Roman Yaremchuk,UKR,Valencia,es La Liga,27 years,10.3,3,18,9,50.0,1.75,0.87,0.17,0.33,12.3,0,0,0,4.6,4.6,0.26,-1.6,-1.6,Forward,
Yehor Yarmoliuk,UKR,Brentford,eng Premier League,19 years,7.6,0,11,5,45.5,1.44,0.65,0.0,0.0,18.9,0,0,0,1.0,1.0,0.09,-1.0,-1.0,Midfielder,
Ryan Yates,ENG,Nottingham Forest,eng Premier League,25 years,22.1,1,32,7,21.9,1.45,0.32,0.03,0.14,18.2,0,0,0,2.6,2.6,0.08,-1.6,-1.6,Midfielder,
Yusuf Yazıcı,TUR,Lille,fr Ligue 1,26 years,14.6,5,40,14,35.0,2.74,0.96,0.13,0.36,16.5,6,0,0,5.4,5.4,0.14,-0.4,-0.4,Midfielder,Forward
Kelvin Yeboah,ITA,Montpellier,fr Ligue 1,23 years,3.1,0,6,3,50.0,1.96,0.98,0.0,0.0,15.3,0,0,0,0.5,0.5,0.08,-0.5,-0.5,Forward,
Bertuğ Yıldırım,TUR,Rennes,fr Ligue 1,21 years,5.2,0,10,4,40.0,1.92,0.77,0.0,0.0,11.9,0,0,0,1.4,1.4,0.14,-1.4,-1.4,Forward,
Kenan Yıldız,TUR,Juventus,it Serie A,18 years,10.6,2,19,7,36.8,1.8,0.66,0.11,0.29,16.6,0,0,0,1.6,1.6,0.09,0.4,0.4,Forward,Midfielder
Darlin Yongwa,CMR,Lorient,fr Ligue 1,22 years,12.9,1,15,5,33.3,1.16,0.39,0.07,0.2,20.6,0,0,0,0.7,0.7,0.05,0.3,0.3,Defender,
Leny Yoro,FRA,Lille,fr Ligue 1,17 years,29.7,2,14,8,57.1,0.47,0.27,0.14,0.25,9.6,0,0,0,1.5,1.5,0.11,0.5,0.5,Defender,
Ashley Young,ENG,Everton,eng Premier League,38 years,25.3,0,13,2,15.4,0.51,0.08,0.0,0.0,21.9,3,0,0,0.6,0.6,0.05,-0.6,-0.6,Defender,Midfielder
Etienne Youte Kinkoue,FRA,Le Havre,fr Ligue 1,21 years,21.6,0,6,0,0.0,0.28,0.0,0.0,,11.4,0,0,0,0.4,0.4,0.06,-0.4,-0.4,Defender,
Illia Zabarnyi,UKR,Bournemouth,eng Premier League,20 years,37.0,1,8,2,25.0,0.22,0.05,0.13,0.5,7.5,0,0,0,1.1,1.1,0.14,-0.1,-0.1,Defender,
Mattia Zaccagni,ITA,Lazio,it Serie A,28 years,21.7,6,42,13,31.0,1.93,0.6,0.14,0.46,17.6,3,0,0,4.7,4.7,0.12,1.3,1.3,Forward,Midfielder
Dan-Axel Zagadou,FRA,Stuttgart,de Bundesliga,24 years,16.1,1,11,2,18.2,0.68,0.12,0.09,0.5,11.0,0,0,0,1.0,1.0,0.09,0.0,0.0,Defender,
Yoram Zague,FRA,Paris S-G,fr Ligue 1,17 years,4.1,1,2,1,50.0,0.48,0.24,0.5,1.0,19.3,0,0,0,0.3,0.3,0.15,0.7,0.7,Defender,
Warren Zaïre-Emery,FRA,Paris S-G,fr Ligue 1,17 years,21.8,2,14,4,28.6,0.64,0.18,0.14,0.5,17.9,0,0,0,1.4,1.4,0.1,0.6,0.6,Midfielder,Defender
Denis Zakaria,SUI,Monaco,fr Ligue 1,26 years,23.7,4,26,10,38.5,1.09,0.42,0.15,0.4,21.6,0,0,0,1.4,1.4,0.05,2.6,2.6,Midfielder,Defender
Arsen Zakharyan,RUS,Real Sociedad,es La Liga,20 years,13.6,1,33,9,27.3,2.42,0.66,0.03,0.11,21.6,6,0,0,2.4,2.4,0.07,-1.4,-1.4,Midfielder,Forward
Joseba Zaldúa,ESP,Cádiz,es La Liga,31 years,7.8,0,1,0,0.0,0.13,0.0,0.0,,34.5,0,0,0,0.0,0.0,0.01,0.0,0.0,Defender,
Nicola Zalewski,POL,Roma,it Serie A,21 years,10.8,0,16,1,6.3,1.49,0.09,0.0,0.0,19.8,0,0,0,0.8,0.8,0.05,-0.8,-0.8,Defender,Forward
Andre-Frank Zambo Anguissa,CMR,Napoli,it Serie A,27 years,31.0,0,33,6,18.2,1.07,0.19,0.0,0.0,16.6,0,0,0,3.4,3.3,0.1,-3.4,-3.3,Midfielder,
Nicolò Zaniolo,ITA,Aston Villa,eng Premier League,24 years,9.3,2,27,10,37.0,2.9,1.07,0.07,0.2,14.0,0,0,0,2.6,2.6,0.09,-0.6,-0.6,Forward,Midfielder
Alessandro Zanoli,ITA,Salernitana,it Serie A,22 years,10.2,0,3,1,33.3,0.29,0.1,0.0,0.0,12.7,0,0,0,0.2,0.2,0.06,-0.2,-0.2,Defender,
Alessandro Zanoli,ITA,Napoli,it Serie A,22 years,0.6,0,0,0,,0.0,0.0,,,,0,0,0,0.0,0.0,,0.0,0.0,Defender,Forward
Duván Zapata,COL,Torino,it Serie A,32 years,32.0,12,99,38,38.4,3.09,1.19,0.12,0.32,13.3,0,0,0,10.9,10.9,0.11,1.1,1.1,Forward,
Duván Zapata,COL,Atalanta,it Serie A,32 years,1.2,1,5,2,40.0,4.02,1.61,0.2,0.5,12.3,0,0,0,0.4,0.4,0.08,0.6,0.6,Forward,
Gabriele Zappa,ITA,Cagliari,it Serie A,23 years,28.5,1,19,5,26.3,0.67,0.18,0.05,0.2,18.7,0,0,0,1.5,1.5,0.08,-0.5,-0.5,Defender,
Davide Zappacosta,ITA,Atalanta,it Serie A,31 years,20.7,2,37,10,27.0,1.78,0.48,0.05,0.2,17.1,0,0,0,2.2,2.2,0.06,-0.2,-0.2,Defender,
Bryan Zaragoza,ESP,Granada,es La Liga,22 years,18.2,6,33,18,54.5,1.81,0.99,0.15,0.28,17.7,1,1,1,3.8,3.0,0.09,2.2,2.0,Midfielder,Forward
Bryan Zaragoza,ESP,Bayern Munich,de Bundesliga,22 years,2.0,0,7,4,57.1,3.44,1.97,0.0,0.0,15.4,0,0,0,0.5,0.5,0.07,-0.5,-0.5,Forward,Midfielder
Anass Zaroury,MAR,Burnley,eng Premier League,22 years,1.7,0,3,1,33.3,1.78,0.59,0.0,0.0,20.9,0,0,0,0.2,0.2,0.06,-0.2,-0.2,Forward,Midfielder
Oier Zarraga,ESP,Udinese,it Serie A,24 years,4.5,2,6,2,33.3,1.34,0.45,0.33,1.0,19.7,0,0,0,0.6,0.6,0.1,1.4,1.4,Midfielder,
Mehdi Zeffane,ALG,Clermont Foot,fr Ligue 1,31 years,13.7,0,19,1,5.3,1.39,0.07,0.0,0.0,19.3,1,0,0,1.4,1.4,0.08,-1.4,-1.4,Defender,Midfielder
Jordan Zemura,ZIM,Udinese,it Serie A,23 years,11.5,1,5,3,60.0,0.43,0.26,0.2,0.33,13.0,0,0,0,0.8,0.8,0.16,0.2,0.2,Defender,
Robin Zentner,GER,Mainz 05,de Bundesliga,28 years,30.0,0,1,0,0.0,0.03,0.0,0.0,,12.3,0,0,0,0.0,0.0,0.01,0.0,0.0,Goalkeeper,
Alessio Zerbin,ITA,Monza,it Serie A,24 years,7.6,0,6,2,33.3,0.79,0.26,0.0,0.0,20.1,0,0,0,0.4,0.4,0.06,-0.4,-0.4,Defender,Forward
Alessio Zerbin,ITA,Napoli,it Serie A,24 years,1.7,0,3,1,33.3,1.8,0.6,0.0,0.0,18.7,0,0,0,0.2,0.2,0.08,-0.2,-0.2,Forward,Defender
Kevin Zeroli,ITA,Milan,it Serie A,18 years,0.3,0,0,0,,0.0,0.0,,,,0,0,0,0.0,0.0,,0.0,0.0,Midfielder,
Cedric Zesiger,SUI,Wolfsburg,de Bundesliga,25 years,18.2,0,16,2,12.5,0.88,0.11,0.0,0.0,20.3,0,0,0,1.3,1.3,0.08,-1.3,-1.3,Defender,
Michael Zetterer,GER,Werder Bremen,de Bundesliga,28 years,27.0,0,1,0,0.0,0.04,0.0,0.0,,9.5,0,0,0,0.1,0.1,0.1,-0.1,-0.1,Goalkeeper,
Nathan Zeze,FRA,Nantes,fr Ligue 1,18 years,11.4,0,3,0,0.0,0.26,0.0,0.0,,16.9,0,0,0,0.3,0.3,0.11,-0.3,-0.3,Defender,
Edon Zhegrova,KVX,Lille,fr Ligue 1,24 years,25.4,6,82,29,35.4,3.23,1.14,0.07,0.21,20.3,8,0,0,6.2,6.2,0.08,-0.2,-0.2,Forward,
Piotr Zieliński,POL,Napoli,it Serie A,29 years,21.4,3,29,8,27.6,1.36,0.37,0.07,0.25,21.4,3,1,1,2.6,1.8,0.06,0.4,0.2,Midfielder,
David Zima,CZE,Torino,it Serie A,22 years,1.0,0,0,0,,0.0,0.0,,,,0,0,0,0.0,0.0,,0.0,0.0,Defender,
Christoph Zimmermann,GER,Darmstadt 98,de Bundesliga,30 years,13.6,0,4,1,25.0,0.3,0.07,0.0,0.0,13.8,0,0,0,0.3,0.3,0.07,-0.3,-0.3,Defender,
Oleksandr Zinchenko,UKR,Arsenal,eng Premier League,26 years,19.1,1,17,3,17.6,0.89,0.16,0.06,0.33,24.0,0,0,0,0.6,0.6,0.03,0.4,0.4,Defender,
Joshua Zirkzee,NED,Bologna,it Serie A,22 years,30.7,11,84,29,34.5,2.74,0.95,0.11,0.31,17.8,3,2,2,9.0,7.4,0.09,2.0,1.6,Forward,
Luc Zogbé,CIV,Brest,fr Ligue 1,18 years,0.1,0,0,0,,0.0,0.0,,,,0,0,0,0.0,0.0,,0.0,0.0,Defender,
Simon Zoller,GER,Bochum,de Bundesliga,32 years,0.5,0,0,0,,0.0,0.0,,,,0,0,0,0.0,0.0,,0.0,0.0,Forward,Midfielder
Nadir Zortea,ITA,Frosinone,it Serie A,24 years,14.0,1,10,4,40.0,0.72,0.29,0.1,0.25,22.3,0,0,0,0.4,0.4,0.04,0.6,0.6,Defender,
Nadir Zortea,ITA,Atalanta,it Serie A,24 years,1.7,1,2,1,50.0,1.21,0.6,0.5,1.0,22.2,0,0,0,0.1,0.1,0.04,0.9,0.9,Defender,
Kurt Zouma,FRA,West Ham,eng Premier League,28 years,31.5,3,16,7,43.8,0.51,0.22,0.19,0.43,9.1,0,0,0,1.8,1.8,0.12,1.2,1.2,Defender,
Igor Zubeldia,ESP,Real Sociedad,es La Liga,26 years,28.0,0,12,0,0.0,0.43,0.0,0.0,,13.4,0,0,0,0.8,0.8,0.06,-0.8,-0.8,Defender,
Martín Zubimendi,ESP,Real Sociedad,es La Liga,24 years,29.5,4,22,11,50.0,0.75,0.37,0.18,0.36,14.8,0,0,0,2.7,2.7,0.12,1.3,1.3,Midfielder,
Szymon Żurkowski,POL,Empoli,it Serie A,25 years,9.6,4,16,6,37.5,1.66,0.62,0.25,0.67,18.1,0,0,0,1.0,1.0,0.06,3.0,3.0,Midfielder,
Lovro Zvonarek,CRO,Bayern Munich,de Bundesliga,18 years,1.8,1,1,1,100.0,0.55,0.55,1.0,1.0,16.8,0,0,0,0.1,0.1,0.07,0.9,0.9,Forward,Midfielder
Martin Ødegaard,NOR,Arsenal,eng Premier League,24 years,34.3,8,75,21,28.0,2.18,0.61,0.08,0.29,20.2,4,2,2,7.4,5.8,0.08,0.6,0.2,Midfielder,
Milan Đurić,BIH,Hellas Verona,it Serie A,33 years,13.4,5,22,13,59.1,1.64,0.97,0.18,0.31,12.5,0,1,3,4.5,2.2,0.1,0.5,1.8,Forward,
Milan Đurić,BIH,Monza,it Serie A,33 years,14.0,4,26,6,23.1,1.86,0.43,0.15,0.67,10.7,0,0,0,3.0,3.0,0.11,1.0,1.0,Forward,
Mateusz Łęgowski,POL,Salernitana,it Serie A,20 years,12.7,0,7,1,14.3,0.55,0.08,0.0,0.0,20.5,0,0,0,0.2,0.2,0.03,-0.2,-0.2,Midfielder,
