Player,Nation,Squad,Comp,Age,90s,SCA,SCA90,Types PassLive,Types PassDead,Types TO,Types Sh,Types Fld,Types Def,GCA,GCA90,Types PassLive,Types PassDead,Types TO,Types Sh,Types Fld,Types Def,Position 1,Position 2
Max Aarons,ENG,Bournemouth,eng Premier League,23 years,13.7,23,1.68,16.0,4.0,0.0,0.0,3.0,0.0,2,0.15,2.0,0.0,0.0,0.0,0.0,0.0,Defender,
Brenden Aaronson,USA,Union Berlin,de Bundesliga,22 years,14.1,53,3.76,41.0,1.0,8.0,3.0,0.0,0.0,8,0.57,6.0,0.0,2.0,0.0,0.0,0.0,Midfielder,Forward
Paxten Aaronson,USA,Eintracht Frankfurt,de Bundesliga,19 years,1.1,1,0.89,1.0,0.0,0.0,0.0,0.0,0.0,1,0.89,1.0,0.0,0.0,0.0,0.0,0.0,Midfielder,
Keyliane Abdallah,FRA,Marseille,fr Ligue 1,17 years,0.0,0,0.0,0.0,0.0,0.0,0.0,0.0,0.0,0,0.0,0.0,0.0,0.0,0.0,0.0,0.0,Forward,
Yunis Abdelhamid,MAR,Reims,fr Ligue 1,35 years,30.9,24,0.78,19.0,1.0,0.0,3.0,1.0,0.0,1,0.03,0.0,0.0,0.0,1.0,0.0,0.0,Defender,
Salis Abdul Samed,GHA,Lens,fr Ligue 1,23 years,16.9,27,1.6,27.0,0.0,0.0,0.0,0.0,0.0,3,0.18,3.0,0.0,0.0,0.0,0.0,0.0,Midfielder,
Nabil Aberdin,FRA,Getafe,es La Liga,20 years,2.0,0,0.0,0.0,0.0,0.0,0.0,0.0,0.0,0,0.0,0.0,0.0,0.0,0.0,0.0,0.0,Defender,
Laurent Abergel,FRA,Lorient,fr Ligue 1,30 years,31.8,81,2.55,67.0,3.0,2.0,1.0,2.0,6.0,5,0.16,3.0,0.0,1.0,0.0,0.0,1.0,Midfielder,
Matthis Abline,FRA,Nantes,fr Ligue 1,20 years,11.6,38,3.28,30.0,0.0,5.0,2.0,1.0,0.0,2,0.17,0.0,0.0,1.0,0.0,1.0,0.0,Forward,
Abner,BRA,Betis,es La Liga,23 years,15.6,14,0.9,13.0,0.0,0.0,1.0,0.0,0.0,0,0.0,0.0,0.0,0.0,0.0,0.0,0.0,Defender,
Zakaria Aboukhlal,MAR,Toulouse,fr Ligue 1,23 years,8.4,20,2.39,10.0,0.0,2.0,3.0,3.0,2.0,2,0.24,0.0,0.0,0.0,1.0,1.0,0.0,Midfielder,Forward
Abdel Abqar,MAR,Alavés,es La Liga,24 years,25.7,12,0.47,9.0,0.0,0.0,2.0,1.0,0.0,0,0.0,0.0,0.0,0.0,0.0,0.0,0.0,Defender,
Tammy Abraham,ENG,Roma,it Serie A,25 years,2.7,3,1.12,1.0,0.0,0.0,0.0,1.0,1.0,1,0.37,0.0,0.0,0.0,0.0,1.0,0.0,Forward,
Francesco Acerbi,ITA,Inter,it Serie A,35 years,26.5,22,0.83,19.0,0.0,0.0,3.0,0.0,0.0,1,0.04,1.0,0.0,0.0,0.0,0.0,0.0,Defender,
Joshua Acheampong,ENG,Chelsea,eng Premier League,17 years,0.1,1,15.0,0.0,1.0,0.0,0.0,0.0,0.0,0,0.0,0.0,0.0,0.0,0.0,0.0,0.0,Defender,
Marcos Acuña,ARG,Sevilla,es La Liga,31 years,14.4,49,3.42,28.0,15.0,3.0,0.0,2.0,1.0,4,0.28,1.0,3.0,0.0,0.0,0.0,0.0,Defender,
Akor Adams,NGA,Montpellier,fr Ligue 1,23 years,25.0,43,1.72,29.0,0.0,5.0,8.0,1.0,0.0,3,0.12,0.0,0.0,2.0,1.0,0.0,0.0,Forward,
Tyler Adams,USA,Bournemouth,eng Premier League,24 years,1.3,3,2.25,2.0,1.0,0.0,0.0,0.0,0.0,0,0.0,0.0,0.0,0.0,0.0,0.0,0.0,Midfielder,
Junior Adamu,AUT,Freiburg,de Bundesliga,22 years,1.2,2,1.73,1.0,0.0,0.0,0.0,1.0,0.0,0,0.0,0.0,0.0,0.0,0.0,0.0,0.0,Forward,Midfielder
Sargis Adamyan,ARM,Köln,de Bundesliga,30 years,8.9,31,3.48,22.0,0.0,1.0,1.0,6.0,1.0,3,0.34,1.0,0.0,0.0,1.0,1.0,0.0,Forward,Midfielder
Tosin Adarabioyo,ENG,Fulham,eng Premier League,25 years,18.0,10,0.56,6.0,0.0,0.0,4.0,0.0,0.0,0,0.0,0.0,0.0,0.0,0.0,0.0,0.0,Defender,
Elijah Adebayo,ENG,Luton Town,eng Premier League,25 years,15.8,31,1.97,19.0,0.0,5.0,5.0,2.0,0.0,5,0.32,2.0,0.0,0.0,3.0,0.0,0.0,Forward,
Karim Adeyemi,GER,Dortmund,de Bundesliga,21 years,10.1,25,2.46,13.0,1.0,3.0,2.0,6.0,0.0,2,0.2,2.0,0.0,0.0,0.0,0.0,0.0,Forward,Midfielder
Simon Adingra,CIV,Brighton,eng Premier League,21 years,24.7,77,3.12,51.0,1.0,13.0,7.0,3.0,2.0,4,0.16,3.0,0.0,0.0,0.0,0.0,1.0,Forward,
Nathaniel Adjei,GHA,Lorient,fr Ligue 1,20 years,13.8,11,0.8,8.0,0.0,0.0,0.0,1.0,2.0,0,0.0,0.0,0.0,0.0,0.0,0.0,0.0,Defender,
Amine Adli,MAR,Leverkusen,de Bundesliga,23 years,10.0,52,5.22,39.0,0.0,6.0,3.0,4.0,0.0,9,0.9,5.0,0.0,2.0,1.0,1.0,0.0,Midfielder,Forward
Yacine Adli,FRA,Milan,it Serie A,23 years,15.6,62,3.97,41.0,18.0,3.0,0.0,0.0,0.0,8,0.51,4.0,3.0,1.0,0.0,0.0,0.0,Midfielder,
Adryelson,BRA,Lyon,fr Ligue 1,25 years,0.1,0,0.0,0.0,0.0,0.0,0.0,0.0,0.0,0,0.0,0.0,0.0,0.0,0.0,0.0,0.0,Defender,Forward
Adson,BRA,Nantes,fr Ligue 1,22 years,2.6,9,3.4,8.0,0.0,1.0,0.0,0.0,0.0,0,0.0,0.0,0.0,0.0,0.0,0.0,0.0,Midfielder,Forward
Michel Aebischer,SUI,Bologna,it Serie A,26 years,24.8,40,1.61,32.0,2.0,2.0,2.0,2.0,0.0,1,0.04,1.0,0.0,0.0,0.0,0.0,0.0,Midfielder,
Emmanuel Agbadou,CIV,Reims,fr Ligue 1,26 years,28.8,47,1.63,43.0,0.0,0.0,4.0,0.0,0.0,1,0.03,1.0,0.0,0.0,0.0,0.0,0.0,Defender,
Julen Agirrezabala,ESP,Athletic Club,es La Liga,22 years,2.6,0,0.0,0.0,0.0,0.0,0.0,0.0,0.0,0,0.0,0.0,0.0,0.0,0.0,0.0,0.0,Goalkeeper,
Lucien Agoume,FRA,Inter,it Serie A,21 years,0.1,0,0.0,0.0,0.0,0.0,0.0,0.0,0.0,0,0.0,0.0,0.0,0.0,0.0,0.0,0.0,Midfielder,
Lucien Agoume,FRA,Sevilla,es La Liga,21 years,8.6,21,2.43,19.0,0.0,2.0,0.0,0.0,0.0,1,0.12,1.0,0.0,0.0,0.0,0.0,0.0,Midfielder,
Felix Agu,GER,Werder Bremen,de Bundesliga,23 years,17.9,24,1.34,16.0,1.0,0.0,0.0,7.0,0.0,3,0.17,0.0,0.0,0.0,0.0,3.0,0.0,Defender,Midfielder
Nayef Aguerd,MAR,West Ham,eng Premier League,27 years,20.6,14,0.68,12.0,1.0,0.0,1.0,0.0,0.0,0,0.0,0.0,0.0,0.0,0.0,0.0,0.0,Defender,
Ruben Aguilar,FRA,Lens,fr Ligue 1,30 years,21.4,47,2.2,43.0,1.0,1.0,2.0,0.0,0.0,5,0.23,5.0,0.0,0.0,0.0,0.0,0.0,Defender,
Brandon Aguilera,CRC,Nottingham Forest,eng Premier League,20 years,0.1,0,0.0,0.0,0.0,0.0,0.0,0.0,0.0,0,0.0,0.0,0.0,0.0,0.0,0.0,0.0,Forward,
Naouirou Ahamada,FRA,Crystal Palace,eng Premier League,21 years,3.9,9,2.3,9.0,0.0,0.0,0.0,0.0,0.0,3,0.77,3.0,0.0,0.0,0.0,0.0,0.0,Midfielder,Forward
Anel Ahmedhodžić,BIH,Sheffield Utd,eng Premier League,24 years,29.4,26,0.88,23.0,0.0,0.0,3.0,0.0,0.0,1,0.03,0.0,0.0,0.0,1.0,0.0,0.0,Defender,
Joseph Aidoo,GHA,Celta Vigo,es La Liga,27 years,4.5,6,1.33,4.0,0.0,1.0,1.0,0.0,0.0,1,0.22,0.0,0.0,0.0,1.0,0.0,0.0,Defender,
Ola Aina,NGA,Nottingham Forest,eng Premier League,26 years,18.8,38,2.02,25.0,5.0,3.0,1.0,3.0,1.0,1,0.05,1.0,0.0,0.0,0.0,0.0,0.0,Defender,
Rayan Aït-Nouri,ALG,Wolves,eng Premier League,22 years,25.9,65,2.51,41.0,9.0,6.0,3.0,6.0,0.0,5,0.19,2.0,0.0,0.0,0.0,3.0,0.0,Defender,Midfielder
Tosin Aiyegun,BEN,Lorient,fr Ligue 1,25 years,10.0,13,1.3,12.0,0.0,0.0,0.0,1.0,0.0,1,0.1,0.0,0.0,0.0,0.0,1.0,0.0,Midfielder,Forward
Kristoffer Ajer,NOR,Brentford,eng Premier League,25 years,20.4,27,1.33,24.0,0.0,1.0,2.0,0.0,0.0,3,0.15,3.0,0.0,0.0,0.0,0.0,0.0,Defender,
Ludovic Ajorque,FRA,Mainz 05,de Bundesliga,29 years,15.1,37,2.45,29.0,1.0,0.0,1.0,5.0,1.0,0,0.0,0.0,0.0,0.0,0.0,0.0,0.0,Forward,
Manuel Akanji,SUI,Manchester City,eng Premier League,28 years,27.9,55,1.97,45.0,1.0,0.0,3.0,2.0,4.0,4,0.14,4.0,0.0,0.0,0.0,0.0,0.0,Defender,Midfielder
Marley Aké,FRA,Udinese,it Serie A,22 years,0.1,0,0.0,0.0,0.0,0.0,0.0,0.0,0.0,0,0.0,0.0,0.0,0.0,0.0,0.0,0.0,Forward,
Nathan Aké,NED,Manchester City,eng Premier League,28 years,22.7,36,1.59,28.0,0.0,2.0,4.0,1.0,1.0,6,0.26,3.0,0.0,1.0,2.0,0.0,0.0,Defender,
Ilias Akhomach,MAR,Villarreal,es La Liga,19 years,16.8,57,3.4,34.0,2.0,13.0,2.0,5.0,1.0,3,0.18,2.0,0.0,1.0,0.0,0.0,0.0,Midfielder,Forward
Sergio Akieme,ESP,Almería,es La Liga,25 years,18.6,32,1.72,22.0,3.0,4.0,1.0,2.0,0.0,1,0.05,0.0,0.0,0.0,1.0,0.0,0.0,Defender,
Sergio Akieme,ESP,Reims,fr Ligue 1,25 years,9.1,19,2.09,12.0,1.0,3.0,2.0,0.0,1.0,1,0.11,0.0,0.0,0.0,1.0,0.0,0.0,Defender,
Ebenezer Akinsanmiro,NGA,Inter,it Serie A,18 years,0.2,1,6.0,1.0,0.0,0.0,0.0,0.0,0.0,0,0.0,0.0,0.0,0.0,0.0,0.0,0.0,Midfielder,
Maghnes Akliouche,FRA,Monaco,fr Ligue 1,21 years,17.9,88,4.91,59.0,11.0,6.0,3.0,4.0,5.0,9,0.5,7.0,0.0,0.0,0.0,0.0,2.0,Midfielder,Forward
Paul Akouokou,CIV,Betis,es La Liga,25 years,0.3,0,0.0,0.0,0.0,0.0,0.0,0.0,0.0,0,0.0,0.0,0.0,0.0,0.0,0.0,0.0,Midfielder,
Paul Akouokou,CIV,Lyon,fr Ligue 1,25 years,3.4,6,1.75,4.0,0.0,1.0,0.0,0.0,1.0,0,0.0,0.0,0.0,0.0,0.0,0.0,0.0,Midfielder,
Jean-Daniel Akpa-Akpro,CIV,Monza,it Serie A,30 years,7.8,5,0.64,5.0,0.0,0.0,0.0,0.0,0.0,0,0.0,0.0,0.0,0.0,0.0,0.0,0.0,Midfielder,
David Akpan Ankeye,NGA,Genoa,it Serie A,21 years,0.6,1,1.58,1.0,0.0,0.0,0.0,0.0,0.0,0,0.0,0.0,0.0,0.0,0.0,0.0,0.0,Forward,
Kevin Akpoguma,NGA,Hoffenheim,de Bundesliga,28 years,12.2,16,1.31,13.0,0.0,2.0,0.0,1.0,0.0,3,0.25,3.0,0.0,0.0,0.0,0.0,0.0,Defender,
David Alaba,AUT,Real Madrid,es La Liga,31 years,12.8,18,1.4,13.0,4.0,0.0,1.0,0.0,0.0,1,0.08,0.0,1.0,0.0,0.0,0.0,0.0,Defender,
Luis Alberto,ESP,Lazio,it Serie A,30 years,25.7,118,4.6,81.0,29.0,0.0,7.0,0.0,1.0,9,0.35,8.0,1.0,0.0,0.0,0.0,0.0,Midfielder,
Raúl Albiol,ESP,Villarreal,es La Liga,37 years,22.6,4,0.18,2.0,0.0,0.0,2.0,0.0,0.0,1,0.04,1.0,0.0,0.0,0.0,0.0,0.0,Defender,
Thiago Alcántara,ESP,Liverpool,eng Premier League,32 years,0.1,0,0.0,0.0,0.0,0.0,0.0,0.0,0.0,0,0.0,0.0,0.0,0.0,0.0,0.0,0.0,Midfielder,
Carlos Alcaraz,ARG,Juventus,it Serie A,20 years,4.2,6,1.42,6.0,0.0,0.0,0.0,0.0,0.0,1,0.24,1.0,0.0,0.0,0.0,0.0,0.0,Midfielder,
Rubén Alcaraz,ESP,Cádiz,es La Liga,32 years,34.8,75,2.15,52.0,10.0,1.0,7.0,2.0,3.0,5,0.14,3.0,0.0,0.0,2.0,0.0,0.0,Midfielder,
Omar Alderete,PAR,Getafe,es La Liga,26 years,24.4,31,1.27,24.0,0.0,4.0,2.0,1.0,0.0,3,0.12,3.0,0.0,0.0,0.0,0.0,0.0,Defender,
Iván Alejo,ESP,Cádiz,es La Liga,28 years,18.8,37,1.97,25.0,3.0,1.0,0.0,8.0,0.0,5,0.27,3.0,0.0,0.0,0.0,2.0,0.0,Midfielder,
Carles Aleñá,ESP,Getafe,es La Liga,25 years,11.3,36,3.18,21.0,12.0,0.0,1.0,1.0,1.0,2,0.18,1.0,1.0,0.0,0.0,0.0,0.0,Midfielder,
Trent Alexander-Arnold,ENG,Liverpool,eng Premier League,24 years,23.9,126,5.27,80.0,33.0,5.0,6.0,0.0,2.0,7,0.29,4.0,3.0,0.0,0.0,0.0,0.0,Defender,
Aboubacar Ali,COM,Strasbourg,fr Ligue 1,17 years,1.4,1,0.69,1.0,0.0,0.0,0.0,0.0,0.0,1,0.69,1.0,0.0,0.0,0.0,0.0,0.0,Midfielder,Forward
Mohamed Ali Cho,FRA,Real Sociedad,es La Liga,19 years,2.8,3,1.08,1.0,0.0,1.0,0.0,1.0,0.0,1,0.36,0.0,0.0,0.0,0.0,1.0,0.0,Forward,Midfielder
Mohamed Ali Cho,FRA,Nice,fr Ligue 1,19 years,9.6,34,3.56,20.0,4.0,5.0,0.0,5.0,0.0,4,0.42,3.0,0.0,0.0,0.0,1.0,0.0,Forward,
Faride Alidou,GER,Köln,de Bundesliga,22 years,14.2,34,2.39,23.0,0.0,5.0,1.0,5.0,0.0,3,0.21,1.0,0.0,1.0,0.0,1.0,0.0,Forward,Midfielder
Nabil Alioui,FRA,Le Havre,fr Ligue 1,24 years,11.2,40,3.56,24.0,11.0,3.0,2.0,0.0,0.0,2,0.18,1.0,1.0,0.0,0.0,0.0,0.0,Midfielder,Forward
Alisson,BRA,Liverpool,eng Premier League,30 years,28.0,11,0.39,10.0,1.0,0.0,0.0,0.0,0.0,0,0.0,0.0,0.0,0.0,0.0,0.0,0.0,Goalkeeper,
Tadeo Allende,ARG,Celta Vigo,es La Liga,24 years,3.7,9,2.41,4.0,0.0,1.0,3.0,1.0,0.0,0,0.0,0.0,0.0,0.0,0.0,0.0,0.0,Midfielder,Forward
Jim Allevinah,GAB,Clermont Foot,fr Ligue 1,28 years,20.7,58,2.8,37.0,2.0,6.0,6.0,6.0,1.0,3,0.15,3.0,0.0,0.0,0.0,0.0,0.0,Midfielder,Defender
Domingos André Ribeiro Almeida,POR,Valencia,es La Liga,23 years,10.7,29,2.71,18.0,3.0,3.0,3.0,2.0,0.0,1,0.09,1.0,0.0,0.0,0.0,0.0,0.0,Forward,Midfielder
Miguel Almirón,PAR,Newcastle Utd,eng Premier League,29 years,21.5,52,2.41,40.0,1.0,3.0,7.0,1.0,0.0,4,0.19,2.0,1.0,0.0,1.0,0.0,0.0,Forward,
Pontus Almqvist,SWE,Lecce,it Serie A,24 years,23.4,64,2.74,38.0,1.0,9.0,5.0,8.0,3.0,7,0.3,4.0,0.0,0.0,0.0,2.0,1.0,Forward,Midfielder
Marcos Alonso,ESP,Barcelona,es La Liga,32 years,2.8,8,2.86,7.0,1.0,0.0,0.0,0.0,0.0,1,0.36,1.0,0.0,0.0,0.0,0.0,0.0,Defender,
Adrià Altimira,ESP,Villarreal,es La Liga,22 years,8.6,6,0.7,6.0,0.0,0.0,0.0,0.0,0.0,1,0.12,1.0,0.0,0.0,0.0,0.0,0.0,Defender,Midfielder
Sergi Altimira,ESP,Betis,es La Liga,21 years,6.3,14,2.22,8.0,1.0,2.0,1.0,2.0,0.0,0,0.0,0.0,0.0,0.0,0.0,0.0,0.0,Midfielder,
Edson Álvarez,MEX,West Ham,eng Premier League,25 years,26.4,32,1.21,24.0,0.0,2.0,3.0,0.0,3.0,2,0.08,2.0,0.0,0.0,0.0,0.0,0.0,Midfielder,
Gastón Álvarez,URU,Getafe,es La Liga,23 years,28.2,22,0.78,17.0,1.0,1.0,3.0,0.0,0.0,1,0.04,1.0,0.0,0.0,0.0,0.0,0.0,Defender,
Hugo Álvarez,ESP,Celta Vigo,es La Liga,20 years,8.5,31,3.66,25.0,2.0,4.0,0.0,0.0,0.0,2,0.24,1.0,0.0,1.0,0.0,0.0,0.0,Midfielder,Defender
Julián Álvarez,ARG,Manchester City,eng Premier League,23 years,29.4,118,4.01,74.0,28.0,4.0,10.0,2.0,0.0,15,0.51,12.0,1.0,0.0,0.0,2.0,0.0,Midfielder,Forward
Yeray Álvarez,ESP,Athletic Club,es La Liga,28 years,12.8,10,0.78,8.0,2.0,0.0,0.0,0.0,0.0,2,0.16,2.0,0.0,0.0,0.0,0.0,0.0,Defender,
Skelly Alvero,FRA,Lyon,fr Ligue 1,21 years,4.7,12,2.54,7.0,1.0,1.0,2.0,1.0,0.0,0,0.0,0.0,0.0,0.0,0.0,0.0,0.0,Midfielder,
Skelly Alvero,FRA,Werder Bremen,de Bundesliga,21 years,1.4,4,2.9,4.0,0.0,0.0,0.0,0.0,0.0,0,0.0,0.0,0.0,0.0,0.0,0.0,0.0,Midfielder,
Papa Amadou Diallo,SEN,Metz,fr Ligue 1,19 years,9.9,20,2.02,18.0,0.0,0.0,1.0,0.0,1.0,1,0.1,1.0,0.0,0.0,0.0,0.0,0.0,Forward,
Selim Amallah,MAR,Valencia,es La Liga,26 years,6.7,14,2.09,7.0,0.0,3.0,0.0,4.0,0.0,1,0.15,1.0,0.0,0.0,0.0,0.0,0.0,Forward,Midfielder
Amath,SEN,Mallorca,es La Liga,27 years,4.4,17,3.87,6.0,0.0,5.0,2.0,3.0,1.0,0,0.0,0.0,0.0,0.0,0.0,0.0,0.0,Forward,Midfielder
Lorenzo Amatucci,ITA,Fiorentina,it Serie A,19 years,0.2,0,0.0,0.0,0.0,0.0,0.0,0.0,0.0,0,0.0,0.0,0.0,0.0,0.0,0.0,0.0,Midfielder,
Jordan Amavi,FRA,Brest,fr Ligue 1,29 years,1.0,0,0.0,0.0,0.0,0.0,0.0,0.0,0.0,0,0.0,0.0,0.0,0.0,0.0,0.0,0.0,Defender,
Zeki Amdouni,SUI,Burnley,eng Premier League,22 years,21.7,50,2.3,30.0,0.0,5.0,7.0,5.0,3.0,4,0.18,1.0,0.0,2.0,0.0,1.0,0.0,Forward,
Kelvin Amian,FRA,Nantes,fr Ligue 1,25 years,8.9,8,0.9,8.0,0.0,0.0,0.0,0.0,0.0,1,0.11,1.0,0.0,0.0,0.0,0.0,0.0,Defender,
Bruno Amione,ARG,Hellas Verona,it Serie A,21 years,6.4,3,0.47,3.0,0.0,0.0,0.0,0.0,0.0,0,0.0,0.0,0.0,0.0,0.0,0.0,0.0,Defender,
Michael Amir Murillo,PAN,Marseille,fr Ligue 1,27 years,11.1,15,1.35,9.0,1.0,1.0,0.0,2.0,2.0,3,0.27,3.0,0.0,0.0,0.0,0.0,0.0,Defender,
Nadiem Amiri,GER,Mainz 05,de Bundesliga,26 years,14.6,91,6.23,34.0,43.0,6.0,1.0,4.0,3.0,11,0.75,6.0,4.0,1.0,0.0,0.0,0.0,Midfielder,
Nadiem Amiri,GER,Leverkusen,de Bundesliga,26 years,1.0,1,1.02,1.0,0.0,0.0,0.0,0.0,0.0,0,0.0,0.0,0.0,0.0,0.0,0.0,0.0,Midfielder,
Kofi Amoako,GER,Wolfsburg,de Bundesliga,18 years,0.0,0,0.0,0.0,0.0,0.0,0.0,0.0,0.0,0,0.0,0.0,0.0,0.0,0.0,0.0,0.0,Midfielder,
Sofyan Amrabat,MAR,Manchester Utd,eng Premier League,26 years,10.4,19,1.82,19.0,0.0,0.0,0.0,0.0,0.0,1,0.1,1.0,0.0,0.0,0.0,0.0,0.0,Midfielder,Defender
Joachim Andersen,DEN,Crystal Palace,eng Premier League,27 years,37.9,47,1.24,41.0,1.0,0.0,3.0,0.0,2.0,5,0.13,5.0,0.0,0.0,0.0,0.0,0.0,Defender,
Elliot Anderson,ENG,Newcastle Utd,eng Premier League,20 years,11.4,34,2.98,28.0,0.0,4.0,2.0,0.0,0.0,3,0.26,3.0,0.0,0.0,0.0,0.0,0.0,Midfielder,Forward
Felipe Anderson,BRA,Lazio,it Serie A,30 years,30.8,92,2.99,76.0,2.0,4.0,5.0,2.0,3.0,12,0.39,10.0,0.0,1.0,0.0,0.0,1.0,Forward,Midfielder
Benjamin André,FRA,Lille,fr Ligue 1,32 years,28.6,49,1.72,41.0,1.0,0.0,0.0,5.0,2.0,3,0.11,1.0,0.0,0.0,0.0,2.0,0.0,Midfielder,
Komnen Andrić,SRB,Clermont Foot,fr Ligue 1,28 years,1.9,6,3.2,5.0,0.0,0.0,0.0,1.0,0.0,0,0.0,0.0,0.0,0.0,0.0,0.0,0.0,Forward,
Robert Andrich,GER,Leverkusen,de Bundesliga,28 years,18.8,54,2.88,47.0,0.0,0.0,4.0,2.0,1.0,6,0.32,6.0,0.0,0.0,0.0,0.0,0.0,Midfielder,Defender
Miguel Ángel Rubio,ESP,Granada,es La Liga,25 years,17.3,6,0.35,5.0,0.0,1.0,0.0,0.0,0.0,1,0.06,1.0,0.0,0.0,0.0,0.0,0.0,Defender,
Angeliño,ESP,Roma,it Serie A,26 years,12.7,33,2.6,30.0,2.0,0.0,1.0,0.0,0.0,3,0.24,3.0,0.0,0.0,0.0,0.0,0.0,Defender,
Ângelo,BRA,Strasbourg,fr Ligue 1,18 years,12.2,54,4.45,43.0,2.0,5.0,1.0,2.0,1.0,6,0.49,5.0,0.0,0.0,0.0,1.0,0.0,Forward,Midfielder
Fabrizio Angileri,ARG,Getafe,es La Liga,29 years,1.8,9,4.91,8.0,0.0,0.0,0.0,1.0,0.0,0,0.0,0.0,0.0,0.0,0.0,0.0,0.0,Defender,Midfielder
Jaidon Anthony,ENG,Bournemouth,eng Premier League,23 years,1.7,3,1.78,2.0,0.0,1.0,0.0,0.0,0.0,0,0.0,0.0,0.0,0.0,0.0,0.0,0.0,Forward,
Waldemar Anton,GER,Stuttgart,de Bundesliga,27 years,32.1,39,1.22,33.0,0.0,0.0,4.0,1.0,1.0,9,0.28,8.0,0.0,0.0,1.0,0.0,0.0,Defender,
Michail Antonio,JAM,West Ham,eng Premier League,33 years,18.8,33,1.75,18.0,1.0,5.0,3.0,4.0,2.0,5,0.27,4.0,0.0,1.0,0.0,0.0,0.0,Forward,
Antony,BRA,Manchester Utd,eng Premier League,23 years,14.7,55,3.74,45.0,1.0,2.0,0.0,4.0,3.0,3,0.2,1.0,0.0,0.0,0.0,0.0,2.0,Forward,
Christopher Antwi-Adjei,GHA,Bochum,de Bundesliga,29 years,13.5,48,3.55,31.0,9.0,2.0,3.0,3.0,0.0,4,0.3,4.0,0.0,0.0,0.0,0.0,0.0,Forward,Midfielder
Houssem Aouar,ALG,Roma,it Serie A,25 years,8.4,21,2.5,12.0,4.0,1.0,2.0,2.0,0.0,0,0.0,0.0,0.0,0.0,0.0,0.0,0.0,Midfielder,Forward
Stredair Appuah,FRA,Nantes,fr Ligue 1,19 years,0.9,2,2.14,0.0,0.0,1.0,1.0,0.0,0.0,0,0.0,0.0,0.0,0.0,0.0,0.0,0.0,Forward,Midfielder
Mauro Arambarri,URU,Getafe,es La Liga,27 years,3.8,9,2.39,8.0,0.0,0.0,0.0,0.0,1.0,0,0.0,0.0,0.0,0.0,0.0,0.0,0.0,Midfielder,
Jon Aramburu,VEN,Real Sociedad,es La Liga,21 years,6.0,4,0.66,3.0,0.0,0.0,1.0,0.0,0.0,0,0.0,0.0,0.0,0.0,0.0,0.0,0.0,Defender,
Asaf Arania,ISR,Darmstadt 98,de Bundesliga,17 years,0.1,0,0.0,0.0,0.0,0.0,0.0,0.0,0.0,0,0.0,0.0,0.0,0.0,0.0,0.0,0.0,Midfielder,
Julian Araujo,MEX,Las Palmas,es La Liga,21 years,16.2,31,1.91,25.0,2.0,2.0,0.0,1.0,1.0,1,0.06,1.0,0.0,0.0,0.0,0.0,0.0,Defender,
Ronald Araújo,URU,Barcelona,es La Liga,24 years,22.2,22,0.99,14.0,0.0,1.0,7.0,0.0,0.0,4,0.18,1.0,0.0,0.0,3.0,0.0,0.0,Defender,
Oliver Arblaster,ENG,Sheffield Utd,eng Premier League,19 years,10.5,23,2.2,19.0,2.0,0.0,1.0,0.0,1.0,2,0.19,1.0,0.0,0.0,1.0,0.0,0.0,Midfielder,
Cameron Archer,ENG,Sheffield Utd,eng Premier League,22 years,20.4,49,2.41,32.0,0.0,9.0,5.0,1.0,2.0,4,0.2,2.0,0.0,1.0,1.0,0.0,0.0,Forward,Midfielder
Cameron Archer,ENG,Aston Villa,eng Premier League,22 years,0.1,0,0.0,0.0,0.0,0.0,0.0,0.0,0.0,0,0.0,0.0,0.0,0.0,0.0,0.0,0.0,Midfielder,
Alphonse Areola,FRA,West Ham,eng Premier League,30 years,30.0,2,0.07,1.0,1.0,0.0,0.0,0.0,0.0,0,0.0,0.0,0.0,0.0,0.0,0.0,0.0,Goalkeeper,
Adu Ares,ESP,Athletic Club,es La Liga,21 years,2.9,3,1.02,2.0,0.0,1.0,0.0,0.0,0.0,1,0.34,1.0,0.0,0.0,0.0,0.0,0.0,Forward,
Jesús Areso,ESP,Osasuna,es La Liga,24 years,29.6,70,2.37,57.0,5.0,6.0,1.0,1.0,0.0,12,0.41,9.0,1.0,2.0,0.0,0.0,0.0,Defender,
Simone Aresti,ITA,Cagliari,it Serie A,37 years,0.0,0,0.0,0.0,0.0,0.0,0.0,0.0,0.0,0,0.0,0.0,0.0,0.0,0.0,0.0,0.0,Goalkeeper,
Matias Arezo,URU,Granada,es La Liga,20 years,4.1,5,1.22,4.0,1.0,0.0,0.0,0.0,0.0,0,0.0,0.0,0.0,0.0,0.0,0.0,0.0,Forward,
Iñigo Arguibide,ESP,Osasuna,es La Liga,18 years,0.2,0,0.0,0.0,0.0,0.0,0.0,0.0,0.0,0,0.0,0.0,0.0,0.0,0.0,0.0,0.0,Defender,
Yoël Armougom,FRA,Clermont Foot,fr Ligue 1,25 years,2.6,8,3.08,7.0,0.0,0.0,1.0,0.0,0.0,1,0.38,1.0,0.0,0.0,0.0,0.0,0.0,Defender,Midfielder
José Arnaiz,ESP,Osasuna,es La Liga,28 years,10.3,40,3.88,13.0,12.0,2.0,5.0,8.0,0.0,5,0.48,1.0,2.0,0.0,1.0,1.0,0.0,Forward,Midfielder
Hákon Arnar Haraldsson,ISL,Lille,fr Ligue 1,20 years,14.3,35,2.45,23.0,2.0,3.0,2.0,5.0,0.0,1,0.07,0.0,0.0,0.0,0.0,1.0,0.0,Forward,Midfielder
Marko Arnautović,AUT,Inter,it Serie A,34 years,8.9,24,2.71,22.0,0.0,0.0,1.0,1.0,0.0,3,0.34,3.0,0.0,0.0,0.0,0.0,0.0,Forward,
Maximilian Arnold,GER,Wolfsburg,de Bundesliga,29 years,27.8,82,2.94,47.0,28.0,1.0,3.0,2.0,1.0,3,0.11,1.0,0.0,0.0,2.0,0.0,0.0,Midfielder,
Mohamed El Arouch,FRA,Lyon,fr Ligue 1,19 years,0.0,0,0.0,0.0,0.0,0.0,0.0,0.0,0.0,0,0.0,0.0,0.0,0.0,0.0,0.0,0.0,Forward,
Sergio Arribas,ESP,Almería,es La Liga,21 years,22.7,92,4.04,63.0,12.0,3.0,6.0,6.0,2.0,9,0.4,5.0,0.0,1.0,1.0,1.0,1.0,Midfielder,Forward
Kepa Arrizabalaga,ESP,Real Madrid,es La Liga,28 years,13.3,0,0.0,0.0,0.0,0.0,0.0,0.0,0.0,0,0.0,0.0,0.0,0.0,0.0,0.0,0.0,Goalkeeper,
Arthur,BRA,Leverkusen,de Bundesliga,20 years,2.0,7,3.41,5.0,1.0,0.0,0.0,0.0,1.0,2,0.97,2.0,0.0,0.0,0.0,0.0,0.0,Defender,
Takuma Asano,JPN,Bochum,de Bundesliga,28 years,22.1,65,2.95,44.0,1.0,5.0,8.0,6.0,1.0,5,0.23,3.0,0.0,0.0,2.0,0.0,0.0,Forward,Midfielder
Marco Asensio,ESP,Paris S-G,fr Ligue 1,27 years,12.4,52,4.21,38.0,10.0,1.0,1.0,1.0,1.0,7,0.57,5.0,1.0,0.0,1.0,0.0,0.0,Midfielder,Forward
Kristjan Asllani,ALB,Inter,it Serie A,21 years,8.7,19,2.18,13.0,4.0,1.0,1.0,0.0,0.0,5,0.57,4.0,1.0,0.0,0.0,0.0,0.0,Midfielder,
Joel Asoro,SWE,Metz,fr Ligue 1,24 years,9.4,21,2.23,11.0,2.0,2.0,1.0,5.0,0.0,3,0.32,1.0,0.0,1.0,0.0,1.0,0.0,Forward,Midfielder
Jonathan Asp Jensen,DEN,Bayern Munich,de Bundesliga,17 years,0.0,0,0.0,0.0,0.0,0.0,0.0,0.0,0.0,0,0.0,0.0,0.0,0.0,0.0,0.0,0.0,Forward,
Iago Aspas,ESP,Celta Vigo,es La Liga,35 years,30.1,172,5.72,120.0,30.0,7.0,8.0,7.0,0.0,20,0.67,14.0,2.0,2.0,1.0,1.0,0.0,Forward,
Lorenz Assignon,TOG,Burnley,eng Premier League,23 years,13.7,23,1.68,18.0,3.0,1.0,0.0,1.0,0.0,2,0.15,2.0,0.0,0.0,0.0,0.0,0.0,Defender,
Lorenz Assignon,TOG,Rennes,fr Ligue 1,23 years,11.2,38,3.38,27.0,3.0,4.0,0.0,2.0,2.0,6,0.53,3.0,0.0,2.0,0.0,1.0,0.0,Defender,
Youcef Atal,ALG,Nice,fr Ligue 1,27 years,4.0,12,3.01,9.0,0.0,1.0,1.0,1.0,0.0,1,0.25,1.0,0.0,0.0,0.0,0.0,0.0,Defender,
Valentin Atangana Edoa,FRA,Reims,fr Ligue 1,17 years,6.2,6,0.97,2.0,0.0,0.0,2.0,1.0,1.0,0,0.0,0.0,0.0,0.0,0.0,0.0,0.0,Midfielder,
Arthur Atta,FRA,Metz,fr Ligue 1,20 years,10.3,19,1.85,15.0,0.0,2.0,2.0,0.0,0.0,3,0.29,1.0,0.0,0.0,2.0,0.0,0.0,Midfielder,Forward
Noah Atubolu,GER,Freiburg,de Bundesliga,21 years,34.0,4,0.12,2.0,2.0,0.0,0.0,0.0,0.0,0,0.0,0.0,0.0,0.0,0.0,0.0,0.0,Goalkeeper,
Pierre-Emerick Aubameyang,GAB,Marseille,fr Ligue 1,34 years,29.1,75,2.57,45.0,0.0,6.0,18.0,5.0,1.0,14,0.48,8.0,0.0,1.0,5.0,0.0,0.0,Forward,
Emil Audero,IDN,Inter,it Serie A,26 years,3.7,0,0.0,0.0,0.0,0.0,0.0,0.0,0.0,0,0.0,0.0,0.0,0.0,0.0,0.0,0.0,Goalkeeper,
Tommaso Augello,ITA,Cagliari,it Serie A,28 years,26.9,56,2.08,32.0,19.0,0.0,1.0,2.0,2.0,2,0.07,2.0,0.0,0.0,0.0,0.0,0.0,Defender,
Carlos Augusto,BRA,Inter,it Serie A,24 years,19.2,36,1.88,29.0,4.0,1.0,0.0,1.0,1.0,6,0.31,4.0,1.0,1.0,0.0,0.0,0.0,Defender,
Yann Aurel Bisseck,GER,Inter,it Serie A,22 years,10.0,10,1.0,4.0,0.0,1.0,2.0,3.0,0.0,0,0.0,0.0,0.0,0.0,0.0,0.0,0.0,Defender,
Serge Aurier,CIV,Nottingham Forest,eng Premier League,30 years,9.3,15,1.62,12.0,1.0,1.0,0.0,1.0,0.0,2,0.22,2.0,0.0,0.0,0.0,0.0,0.0,Defender,Midfielder
Ezequiel Ávila,ARG,Osasuna,es La Liga,29 years,9.6,37,3.85,23.0,9.0,0.0,4.0,1.0,0.0,7,0.73,3.0,2.0,0.0,2.0,0.0,0.0,Forward,Midfielder
Ezequiel Ávila,ARG,Betis,es La Liga,29 years,3.3,9,2.72,3.0,0.0,2.0,2.0,2.0,0.0,1,0.3,0.0,0.0,0.0,0.0,1.0,0.0,Forward,
Taiwo Awoniyi,NGA,Nottingham Forest,eng Premier League,25 years,11.6,30,2.6,22.0,0.0,2.0,0.0,4.0,2.0,6,0.52,5.0,0.0,1.0,0.0,0.0,0.0,Forward,
André Ayew,GHA,Le Havre,fr Ligue 1,33 years,12.3,27,2.2,18.0,0.0,5.0,2.0,0.0,2.0,1,0.08,1.0,0.0,0.0,0.0,0.0,0.0,Forward,
Jordan Ayew,GHA,Crystal Palace,eng Premier League,31 years,28.3,72,2.55,40.0,5.0,5.0,7.0,12.0,3.0,12,0.42,10.0,0.0,1.0,0.0,1.0,0.0,Forward,Midfielder
Neil El Aynaoui,FRA,Lens,fr Ligue 1,22 years,17.4,25,1.44,20.0,0.0,0.0,1.0,3.0,1.0,3,0.17,2.0,0.0,0.0,0.0,1.0,0.0,Midfielder,
Sardar Azmoun,IRN,Roma,it Serie A,28 years,6.5,18,2.77,10.0,0.0,1.0,5.0,2.0,0.0,5,0.77,1.0,0.0,0.0,2.0,2.0,0.0,Forward,Midfielder
César Azpilicueta,ESP,Atlético Madrid,es La Liga,33 years,15.8,32,2.03,30.0,2.0,0.0,0.0,0.0,0.0,3,0.19,3.0,0.0,0.0,0.0,0.0,0.0,Defender,
Paulo Azzi,BRA,Cagliari,it Serie A,29 years,10.6,25,2.37,18.0,0.0,2.0,4.0,0.0,1.0,0,0.0,0.0,0.0,0.0,0.0,0.0,0.0,Defender,Midfielder
Oussama El Azzouzi,MAR,Bologna,it Serie A,22 years,6.1,10,1.65,8.0,1.0,0.0,0.0,1.0,0.0,3,0.49,3.0,0.0,0.0,0.0,0.0,0.0,Midfielder,
Abdellah Baallal,MAR,Clermont Foot,fr Ligue 1,18 years,0.0,0,0.0,0.0,0.0,0.0,0.0,0.0,0.0,0,0.0,0.0,0.0,0.0,0.0,0.0,0.0,Midfielder,
Iddrisu Baba,GHA,Almería,es La Liga,27 years,15.9,18,1.13,14.0,0.0,0.0,1.0,0.0,3.0,0,0.0,0.0,0.0,0.0,0.0,0.0,0.0,Midfielder,
Srđan Babić,SRB,Almería,es La Liga,27 years,1.0,3,3.0,3.0,0.0,0.0,0.0,0.0,0.0,0,0.0,0.0,0.0,0.0,0.0,0.0,0.0,Defender,
Shavy Babicka,GAB,Toulouse,fr Ligue 1,23 years,4.1,9,2.17,7.0,0.0,0.0,2.0,0.0,0.0,2,0.48,2.0,0.0,0.0,0.0,0.0,0.0,Forward,Midfielder
Aliou Badara Baldé,GUI,Nice,fr Ligue 1,20 years,0.8,5,6.25,2.0,0.0,2.0,0.0,1.0,0.0,0,0.0,0.0,0.0,0.0,0.0,0.0,0.0,Forward,Defender
Loïc Bade,FRA,Sevilla,es La Liga,23 years,25.3,20,0.79,18.0,0.0,0.0,1.0,0.0,1.0,4,0.16,3.0,0.0,0.0,1.0,0.0,0.0,Defender,
Milan Badelj,CRO,Genoa,it Serie A,34 years,28.2,57,2.02,51.0,1.0,1.0,2.0,2.0,0.0,13,0.46,11.0,0.0,1.0,1.0,0.0,0.0,Midfielder,
Matthias Bader,GER,Darmstadt 98,de Bundesliga,26 years,20.0,49,2.45,37.0,2.0,3.0,3.0,2.0,2.0,4,0.2,3.0,0.0,0.0,0.0,0.0,1.0,Defender,Midfielder
Benoît Badiashile,FRA,Chelsea,eng Premier League,22 years,14.9,23,1.55,18.0,0.0,0.0,2.0,1.0,2.0,3,0.2,3.0,0.0,0.0,0.0,0.0,0.0,Defender,
Alex Baena,ESP,Villarreal,es La Liga,22 years,28.7,151,5.27,93.0,34.0,10.0,9.0,2.0,3.0,22,0.77,14.0,5.0,0.0,2.0,0.0,1.0,Midfielder,Forward
Jaime Báez,URU,Frosinone,it Serie A,28 years,5.6,16,2.88,7.0,6.0,1.0,0.0,2.0,0.0,2,0.36,1.0,0.0,0.0,0.0,1.0,0.0,Forward,Midfielder
Nicola Bagnolini,ITA,Bologna,it Serie A,19 years,0.1,0,0.0,0.0,0.0,0.0,0.0,0.0,0.0,0,0.0,0.0,0.0,0.0,0.0,0.0,0.0,Goalkeeper,
Leon Bailey,JAM,Aston Villa,eng Premier League,25 years,23.0,97,4.22,70.0,7.0,9.0,7.0,3.0,1.0,11,0.48,7.0,1.0,1.0,2.0,0.0,0.0,Midfielder,Forward
Eric Bailly,CIV,Villarreal,es La Liga,29 years,9.3,3,0.32,2.0,0.0,1.0,0.0,0.0,0.0,1,0.11,1.0,0.0,0.0,0.0,0.0,0.0,Defender,
Stefan Bajcetic,ESP,Liverpool,eng Premier League,18 years,0.3,0,0.0,0.0,0.0,0.0,0.0,0.0,0.0,0,0.0,0.0,0.0,0.0,0.0,0.0,0.0,Midfielder,
Nedim Bajrami,ALB,Sassuolo,it Serie A,24 years,14.6,50,3.44,30.0,10.0,3.0,5.0,1.0,1.0,6,0.41,4.0,1.0,0.0,1.0,0.0,0.0,Midfielder,Forward
Cédric Bakambu,COD,Betis,es La Liga,32 years,2.2,5,2.32,3.0,0.0,0.0,1.0,1.0,0.0,0,0.0,0.0,0.0,0.0,0.0,0.0,0.0,Forward,
Tiemoué Bakayoko,FRA,Lorient,fr Ligue 1,28 years,14.6,13,0.89,10.0,1.0,0.0,1.0,0.0,1.0,3,0.21,2.0,0.0,0.0,1.0,0.0,0.0,Midfielder,
Mitchel Bakker,NED,Atalanta,it Serie A,23 years,4.2,4,0.95,4.0,0.0,0.0,0.0,0.0,0.0,0,0.0,0.0,0.0,0.0,0.0,0.0,0.0,Defender,
Ridle Baku,GER,Wolfsburg,de Bundesliga,25 years,22.4,59,2.64,50.0,0.0,0.0,5.0,4.0,0.0,1,0.04,1.0,0.0,0.0,0.0,0.0,0.0,Defender,Midfielder
Dilane Bakwa,FRA,Strasbourg,fr Ligue 1,20 years,24.2,107,4.42,54.0,27.0,13.0,5.0,7.0,1.0,10,0.41,4.0,4.0,1.0,1.0,0.0,0.0,Forward,Midfielder
Tommaso Baldanzi,ITA,Empoli,it Serie A,20 years,8.3,36,4.35,24.0,4.0,3.0,1.0,4.0,0.0,2,0.24,2.0,0.0,0.0,0.0,0.0,0.0,Midfielder,Forward
Tommaso Baldanzi,ITA,Roma,it Serie A,20 years,5.8,23,4.0,12.0,0.0,4.0,3.0,4.0,0.0,1,0.17,0.0,0.0,0.0,1.0,0.0,0.0,Forward,Midfielder
Alejandro Balde,ESP,Barcelona,es La Liga,19 years,15.3,29,1.9,26.0,0.0,2.0,0.0,1.0,0.0,4,0.26,4.0,0.0,0.0,0.0,0.0,0.0,Defender,
George Baldock,GRE,Sheffield Utd,eng Premier League,30 years,10.8,16,1.49,10.0,3.0,2.0,0.0,1.0,0.0,2,0.19,1.0,0.0,0.0,0.0,1.0,0.0,Defender,
Carlos Baleba,CMR,Brighton,eng Premier League,19 years,14.7,17,1.15,16.0,0.0,0.0,1.0,0.0,0.0,1,0.07,1.0,0.0,0.0,0.0,0.0,0.0,Midfielder,
Carlos Baleba,CMR,Lille,fr Ligue 1,19 years,0.7,0,0.0,0.0,0.0,0.0,0.0,0.0,0.0,0,0.0,0.0,0.0,0.0,0.0,0.0,0.0,Midfielder,
Leonardo Balerdi,ARG,Marseille,fr Ligue 1,24 years,25.2,27,1.07,24.0,1.0,1.0,0.0,1.0,0.0,3,0.12,2.0,0.0,0.0,0.0,1.0,0.0,Defender,
Iván Balliu,ALB,Rayo Vallecano,es La Liga,31 years,31.9,51,1.6,36.0,9.0,2.0,3.0,0.0,1.0,3,0.09,0.0,2.0,0.0,1.0,0.0,0.0,Defender,
Fodé Ballo-Touré,SEN,Fulham,eng Premier League,26 years,0.8,0,0.0,0.0,0.0,0.0,0.0,0.0,0.0,0,0.0,0.0,0.0,0.0,0.0,0.0,0.0,Defender,Midfielder
Folarin Balogun,USA,Monaco,fr Ligue 1,22 years,18.8,61,3.24,40.0,0.0,6.0,10.0,5.0,0.0,8,0.43,4.0,0.0,2.0,1.0,1.0,0.0,Forward,
Jonathan Bamba,CIV,Celta Vigo,es La Liga,27 years,22.0,79,3.58,65.0,0.0,6.0,2.0,6.0,0.0,4,0.18,4.0,0.0,0.0,0.0,0.0,0.0,Midfielder,Forward
Mohamed Bamba,CIV,Lorient,fr Ligue 1,21 years,12.6,32,2.53,24.0,0.0,3.0,2.0,2.0,1.0,3,0.24,3.0,0.0,0.0,0.0,0.0,0.0,Forward,
Samuel Bamba,GER,Dortmund,de Bundesliga,19 years,0.5,2,3.75,1.0,0.0,0.0,0.0,1.0,0.0,0,0.0,0.0,0.0,0.0,0.0,0.0,0.0,Forward,
Lameck Banda,ZAM,Lecce,it Serie A,22 years,15.0,62,4.14,30.0,4.0,15.0,11.0,1.0,1.0,3,0.2,2.0,1.0,0.0,0.0,0.0,0.0,Forward,
Daniel Bandeira,POR,Hellas Verona,it Serie A,23 years,5.0,12,2.42,11.0,1.0,0.0,0.0,0.0,0.0,1,0.2,1.0,0.0,0.0,0.0,0.0,0.0,Midfielder,
Mamady Bangré,BFA,Toulouse,fr Ligue 1,22 years,1.1,7,6.24,6.0,0.0,1.0,0.0,0.0,0.0,1,0.89,1.0,0.0,0.0,0.0,0.0,0.0,Forward,Midfielder
Mattia Bani,ITA,Genoa,it Serie A,29 years,25.6,7,0.27,6.0,0.0,0.0,1.0,0.0,0.0,0,0.0,0.0,0.0,0.0,0.0,0.0,0.0,Defender,
Léo Baptistão,BRA,Almería,es La Liga,30 years,20.4,40,1.93,26.0,0.0,4.0,5.0,5.0,0.0,1,0.05,0.0,0.0,0.0,0.0,1.0,0.0,Forward,
Shandon Baptiste,GRN,Brentford,eng Premier League,25 years,2.5,5,1.96,4.0,0.0,1.0,0.0,0.0,0.0,1,0.39,1.0,0.0,0.0,0.0,0.0,0.0,Midfielder,
Antonín Barák,CZE,Fiorentina,it Serie A,28 years,9.0,30,3.34,23.0,0.0,1.0,5.0,0.0,1.0,3,0.33,3.0,0.0,0.0,0.0,0.0,0.0,Midfielder,Forward
Valentín Barco,ARG,Brighton,eng Premier League,19 years,3.4,8,2.35,5.0,3.0,0.0,0.0,0.0,0.0,0,0.0,0.0,0.0,0.0,0.0,0.0,0.0,Defender,Forward
Bradley Barcola,FRA,Lyon,fr Ligue 1,20 years,3.0,5,1.67,5.0,0.0,0.0,0.0,0.0,0.0,0,0.0,0.0,0.0,0.0,0.0,0.0,0.0,Forward,
Bradley Barcola,FRA,Paris S-G,fr Ligue 1,20 years,15.2,69,4.53,53.0,0.0,13.0,1.0,1.0,1.0,11,0.72,9.0,0.0,1.0,0.0,0.0,1.0,Forward,Midfielder
Melvin Bard,FRA,Nice,fr Ligue 1,22 years,29.5,51,1.73,39.0,4.0,1.0,2.0,1.0,4.0,3,0.1,3.0,0.0,0.0,0.0,0.0,0.0,Defender,
Nicolò Barella,ITA,Inter,it Serie A,26 years,31.6,137,4.33,121.0,1.0,4.0,7.0,3.0,1.0,20,0.63,13.0,0.0,2.0,4.0,1.0,0.0,Midfielder,
Kike Barja,ESP,Osasuna,es La Liga,26 years,3.4,12,3.56,9.0,0.0,1.0,1.0,1.0,0.0,1,0.3,1.0,0.0,0.0,0.0,0.0,0.0,Forward,Midfielder
Ross Barkley,ENG,Luton Town,eng Premier League,29 years,29.1,104,3.58,67.0,11.0,14.0,6.0,3.0,3.0,11,0.38,6.0,2.0,1.0,1.0,1.0,0.0,Midfielder,
Aymen Barkok,MAR,Mainz 05,de Bundesliga,25 years,3.6,15,4.21,10.0,2.0,1.0,1.0,1.0,0.0,1,0.28,1.0,0.0,0.0,0.0,0.0,0.0,Midfielder,Forward
Harvey Barnes,ENG,Newcastle Utd,eng Premier League,25 years,8.9,29,3.25,18.0,0.0,5.0,3.0,3.0,0.0,6,0.67,4.0,0.0,2.0,0.0,0.0,0.0,Forward,Midfielder
Leandro Barreiro Martins,LUX,Mainz 05,de Bundesliga,23 years,29.0,58,2.0,40.0,1.0,1.0,6.0,8.0,2.0,5,0.17,5.0,0.0,0.0,0.0,0.0,0.0,Midfielder,
Enzo Barrenechea,ARG,Frosinone,it Serie A,22 years,31.2,46,1.47,43.0,1.0,1.0,1.0,0.0,0.0,2,0.06,1.0,1.0,0.0,0.0,0.0,0.0,Midfielder,
Ander Barrenetxea,ESP,Real Sociedad,es La Liga,21 years,15.9,41,2.58,27.0,1.0,7.0,2.0,2.0,2.0,4,0.25,2.0,0.0,0.0,2.0,0.0,0.0,Forward,Midfielder
Pablo Barrios,ESP,Atlético Madrid,es La Liga,20 years,17.3,43,2.49,35.0,1.0,2.0,3.0,0.0,2.0,2,0.12,2.0,0.0,0.0,0.0,0.0,0.0,Midfielder,
Davide Bartesaghi,ITA,Milan,it Serie A,17 years,0.9,0,0.0,0.0,0.0,0.0,0.0,0.0,0.0,0,0.0,0.0,0.0,0.0,0.0,0.0,0.0,Defender,Midfielder
Marc Bartra,ESP,Betis,es La Liga,32 years,2.5,3,1.2,2.0,0.0,0.0,1.0,0.0,0.0,1,0.4,0.0,0.0,0.0,1.0,0.0,0.0,Defender,
Federico Baschirotto,ITA,Lecce,it Serie A,26 years,36.6,22,0.6,18.0,1.0,0.0,2.0,0.0,1.0,1,0.03,1.0,0.0,0.0,0.0,0.0,0.0,Defender,
Steven Baseya,FRA,Strasbourg,fr Ligue 1,18 years,0.1,0,0.0,0.0,0.0,0.0,0.0,0.0,0.0,0,0.0,0.0,0.0,0.0,0.0,0.0,0.0,Defender,
Chris Basham,ENG,Sheffield Utd,eng Premier League,35 years,3.6,3,0.84,1.0,0.0,0.0,1.0,1.0,0.0,0,0.0,0.0,0.0,0.0,0.0,0.0,0.0,Defender,Midfielder
Toma Bašić,CRO,Salernitana,it Serie A,26 years,12.9,27,2.09,20.0,4.0,2.0,1.0,0.0,0.0,1,0.08,1.0,0.0,0.0,0.0,0.0,0.0,Midfielder,
Calvin Bassey,NGA,Fulham,eng Premier League,23 years,25.6,15,0.59,13.0,0.0,0.0,2.0,0.0,0.0,2,0.08,0.0,0.0,0.0,2.0,0.0,0.0,Defender,
Alessandro Bastoni,ITA,Inter,it Serie A,24 years,25.2,63,2.5,54.0,1.0,0.0,4.0,3.0,1.0,6,0.24,6.0,0.0,0.0,0.0,0.0,0.0,Defender,
Simone Bastoni,ITA,Empoli,it Serie A,26 years,8.3,22,2.66,14.0,7.0,0.0,1.0,0.0,0.0,0,0.0,0.0,0.0,0.0,0.0,0.0,0.0,Midfielder,Defender
Augusto Batalla,ARG,Granada,es La Liga,27 years,17.0,6,0.35,3.0,3.0,0.0,0.0,0.0,0.0,0,0.0,0.0,0.0,0.0,0.0,0.0,0.0,Goalkeeper,
Daniel Batz,GER,Mainz 05,de Bundesliga,32 years,4.0,0,0.0,0.0,0.0,0.0,0.0,0.0,0.0,0,0.0,0.0,0.0,0.0,0.0,0.0,0.0,Goalkeeper,
Maximilian Bauer,GER,Augsburg,de Bundesliga,23 years,9.0,4,0.44,2.0,0.0,0.0,2.0,0.0,0.0,0,0.0,0.0,0.0,0.0,0.0,0.0,0.0,Defender,
Elias Baum,GER,Eintracht Frankfurt,de Bundesliga,17 years,0.3,0,0.0,0.0,0.0,0.0,0.0,0.0,0.0,0,0.0,0.0,0.0,0.0,0.0,0.0,0.0,Defender,Midfielder
Oliver Baumann,GER,Hoffenheim,de Bundesliga,33 years,34.0,6,0.18,3.0,3.0,0.0,0.0,0.0,0.0,1,0.03,0.0,1.0,0.0,0.0,0.0,0.0,Goalkeeper,
Christoph Baumgartner,AUT,RB Leipzig,de Bundesliga,23 years,12.9,45,3.5,31.0,0.0,3.0,5.0,5.0,1.0,5,0.39,3.0,0.0,0.0,1.0,1.0,0.0,Midfielder,Forward
Bebé,CPV,Rayo Vallecano,es La Liga,33 years,2.4,8,3.4,3.0,3.0,0.0,2.0,0.0,0.0,0,0.0,0.0,0.0,0.0,0.0,0.0,0.0,Midfielder,Forward
Ihlas Bebou,TOG,Hoffenheim,de Bundesliga,29 years,18.2,48,2.64,31.0,0.0,7.0,7.0,2.0,1.0,14,0.77,6.0,0.0,5.0,1.0,1.0,1.0,Forward,Defender
Mohamed Bechikh,FRA,Strasbourg,fr Ligue 1,18 years,0.2,0,0.0,0.0,0.0,0.0,0.0,0.0,0.0,0,0.0,0.0,0.0,0.0,0.0,0.0,0.0,Forward,Midfielder
Adrian Beck,GER,Heidenheim,de Bundesliga,26 years,10.8,29,2.68,22.0,0.0,3.0,3.0,0.0,1.0,4,0.37,3.0,0.0,0.0,1.0,0.0,0.0,Midfielder,Forward
Owen Beck,WAL,Liverpool,eng Premier League,20 years,0.1,0,0.0,0.0,0.0,0.0,0.0,0.0,0.0,0,0.0,0.0,0.0,0.0,0.0,0.0,0.0,Defender,
Sheraldo Becker,SUR,Real Sociedad,es La Liga,28 years,8.6,19,2.22,14.0,1.0,1.0,3.0,0.0,0.0,5,0.58,4.0,0.0,0.0,1.0,0.0,0.0,Forward,Midfielder
Sheraldo Becker,SUR,Union Berlin,de Bundesliga,28 years,7.2,28,3.91,22.0,0.0,2.0,2.0,2.0,0.0,4,0.56,2.0,0.0,0.0,1.0,1.0,0.0,Forward,Midfielder
Chris Bedia,CIV,Union Berlin,de Bundesliga,27 years,1.6,4,2.48,4.0,0.0,0.0,0.0,0.0,0.0,0,0.0,0.0,0.0,0.0,0.0,0.0,0.0,Forward,Midfielder
Donny van de Beek,NED,Manchester Utd,eng Premier League,26 years,0.0,1,30.0,1.0,0.0,0.0,0.0,0.0,0.0,0,0.0,0.0,0.0,0.0,0.0,0.0,0.0,Defender,
Donny van de Beek,NED,Eintracht Frankfurt,de Bundesliga,26 years,4.0,7,1.76,6.0,1.0,0.0,0.0,0.0,0.0,0,0.0,0.0,0.0,0.0,0.0,0.0,0.0,Midfielder,Forward
Yanis Begraoui,MAR,Toulouse,fr Ligue 1,22 years,3.3,7,2.11,3.0,0.0,0.0,0.0,3.0,1.0,1,0.3,1.0,0.0,0.0,0.0,0.0,0.0,Forward,Midfielder
Kevin Behrens,GER,Wolfsburg,de Bundesliga,32 years,6.8,18,2.63,15.0,0.0,1.0,2.0,0.0,0.0,2,0.29,2.0,0.0,0.0,0.0,0.0,0.0,Forward,
Kevin Behrens,GER,Union Berlin,de Bundesliga,32 years,14.0,35,2.5,25.0,0.0,0.0,2.0,7.0,1.0,2,0.14,1.0,0.0,0.0,0.0,1.0,0.0,Forward,
Maximilian Beier,GER,Hoffenheim,de Bundesliga,20 years,26.9,76,2.83,47.0,0.0,11.0,7.0,11.0,0.0,10,0.37,2.0,0.0,3.0,3.0,2.0,0.0,Forward,Midfielder
Jérémie Bela,ANG,Clermont Foot,fr Ligue 1,30 years,2.3,7,3.07,6.0,1.0,0.0,0.0,0.0,0.0,0,0.0,0.0,0.0,0.0,0.0,0.0,0.0,Midfielder,Forward
Reda Belahyane,MAR,Hellas Verona,it Serie A,19 years,1.0,2,2.0,2.0,0.0,0.0,0.0,0.0,0.0,0,0.0,0.0,0.0,0.0,0.0,0.0,0.0,Midfielder,
Reda Belahyane,MAR,Nice,fr Ligue 1,19 years,0.3,2,6.67,2.0,0.0,0.0,0.0,0.0,0.0,0,0.0,0.0,0.0,0.0,0.0,0.0,0.0,Midfielder,
Amari'i Bell,JAM,Luton Town,eng Premier League,29 years,19.1,25,1.31,22.0,0.0,0.0,0.0,2.0,1.0,3,0.16,3.0,0.0,0.0,0.0,0.0,0.0,Defender,
Stefan Bell,GER,Mainz 05,de Bundesliga,31 years,7.4,5,0.68,5.0,0.0,0.0,0.0,0.0,0.0,1,0.14,1.0,0.0,0.0,0.0,0.0,0.0,Defender,
Alaa Bellaarouch,MAR,Strasbourg,fr Ligue 1,21 years,15.0,1,0.07,1.0,0.0,0.0,0.0,0.0,0.0,0,0.0,0.0,0.0,0.0,0.0,0.0,0.0,Goalkeeper,
Raoul Bellanova,ITA,Torino,it Serie A,23 years,33.8,96,2.83,74.0,4.0,7.0,4.0,6.0,1.0,9,0.27,9.0,0.0,0.0,0.0,0.0,0.0,Defender,
Jean-Ricner Bellegarde,FRA,Wolves,eng Premier League,25 years,10.6,30,2.81,20.0,2.0,6.0,1.0,1.0,0.0,2,0.19,1.0,0.0,1.0,0.0,0.0,0.0,Midfielder,Forward
Jean-Ricner Bellegarde,FRA,Strasbourg,fr Ligue 1,25 years,3.0,6,2.01,4.0,0.0,2.0,0.0,0.0,0.0,3,1.0,2.0,0.0,1.0,0.0,0.0,0.0,Midfielder,Forward
Héctor Bellerín,ESP,Betis,es La Liga,28 years,19.0,30,1.58,26.0,3.0,0.0,0.0,1.0,0.0,4,0.21,4.0,0.0,0.0,0.0,0.0,0.0,Defender,
Jude Bellingham,ENG,Real Madrid,es La Liga,20 years,25.7,99,3.85,82.0,0.0,8.0,4.0,5.0,0.0,13,0.51,10.0,0.0,1.0,2.0,0.0,0.0,Midfielder,
Jeanuël Belocian,FRA,Rennes,fr Ligue 1,18 years,16.1,15,0.93,11.0,2.0,0.0,2.0,0.0,0.0,1,0.06,1.0,0.0,0.0,0.0,0.0,0.0,Defender,
Andrea Belotti,ITA,Fiorentina,it Serie A,29 years,10.5,25,2.37,15.0,0.0,0.0,5.0,5.0,0.0,1,0.09,1.0,0.0,0.0,0.0,0.0,0.0,Forward,
Andrea Belotti,ITA,Roma,it Serie A,29 years,7.5,23,3.05,11.0,0.0,3.0,3.0,5.0,1.0,6,0.8,3.0,0.0,2.0,1.0,0.0,0.0,Forward,
Fran Beltrán,ESP,Celta Vigo,es La Liga,24 years,27.0,49,1.82,41.0,3.0,1.0,2.0,2.0,0.0,3,0.11,3.0,0.0,0.0,0.0,0.0,0.0,Midfielder,
Lucas Beltrán,ARG,Fiorentina,it Serie A,22 years,18.8,56,2.98,39.0,0.0,2.0,8.0,6.0,1.0,10,0.53,5.0,0.0,1.0,3.0,1.0,0.0,Forward,Midfielder
Eliesse Ben Seghir,MAR,Monaco,fr Ligue 1,18 years,4.8,20,4.21,12.0,0.0,2.0,1.0,5.0,0.0,5,1.05,2.0,0.0,1.0,0.0,2.0,0.0,Midfielder,Forward
Anis Ben Slimane,TUN,Sheffield Utd,eng Premier League,22 years,4.7,12,2.58,8.0,1.0,1.0,1.0,0.0,1.0,0,0.0,0.0,0.0,0.0,0.0,0.0,0.0,Midfielder,
Wissam Ben Yedder,FRA,Monaco,fr Ligue 1,32 years,25.7,74,2.88,62.0,0.0,3.0,7.0,1.0,1.0,8,0.31,8.0,0.0,0.0,0.0,0.0,0.0,Forward,
Carlos Benavídez,URU,Alavés,es La Liga,25 years,12.6,22,1.74,15.0,0.0,0.0,2.0,2.0,3.0,2,0.16,2.0,0.0,0.0,0.0,0.0,0.0,Midfielder,
Ismaël Bennacer,ALG,Milan,it Serie A,25 years,12.8,38,2.97,27.0,4.0,3.0,2.0,1.0,1.0,3,0.23,3.0,0.0,0.0,0.0,0.0,0.0,Midfielder,
Saïd Benrahma,ALG,West Ham,eng Premier League,27 years,6.9,26,3.77,23.0,0.0,3.0,0.0,0.0,0.0,1,0.15,1.0,0.0,0.0,0.0,0.0,0.0,Forward,Midfielder
Saïd Benrahma,ALG,Lyon,fr Ligue 1,27 years,8.6,38,4.44,26.0,6.0,2.0,2.0,1.0,1.0,4,0.47,4.0,0.0,0.0,0.0,0.0,0.0,Forward,Midfielder
Ramy Bensebaini,ALG,Dortmund,de Bundesliga,28 years,11.5,26,2.27,16.0,2.0,2.0,2.0,4.0,0.0,3,0.26,3.0,0.0,0.0,0.0,0.0,0.0,Defender,
Nabil Bentaleb,ALG,Lille,fr Ligue 1,28 years,21.9,38,1.74,34.0,2.0,0.0,0.0,1.0,1.0,5,0.23,5.0,0.0,0.0,0.0,0.0,0.0,Midfielder,
Rodrigo Bentancur,URU,Tottenham,eng Premier League,26 years,11.2,31,2.78,26.0,0.0,1.0,2.0,0.0,2.0,4,0.36,3.0,0.0,0.0,0.0,0.0,1.0,Midfielder,
Daniel Bentley,ENG,Wolves,eng Premier League,30 years,4.3,1,0.23,1.0,0.0,0.0,0.0,0.0,0.0,0,0.0,0.0,0.0,0.0,0.0,0.0,0.0,Goalkeeper,
Lucas Beraldo,BRA,Paris S-G,fr Ligue 1,19 years,11.2,14,1.25,13.0,1.0,0.0,0.0,0.0,0.0,1,0.09,1.0,0.0,0.0,0.0,0.0,0.0,Defender,
Domenico Berardi,ITA,Sassuolo,it Serie A,28 years,15.9,64,4.02,49.0,2.0,2.0,7.0,3.0,1.0,5,0.31,3.0,0.0,0.0,1.0,1.0,0.0,Forward,
Yuri Berchiche,ESP,Athletic Club,es La Liga,33 years,21.4,36,1.68,30.0,1.0,1.0,2.0,2.0,0.0,5,0.23,5.0,0.0,0.0,0.0,0.0,0.0,Defender,
Álex Berenguer,ESP,Athletic Club,es La Liga,28 years,17.7,60,3.4,26.0,25.0,4.0,2.0,2.0,1.0,8,0.45,3.0,3.0,1.0,0.0,0.0,1.0,Forward,
Bartosz Bereszyński,POL,Empoli,it Serie A,31 years,19.6,19,0.97,16.0,1.0,0.0,0.0,2.0,0.0,2,0.1,1.0,0.0,0.0,0.0,1.0,0.0,Defender,
Jóhann Berg Guðmundsson,ISL,Burnley,eng Premier League,32 years,13.2,50,3.78,28.0,17.0,0.0,2.0,3.0,0.0,5,0.38,3.0,2.0,0.0,0.0,0.0,0.0,Midfielder,Forward
Sander Berge,NOR,Burnley,eng Premier League,25 years,33.4,67,2.01,63.0,0.0,3.0,0.0,1.0,0.0,8,0.24,7.0,0.0,1.0,0.0,0.0,0.0,Midfielder,
Etrit Berisha,ALB,Empoli,it Serie A,34 years,14.0,2,0.14,1.0,1.0,0.0,0.0,0.0,0.0,0,0.0,0.0,0.0,0.0,0.0,0.0,0.0,Goalkeeper,
Medon Berisha,ALB,Lecce,it Serie A,19 years,2.3,8,3.5,5.0,3.0,0.0,0.0,0.0,0.0,0,0.0,0.0,0.0,0.0,0.0,0.0,0.0,Forward,Midfielder
Mergim Berisha,GER,Hoffenheim,de Bundesliga,25 years,1.6,4,2.48,2.0,0.0,1.0,1.0,0.0,0.0,0,0.0,0.0,0.0,0.0,0.0,0.0,0.0,Forward,
Mergim Berisha,GER,Augsburg,de Bundesliga,25 years,1.4,5,3.69,4.0,0.0,0.0,0.0,1.0,0.0,0,0.0,0.0,0.0,0.0,0.0,0.0,0.0,Forward,
Bernardo,BRA,Bochum,de Bundesliga,28 years,32.5,46,1.42,32.0,3.0,1.0,4.0,4.0,2.0,4,0.12,2.0,0.0,0.0,2.0,0.0,0.0,Defender,
Victor Bernth Kristiansen,DEN,Bologna,it Serie A,20 years,25.6,43,1.68,37.0,1.0,2.0,2.0,1.0,0.0,7,0.27,5.0,0.0,0.0,1.0,1.0,0.0,Defender,
Matúš Bero,SVK,Bochum,de Bundesliga,27 years,18.5,29,1.57,22.0,0.0,0.0,3.0,2.0,2.0,2,0.11,1.0,0.0,0.0,0.0,1.0,0.0,Midfielder,Forward
Luke Berry,ENG,Luton Town,eng Premier League,31 years,3.6,6,1.67,2.0,1.0,1.0,2.0,0.0,0.0,1,0.28,0.0,0.0,1.0,0.0,0.0,0.0,Midfielder,Defender
Dimitry Bertaud,COD,Montpellier,fr Ligue 1,25 years,4.0,0,0.0,0.0,0.0,0.0,0.0,0.0,0.0,0,0.0,0.0,0.0,0.0,0.0,0.0,0.0,Goalkeeper,
Jan-Niklas Beste,GER,Heidenheim,de Bundesliga,24 years,28.9,123,4.26,43.0,60.0,2.0,7.0,10.0,1.0,20,0.69,9.0,8.0,0.0,1.0,2.0,0.0,Forward,Midfielder
Beto,GNB,Everton,eng Premier League,25 years,10.6,32,3.03,19.0,0.0,6.0,3.0,2.0,2.0,1,0.09,1.0,0.0,0.0,0.0,0.0,0.0,Forward,
Beto,GNB,Udinese,it Serie A,25 years,0.8,6,7.3,6.0,0.0,0.0,0.0,0.0,0.0,0,0.0,0.0,0.0,0.0,0.0,0.0,0.0,Forward,
Davide Bettella,ITA,Monza,it Serie A,23 years,0.0,0,0.0,0.0,0.0,0.0,0.0,0.0,0.0,0,0.0,0.0,0.0,0.0,0.0,0.0,0.0,Midfielder,
Sam Beukema,NED,Bologna,it Serie A,24 years,28.3,21,0.74,19.0,0.0,0.0,2.0,0.0,0.0,1,0.04,1.0,0.0,0.0,0.0,0.0,0.0,Defender,
Jordan Beyer,GER,Burnley,eng Premier League,23 years,13.7,10,0.73,10.0,0.0,0.0,0.0,0.0,0.0,1,0.07,1.0,0.0,0.0,0.0,0.0,0.0,Defender,
Pep Biel,ESP,Augsburg,de Bundesliga,26 years,3.2,10,3.17,7.0,2.0,1.0,0.0,0.0,0.0,0,0.0,0.0,0.0,0.0,0.0,0.0,0.0,Midfielder,Forward
Jaka Bijol,SVN,Udinese,it Serie A,24 years,23.2,7,0.3,5.0,0.0,0.0,2.0,0.0,0.0,1,0.04,0.0,0.0,0.0,1.0,0.0,0.0,Defender,
El Bilal Touré,MLI,Atalanta,it Serie A,21 years,4.4,10,2.28,8.0,0.0,0.0,1.0,1.0,0.0,3,0.69,2.0,0.0,0.0,0.0,1.0,0.0,Forward,
Philip Billing,DEN,Bournemouth,eng Premier League,27 years,15.5,46,2.96,40.0,2.0,1.0,2.0,1.0,0.0,5,0.32,5.0,0.0,0.0,0.0,0.0,0.0,Midfielder,
Cristiano Biraghi,ITA,Fiorentina,it Serie A,30 years,26.2,77,2.94,37.0,35.0,3.0,0.0,1.0,1.0,11,0.42,3.0,6.0,2.0,0.0,0.0,0.0,Defender,
Davide Biraschi,ITA,Genoa,it Serie A,29 years,1.0,1,1.0,0.0,0.0,1.0,0.0,0.0,0.0,1,1.0,0.0,0.0,1.0,0.0,0.0,0.0,Defender,
Samuele Birindelli,ITA,Monza,it Serie A,24 years,22.4,43,1.92,35.0,0.0,1.0,4.0,3.0,0.0,4,0.18,4.0,0.0,0.0,0.0,0.0,0.0,Defender,
Tom Bischof,GER,Hoffenheim,de Bundesliga,18 years,2.0,7,3.48,4.0,2.0,0.0,1.0,0.0,0.0,2,0.99,2.0,0.0,0.0,0.0,0.0,0.0,Midfielder,Forward
Yves Bissouma,MLI,Tottenham,eng Premier League,26 years,23.0,44,1.91,35.0,2.0,3.0,0.0,0.0,4.0,3,0.13,3.0,0.0,0.0,0.0,0.0,0.0,Midfielder,
Leonardo Bittencourt,GER,Werder Bremen,de Bundesliga,29 years,17.5,46,2.63,43.0,0.0,0.0,2.0,1.0,0.0,3,0.17,2.0,0.0,0.0,0.0,1.0,0.0,Midfielder,
Marco Bizot,NED,Brest,fr Ligue 1,32 years,32.0,5,0.16,4.0,1.0,0.0,0.0,0.0,0.0,0,0.0,0.0,0.0,0.0,0.0,0.0,0.0,Goalkeeper,
Antonio Blanco,ESP,Alavés,es La Liga,23 years,27.0,45,1.67,39.0,1.0,0.0,2.0,3.0,0.0,1,0.04,1.0,0.0,0.0,0.0,0.0,0.0,Midfielder,
Rubén Blanco,ESP,Marseille,fr Ligue 1,28 years,1.3,1,0.74,1.0,0.0,0.0,0.0,0.0,0.0,0,0.0,0.0,0.0,0.0,0.0,0.0,0.0,Goalkeeper,
Hendry Blank,GER,Dortmund,de Bundesliga,18 years,0.5,0,0.0,0.0,0.0,0.0,0.0,0.0,0.0,0,0.0,0.0,0.0,0.0,0.0,0.0,0.0,Defender,
Ludovic Blas,FRA,Rennes,fr Ligue 1,25 years,17.4,45,2.59,28.0,5.0,6.0,5.0,1.0,0.0,6,0.35,3.0,0.0,0.0,2.0,1.0,0.0,Forward,Midfielder
Janis Blaswich,GER,RB Leipzig,de Bundesliga,32 years,21.0,3,0.14,3.0,0.0,0.0,0.0,0.0,0.0,0,0.0,0.0,0.0,0.0,0.0,0.0,0.0,Goalkeeper,
Alexis Blin,FRA,Lecce,it Serie A,26 years,18.2,31,1.7,26.0,1.0,0.0,2.0,1.0,1.0,4,0.22,2.0,0.0,0.0,1.0,1.0,0.0,Midfielder,
Daley Blind,NED,Girona,es La Liga,33 years,33.0,48,1.45,41.0,2.0,3.0,1.0,0.0,1.0,5,0.15,4.0,0.0,0.0,0.0,0.0,1.0,Defender,
Myron Boadu,NED,Monaco,fr Ligue 1,22 years,0.9,1,1.06,0.0,0.0,0.0,0.0,1.0,0.0,0,0.0,0.0,0.0,0.0,0.0,0.0,0.0,Forward,
Benicio Boaitey,ENG,Brighton,eng Premier League,19 years,0.4,2,4.5,1.0,0.0,0.0,1.0,0.0,0.0,0,0.0,0.0,0.0,0.0,0.0,0.0,0.0,Forward,Defender
Jérôme Boateng,GER,Salernitana,it Serie A,34 years,2.6,3,1.13,2.0,0.0,0.0,0.0,0.0,1.0,0,0.0,0.0,0.0,0.0,0.0,0.0,0.0,Defender,
Oscar Bobb,NOR,Manchester City,eng Premier League,20 years,3.4,22,6.56,16.0,0.0,4.0,1.0,1.0,0.0,6,1.79,3.0,0.0,2.0,0.0,1.0,0.0,Forward,Midfielder
Sacha Boey,FRA,Bayern Munich,de Bundesliga,22 years,1.2,0,0.0,0.0,0.0,0.0,0.0,0.0,0.0,0,0.0,0.0,0.0,0.0,0.0,0.0,0.0,Defender,
Jeremie Boga,CIV,Nice,fr Ligue 1,26 years,22.2,80,3.6,43.0,16.0,14.0,6.0,1.0,0.0,11,0.5,6.0,2.0,3.0,0.0,0.0,0.0,Forward,
Jayden Bogle,ENG,Sheffield Utd,eng Premier League,23 years,31.0,33,1.07,26.0,1.0,3.0,1.0,2.0,0.0,1,0.03,0.0,0.0,0.0,1.0,0.0,0.0,Defender,
Emil Bohinen,NOR,Genoa,it Serie A,24 years,0.6,3,4.82,3.0,0.0,0.0,0.0,0.0,0.0,0,0.0,0.0,0.0,0.0,0.0,0.0,0.0,Midfielder,
Emil Bohinen,NOR,Salernitana,it Serie A,24 years,5.9,12,2.02,10.0,0.0,0.0,0.0,1.0,1.0,1,0.17,1.0,0.0,0.0,0.0,0.0,0.0,Midfielder,
Adama Bojang,GAM,Reims,fr Ligue 1,19 years,0.9,2,2.17,1.0,0.0,1.0,0.0,0.0,0.0,0,0.0,0.0,0.0,0.0,0.0,0.0,0.0,Forward,
Daniel Boloca,ROU,Sassuolo,it Serie A,24 years,22.5,52,2.32,46.0,0.0,6.0,0.0,0.0,0.0,4,0.18,4.0,0.0,0.0,0.0,0.0,0.0,Midfielder,
Willy Boly,CIV,Nottingham Forest,eng Premier League,32 years,16.0,16,1.0,14.0,0.0,0.0,2.0,0.0,0.0,2,0.13,2.0,0.0,0.0,0.0,0.0,0.0,Defender,
Giacomo Bonaventura,ITA,Fiorentina,it Serie A,33 years,25.3,83,3.28,70.0,3.0,1.0,4.0,5.0,0.0,5,0.2,5.0,0.0,0.0,0.0,0.0,0.0,Midfielder,
Federico Bonazzoli,ITA,Hellas Verona,it Serie A,26 years,11.3,26,2.3,22.0,0.0,0.0,4.0,0.0,0.0,3,0.27,3.0,0.0,0.0,0.0,0.0,0.0,Forward,Midfielder
Warren Bondo,FRA,Monza,it Serie A,19 years,16.4,30,1.83,21.0,0.0,2.0,4.0,1.0,2.0,4,0.24,3.0,0.0,0.0,1.0,0.0,0.0,Midfielder,
Giovanni Bonfanti,ITA,Atalanta,it Serie A,20 years,1.0,1,1.01,1.0,0.0,0.0,0.0,0.0,0.0,0,0.0,0.0,0.0,0.0,0.0,0.0,0.0,Defender,
Victor Boniface,NGA,Leverkusen,de Bundesliga,22 years,17.2,57,3.32,29.0,0.0,21.0,3.0,3.0,1.0,15,0.87,9.0,0.0,4.0,1.0,1.0,0.0,Forward,
Kevin Bonifazi,ITA,Bologna,it Serie A,27 years,1.0,0,0.0,0.0,0.0,0.0,0.0,0.0,0.0,0,0.0,0.0,0.0,0.0,0.0,0.0,0.0,Defender,
Kevin Bonifazi,ITA,Frosinone,it Serie A,27 years,3.4,3,0.87,3.0,0.0,0.0,0.0,0.0,0.0,0,0.0,0.0,0.0,0.0,0.0,0.0,0.0,Defender,
Leonardo Bonucci,ITA,Union Berlin,de Bundesliga,36 years,5.1,4,0.78,4.0,0.0,0.0,0.0,0.0,0.0,0,0.0,0.0,0.0,0.0,0.0,0.0,0.0,Defender,
Neto Borges,BRA,Clermont Foot,fr Ligue 1,26 years,28.0,50,1.79,37.0,5.0,2.0,2.0,3.0,1.0,3,0.11,1.0,0.0,0.0,0.0,2.0,0.0,Defender,
Yvandro Borges Sanches,LUX,Gladbach,de Bundesliga,19 years,0.2,1,5.0,0.0,0.0,0.0,0.0,1.0,0.0,1,5.0,0.0,0.0,0.0,0.0,1.0,0.0,Midfielder,Forward
Sebastiaan Bornauw,BEL,Wolfsburg,de Bundesliga,24 years,15.9,5,0.31,2.0,0.0,0.0,1.0,1.0,1.0,0,0.0,0.0,0.0,0.0,0.0,0.0,0.0,Defender,
Rafael Borré,COL,Werder Bremen,de Bundesliga,27 years,11.0,22,2.0,19.0,0.0,0.0,2.0,1.0,0.0,2,0.18,1.0,0.0,0.0,0.0,1.0,0.0,Forward,
Gennaro Borrelli,ITA,Frosinone,it Serie A,23 years,0.3,0,0.0,0.0,0.0,0.0,0.0,0.0,0.0,0,0.0,0.0,0.0,0.0,0.0,0.0,0.0,Forward,
Adri Bosch,ESP,Granada,es La Liga,22 years,0.3,0,0.0,0.0,0.0,0.0,0.0,0.0,0.0,0,0.0,0.0,0.0,0.0,0.0,0.0,0.0,Defender,
Erik Botheim,NOR,Salernitana,it Serie A,23 years,3.5,1,0.29,1.0,0.0,0.0,0.0,0.0,0.0,0,0.0,0.0,0.0,0.0,0.0,0.0,0.0,Forward,Midfielder
Sven Botman,NED,Newcastle Utd,eng Premier League,23 years,15.3,14,0.92,12.0,0.0,0.0,2.0,0.0,0.0,3,0.2,3.0,0.0,0.0,0.0,0.0,0.0,Defender,
Saïmon Bouabré,FRA,Monaco,fr Ligue 1,17 years,0.5,0,0.0,0.0,0.0,0.0,0.0,0.0,0.0,0,0.0,0.0,0.0,0.0,0.0,0.0,0.0,Midfielder,
Ayyoub Bouaddi,FRA,Lille,fr Ligue 1,15 years,1.5,2,1.37,2.0,0.0,0.0,0.0,0.0,0.0,0,0.0,0.0,0.0,0.0,0.0,0.0,0.0,Midfielder,
Badredine Bouanani,ALG,Nice,fr Ligue 1,18 years,1.8,10,5.59,10.0,0.0,0.0,0.0,0.0,0.0,0,0.0,0.0,0.0,0.0,0.0,0.0,0.0,Forward,
Badredine Bouanani,ALG,Lorient,fr Ligue 1,18 years,4.9,24,4.89,16.0,5.0,1.0,0.0,2.0,0.0,2,0.41,2.0,0.0,0.0,0.0,0.0,0.0,Midfielder,
Mohamed Bouchenna,FRA,Clermont Foot,fr Ligue 1,17 years,0.3,2,6.21,0.0,0.0,2.0,0.0,0.0,0.0,0,0.0,0.0,0.0,0.0,0.0,0.0,0.0,Midfielder,Forward
Hicham Boudaoui,ALG,Nice,fr Ligue 1,23 years,17.9,47,2.62,35.0,2.0,2.0,5.0,3.0,0.0,3,0.17,3.0,0.0,0.0,0.0,0.0,0.0,Midfielder,
Yassine Bounou,MAR,Sevilla,es La Liga,32 years,1.0,0,0.0,0.0,0.0,0.0,0.0,0.0,0.0,0,0.0,0.0,0.0,0.0,0.0,0.0,0.0,Goalkeeper,
Mehdi Bourabia,MAR,Frosinone,it Serie A,31 years,2.2,4,1.79,3.0,0.0,0.0,1.0,0.0,0.0,0,0.0,0.0,0.0,0.0,0.0,0.0,0.0,Midfielder,
Benjamin Bourigeaud,FRA,Rennes,fr Ligue 1,29 years,26.9,113,4.19,70.0,34.0,2.0,7.0,0.0,0.0,14,0.52,11.0,1.0,0.0,2.0,0.0,0.0,Midfielder,Forward
Bilal Boutobba,FRA,Clermont Foot,fr Ligue 1,24 years,10.3,34,3.3,21.0,2.0,4.0,3.0,3.0,1.0,1,0.1,1.0,0.0,0.0,0.0,0.0,0.0,Forward,Midfielder
Hugo Boutsingkham,FRA,Nantes,fr Ligue 1,20 years,0.1,0,0.0,0.0,0.0,0.0,0.0,0.0,0.0,0,0.0,0.0,0.0,0.0,0.0,0.0,0.0,Midfielder,Forward
Edoardo Bove,ITA,Roma,it Serie A,21 years,19.8,40,2.02,34.0,0.0,1.0,0.0,5.0,0.0,2,0.1,2.0,0.0,0.0,0.0,0.0,0.0,Midfielder,
Jarrod Bowen,ENG,West Ham,eng Premier League,26 years,33.5,81,2.42,55.0,7.0,6.0,5.0,6.0,2.0,12,0.36,9.0,1.0,0.0,1.0,0.0,1.0,Forward,
Lucas Boyé,ARG,Granada,es La Liga,27 years,28.2,78,2.76,58.0,1.0,10.0,7.0,1.0,1.0,8,0.28,6.0,0.0,2.0,0.0,0.0,0.0,Forward,
Domagoj Bradarić,CRO,Salernitana,it Serie A,23 years,30.5,61,2.0,46.0,9.0,1.0,1.0,2.0,2.0,3,0.1,3.0,0.0,0.0,0.0,0.0,0.0,Defender,
Conor Bradley,NIR,Liverpool,eng Premier League,20 years,8.4,27,3.22,18.0,1.0,3.0,2.0,1.0,2.0,3,0.36,2.0,1.0,0.0,0.0,0.0,0.0,Defender,
Bilal Brahimi,ALG,Nice,fr Ligue 1,23 years,0.1,1,8.18,1.0,0.0,0.0,0.0,0.0,0.0,0,0.0,0.0,0.0,0.0,0.0,0.0,0.0,Forward,
Bilal Brahimi,ALG,Brest,fr Ligue 1,23 years,2.5,13,5.29,11.0,0.0,0.0,2.0,0.0,0.0,0,0.0,0.0,0.0,0.0,0.0,0.0,0.0,Forward,Midfielder
Julian Brandt,GER,Dortmund,de Bundesliga,27 years,24.7,133,5.38,78.0,43.0,7.0,4.0,0.0,1.0,17,0.69,9.0,6.0,1.0,1.0,0.0,0.0,Midfielder,Forward
Jarrad Branthwaite,ENG,Everton,eng Premier League,21 years,34.6,25,0.72,20.0,0.0,0.0,1.0,3.0,1.0,4,0.12,3.0,0.0,0.0,0.0,1.0,0.0,Defender,
Darko Brašanac,SRB,Osasuna,es La Liga,31 years,0.5,2,3.75,2.0,0.0,0.0,0.0,0.0,0.0,0,0.0,0.0,0.0,0.0,0.0,0.0,0.0,Midfielder,
Lilian Brassier,FRA,Brest,fr Ligue 1,23 years,29.7,18,0.61,14.0,0.0,1.0,0.0,1.0,2.0,2,0.07,1.0,0.0,0.0,0.0,1.0,0.0,Defender,
Brau,ESP,Granada,es La Liga,21 years,0.3,0,0.0,0.0,0.0,0.0,0.0,0.0,0.0,0,0.0,0.0,0.0,0.0,0.0,0.0,0.0,Defender,
Claudio Bravo,CHI,Betis,es La Liga,40 years,7.0,2,0.29,2.0,0.0,0.0,0.0,0.0,0.0,0,0.0,0.0,0.0,0.0,0.0,0.0,0.0,Goalkeeper,
Fabian Bredlow,GER,Stuttgart,de Bundesliga,28 years,4.0,0,0.0,0.0,0.0,0.0,0.0,0.0,0.0,0,0.0,0.0,0.0,0.0,0.0,0.0,0.0,Goalkeeper,
Tim Breithaupt,GER,Augsburg,de Bundesliga,21 years,7.0,11,1.58,11.0,0.0,0.0,0.0,0.0,0.0,1,0.14,1.0,0.0,0.0,0.0,0.0,0.0,Midfielder,
Josip Brekalo,CRO,Fiorentina,it Serie A,25 years,7.2,19,2.62,15.0,2.0,1.0,0.0,1.0,0.0,3,0.41,2.0,0.0,0.0,0.0,1.0,0.0,Forward,
Gleison Bremer,BRA,Juventus,it Serie A,26 years,35.9,24,0.67,19.0,0.0,0.0,3.0,0.0,2.0,3,0.08,2.0,0.0,0.0,1.0,0.0,0.0,Defender,
Brenner,BRA,Udinese,it Serie A,23 years,2.1,5,2.38,3.0,0.0,0.0,1.0,1.0,0.0,0,0.0,0.0,0.0,0.0,0.0,0.0,0.0,Midfielder,Forward
Ben Brereton,CHI,Sheffield Utd,eng Premier League,24 years,12.3,31,2.52,21.0,0.0,4.0,2.0,3.0,1.0,4,0.33,2.0,0.0,1.0,0.0,1.0,0.0,Forward,Midfielder
Ben Brereton,CHI,Villarreal,es La Liga,24 years,3.0,4,1.33,2.0,0.0,0.0,1.0,0.0,1.0,0,0.0,0.0,0.0,0.0,0.0,0.0,0.0,Forward,Midfielder
Marco Brescianini,ITA,Frosinone,it Serie A,23 years,25.8,50,1.94,41.0,0.0,4.0,2.0,3.0,0.0,4,0.16,4.0,0.0,0.0,0.0,0.0,0.0,Midfielder,
Maximilian Breunig,GER,Freiburg,de Bundesliga,22 years,0.1,0,0.0,0.0,0.0,0.0,0.0,0.0,0.0,0,0.0,0.0,0.0,0.0,0.0,0.0,0.0,Forward,
Rhian Brewster,ENG,Sheffield Utd,eng Premier League,23 years,3.8,7,1.82,6.0,0.0,0.0,1.0,0.0,0.0,0,0.0,0.0,0.0,0.0,0.0,0.0,0.0,Forward,Midfielder
Bennit Bröger,GER,Wolfsburg,de Bundesliga,17 years,0.1,0,0.0,0.0,0.0,0.0,0.0,0.0,0.0,0,0.0,0.0,0.0,0.0,0.0,0.0,0.0,Forward,
Armando Broja,ALB,Chelsea,eng Premier League,21 years,5.0,8,1.59,5.0,0.0,1.0,0.0,2.0,0.0,1,0.2,0.0,0.0,0.0,0.0,1.0,0.0,Forward,
Armando Broja,ALB,Fulham,eng Premier League,21 years,1.0,1,1.01,1.0,0.0,0.0,0.0,0.0,0.0,0,0.0,0.0,0.0,0.0,0.0,0.0,0.0,Forward,
Dylan Bronn,TUN,Salernitana,it Serie A,28 years,0.6,0,0.0,0.0,0.0,0.0,0.0,0.0,0.0,0,0.0,0.0,0.0,0.0,0.0,0.0,0.0,Defender,Midfielder
Andre Brooks,ENG,Sheffield Utd,eng Premier League,19 years,10.4,9,0.86,6.0,0.0,2.0,1.0,0.0,0.0,0,0.0,0.0,0.0,0.0,0.0,0.0,0.0,Midfielder,Defender
David Brooks,WAL,Bournemouth,eng Premier League,26 years,3.1,20,6.41,16.0,1.0,1.0,1.0,1.0,0.0,3,0.96,2.0,0.0,1.0,0.0,0.0,0.0,Forward,Midfielder
John Brooks,USA,Hoffenheim,de Bundesliga,30 years,17.1,9,0.53,9.0,0.0,0.0,0.0,0.0,0.0,0,0.0,0.0,0.0,0.0,0.0,0.0,0.0,Defender,
Moritz Broschinski,GER,Bochum,de Bundesliga,22 years,13.9,34,2.46,25.0,0.0,2.0,6.0,0.0,1.0,7,0.51,5.0,0.0,1.0,1.0,0.0,0.0,Forward,
Jacob Brown,SCO,Luton Town,eng Premier League,25 years,11.3,15,1.33,10.0,0.0,1.0,1.0,3.0,0.0,0,0.0,0.0,0.0,0.0,0.0,0.0,0.0,Midfielder,Forward
Josh Brownhill,ENG,Burnley,eng Premier League,27 years,25.0,70,2.8,43.0,19.0,1.0,3.0,3.0,1.0,6,0.24,5.0,1.0,0.0,0.0,0.0,0.0,Midfielder,
Alexander Brunst,GER,Darmstadt 98,de Bundesliga,28 years,3.0,2,0.67,1.0,1.0,0.0,0.0,0.0,0.0,0,0.0,0.0,0.0,0.0,0.0,0.0,0.0,Goalkeeper,
Jacob Bruun Larsen,DEN,Burnley,eng Premier League,24 years,13.9,46,3.31,32.0,11.0,1.0,1.0,1.0,0.0,0,0.0,0.0,0.0,0.0,0.0,0.0,0.0,Midfielder,Forward
Tajon Buchanan,CAN,Inter,it Serie A,24 years,1.8,6,3.35,4.0,0.0,0.0,2.0,0.0,0.0,0,0.0,0.0,0.0,0.0,0.0,0.0,0.0,Defender,
Ante Budimir,CRO,Osasuna,es La Liga,32 years,27.1,42,1.55,21.0,1.0,3.0,7.0,8.0,2.0,5,0.18,2.0,0.0,0.0,1.0,2.0,0.0,Forward,
Hugo Bueno,ESP,Wolves,eng Premier League,20 years,8.2,17,2.07,14.0,0.0,1.0,1.0,1.0,0.0,2,0.24,2.0,0.0,0.0,0.0,0.0,0.0,Defender,Midfielder
Manu Bueno,ESP,Sevilla,es La Liga,19 years,1.3,3,2.31,3.0,0.0,0.0,0.0,0.0,0.0,0,0.0,0.0,0.0,0.0,0.0,0.0,0.0,Midfielder,
Santiago Bueno,URU,Wolves,eng Premier League,24 years,9.1,5,0.55,5.0,0.0,0.0,0.0,0.0,0.0,0,0.0,0.0,0.0,0.0,0.0,0.0,0.0,Defender,
Marius Bülter,GER,Hoffenheim,de Bundesliga,30 years,15.0,49,3.26,39.0,1.0,2.0,4.0,2.0,1.0,6,0.4,6.0,0.0,0.0,0.0,0.0,0.0,Defender,Forward
Facundo Buonanotte,ARG,Brighton,eng Premier League,18 years,15.2,38,2.51,26.0,1.0,2.0,3.0,5.0,1.0,2,0.13,2.0,0.0,0.0,0.0,0.0,0.0,Forward,Midfielder
Alessandro Buongiorno,ITA,Torino,it Serie A,24 years,28.1,22,0.78,17.0,0.0,0.0,1.0,1.0,3.0,1,0.04,0.0,0.0,0.0,0.0,1.0,0.0,Defender,
Jonathan Burkardt,GER,Mainz 05,de Bundesliga,23 years,17.1,41,2.4,24.0,0.0,3.0,5.0,9.0,0.0,3,0.18,2.0,0.0,1.0,0.0,0.0,0.0,Forward,Midfielder
Oliver Burke,SCO,Werder Bremen,de Bundesliga,26 years,0.4,0,0.0,0.0,0.0,0.0,0.0,0.0,0.0,0,0.0,0.0,0.0,0.0,0.0,0.0,0.0,Forward,
Reece Burke,ENG,Luton Town,eng Premier League,26 years,18.4,21,1.14,15.0,1.0,0.0,5.0,0.0,0.0,4,0.22,3.0,0.0,0.0,1.0,0.0,0.0,Defender,
Dan Burn,ENG,Newcastle Utd,eng Premier League,31 years,30.3,27,0.89,22.0,2.0,1.0,2.0,0.0,0.0,4,0.13,3.0,0.0,0.0,1.0,0.0,0.0,Defender,
Rareș-Cătălin Burnete,ROU,Lecce,it Serie A,19 years,0.1,0,0.0,0.0,0.0,0.0,0.0,0.0,0.0,0,0.0,0.0,0.0,0.0,0.0,0.0,0.0,Forward,
Mason Burstow,ENG,Chelsea,eng Premier League,19 years,0.1,0,0.0,0.0,0.0,0.0,0.0,0.0,0.0,0,0.0,0.0,0.0,0.0,0.0,0.0,0.0,Forward,
Marnon Busch,GER,Heidenheim,de Bundesliga,28 years,6.6,13,1.96,13.0,0.0,0.0,0.0,0.0,0.0,1,0.15,1.0,0.0,0.0,0.0,0.0,0.0,Defender,
Maxime Busi,BEL,Reims,fr Ligue 1,23 years,1.8,6,3.33,4.0,0.0,1.0,0.0,0.0,1.0,0,0.0,0.0,0.0,0.0,0.0,0.0,0.0,Forward,Defender
Pablo Busto,ESP,Betis,es La Liga,17 years,0.5,1,2.05,1.0,0.0,0.0,0.0,0.0,0.0,0,0.0,0.0,0.0,0.0,0.0,0.0,0.0,Defender,
Aurélio Buta,POR,Eintracht Frankfurt,de Bundesliga,26 years,19.4,34,1.75,29.0,1.0,1.0,2.0,1.0,0.0,4,0.21,3.0,0.0,0.0,1.0,0.0,0.0,Defender,Midfielder
Marcin Bułka,POL,Nice,fr Ligue 1,23 years,34.0,3,0.09,2.0,1.0,0.0,0.0,0.0,0.0,0,0.0,0.0,0.0,0.0,0.0,0.0,0.0,Goalkeeper,
Rémy Cabella,FRA,Lille,fr Ligue 1,33 years,16.4,76,4.64,47.0,16.0,2.0,5.0,2.0,4.0,10,0.61,4.0,2.0,0.0,2.0,1.0,1.0,Forward,Midfielder
Jovane Cabral,CPV,Salernitana,it Serie A,25 years,7.5,25,3.31,20.0,1.0,2.0,1.0,1.0,0.0,0,0.0,0.0,0.0,0.0,0.0,0.0,0.0,Midfielder,Forward
Liberato Cacace,NZL,Empoli,it Serie A,22 years,21.2,42,1.97,26.0,12.0,2.0,2.0,0.0,0.0,2,0.09,2.0,0.0,0.0,0.0,0.0,0.0,Defender,
Anthony Caci,FRA,Mainz 05,de Bundesliga,26 years,27.6,59,2.14,45.0,6.0,3.0,4.0,1.0,0.0,8,0.29,8.0,0.0,0.0,0.0,0.0,0.0,Defender,
Moisés Caicedo,ECU,Chelsea,eng Premier League,21 years,31.8,66,2.07,52.0,0.0,3.0,1.0,6.0,4.0,12,0.38,11.0,0.0,0.0,0.0,0.0,1.0,Midfielder,
Tom Cairney,SCO,Fulham,eng Premier League,32 years,16.5,71,4.3,62.0,2.0,2.0,2.0,1.0,2.0,13,0.79,11.0,0.0,1.0,0.0,1.0,0.0,Midfielder,
Jens Cajuste,SWE,Napoli,it Serie A,23 years,11.3,37,3.28,31.0,0.0,4.0,1.0,0.0,1.0,5,0.44,4.0,0.0,0.0,0.0,0.0,1.0,Midfielder,
Davide Calabria,ITA,Milan,it Serie A,26 years,24.3,34,1.4,32.0,0.0,0.0,0.0,1.0,1.0,6,0.25,6.0,0.0,0.0,0.0,0.0,0.0,Defender,
Riccardo Calafiori,ITA,Bologna,it Serie A,21 years,26.1,46,1.77,36.0,0.0,2.0,5.0,0.0,3.0,8,0.31,5.0,0.0,0.0,3.0,0.0,0.0,Defender,
Mattia Caldara,ITA,Milan,it Serie A,29 years,0.4,1,2.73,1.0,0.0,0.0,0.0,0.0,0.0,0,0.0,0.0,0.0,0.0,0.0,0.0,0.0,Defender,
Luca Caldirola,ITA,Monza,it Serie A,32 years,23.8,14,0.59,13.0,0.0,0.0,0.0,0.0,1.0,1,0.04,1.0,0.0,0.0,0.0,0.0,0.0,Defender,
Duje Ćaleta-Car,CRO,Lyon,fr Ligue 1,26 years,22.1,12,0.54,10.0,0.0,0.0,1.0,0.0,1.0,0,0.0,0.0,0.0,0.0,0.0,0.0,0.0,Defender,
Hakan Çalhanoğlu,TUR,Inter,it Serie A,29 years,28.4,107,3.77,63.0,39.0,0.0,4.0,0.0,1.0,10,0.35,7.0,3.0,0.0,0.0,0.0,0.0,Midfielder,
José Callejón,ESP,Granada,es La Liga,36 years,8.9,33,3.69,19.0,8.0,1.0,2.0,3.0,0.0,1,0.11,1.0,0.0,0.0,0.0,0.0,0.0,Midfielder,Forward
Dominic Calvert-Lewin,ENG,Everton,eng Premier League,26 years,24.1,54,2.24,37.0,0.0,4.0,7.0,4.0,2.0,6,0.25,3.0,0.0,0.0,3.0,0.0,0.0,Forward,
Lamine Camara,SEN,Metz,fr Ligue 1,19 years,25.1,70,2.8,32.0,26.0,3.0,4.0,2.0,3.0,11,0.44,6.0,3.0,1.0,0.0,0.0,1.0,Midfielder,
Mahdi Camara,FRA,Brest,fr Ligue 1,25 years,22.4,73,3.25,50.0,0.0,2.0,7.0,10.0,4.0,7,0.31,4.0,0.0,0.0,1.0,2.0,0.0,Midfielder,
Mohamed Camara,MLI,Monaco,fr Ligue 1,23 years,11.5,41,3.57,37.0,0.0,1.0,1.0,1.0,1.0,7,0.61,7.0,0.0,0.0,0.0,0.0,0.0,Midfielder,
Francesco Camarda,ITA,Milan,it Serie A,15 years,0.2,0,0.0,0.0,0.0,0.0,0.0,0.0,0.0,0,0.0,0.0,0.0,0.0,0.0,0.0,0.0,Forward,
Eduardo Camavinga,FRA,Real Madrid,es La Liga,20 years,20.2,58,2.87,45.0,0.0,3.0,1.0,4.0,5.0,6,0.3,5.0,0.0,1.0,0.0,0.0,0.0,Midfielder,Defender
Nicolò Cambiaghi,ITA,Empoli,it Serie A,22 years,28.4,93,3.28,57.0,6.0,4.0,6.0,18.0,2.0,4,0.14,2.0,0.0,0.0,0.0,2.0,0.0,Forward,Midfielder
Andrea Cambiaso,ITA,Juventus,it Serie A,23 years,26.4,78,2.96,62.0,5.0,4.0,3.0,3.0,1.0,5,0.19,5.0,0.0,0.0,0.0,0.0,0.0,Defender,Forward
Axel Camblan,FRA,Brest,fr Ligue 1,19 years,1.0,2,2.02,2.0,0.0,0.0,0.0,0.0,0.0,0,0.0,0.0,0.0,0.0,0.0,0.0,0.0,Forward,
Sergio Camello,ESP,Rayo Vallecano,es La Liga,22 years,18.5,46,2.49,33.0,0.0,5.0,5.0,2.0,1.0,6,0.32,2.0,0.0,3.0,1.0,0.0,0.0,Forward,
José Campaña,ESP,Las Palmas,es La Liga,30 years,1.9,1,0.53,1.0,0.0,0.0,0.0,0.0,0.0,0,0.0,0.0,0.0,0.0,0.0,0.0,0.0,Midfielder,
Emre Can,GER,Dortmund,de Bundesliga,29 years,21.7,44,2.03,38.0,1.0,0.0,2.0,1.0,2.0,4,0.18,4.0,0.0,0.0,0.0,0.0,0.0,Midfielder,Defender
Matteo Cancellieri,ITA,Empoli,it Serie A,21 years,19.9,54,2.72,27.0,1.0,10.0,6.0,9.0,1.0,6,0.3,2.0,0.0,2.0,0.0,2.0,0.0,Forward,Midfielder
João Cancelo,POR,Barcelona,es La Liga,29 years,27.8,79,2.84,70.0,1.0,6.0,0.0,1.0,1.0,8,0.29,7.0,0.0,1.0,0.0,0.0,0.0,Defender,
Fali Candé,GNB,Metz,fr Ligue 1,25 years,20.5,17,0.83,10.0,1.0,2.0,2.0,1.0,1.0,3,0.15,1.0,0.0,0.0,1.0,1.0,0.0,Defender,
Antonio Candreva,ITA,Salernitana,it Serie A,36 years,30.6,119,3.89,72.0,30.0,6.0,10.0,1.0,0.0,13,0.43,8.0,2.0,1.0,2.0,0.0,0.0,Midfielder,Forward
Thomas Cannon,IRL,Everton,eng Premier League,20 years,0.0,0,0.0,0.0,0.0,0.0,0.0,0.0,0.0,0,0.0,0.0,0.0,0.0,0.0,0.0,0.0,Forward,
Sergi Canós,ESP,Valencia,es La Liga,26 years,13.7,32,2.35,20.0,0.0,5.0,4.0,2.0,1.0,2,0.15,2.0,0.0,0.0,0.0,0.0,0.0,Midfielder,Forward
Luigi Canotto,ITA,Frosinone,it Serie A,29 years,0.2,0,0.0,0.0,0.0,0.0,0.0,0.0,0.0,0,0.0,0.0,0.0,0.0,0.0,0.0,0.0,Forward,
Gino Caoki,FRA,Lorient,fr Ligue 1,19 years,0.1,0,0.0,0.0,0.0,0.0,0.0,0.0,0.0,0,0.0,0.0,0.0,0.0,0.0,0.0,0.0,Midfielder,
Étienne Capoue,FRA,Villarreal,es La Liga,35 years,16.2,32,1.98,26.0,0.0,2.0,1.0,3.0,0.0,4,0.25,2.0,0.0,1.0,0.0,1.0,0.0,Midfielder,
Gianluca Caprari,ITA,Monza,it Serie A,30 years,3.2,16,5.03,11.0,3.0,1.0,1.0,0.0,0.0,0,0.0,0.0,0.0,0.0,0.0,0.0,0.0,Midfielder,Forward
Elia Caprile,ITA,Empoli,it Serie A,21 years,23.0,8,0.35,8.0,0.0,0.0,0.0,0.0,0.0,0,0.0,0.0,0.0,0.0,0.0,0.0,0.0,Goalkeeper,
Francesco Caputo,ITA,Empoli,it Serie A,35 years,14.1,26,1.85,22.0,0.0,0.0,4.0,0.0,0.0,0,0.0,0.0,0.0,0.0,0.0,0.0,0.0,Forward,
Maxence Caqueret,FRA,Lyon,fr Ligue 1,23 years,33.6,113,3.37,85.0,16.0,4.0,3.0,2.0,3.0,7,0.21,5.0,0.0,1.0,1.0,0.0,0.0,Midfielder,
Andrea Carboni,ITA,Monza,it Serie A,22 years,16.5,17,1.03,16.0,0.0,0.0,0.0,0.0,1.0,1,0.06,1.0,0.0,0.0,0.0,0.0,0.0,Defender,
Valentin Carboni,ARG,Monza,it Serie A,18 years,13.0,42,3.23,36.0,2.0,1.0,1.0,0.0,2.0,4,0.31,3.0,0.0,0.0,1.0,0.0,0.0,Midfielder,Forward
Isaac Carcelen,ESP,Cádiz,es La Liga,30 years,29.0,43,1.48,32.0,7.0,1.0,2.0,1.0,0.0,0,0.0,0.0,0.0,0.0,0.0,0.0,0.0,Defender,
Cárdenas,ESP,Rayo Vallecano,es La Liga,26 years,1.0,0,0.0,0.0,0.0,0.0,0.0,0.0,0.0,0,0.0,0.0,0.0,0.0,0.0,0.0,0.0,Goalkeeper,
Irvin Cardona,FRA,Augsburg,de Bundesliga,25 years,0.6,1,1.67,1.0,0.0,0.0,0.0,0.0,0.0,0,0.0,0.0,0.0,0.0,0.0,0.0,0.0,Midfielder,Defender
Marc Cardona,ESP,Las Palmas,es La Liga,28 years,8.2,16,1.95,11.0,0.0,3.0,1.0,1.0,0.0,2,0.24,1.0,0.0,0.0,0.0,1.0,0.0,Forward,
Sergi Cardona,ESP,Las Palmas,es La Liga,24 years,31.3,77,2.46,65.0,0.0,3.0,5.0,2.0,2.0,7,0.22,6.0,0.0,0.0,0.0,1.0,0.0,Defender,
Johnny Cardoso,USA,Betis,es La Liga,21 years,14.8,21,1.42,16.0,0.0,1.0,0.0,1.0,3.0,5,0.34,3.0,0.0,0.0,0.0,1.0,1.0,Midfielder,
Igor Carioca,BRA,Lorient,fr Ligue 1,26 years,2.9,7,2.4,6.0,1.0,0.0,0.0,0.0,0.0,1,0.34,1.0,0.0,0.0,0.0,0.0,0.0,Defender,Midfielder
Diego Carlos,BRA,Aston Villa,eng Premier League,30 years,20.2,9,0.45,9.0,0.0,0.0,0.0,0.0,0.0,2,0.1,2.0,0.0,0.0,0.0,0.0,0.0,Defender,
Carmona,ESP,Getafe,es La Liga,21 years,14.6,29,1.99,19.0,3.0,0.0,4.0,1.0,2.0,2,0.14,1.0,1.0,0.0,0.0,0.0,0.0,Defender,Midfielder
Marco Carnesecchi,ITA,Atalanta,it Serie A,23 years,26.9,0,0.0,0.0,0.0,0.0,0.0,0.0,0.0,0,0.0,0.0,0.0,0.0,0.0,0.0,0.0,Goalkeeper,
Yannick Carrasco,BEL,Atlético Madrid,es La Liga,29 years,2.5,7,2.85,4.0,1.0,1.0,0.0,1.0,0.0,1,0.41,1.0,0.0,0.0,0.0,0.0,0.0,Defender,
Álvaro Carreras,ESP,Granada,es La Liga,20 years,5.3,17,3.21,12.0,1.0,0.0,2.0,1.0,1.0,1,0.19,0.0,0.0,0.0,0.0,0.0,1.0,Midfielder,Forward
Rasmus Carstensen,DEN,Köln,de Bundesliga,22 years,18.4,39,2.12,32.0,2.0,3.0,2.0,0.0,0.0,2,0.11,1.0,0.0,1.0,0.0,0.0,0.0,Defender,Forward
Antonin Cartillier,FRA,Monaco,fr Ligue 1,19 years,0.1,0,0.0,0.0,0.0,0.0,0.0,0.0,0.0,0,0.0,0.0,0.0,0.0,0.0,0.0,0.0,Defender,
Dani Carvajal,ESP,Real Madrid,es La Liga,31 years,24.1,44,1.82,41.0,0.0,1.0,0.0,2.0,0.0,7,0.29,6.0,0.0,0.0,0.0,1.0,0.0,Defender,
Fabio Carvalho,POR,RB Leipzig,de Bundesliga,20 years,1.8,4,2.18,3.0,0.0,0.0,1.0,0.0,0.0,0,0.0,0.0,0.0,0.0,0.0,0.0,0.0,Midfielder,
William Carvalho,POR,Betis,es La Liga,31 years,7.6,18,2.38,17.0,0.0,0.0,1.0,0.0,0.0,4,0.53,3.0,0.0,0.0,1.0,0.0,0.0,Midfielder,
Cesare Casadei,ITA,Chelsea,eng Premier League,20 years,0.9,4,4.62,2.0,0.0,0.0,0.0,1.0,1.0,0,0.0,0.0,0.0,0.0,0.0,0.0,0.0,Forward,Midfielder
Marc Casado,ESP,Barcelona,es La Liga,19 years,0.2,1,6.0,0.0,0.0,0.0,0.0,1.0,0.0,0,0.0,0.0,0.0,0.0,0.0,0.0,0.0,Midfielder,
Nicolò Casale,ITA,Lazio,it Serie A,25 years,17.3,12,0.69,9.0,0.0,0.0,3.0,0.0,0.0,1,0.06,0.0,0.0,0.0,1.0,0.0,0.0,Defender,
Casemiro,BRA,Manchester Utd,eng Premier League,31 years,22.0,41,1.86,35.0,2.0,0.0,3.0,1.0,0.0,4,0.18,4.0,0.0,0.0,0.0,0.0,0.0,Midfielder,Defender
Kaelan Casey,ENG,West Ham,eng Premier League,18 years,0.0,0,0.0,0.0,0.0,0.0,0.0,0.0,0.0,0,0.0,0.0,0.0,0.0,0.0,0.0,0.0,Defender,
Matty Cash,POL,Aston Villa,eng Premier League,25 years,23.8,44,1.85,34.0,1.0,0.0,6.0,2.0,1.0,8,0.34,7.0,0.0,0.0,0.0,1.0,0.0,Defender,
Josué Casimir,FRA,Le Havre,fr Ligue 1,21 years,22.4,52,2.32,42.0,0.0,4.0,2.0,4.0,0.0,7,0.31,5.0,0.0,1.0,0.0,1.0,0.0,Forward,Defender
Giuseppe Caso,ITA,Frosinone,it Serie A,24 years,4.6,12,2.59,5.0,1.0,2.0,1.0,3.0,0.0,2,0.43,0.0,1.0,0.0,0.0,1.0,0.0,Forward,Midfielder
Cristian Cásseres Jr.,VEN,Toulouse,fr Ligue 1,23 years,21.6,37,1.71,26.0,5.0,1.0,2.0,0.0,3.0,4,0.18,4.0,0.0,0.0,0.0,0.0,0.0,Midfielder,
Timothy Castagne,BEL,Fulham,eng Premier League,27 years,29.3,50,1.71,39.0,2.0,4.0,4.0,0.0,1.0,2,0.07,2.0,0.0,0.0,0.0,0.0,0.0,Defender,
Koen Casteels,BEL,Wolfsburg,de Bundesliga,31 years,25.0,6,0.24,6.0,0.0,0.0,0.0,0.0,0.0,1,0.04,1.0,0.0,0.0,0.0,0.0,0.0,Goalkeeper,
Valentín Castellanos,ARG,Lazio,it Serie A,24 years,18.7,48,2.57,37.0,0.0,2.0,4.0,5.0,0.0,11,0.59,8.0,0.0,1.0,2.0,0.0,0.0,Forward,
Jean-Charles Castelletto,CMR,Nantes,fr Ligue 1,28 years,27.4,25,0.91,23.0,0.0,1.0,0.0,1.0,0.0,1,0.04,1.0,0.0,0.0,0.0,0.0,0.0,Defender,
Samu Castillejo,ESP,Sassuolo,it Serie A,28 years,6.0,27,4.54,22.0,2.0,1.0,1.0,1.0,0.0,1,0.17,1.0,0.0,0.0,0.0,0.0,0.0,Forward,Midfielder
Jonny Castro,ESP,Wolves,eng Premier League,29 years,0.1,0,0.0,0.0,0.0,0.0,0.0,0.0,0.0,0,0.0,0.0,0.0,0.0,0.0,0.0,0.0,Midfielder,
Santiago Castro,ARG,Bologna,it Serie A,18 years,2.7,0,0.0,0.0,0.0,0.0,0.0,0.0,0.0,0,0.0,0.0,0.0,0.0,0.0,0.0,0.0,Forward,
Gaetano Castrovilli,ITA,Fiorentina,it Serie A,26 years,4.1,10,2.45,9.0,0.0,0.0,0.0,1.0,0.0,4,0.98,3.0,0.0,0.0,0.0,1.0,0.0,Forward,Midfielder
Danilo Cataldi,ITA,Lazio,it Serie A,28 years,15.1,23,1.52,15.0,6.0,2.0,0.0,0.0,0.0,1,0.07,1.0,0.0,0.0,0.0,0.0,0.0,Midfielder,
Catena,ESP,Osasuna,es La Liga,28 years,28.2,14,0.5,13.0,0.0,0.0,1.0,0.0,0.0,4,0.14,4.0,0.0,0.0,0.0,0.0,0.0,Defender,
Maximiliano Caufriez,BEL,Clermont Foot,fr Ligue 1,26 years,18.4,14,0.76,13.0,1.0,0.0,0.0,0.0,0.0,2,0.11,2.0,0.0,0.0,0.0,0.0,0.0,Defender,
Ivan Cavaleiro,POR,Lille,fr Ligue 1,29 years,8.6,18,2.1,12.0,3.0,1.0,1.0,1.0,0.0,1,0.12,1.0,0.0,0.0,0.0,0.0,0.0,Forward,
Dani Ceballos,ESP,Real Madrid,es La Liga,26 years,6.6,25,3.77,22.0,0.0,1.0,0.0,2.0,0.0,2,0.3,2.0,0.0,0.0,0.0,0.0,0.0,Midfielder,Forward
Emil Ceide,NOR,Sassuolo,it Serie A,21 years,2.0,7,3.6,5.0,0.0,1.0,1.0,0.0,0.0,0,0.0,0.0,0.0,0.0,0.0,0.0,0.0,Forward,Midfielder
Zeki Çelik,TUR,Roma,it Serie A,26 years,7.5,19,2.54,15.0,1.0,1.0,0.0,0.0,2.0,0,0.0,0.0,0.0,0.0,0.0,0.0,0.0,Defender,
Álex Centelles,ESP,Almería,es La Liga,25 years,10.9,27,2.48,22.0,3.0,0.0,0.0,2.0,0.0,2,0.18,2.0,0.0,0.0,0.0,0.0,0.0,Defender,
Fabien Centonze,FRA,Hellas Verona,it Serie A,27 years,7.5,16,2.13,10.0,5.0,1.0,0.0,0.0,0.0,2,0.27,1.0,1.0,0.0,0.0,0.0,0.0,Defender,
Fabien Centonze,FRA,Nantes,fr Ligue 1,27 years,1.0,0,0.0,0.0,0.0,0.0,0.0,0.0,0.0,0,0.0,0.0,0.0,0.0,0.0,0.0,0.0,Defender,
Václav Černý,CZE,Wolfsburg,de Bundesliga,25 years,10.2,32,3.12,30.0,1.0,1.0,0.0,0.0,0.0,4,0.39,4.0,0.0,0.0,0.0,0.0,0.0,Forward,Midfielder
Michele Cerofolini,ITA,Frosinone,it Serie A,24 years,7.5,1,0.13,0.0,1.0,0.0,0.0,0.0,0.0,0,0.0,0.0,0.0,0.0,0.0,0.0,0.0,Goalkeeper,
Alberto Cerri,ITA,Empoli,it Serie A,27 years,6.1,8,1.32,6.0,0.0,0.0,2.0,0.0,0.0,1,0.16,0.0,0.0,0.0,1.0,0.0,0.0,Forward,
Leonardo Cerri,ITA,Juventus,it Serie A,20 years,0.1,0,0.0,0.0,0.0,0.0,0.0,0.0,0.0,0,0.0,0.0,0.0,0.0,0.0,0.0,0.0,Defender,
Franco Cervi,ARG,Celta Vigo,es La Liga,29 years,6.1,18,2.98,13.0,0.0,0.0,3.0,1.0,1.0,3,0.5,2.0,0.0,0.0,1.0,0.0,0.0,Midfielder,Defender
Julian Chabot,GER,Köln,de Bundesliga,25 years,30.0,36,1.2,24.0,2.0,0.0,4.0,5.0,1.0,1,0.03,0.0,0.0,0.0,1.0,0.0,0.0,Defender,
El Chadaille Bitshiabu,FRA,RB Leipzig,de Bundesliga,18 years,0.4,0,0.0,0.0,0.0,0.0,0.0,0.0,0.0,0,0.0,0.0,0.0,0.0,0.0,0.0,0.0,Defender,Midfielder
Fares Chaïbi,ALG,Toulouse,fr Ligue 1,20 years,0.6,3,4.66,2.0,1.0,0.0,0.0,0.0,0.0,1,1.55,0.0,1.0,0.0,0.0,0.0,0.0,Forward,Midfielder
Fares Chaïbi,ALG,Eintracht Frankfurt,de Bundesliga,20 years,21.2,81,3.81,45.0,29.0,0.0,6.0,1.0,0.0,10,0.47,8.0,0.0,0.0,2.0,0.0,0.0,Midfielder,Forward
Trevoh Chalobah,ENG,Chelsea,eng Premier League,24 years,10.6,5,0.47,5.0,0.0,0.0,0.0,0.0,0.0,1,0.09,1.0,0.0,0.0,0.0,0.0,0.0,Defender,
Muhammed Cham,AUT,Clermont Foot,fr Ligue 1,22 years,28.4,119,4.2,71.0,27.0,3.0,8.0,10.0,0.0,9,0.32,4.0,3.0,0.0,2.0,0.0,0.0,Midfielder,Forward
Calum Chambers,ENG,Aston Villa,eng Premier League,28 years,1.7,1,0.6,1.0,0.0,0.0,0.0,0.0,0.0,0,0.0,0.0,0.0,0.0,0.0,0.0,0.0,Midfielder,Defender
Timothy Chandler,USA,Eintracht Frankfurt,de Bundesliga,33 years,0.2,3,14.21,3.0,0.0,0.0,0.0,0.0,0.0,0,0.0,0.0,0.0,0.0,0.0,0.0,0.0,Midfielder,Defender
Brendan Chardonnet,FRA,Brest,fr Ligue 1,28 years,33.0,28,0.85,24.0,1.0,0.0,2.0,1.0,0.0,4,0.12,2.0,0.0,0.0,1.0,1.0,0.0,Defender,
Charlys,BRA,Hellas Verona,it Serie A,19 years,0.3,4,14.4,3.0,0.0,0.0,0.0,0.0,1.0,0,0.0,0.0,0.0,0.0,0.0,0.0,0.0,Midfielder,
Pep Chavarría,ESP,Rayo Vallecano,es La Liga,25 years,13.0,35,2.7,27.0,1.0,1.0,2.0,4.0,0.0,1,0.08,1.0,0.0,0.0,0.0,0.0,0.0,Defender,Midfielder
Jhoanner Chávez,ECU,Lens,fr Ligue 1,21 years,5.3,9,1.68,8.0,0.0,0.0,1.0,0.0,0.0,0,0.0,0.0,0.0,0.0,0.0,0.0,0.0,Defender,
Walid Cheddira,MAR,Frosinone,it Serie A,25 years,23.6,38,1.61,24.0,0.0,1.0,5.0,8.0,0.0,6,0.25,4.0,0.0,0.0,1.0,1.0,0.0,Forward,
Rayan Cherki,FRA,Lyon,fr Ligue 1,19 years,19.1,106,5.55,52.0,23.0,21.0,7.0,2.0,1.0,14,0.73,9.0,2.0,1.0,2.0,0.0,0.0,Midfielder,Forward
Youssef Chermiti,POR,Everton,eng Premier League,19 years,2.3,7,3.03,5.0,0.0,1.0,1.0,0.0,0.0,0,0.0,0.0,0.0,0.0,0.0,0.0,0.0,Forward,
Lucas Chevalier,FRA,Lille,fr Ligue 1,21 years,33.0,5,0.15,5.0,0.0,0.0,0.0,0.0,0.0,1,0.03,1.0,0.0,0.0,0.0,0.0,0.0,Goalkeeper,
Fabio Chiarodia,ITA,Gladbach,de Bundesliga,18 years,1.7,1,0.59,1.0,0.0,0.0,0.0,0.0,0.0,0,0.0,0.0,0.0,0.0,0.0,0.0,0.0,Defender,
Federico Chiesa,ITA,Juventus,it Serie A,25 years,24.4,117,4.79,70.0,17.0,14.0,7.0,8.0,1.0,9,0.37,5.0,0.0,2.0,0.0,2.0,0.0,Forward,
Ben Chilwell,ENG,Chelsea,eng Premier League,26 years,8.4,22,2.62,11.0,8.0,0.0,1.0,2.0,0.0,2,0.24,1.0,0.0,0.0,1.0,0.0,0.0,Defender,
Tawanda Chirewa,ZIM,Wolves,eng Premier League,19 years,1.6,3,1.86,3.0,0.0,0.0,0.0,0.0,0.0,0,0.0,0.0,0.0,0.0,0.0,0.0,0.0,Midfielder,Forward
Pedro Chirivella,ESP,Nantes,fr Ligue 1,26 years,28.8,69,2.39,61.0,3.0,0.0,3.0,0.0,2.0,4,0.14,4.0,0.0,0.0,0.0,0.0,0.0,Midfielder,
Leon Chiwome,ENG,Wolves,eng Premier League,17 years,1.9,1,0.52,1.0,0.0,0.0,0.0,0.0,0.0,0,0.0,0.0,0.0,0.0,0.0,0.0,0.0,Forward,
Tahith Chong,NED,Luton Town,eng Premier League,23 years,22.0,49,2.22,31.0,0.0,3.0,2.0,11.0,2.0,4,0.18,2.0,0.0,0.0,2.0,0.0,0.0,Midfielder,Forward
Joris Chotard,FRA,Montpellier,fr Ligue 1,21 years,28.7,46,1.6,38.0,2.0,0.0,2.0,2.0,2.0,4,0.14,4.0,0.0,0.0,0.0,0.0,0.0,Midfielder,
Andreas Christensen,DEN,Barcelona,es La Liga,27 years,22.0,28,1.27,25.0,0.0,0.0,2.0,0.0,1.0,3,0.14,2.0,0.0,0.0,1.0,0.0,0.0,Defender,Midfielder
Jacob Christensen,DEN,Köln,de Bundesliga,22 years,2.4,6,2.45,5.0,0.0,1.0,0.0,0.0,0.0,0,0.0,0.0,0.0,0.0,0.0,0.0,0.0,Midfielder,
Oliver Christensen,DEN,Fiorentina,it Serie A,24 years,4.0,0,0.0,0.0,0.0,0.0,0.0,0.0,0.0,0,0.0,0.0,0.0,0.0,0.0,0.0,0.0,Goalkeeper,
Ryan Christie,SCO,Bournemouth,eng Premier League,28 years,32.3,117,3.62,88.0,8.0,7.0,5.0,6.0,3.0,6,0.19,5.0,1.0,0.0,0.0,0.0,0.0,Midfielder,
Carney Chukwuemeka,ENG,Chelsea,eng Premier League,19 years,2.5,9,3.57,7.0,0.0,1.0,1.0,0.0,0.0,4,1.59,2.0,0.0,1.0,1.0,0.0,0.0,Midfielder,Forward
Samuel Chukwueze,NGA,Milan,it Serie A,24 years,11.3,48,4.25,32.0,0.0,9.0,5.0,2.0,0.0,7,0.62,5.0,0.0,1.0,1.0,0.0,0.0,Forward,
Chumi,ESP,Almería,es La Liga,24 years,27.0,21,0.78,18.0,1.0,0.0,1.0,0.0,1.0,1,0.04,1.0,0.0,0.0,0.0,0.0,0.0,Defender,
Víctor Chust,ESP,Cádiz,es La Liga,23 years,20.7,16,0.77,15.0,0.0,0.0,1.0,0.0,0.0,1,0.05,1.0,0.0,0.0,0.0,0.0,0.0,Defender,
Pathé Ciss,SEN,Rayo Vallecano,es La Liga,29 years,18.5,29,1.57,17.0,0.0,3.0,1.0,5.0,3.0,2,0.11,1.0,0.0,0.0,0.0,1.0,0.0,Midfielder,
Alphadjo Cissè,ITA,Hellas Verona,it Serie A,16 years,0.1,0,0.0,0.0,0.0,0.0,0.0,0.0,0.0,0,0.0,0.0,0.0,0.0,0.0,0.0,0.0,Forward,
Djaoui Cissé,FRA,Rennes,fr Ligue 1,19 years,0.0,0,0.0,0.0,0.0,0.0,0.0,0.0,0.0,0,0.0,0.0,0.0,0.0,0.0,0.0,0.0,Midfielder,
Ibrahim Cissoko,NED,Toulouse,fr Ligue 1,20 years,2.7,15,5.58,9.0,0.0,5.0,0.0,0.0,1.0,1,0.37,1.0,0.0,0.0,0.0,0.0,0.0,Forward,Midfielder
Giorgio Cittadini,ITA,Monza,it Serie A,21 years,0.2,0,0.0,0.0,0.0,0.0,0.0,0.0,0.0,0,0.0,0.0,0.0,0.0,0.0,0.0,0.0,Defender,
Giorgio Cittadini,ITA,Genoa,it Serie A,21 years,1.2,2,1.7,0.0,0.0,0.0,0.0,1.0,1.0,0,0.0,0.0,0.0,0.0,0.0,0.0,0.0,Defender,
Patrick Ciurria,ITA,Monza,it Serie A,28 years,17.8,53,2.98,43.0,4.0,2.0,2.0,1.0,1.0,3,0.17,2.0,0.0,0.0,1.0,0.0,0.0,Defender,Midfielder
Bobby Clark,ENG,Liverpool,eng Premier League,18 years,1.0,1,1.01,0.0,0.0,0.0,1.0,0.0,0.0,0,0.0,0.0,0.0,0.0,0.0,0.0,0.0,Midfielder,
Jordan Clark,ENG,Luton Town,eng Premier League,29 years,14.5,29,2.0,23.0,0.0,2.0,3.0,1.0,0.0,1,0.07,1.0,0.0,0.0,0.0,0.0,0.0,Midfielder,
Alexis Claude-Maurice,FRA,Nice,fr Ligue 1,25 years,5.6,14,2.5,9.0,3.0,0.0,1.0,1.0,0.0,0,0.0,0.0,0.0,0.0,0.0,0.0,0.0,Midfielder,
Jonathan Clauss,FRA,Marseille,fr Ligue 1,30 years,23.0,76,3.31,53.0,16.0,1.0,3.0,2.0,1.0,5,0.22,4.0,1.0,0.0,0.0,0.0,0.0,Defender,
Silvi Clúa,ESP,Girona,es La Liga,18 years,0.0,0,0.0,0.0,0.0,0.0,0.0,0.0,0.0,0,0.0,0.0,0.0,0.0,0.0,0.0,0.0,Midfielder,
Nathaniel Clyne,ENG,Crystal Palace,eng Premier League,32 years,14.9,8,0.54,6.0,0.0,0.0,1.0,0.0,1.0,1,0.07,0.0,0.0,0.0,1.0,0.0,0.0,Defender,
Marcus Coco,FRA,Nantes,fr Ligue 1,27 years,16.5,30,1.82,26.0,0.0,1.0,1.0,2.0,0.0,2,0.12,1.0,0.0,0.0,1.0,0.0,0.0,Defender,Forward
Saúl Coco,EQG,Las Palmas,es La Liga,24 years,25.5,6,0.24,5.0,0.0,0.0,1.0,0.0,0.0,0,0.0,0.0,0.0,0.0,0.0,0.0,0.0,Defender,
Séamus Coleman,IRL,Everton,eng Premier League,34 years,7.4,6,0.81,5.0,0.0,1.0,0.0,0.0,0.0,0,0.0,0.0,0.0,0.0,0.0,0.0,0.0,Defender,
Maxime Colin,FRA,Metz,fr Ligue 1,31 years,20.4,24,1.18,16.0,4.0,1.0,1.0,1.0,1.0,1,0.05,0.0,0.0,0.0,0.0,1.0,0.0,Defender,
Nathan Collins,IRL,Brentford,eng Premier League,22 years,29.5,24,0.81,22.0,0.0,0.0,1.0,0.0,1.0,2,0.07,2.0,0.0,0.0,0.0,0.0,0.0,Defender,
Nnamdi Collins,GER,Eintracht Frankfurt,de Bundesliga,19 years,1.0,1,1.0,0.0,1.0,0.0,0.0,0.0,0.0,0,0.0,0.0,0.0,0.0,0.0,0.0,0.0,Defender,
Lorenzo Colombo,ITA,Monza,it Serie A,21 years,15.1,28,1.85,19.0,0.0,4.0,3.0,2.0,0.0,6,0.4,4.0,0.0,2.0,0.0,0.0,0.0,Forward,
Andrea Colpani,ITA,Monza,it Serie A,24 years,29.5,120,4.06,79.0,20.0,8.0,5.0,7.0,1.0,10,0.34,8.0,0.0,2.0,0.0,0.0,0.0,Midfielder,Forward
Levi Colwill,ENG,Chelsea,eng Premier League,20 years,20.0,27,1.35,21.0,1.0,1.0,4.0,0.0,0.0,3,0.15,3.0,0.0,0.0,0.0,0.0,0.0,Defender,
Kingsley Coman,FRA,Bayern Munich,de Bundesliga,27 years,12.4,63,5.09,50.0,0.0,6.0,4.0,3.0,0.0,7,0.57,6.0,0.0,0.0,1.0,0.0,0.0,Forward,
Eray Cömert,SUI,Nantes,fr Ligue 1,25 years,22.2,16,0.72,11.0,0.0,0.0,2.0,1.0,2.0,1,0.05,0.0,0.0,0.0,1.0,0.0,0.0,Defender,
Santi Comesaña,ESP,Villarreal,es La Liga,26 years,18.4,37,2.02,31.0,1.0,0.0,3.0,1.0,1.0,3,0.16,2.0,0.0,0.0,1.0,0.0,0.0,Midfielder,
Pietro Comuzzo,ITA,Fiorentina,it Serie A,18 years,0.5,0,0.0,0.0,0.0,0.0,0.0,0.0,0.0,0,0.0,0.0,0.0,0.0,0.0,0.0,0.0,Defender,Forward
Alois Confais,FRA,Le Havre,fr Ligue 1,26 years,0.1,0,0.0,0.0,0.0,0.0,0.0,0.0,0.0,0,0.0,0.0,0.0,0.0,0.0,0.0,0.0,Midfielder,Forward
Andrea Consigli,ITA,Sassuolo,it Serie A,36 years,35.0,4,0.11,3.0,1.0,0.0,0.0,0.0,0.0,0,0.0,0.0,0.0,0.0,0.0,0.0,0.0,Goalkeeper,
Bambasé Conté,GER,Hoffenheim,de Bundesliga,20 years,0.5,1,1.87,1.0,0.0,0.0,0.0,0.0,0.0,0,0.0,0.0,0.0,0.0,0.0,0.0,0.0,Midfielder,Forward
Nikita Contini Baranovsky,ITA,Napoli,it Serie A,27 years,0.2,1,5.29,1.0,0.0,0.0,0.0,0.0,0.0,0,0.0,0.0,0.0,0.0,0.0,0.0,0.0,Goalkeeper,
Lewis Cook,ENG,Bournemouth,eng Premier League,26 years,31.0,77,2.49,48.0,22.0,2.0,2.0,0.0,3.0,4,0.13,3.0,0.0,0.0,0.0,0.0,1.0,Midfielder,
Copete,ESP,Mallorca,es La Liga,23 years,14.8,8,0.54,6.0,0.0,0.0,1.0,0.0,1.0,0,0.0,0.0,0.0,0.0,0.0,0.0,0.0,Defender,
Diego Coppola,ITA,Hellas Verona,it Serie A,19 years,18.2,8,0.44,8.0,0.0,0.0,0.0,0.0,0.0,0,0.0,0.0,0.0,0.0,0.0,0.0,0.0,Defender,
Francis Coquelin,FRA,Villarreal,es La Liga,32 years,10.1,16,1.58,12.0,0.0,0.0,0.0,1.0,3.0,0,0.0,0.0,0.0,0.0,0.0,0.0,0.0,Midfielder,
Tommaso Corazza,ITA,Bologna,it Serie A,19 years,2.2,3,1.38,2.0,0.0,0.0,0.0,1.0,0.0,0,0.0,0.0,0.0,0.0,0.0,0.0,0.0,Defender,
Theo Corbeanu,CAN,Granada,es La Liga,21 years,2.0,4,1.8,2.0,1.0,0.0,1.0,0.0,0.0,1,0.45,1.0,0.0,0.0,0.0,0.0,0.0,Midfielder,Forward
Jeppe Corfitzen,DEN,Lecce,it Serie A,18 years,0.1,0,0.0,0.0,0.0,0.0,0.0,0.0,0.0,0,0.0,0.0,0.0,0.0,0.0,0.0,0.0,Forward,
Jack Cork,ENG,Burnley,eng Premier League,34 years,0.3,1,3.33,1.0,0.0,0.0,0.0,0.0,0.0,0,0.0,0.0,0.0,0.0,0.0,0.0,0.0,Midfielder,
Maxwel Cornet,CIV,West Ham,eng Premier League,26 years,1.2,5,4.02,4.0,0.0,0.0,1.0,0.0,0.0,0,0.0,0.0,0.0,0.0,0.0,0.0,0.0,Midfielder,Forward
Giacomo Corona,ITA,Empoli,it Serie A,19 years,0.1,0,0.0,0.0,0.0,0.0,0.0,0.0,0.0,0,0.0,0.0,0.0,0.0,0.0,0.0,0.0,Forward,
Jesús Corona,MEX,Sevilla,es La Liga,30 years,0.2,0,0.0,0.0,0.0,0.0,0.0,0.0,0.0,0,0.0,0.0,0.0,0.0,0.0,0.0,0.0,Midfielder,Defender
Ángel Correa,ARG,Atlético Madrid,es La Liga,28 years,17.0,68,4.0,48.0,2.0,11.0,3.0,2.0,2.0,11,0.65,8.0,0.0,2.0,0.0,0.0,1.0,Forward,Midfielder
Joaquín Correa,ARG,Marseille,fr Ligue 1,28 years,4.8,12,2.51,9.0,0.0,2.0,0.0,1.0,0.0,1,0.21,1.0,0.0,0.0,0.0,0.0,0.0,Forward,Midfielder
Thierry Correia,POR,Valencia,es La Liga,24 years,23.9,51,2.13,38.0,6.0,3.0,1.0,3.0,0.0,7,0.29,3.0,2.0,0.0,1.0,1.0,0.0,Defender,
Oscar Cortés,COL,Lens,fr Ligue 1,19 years,0.5,1,2.05,1.0,0.0,0.0,0.0,0.0,0.0,0,0.0,0.0,0.0,0.0,0.0,0.0,0.0,Forward,Midfielder
Danny da Costa,GER,Mainz 05,de Bundesliga,30 years,9.2,18,1.95,13.0,3.0,2.0,0.0,0.0,0.0,1,0.11,1.0,0.0,0.0,0.0,0.0,0.0,Defender,
David Costa,POR,Lens,fr Ligue 1,22 years,16.6,55,3.32,30.0,12.0,5.0,4.0,4.0,0.0,6,0.36,4.0,0.0,0.0,1.0,1.0,0.0,Midfielder,
Jaume Costa,ESP,Mallorca,es La Liga,35 years,18.7,42,2.25,33.0,5.0,1.0,0.0,3.0,0.0,2,0.11,2.0,0.0,0.0,0.0,0.0,0.0,Defender,
João Costa,BRA,Roma,it Serie A,18 years,0.2,2,12.86,2.0,0.0,0.0,0.0,0.0,0.0,0,0.0,0.0,0.0,0.0,0.0,0.0,0.0,Midfielder,Forward
Logan Costa,CPV,Toulouse,fr Ligue 1,22 years,29.4,21,0.71,21.0,0.0,0.0,0.0,0.0,0.0,2,0.07,2.0,0.0,0.0,0.0,0.0,0.0,Defender,
Samu Costa,POR,Mallorca,es La Liga,22 years,25.6,47,1.84,42.0,3.0,1.0,1.0,0.0,0.0,3,0.12,3.0,0.0,0.0,0.0,0.0,0.0,Midfielder,
Benoît Costil,FRA,Salernitana,it Serie A,36 years,13.0,4,0.31,4.0,0.0,0.0,0.0,0.0,0.0,0,0.0,0.0,0.0,0.0,0.0,0.0,0.0,Goalkeeper,
Grégoire Coudert,FRA,Brest,fr Ligue 1,24 years,2.0,1,0.5,0.0,1.0,0.0,0.0,0.0,0.0,0,0.0,0.0,0.0,0.0,0.0,0.0,0.0,Goalkeeper,
Vladimír Coufal,CZE,West Ham,eng Premier League,30 years,34.8,77,2.21,50.0,18.0,3.0,2.0,3.0,1.0,12,0.34,12.0,0.0,0.0,0.0,0.0,0.0,Defender,
Lassana Coulibaly,MLI,Salernitana,it Serie A,27 years,23.1,40,1.73,35.0,0.0,0.0,1.0,2.0,2.0,0,0.0,0.0,0.0,0.0,0.0,0.0,0.0,Midfielder,
Mamadou Coulibaly,SEN,Salernitana,it Serie A,24 years,0.0,0,0.0,0.0,0.0,0.0,0.0,0.0,0.0,0,0.0,0.0,0.0,0.0,0.0,0.0,0.0,Defender,
Mamadou Coulibaly,FRA,Monaco,fr Ligue 1,19 years,1.3,5,3.81,4.0,0.0,0.0,1.0,0.0,0.0,0,0.0,0.0,0.0,0.0,0.0,0.0,0.0,Midfielder,
Tanguy Coulibaly,FRA,Montpellier,fr Ligue 1,22 years,6.9,20,2.89,13.0,0.0,3.0,2.0,2.0,0.0,3,0.43,1.0,0.0,0.0,1.0,1.0,0.0,Forward,Midfielder
Thibaut Courtois,BEL,Real Madrid,es La Liga,31 years,3.7,1,0.27,1.0,0.0,0.0,0.0,0.0,0.0,0,0.0,0.0,0.0,0.0,0.0,0.0,0.0,Goalkeeper,
Philippe Coutinho,BRA,Aston Villa,eng Premier League,31 years,0.3,2,7.2,1.0,0.0,1.0,0.0,0.0,0.0,0,0.0,0.0,0.0,0.0,0.0,0.0,0.0,Midfielder,Forward
Yan Couto,BRA,Girona,es La Liga,21 years,24.9,56,2.24,44.0,1.0,5.0,2.0,4.0,0.0,14,0.56,9.0,0.0,1.0,1.0,3.0,0.0,Defender,Forward
Nicolas Cozza,FRA,Nantes,fr Ligue 1,24 years,9.9,15,1.51,9.0,0.0,1.0,0.0,5.0,0.0,0,0.0,0.0,0.0,0.0,0.0,0.0,0.0,Defender,
Nicolas Cozza,FRA,Wolfsburg,de Bundesliga,24 years,3.1,4,1.3,3.0,0.0,1.0,0.0,0.0,0.0,0,0.0,0.0,0.0,0.0,0.0,0.0,0.0,Defender,
Alessio Cragno,ITA,Sassuolo,it Serie A,29 years,3.0,0,0.0,0.0,0.0,0.0,0.0,0.0,0.0,0,0.0,0.0,0.0,0.0,0.0,0.0,0.0,Goalkeeper,
Crespo,POR,Rayo Vallecano,es La Liga,26 years,5.9,10,1.71,7.0,0.0,0.0,0.0,1.0,2.0,0,0.0,0.0,0.0,0.0,0.0,0.0,0.0,Midfielder,
Aaron Cresswell,ENG,West Ham,eng Premier League,33 years,4.8,12,2.48,7.0,3.0,0.0,0.0,2.0,0.0,1,0.21,1.0,0.0,0.0,0.0,0.0,0.0,Defender,Forward
Bryan Cristante,ITA,Roma,it Serie A,28 years,36.5,82,2.24,69.0,0.0,0.0,9.0,4.0,0.0,16,0.44,9.0,0.0,0.0,6.0,1.0,0.0,Midfielder,Defender
Cristian,ESP,Valencia,es La Liga,25 years,0.6,0,0.0,0.0,0.0,0.0,0.0,0.0,0.0,0,0.0,0.0,0.0,0.0,0.0,0.0,0.0,Goalkeeper,
Juan Cruz Armada,ESP,Osasuna,es La Liga,31 years,18.5,12,0.65,10.0,2.0,0.0,0.0,0.0,0.0,1,0.05,1.0,0.0,0.0,0.0,0.0,0.0,Defender,
Juan Cruz,ARG,Hellas Verona,it Serie A,24 years,1.2,3,2.48,2.0,0.0,0.0,0.0,0.0,1.0,0,0.0,0.0,0.0,0.0,0.0,0.0,0.0,Forward,Midfielder
Juan Cruz,ESP,Betis,es La Liga,23 years,0.8,5,5.92,3.0,0.0,2.0,0.0,0.0,0.0,0,0.0,0.0,0.0,0.0,0.0,0.0,0.0,Forward,
Juan Cuadrado,COL,Inter,it Serie A,35 years,3.0,13,4.38,11.0,1.0,0.0,1.0,0.0,0.0,3,1.01,3.0,0.0,0.0,0.0,0.0,0.0,Defender,
Pau Cubarsí,ESP,Barcelona,es La Liga,16 years,17.3,17,0.98,17.0,0.0,0.0,0.0,0.0,0.0,1,0.06,1.0,0.0,0.0,0.0,0.0,0.0,Defender,
Marc Cucurella,ESP,Chelsea,eng Premier League,25 years,19.8,35,1.77,28.0,1.0,1.0,1.0,4.0,0.0,3,0.15,2.0,0.0,0.0,0.0,1.0,0.0,Defender,
Iván Cuéllar,ESP,Mallorca,es La Liga,39 years,1.0,0,0.0,0.0,0.0,0.0,0.0,0.0,0.0,0,0.0,0.0,0.0,0.0,0.0,0.0,0.0,Goalkeeper,
Jorge Cuenca,ESP,Villarreal,es La Liga,23 years,21.8,15,0.69,12.0,0.0,2.0,0.0,0.0,1.0,2,0.09,2.0,0.0,0.0,0.0,0.0,0.0,Defender,
Josh Cullen,IRL,Burnley,eng Premier League,27 years,22.9,66,2.89,56.0,6.0,0.0,1.0,2.0,1.0,8,0.35,6.0,2.0,0.0,0.0,0.0,0.0,Midfielder,
Matheus Cunha,BRA,Wolves,eng Premier League,24 years,27.1,78,2.88,46.0,1.0,12.0,8.0,8.0,3.0,13,0.48,9.0,0.0,1.0,1.0,1.0,1.0,Forward,Midfielder
Marvin Cuni,ALB,Frosinone,it Serie A,22 years,5.9,17,2.88,11.0,0.0,1.0,1.0,3.0,1.0,1,0.17,0.0,0.0,0.0,0.0,1.0,0.0,Forward,
Eric Curbelo,ESP,Las Palmas,es La Liga,29 years,1.1,1,0.88,1.0,0.0,0.0,0.0,0.0,0.0,0,0.0,0.0,0.0,0.0,0.0,0.0,0.0,Defender,Midfielder
Sam Curtis,IRL,Sheffield Utd,eng Premier League,17 years,0.3,0,0.0,0.0,0.0,0.0,0.0,0.0,0.0,0,0.0,0.0,0.0,0.0,0.0,0.0,0.0,Defender,
Tomáš Čvančara,CZE,Gladbach,de Bundesliga,22 years,10.0,20,2.01,10.0,0.0,2.0,7.0,0.0,1.0,3,0.3,1.0,0.0,0.0,2.0,0.0,0.0,Forward,
Danilo D'Ambrosio,ITA,Monza,it Serie A,34 years,17.1,14,0.82,5.0,0.0,2.0,4.0,1.0,2.0,0,0.0,0.0,0.0,0.0,0.0,0.0,0.0,Defender,
Alberto Dadie,ESP,Real Sociedad,es La Liga,21 years,0.3,1,3.21,1.0,0.0,0.0,0.0,0.0,0.0,0,0.0,0.0,0.0,0.0,0.0,0.0,0.0,Midfielder,
Trévis Dago,CIV,Lille,fr Ligue 1,18 years,0.3,2,7.83,1.0,0.0,1.0,0.0,0.0,0.0,2,7.83,1.0,0.0,1.0,0.0,0.0,0.0,Forward,Midfielder
Finn Dahmen,GER,Augsburg,de Bundesliga,25 years,31.0,10,0.32,6.0,4.0,0.0,0.0,0.0,0.0,0,0.0,0.0,0.0,0.0,0.0,0.0,0.0,Goalkeeper,
Mahmoud Dahoud,GER,Brighton,eng Premier League,27 years,5.0,13,2.59,13.0,0.0,0.0,0.0,0.0,0.0,2,0.4,2.0,0.0,0.0,0.0,0.0,0.0,Midfielder,
Mahmoud Dahoud,GER,Stuttgart,de Bundesliga,27 years,2.5,11,4.36,10.0,1.0,0.0,0.0,0.0,0.0,1,0.4,1.0,0.0,0.0,0.0,0.0,0.0,Midfielder,
Ameen Al-Dakhil,BEL,Burnley,eng Premier League,21 years,11.7,8,0.68,5.0,0.0,1.0,2.0,0.0,0.0,1,0.09,1.0,0.0,0.0,0.0,0.0,0.0,Defender,
Thijs Dallinga,NED,Toulouse,fr Ligue 1,22 years,27.9,49,1.76,33.0,0.0,4.0,8.0,2.0,2.0,9,0.32,6.0,0.0,0.0,2.0,1.0,0.0,Forward,
Diogo Dalot,POR,Manchester Utd,eng Premier League,24 years,35.3,78,2.21,67.0,4.0,2.0,3.0,1.0,1.0,7,0.2,6.0,0.0,0.0,1.0,0.0,0.0,Defender,
Mikkel Damsgaard,DEN,Brentford,eng Premier League,23 years,9.4,26,2.78,18.0,3.0,0.0,3.0,1.0,1.0,5,0.54,3.0,0.0,0.0,1.0,1.0,0.0,Midfielder,
Flavius Daniliuc,AUT,Salernitana,it Serie A,22 years,8.3,10,1.21,9.0,0.0,0.0,0.0,0.0,1.0,0,0.0,0.0,0.0,0.0,0.0,0.0,0.0,Defender,
Danilo,BRA,Nottingham Forest,eng Premier League,22 years,19.9,48,2.41,34.0,5.0,4.0,4.0,1.0,0.0,4,0.2,4.0,0.0,0.0,0.0,0.0,0.0,Midfielder,
Danilo,BRA,Juventus,it Serie A,32 years,27.2,48,1.76,41.0,1.0,1.0,2.0,0.0,3.0,3,0.11,1.0,0.0,0.0,1.0,0.0,1.0,Defender,
Arnaut Danjuma,NED,Everton,eng Premier League,26 years,6.6,18,2.72,9.0,0.0,1.0,5.0,2.0,1.0,1,0.15,0.0,0.0,0.0,1.0,0.0,0.0,Midfielder,Forward
Jayden Danns,ENG,Liverpool,eng Premier League,17 years,0.1,0,0.0,0.0,0.0,0.0,0.0,0.0,0.0,0,0.0,0.0,0.0,0.0,0.0,0.0,0.0,Forward,
Kevin Danso,AUT,Lens,fr Ligue 1,24 years,29.5,32,1.08,27.0,0.0,0.0,3.0,1.0,1.0,3,0.1,3.0,0.0,0.0,0.0,0.0,0.0,Defender,
Dante,BRA,Nice,fr Ligue 1,39 years,31.6,51,1.61,49.0,0.0,0.0,2.0,0.0,0.0,6,0.19,6.0,0.0,0.0,0.0,0.0,0.0,Defender,
Raimane Daou,COM,Marseille,fr Ligue 1,18 years,0.3,0,0.0,0.0,0.0,0.0,0.0,0.0,0.0,0,0.0,0.0,0.0,0.0,0.0,0.0,0.0,Defender,Midfielder
Mohamed Daramy,DEN,Reims,fr Ligue 1,21 years,18.3,59,3.22,43.0,0.0,9.0,3.0,4.0,0.0,8,0.44,7.0,0.0,1.0,0.0,0.0,0.0,Forward,Midfielder
Sergi Darder,ESP,Mallorca,es La Liga,29 years,24.0,91,3.8,53.0,29.0,1.0,3.0,4.0,1.0,7,0.29,3.0,4.0,0.0,0.0,0.0,0.0,Midfielder,
Achraf Dari,MAR,Brest,fr Ligue 1,24 years,1.3,1,0.74,1.0,0.0,0.0,0.0,0.0,0.0,0,0.0,0.0,0.0,0.0,0.0,0.0,0.0,Defender,Forward
Matteo Darmian,ITA,Inter,it Serie A,33 years,26.7,55,2.06,45.0,6.0,0.0,2.0,2.0,0.0,3,0.11,2.0,0.0,0.0,0.0,1.0,0.0,Defender,
Lukas Daschner,GER,Bochum,de Bundesliga,24 years,6.0,20,3.35,15.0,1.0,1.0,1.0,2.0,0.0,2,0.33,2.0,0.0,0.0,0.0,0.0,0.0,Midfielder,Forward
Josh Dasilva,ENG,Brentford,eng Premier League,24 years,0.3,1,3.75,1.0,0.0,0.0,0.0,0.0,0.0,0,0.0,0.0,0.0,0.0,0.0,0.0,0.0,Defender,Forward
David Datro Fofana,CIV,Burnley,eng Premier League,20 years,9.8,18,1.84,8.0,0.0,4.0,4.0,1.0,1.0,2,0.2,0.0,0.0,2.0,0.0,0.0,0.0,Forward,
David Datro Fofana,CIV,Union Berlin,de Bundesliga,20 years,7.6,28,3.7,14.0,1.0,6.0,7.0,0.0,0.0,2,0.26,2.0,0.0,0.0,0.0,0.0,0.0,Forward,Midfielder
Juan David Cabal,COL,Hellas Verona,it Serie A,22 years,16.6,40,2.41,28.0,3.0,1.0,2.0,2.0,4.0,2,0.12,1.0,0.0,0.0,0.0,0.0,1.0,Defender,
Jonathan David,CAN,Lille,fr Ligue 1,23 years,29.2,77,2.64,58.0,1.0,3.0,9.0,6.0,0.0,9,0.31,3.0,0.0,1.0,3.0,2.0,0.0,Forward,
Alphonso Davies,CAN,Bayern Munich,de Bundesliga,22 years,22.9,76,3.31,63.0,1.0,7.0,1.0,2.0,2.0,14,0.61,10.0,1.0,2.0,0.0,1.0,0.0,Defender,
Ben Davies,WAL,Tottenham,eng Premier League,30 years,12.1,15,1.24,14.0,0.0,0.0,0.0,1.0,0.0,2,0.17,1.0,0.0,0.0,0.0,1.0,0.0,Defender,
Tom Davies,ENG,Sheffield Utd,eng Premier League,25 years,2.5,6,2.44,4.0,0.0,0.0,1.0,0.0,1.0,1,0.41,0.0,0.0,0.0,0.0,0.0,1.0,Midfielder,
Keinan Davis,ENG,Udinese,it Serie A,25 years,2.1,11,5.32,8.0,0.0,0.0,3.0,0.0,0.0,1,0.48,0.0,0.0,0.0,1.0,0.0,0.0,Forward,Midfielder
Paweł Dawidowicz,POL,Hellas Verona,it Serie A,28 years,23.8,11,0.46,8.0,1.0,0.0,2.0,0.0,0.0,1,0.04,0.0,0.0,0.0,1.0,0.0,0.0,Defender,
Craig Dawson,ENG,Wolves,eng Premier League,33 years,24.5,12,0.49,8.0,0.0,0.0,3.0,0.0,1.0,1,0.04,0.0,0.0,0.0,1.0,0.0,0.0,Defender,
Kevin De Bruyne,BEL,Manchester City,eng Premier League,32 years,13.6,100,7.36,73.0,17.0,2.0,5.0,3.0,0.0,16,1.18,12.0,3.0,0.0,0.0,1.0,0.0,Midfielder,
Bobby De Cordova-Reid,JAM,Fulham,eng Premier League,30 years,15.8,35,2.17,29.0,0.0,1.0,3.0,0.0,2.0,4,0.25,3.0,0.0,0.0,0.0,0.0,1.0,Forward,
Charles De Ketelaere,BEL,Atalanta,it Serie A,22 years,22.5,93,4.13,70.0,2.0,8.0,2.0,8.0,3.0,10,0.44,10.0,0.0,0.0,0.0,0.0,0.0,Forward,Midfielder
Rodrigo De Paul,ARG,Atlético Madrid,es La Liga,29 years,23.1,82,3.55,71.0,3.0,2.0,3.0,3.0,0.0,12,0.52,10.0,0.0,0.0,2.0,0.0,0.0,Midfielder,
Mattia De Sciglio,ITA,Juventus,it Serie A,30 years,0.5,1,2.0,1.0,0.0,0.0,0.0,0.0,0.0,0,0.0,0.0,0.0,0.0,0.0,0.0,0.0,Defender,
Lorenzo De Silvestri,ITA,Bologna,it Serie A,35 years,7.5,4,0.53,4.0,0.0,0.0,0.0,0.0,0.0,1,0.13,1.0,0.0,0.0,0.0,0.0,0.0,Defender,
Thibault De Smet,BEL,Reims,fr Ligue 1,25 years,20.3,23,1.13,18.0,1.0,2.0,1.0,1.0,0.0,1,0.05,0.0,0.0,0.0,0.0,1.0,0.0,Defender,
Koni De Winter,BEL,Genoa,it Serie A,21 years,26.4,24,0.91,20.0,1.0,0.0,2.0,0.0,1.0,3,0.11,1.0,0.0,0.0,2.0,0.0,0.0,Defender,
Grégoire Defrel,MTQ,Sassuolo,it Serie A,32 years,8.4,19,2.26,16.0,1.0,0.0,2.0,0.0,0.0,2,0.24,2.0,0.0,0.0,0.0,0.0,0.0,Forward,Midfielder
Alessandro Deiola,ITA,Cagliari,it Serie A,27 years,17.9,28,1.57,23.0,1.0,0.0,3.0,0.0,1.0,0,0.0,0.0,0.0,0.0,0.0,0.0,0.0,Midfielder,
Romain Del Castillo,FRA,Brest,fr Ligue 1,27 years,27.7,166,5.98,101.0,38.0,9.0,4.0,12.0,2.0,14,0.5,9.0,4.0,0.0,1.0,0.0,0.0,Forward,
Thomas Delaine,FRA,Strasbourg,fr Ligue 1,31 years,22.7,49,2.16,34.0,8.0,4.0,1.0,2.0,0.0,6,0.26,1.0,2.0,1.0,0.0,2.0,0.0,Defender,Midfielder
Sacha Delaye,FRA,Montpellier,fr Ligue 1,21 years,1.4,6,4.15,5.0,0.0,1.0,0.0,0.0,0.0,0,0.0,0.0,0.0,0.0,0.0,0.0,0.0,Midfielder,Forward
Hannes Delcroix,BEL,Burnley,eng Premier League,24 years,6.5,7,1.07,7.0,0.0,0.0,0.0,0.0,0.0,0,0.0,0.0,0.0,0.0,0.0,0.0,0.0,Defender,
Alessandro Dellavalle,ITA,Torino,it Serie A,19 years,0.2,1,6.0,1.0,0.0,0.0,0.0,0.0,0.0,1,6.0,1.0,0.0,0.0,0.0,0.0,0.0,Defender,
Olivier Deman,BEL,Werder Bremen,de Bundesliga,23 years,15.2,35,2.31,25.0,3.0,2.0,2.0,2.0,1.0,1,0.07,1.0,0.0,0.0,0.0,0.0,0.0,Defender,
Karamoko Dembélé,ENG,Brest,fr Ligue 1,20 years,0.2,1,5.29,1.0,0.0,0.0,0.0,0.0,0.0,0,0.0,0.0,0.0,0.0,0.0,0.0,0.0,Midfielder,Forward
Ousmane Dembélé,FRA,Paris S-G,fr Ligue 1,26 years,16.7,118,7.05,86.0,9.0,12.0,6.0,3.0,2.0,19,1.14,16.0,0.0,1.0,1.0,1.0,0.0,Midfielder,Forward
Jessy Deminguet,FRA,Strasbourg,fr Ligue 1,25 years,7.7,8,1.04,7.0,0.0,0.0,0.0,1.0,0.0,0,0.0,0.0,0.0,0.0,0.0,0.0,0.0,Midfielder,Forward
Ermedin Demirović,BIH,Augsburg,de Bundesliga,25 years,31.9,72,2.26,49.0,0.0,9.0,8.0,6.0,0.0,14,0.44,11.0,0.0,2.0,0.0,1.0,0.0,Forward,Midfielder
Diego Demme,GER,Napoli,it Serie A,31 years,0.8,0,0.0,0.0,0.0,0.0,0.0,0.0,0.0,0,0.0,0.0,0.0,0.0,0.0,0.0,0.0,Midfielder,
Sepp van den Berg,NED,Mainz 05,de Bundesliga,21 years,31.5,23,0.73,15.0,1.0,1.0,5.0,1.0,0.0,1,0.03,0.0,0.0,0.0,1.0,0.0,0.0,Defender,
Leander Dendoncker,BEL,Aston Villa,eng Premier League,28 years,1.3,2,1.51,1.0,0.0,0.0,0.0,1.0,0.0,1,0.76,0.0,0.0,0.0,0.0,1.0,0.0,Midfielder,
Leander Dendoncker,BEL,Napoli,it Serie A,28 years,0.3,0,0.0,0.0,0.0,0.0,0.0,0.0,0.0,0,0.0,0.0,0.0,0.0,0.0,0.0,0.0,Midfielder,
Rémy Descamps,FRA,Nantes,fr Ligue 1,27 years,6.0,0,0.0,0.0,0.0,0.0,0.0,0.0,0.0,0,0.0,0.0,0.0,0.0,0.0,0.0,0.0,Goalkeeper,
Mikkel Desler,DEN,Toulouse,fr Ligue 1,28 years,17.2,29,1.69,18.0,2.0,1.0,5.0,2.0,1.0,2,0.12,1.0,0.0,0.0,1.0,0.0,0.0,Defender,
Arthur Desmas,FRA,Le Havre,fr Ligue 1,29 years,33.0,4,0.12,4.0,0.0,0.0,0.0,0.0,0.0,0,0.0,0.0,0.0,0.0,0.0,0.0,0.0,Goalkeeper,
Mattia Destro,ITA,Empoli,it Serie A,32 years,4.1,4,0.98,1.0,0.0,0.0,1.0,1.0,1.0,0,0.0,0.0,0.0,0.0,0.0,0.0,0.0,Forward,Midfielder
Samuele Di Benedetto,GER,Stuttgart,de Bundesliga,18 years,0.1,1,12.86,1.0,0.0,0.0,0.0,0.0,0.0,0,0.0,0.0,0.0,0.0,0.0,0.0,0.0,Midfielder,
Federico Di Francesco,ITA,Lecce,it Serie A,29 years,0.2,1,6.0,1.0,0.0,0.0,0.0,0.0,0.0,0,0.0,0.0,0.0,0.0,0.0,0.0,0.0,Forward,Midfielder
Raffaele Di Gennaro,ITA,Inter,it Serie A,29 years,0.3,0,0.0,0.0,0.0,0.0,0.0,0.0,0.0,0,0.0,0.0,0.0,0.0,0.0,0.0,0.0,Goalkeeper,
Michele Di Gregorio,ITA,Monza,it Serie A,26 years,31.9,11,0.34,8.0,2.0,0.0,0.0,1.0,0.0,3,0.09,1.0,1.0,0.0,0.0,1.0,0.0,Goalkeeper,
Giovanni Di Lorenzo,ITA,Napoli,it Serie A,29 years,35.9,126,3.51,114.0,0.0,5.0,6.0,0.0,1.0,10,0.28,9.0,0.0,0.0,1.0,0.0,0.0,Defender,
Alessandro Di Pardo,ITA,Cagliari,it Serie A,24 years,4.0,6,1.5,6.0,0.0,0.0,0.0,0.0,0.0,0,0.0,0.0,0.0,0.0,0.0,0.0,0.0,Defender,Midfielder
Boulaye Dia,SEN,Salernitana,it Serie A,26 years,12.7,26,2.05,21.0,0.0,1.0,3.0,1.0,0.0,0,0.0,0.0,0.0,0.0,0.0,0.0,0.0,Forward,Midfielder
Moussa Diaby,FRA,Aston Villa,eng Premier League,24 years,24.2,80,3.31,64.0,1.0,6.0,7.0,2.0,0.0,10,0.41,9.0,0.0,1.0,0.0,0.0,0.0,Forward,Midfielder
Lamine Diack,SEN,Nantes,fr Ligue 1,22 years,0.0,0,0.0,0.0,0.0,0.0,0.0,0.0,0.0,0,0.0,0.0,0.0,0.0,0.0,0.0,0.0,Midfielder,
Mouctar Diakhaby,GUI,Valencia,es La Liga,26 years,11.9,6,0.5,6.0,0.0,0.0,0.0,0.0,0.0,1,0.08,1.0,0.0,0.0,0.0,0.0,0.0,Defender,Midfielder
Mamadou Diakhon,FRA,Reims,fr Ligue 1,17 years,2.3,4,1.72,1.0,0.0,1.0,0.0,2.0,0.0,0,0.0,0.0,0.0,0.0,0.0,0.0,0.0,Forward,Midfielder
Bafodé Diakité,FRA,Lille,fr Ligue 1,22 years,18.8,22,1.17,18.0,1.0,0.0,1.0,1.0,1.0,2,0.11,1.0,0.0,0.0,1.0,0.0,0.0,Defender,
Ibrahim Diakité,GUI,Reims,fr Ligue 1,19 years,1.2,4,3.27,4.0,0.0,0.0,0.0,0.0,0.0,0,0.0,0.0,0.0,0.0,0.0,0.0,0.0,Defender,
Moussa Diakité,MLI,Cádiz,es La Liga,19 years,0.0,0,0.0,0.0,0.0,0.0,0.0,0.0,0.0,0,0.0,0.0,0.0,0.0,0.0,0.0,0.0,Midfielder,
Oumar Diakité,CIV,Reims,fr Ligue 1,19 years,17.6,41,2.33,26.0,0.0,9.0,1.0,3.0,2.0,5,0.28,3.0,0.0,1.0,0.0,0.0,1.0,Forward,
Amad Diallo,CIV,Manchester Utd,eng Premier League,21 years,4.3,20,4.62,16.0,0.0,3.0,1.0,0.0,0.0,0,0.0,0.0,0.0,0.0,0.0,0.0,0.0,Forward,Midfielder
Amadou Diallo,ENG,Newcastle Utd,eng Premier League,20 years,0.0,0,0.0,0.0,0.0,0.0,0.0,0.0,0.0,0,0.0,0.0,0.0,0.0,0.0,0.0,0.0,Midfielder,
Assane Diao,SEN,Betis,es La Liga,17 years,11.6,23,1.98,17.0,0.0,0.0,5.0,0.0,1.0,0,0.0,0.0,0.0,0.0,0.0,0.0,0.0,Forward,
Habib Diarra,SEN,Strasbourg,fr Ligue 1,19 years,25.6,51,1.99,38.0,0.0,5.0,1.0,4.0,3.0,4,0.16,2.0,0.0,1.0,0.0,1.0,0.0,Midfielder,Forward
Moussa Diarra,MLI,Toulouse,fr Ligue 1,22 years,15.5,21,1.35,17.0,1.0,0.0,1.0,2.0,0.0,6,0.39,4.0,0.0,0.0,0.0,2.0,0.0,Defender,
Rúben Dias,POR,Manchester City,eng Premier League,26 years,28.4,35,1.23,28.0,0.0,0.0,5.0,0.0,2.0,4,0.14,2.0,0.0,0.0,1.0,0.0,1.0,Defender,
Krépin Diatta,SEN,Monaco,fr Ligue 1,24 years,13.4,41,3.06,34.0,4.0,2.0,0.0,1.0,0.0,8,0.6,7.0,0.0,1.0,0.0,0.0,0.0,Defender,Forward
Mory Diaw,SEN,Clermont Foot,fr Ligue 1,30 years,30.0,7,0.23,6.0,1.0,0.0,0.0,0.0,0.0,1,0.03,1.0,0.0,0.0,0.0,0.0,0.0,Goalkeeper,
Mahamadou Diawara,FRA,Lyon,fr Ligue 1,18 years,4.0,9,2.26,6.0,0.0,0.0,1.0,2.0,0.0,1,0.25,0.0,0.0,0.0,1.0,0.0,0.0,Midfielder,
Brahim Díaz,MAR,Real Madrid,es La Liga,23 years,17.2,75,4.37,49.0,2.0,13.0,6.0,4.0,1.0,18,1.05,12.0,1.0,5.0,0.0,0.0,0.0,Forward,Midfielder
Luis Díaz,COL,Liverpool,eng Premier League,26 years,29.2,163,5.58,121.0,1.0,17.0,15.0,8.0,1.0,9,0.31,9.0,0.0,0.0,0.0,0.0,0.0,Forward,
Víctor Díaz,ESP,Granada,es La Liga,35 years,1.8,1,0.56,1.0,0.0,0.0,0.0,0.0,0.0,0,0.0,0.0,0.0,0.0,0.0,0.0,0.0,Defender,Midfielder
Famara Diedhiou,SEN,Granada,es La Liga,30 years,1.0,7,7.0,5.0,0.0,1.0,0.0,1.0,0.0,2,2.0,1.0,0.0,0.0,0.0,1.0,0.0,Forward,Midfielder
Justin Diehl,GER,Köln,de Bundesliga,18 years,1.9,11,5.86,4.0,3.0,2.0,2.0,0.0,0.0,0,0.0,0.0,0.0,0.0,0.0,0.0,0.0,Forward,Midfielder
Bamba Dieng,SEN,Lorient,fr Ligue 1,23 years,6.1,19,3.11,9.0,0.0,1.0,3.0,6.0,0.0,4,0.65,2.0,0.0,0.0,2.0,0.0,0.0,Forward,
Eric Dier,ENG,Tottenham,eng Premier League,29 years,2.2,2,0.9,2.0,0.0,0.0,0.0,0.0,0.0,0,0.0,0.0,0.0,0.0,0.0,0.0,0.0,Defender,
Eric Dier,ENG,Bayern Munich,de Bundesliga,29 years,13.0,13,1.0,12.0,0.0,0.0,1.0,0.0,0.0,5,0.39,4.0,0.0,0.0,1.0,0.0,0.0,Defender,
Guillaume Dietsch,FRA,Metz,fr Ligue 1,22 years,0.8,0,0.0,0.0,0.0,0.0,0.0,0.0,0.0,0,0.0,0.0,0.0,0.0,0.0,0.0,0.0,Goalkeeper,
Florian Dietz,GER,Köln,de Bundesliga,24 years,0.8,4,5.14,4.0,0.0,0.0,0.0,0.0,0.0,0,0.0,0.0,0.0,0.0,0.0,0.0,0.0,Forward,Midfielder
Lucas Digne,FRA,Aston Villa,eng Premier League,30 years,26.8,74,2.76,48.0,19.0,0.0,3.0,3.0,1.0,4,0.15,4.0,0.0,0.0,0.0,0.0,0.0,Defender,
Federico Dimarco,ITA,Inter,it Serie A,25 years,23.1,108,4.68,78.0,21.0,2.0,5.0,1.0,1.0,14,0.61,10.0,2.0,0.0,2.0,0.0,0.0,Defender,
Stole Dimitrievski,MKD,Rayo Vallecano,es La Liga,29 years,37.0,10,0.27,3.0,7.0,0.0,0.0,0.0,0.0,0,0.0,0.0,0.0,0.0,0.0,0.0,0.0,Goalkeeper,
Junior Dina Ebimbe,FRA,Eintracht Frankfurt,de Bundesliga,22 years,21.7,54,2.48,38.0,0.0,8.0,5.0,2.0,1.0,6,0.28,6.0,0.0,0.0,0.0,0.0,0.0,Midfielder,Defender
Eren Dinkçi,GER,Heidenheim,de Bundesliga,21 years,29.4,86,2.92,61.0,5.0,7.0,7.0,6.0,0.0,13,0.44,9.0,0.0,3.0,1.0,0.0,0.0,Forward,Midfielder
Sinaly Diomande,CIV,Lyon,fr Ligue 1,22 years,9.9,6,0.61,5.0,0.0,0.0,1.0,0.0,0.0,1,0.1,1.0,0.0,0.0,0.0,0.0,0.0,Defender,
Edan Diop,FRA,Monaco,fr Ligue 1,18 years,1.8,1,0.55,1.0,0.0,0.0,0.0,0.0,0.0,0,0.0,0.0,0.0,0.0,0.0,0.0,0.0,Midfielder,Defender
Issa Diop,FRA,Fulham,eng Premier League,26 years,15.8,4,0.25,4.0,0.0,0.0,0.0,0.0,0.0,0,0.0,0.0,0.0,0.0,0.0,0.0,0.0,Defender,
Sofiane Diop,FRA,Nice,fr Ligue 1,23 years,5.5,17,3.07,14.0,0.0,1.0,1.0,1.0,0.0,0,0.0,0.0,0.0,0.0,0.0,0.0,0.0,Forward,
Andy Diouf,FRA,Lens,fr Ligue 1,20 years,14.6,51,3.49,31.0,10.0,5.0,2.0,2.0,1.0,2,0.14,2.0,0.0,0.0,0.0,0.0,0.0,Midfielder,
Yehvann Diouf,FRA,Reims,fr Ligue 1,23 years,34.0,4,0.12,4.0,0.0,0.0,0.0,0.0,0.0,0,0.0,0.0,0.0,0.0,0.0,0.0,0.0,Goalkeeper,
Axel Disasi,FRA,Chelsea,eng Premier League,25 years,28.7,13,0.45,13.0,0.0,0.0,0.0,0.0,0.0,0,0.0,0.0,0.0,0.0,0.0,0.0,0.0,Defender,
Tiago Djaló,POR,Juventus,it Serie A,23 years,0.2,1,5.29,0.0,0.0,1.0,0.0,0.0,0.0,0,0.0,0.0,0.0,0.0,0.0,0.0,0.0,Defender,
Chaim El Djebali,TUN,Lyon,fr Ligue 1,19 years,0.1,0,0.0,0.0,0.0,0.0,0.0,0.0,0.0,0,0.0,0.0,0.0,0.0,0.0,0.0,0.0,Midfielder,
Djené,TOG,Getafe,es La Liga,31 years,27.6,22,0.8,19.0,1.0,1.0,0.0,1.0,0.0,0,0.0,0.0,0.0,0.0,0.0,0.0,0.0,Defender,Midfielder
Koffi Djidji,CIV,Torino,it Serie A,30 years,8.4,4,0.47,4.0,0.0,0.0,0.0,0.0,0.0,0,0.0,0.0,0.0,0.0,0.0,0.0,0.0,Defender,
Berat Djimsiti,ALB,Atalanta,it Serie A,30 years,31.5,18,0.57,16.0,0.0,0.0,1.0,1.0,0.0,1,0.03,1.0,0.0,0.0,0.0,0.0,0.0,Defender,
Marko Dmitrović,SRB,Sevilla,es La Liga,31 years,13.0,3,0.23,2.0,1.0,0.0,0.0,0.0,0.0,0,0.0,0.0,0.0,0.0,0.0,0.0,0.0,Goalkeeper,
Ben Doak,SCO,Liverpool,eng Premier League,17 years,0.2,0,0.0,0.0,0.0,0.0,0.0,0.0,0.0,0,0.0,0.0,0.0,0.0,0.0,0.0,0.0,Forward,
Ritsu Doan,JPN,Freiburg,de Bundesliga,25 years,25.0,70,2.81,48.0,8.0,7.0,2.0,5.0,0.0,7,0.28,6.0,0.0,0.0,0.0,1.0,0.0,Defender,Midfielder
Lewis Dobbin,ENG,Everton,eng Premier League,20 years,2.6,6,2.33,3.0,0.0,0.0,2.0,1.0,0.0,0,0.0,0.0,0.0,0.0,0.0,0.0,0.0,Midfielder,
Dodô,BRA,Fiorentina,it Serie A,24 years,5.8,15,2.59,13.0,1.0,1.0,0.0,0.0,0.0,0,0.0,0.0,0.0,0.0,0.0,0.0,0.0,Defender,
Danilho Doekhi,NED,Union Berlin,de Bundesliga,25 years,24.0,25,1.04,17.0,0.0,0.0,4.0,4.0,0.0,3,0.12,1.0,0.0,0.0,1.0,1.0,0.0,Defender,
Matt Doherty,IRL,Wolves,eng Premier League,31 years,12.8,19,1.48,18.0,1.0,0.0,0.0,0.0,0.0,0,0.0,0.0,0.0,0.0,0.0,0.0,0.0,Defender,Midfielder
Josh Doig,SCO,Hellas Verona,it Serie A,21 years,9.2,9,0.98,9.0,0.0,0.0,0.0,0.0,0.0,0,0.0,0.0,0.0,0.0,0.0,0.0,0.0,Defender,
Josh Doig,SCO,Sassuolo,it Serie A,21 years,14.9,27,1.81,19.0,6.0,0.0,2.0,0.0,0.0,4,0.27,2.0,1.0,0.0,1.0,0.0,0.0,Defender,
Jeremy Doku,BEL,Manchester City,eng Premier League,21 years,17.7,111,6.26,82.0,1.0,17.0,6.0,5.0,0.0,15,0.85,10.0,0.0,2.0,1.0,2.0,0.0,Forward,Midfielder
Jeremy Doku,BEL,Rennes,fr Ligue 1,21 years,1.2,9,7.23,5.0,0.0,2.0,2.0,0.0,0.0,0,0.0,0.0,0.0,0.0,0.0,0.0,0.0,Forward,
Jaume Doménech,ESP,Valencia,es La Liga,32 years,0.9,0,0.0,0.0,0.0,0.0,0.0,0.0,0.0,0,0.0,0.0,0.0,0.0,0.0,0.0,0.0,Goalkeeper,
Carlos Dominguez,ESP,Celta Vigo,es La Liga,22 years,17.6,13,0.74,12.0,1.0,0.0,0.0,0.0,0.0,1,0.06,1.0,0.0,0.0,0.0,0.0,0.0,Defender,
Mario Dominguez,ESP,Valencia,es La Liga,19 years,0.3,0,0.0,0.0,0.0,0.0,0.0,0.0,0.0,0,0.0,0.0,0.0,0.0,0.0,0.0,0.0,Forward,
Nicolás Domínguez,ARG,Nottingham Forest,eng Premier League,25 years,16.6,35,2.11,33.0,0.0,0.0,2.0,0.0,0.0,2,0.12,2.0,0.0,0.0,0.0,0.0,0.0,Midfielder,Forward
Nicolás Domínguez,ARG,Bologna,it Serie A,25 years,1.1,2,1.78,2.0,0.0,0.0,0.0,0.0,0.0,0,0.0,0.0,0.0,0.0,0.0,0.0,0.0,Midfielder,
Giulio Donati,ITA,Monza,it Serie A,33 years,0.4,4,10.0,4.0,0.0,0.0,0.0,0.0,0.0,1,2.5,1.0,0.0,0.0,0.0,0.0,0.0,Defender,
Jamie Donley,NIR,Tottenham,eng Premier League,18 years,0.0,0,0.0,0.0,0.0,0.0,0.0,0.0,0.0,0,0.0,0.0,0.0,0.0,0.0,0.0,0.0,Forward,
Gianluigi Donnarumma,ITA,Paris S-G,fr Ligue 1,24 years,24.1,0,0.0,0.0,0.0,0.0,0.0,0.0,0.0,0,0.0,0.0,0.0,0.0,0.0,0.0,0.0,Goalkeeper,
Patrick Dorgu,DEN,Lecce,it Serie A,18 years,17.4,40,2.3,26.0,5.0,2.0,3.0,4.0,0.0,1,0.06,0.0,0.0,0.0,1.0,0.0,0.0,Defender,Midfielder
Niklas Dorsch,GER,Augsburg,de Bundesliga,25 years,15.4,18,1.17,12.0,0.0,1.0,2.0,2.0,1.0,1,0.06,1.0,0.0,0.0,0.0,0.0,0.0,Midfielder,
Alberto Dossena,ITA,Cagliari,it Serie A,24 years,33.1,29,0.88,21.0,0.0,0.0,4.0,1.0,3.0,5,0.15,4.0,0.0,0.0,1.0,0.0,0.0,Defender,
Carlos Dotor,ESP,Celta Vigo,es La Liga,22 years,7.9,9,1.14,7.0,1.0,0.0,0.0,1.0,0.0,1,0.13,0.0,0.0,0.0,0.0,1.0,0.0,Midfielder,
Abdoulaye Doucouré,MLI,Everton,eng Premier League,30 years,29.2,67,2.29,59.0,0.0,0.0,6.0,1.0,1.0,5,0.17,3.0,0.0,0.0,2.0,0.0,0.0,Forward,Midfielder
Cheick Doucouré,MLI,Crystal Palace,eng Premier League,23 years,10.2,23,2.25,19.0,0.0,1.0,2.0,0.0,1.0,3,0.29,3.0,0.0,0.0,0.0,0.0,0.0,Midfielder,
Siriné Doucouré,MLI,Lorient,fr Ligue 1,21 years,4.7,13,2.78,11.0,0.0,1.0,1.0,0.0,0.0,4,0.86,4.0,0.0,0.0,0.0,0.0,0.0,Forward,
Désiré Doué,FRA,Rennes,fr Ligue 1,18 years,18.1,88,4.87,56.0,4.0,14.0,4.0,7.0,3.0,12,0.66,6.0,0.0,3.0,1.0,1.0,1.0,Midfielder,Forward
Guela Doué,CIV,Rennes,fr Ligue 1,20 years,13.7,39,2.84,28.0,2.0,2.0,3.0,3.0,1.0,8,0.58,6.0,0.0,0.0,0.0,2.0,0.0,Defender,
Alfie Doughty,ENG,Luton Town,eng Premier League,23 years,32.5,115,3.54,57.0,47.0,4.0,6.0,1.0,0.0,16,0.49,8.0,5.0,1.0,2.0,0.0,0.0,Defender,
Douglas,BRA,Nantes,fr Ligue 1,26 years,19.7,37,1.88,26.0,5.0,0.0,1.0,3.0,2.0,2,0.1,2.0,0.0,0.0,0.0,0.0,0.0,Midfielder,
Ismaël Doukouré,FRA,Strasbourg,fr Ligue 1,20 years,18.4,24,1.3,19.0,1.0,0.0,0.0,1.0,3.0,0,0.0,0.0,0.0,0.0,0.0,0.0,0.0,Midfielder,Defender
Kamory Doumbia,MLI,Brest,fr Ligue 1,20 years,9.8,27,2.76,22.0,0.0,2.0,3.0,0.0,0.0,7,0.72,7.0,0.0,0.0,0.0,0.0,0.0,Midfielder,
Anastasios Douvikas,GRE,Celta Vigo,es La Liga,23 years,10.1,20,1.99,11.0,0.0,3.0,4.0,2.0,0.0,2,0.2,2.0,0.0,0.0,0.0,0.0,0.0,Forward,
Artem Dovbyk,UKR,Girona,es La Liga,26 years,28.7,57,1.98,41.0,0.0,6.0,8.0,2.0,0.0,13,0.45,9.0,0.0,1.0,3.0,0.0,0.0,Forward,
Nikola Dovedan,AUT,Heidenheim,de Bundesliga,29 years,7.3,23,3.17,16.0,0.0,1.0,3.0,3.0,0.0,3,0.41,2.0,0.0,0.0,0.0,1.0,0.0,Midfielder,Forward
Damion Downs,USA,Köln,de Bundesliga,19 years,2.0,4,1.99,3.0,0.0,0.0,1.0,0.0,0.0,0,0.0,0.0,0.0,0.0,0.0,0.0,0.0,Forward,Midfielder
Tommy Doyle,ENG,Wolves,eng Premier League,21 years,13.6,26,1.91,20.0,6.0,0.0,0.0,0.0,0.0,5,0.37,4.0,1.0,0.0,0.0,0.0,0.0,Midfielder,
Radu Drăgușin,ROU,Tottenham,eng Premier League,21 years,4.8,1,0.21,1.0,0.0,0.0,0.0,0.0,0.0,0,0.0,0.0,0.0,0.0,0.0,0.0,0.0,Defender,
Radu Drăgușin,ROU,Genoa,it Serie A,21 years,19.0,12,0.63,7.0,2.0,0.0,3.0,0.0,0.0,1,0.05,1.0,0.0,0.0,0.0,0.0,0.0,Defender,
Dion Drena Beljo,CRO,Augsburg,de Bundesliga,21 years,6.5,21,3.24,12.0,0.0,3.0,2.0,4.0,0.0,3,0.46,1.0,0.0,0.0,1.0,1.0,0.0,Forward,Midfielder
Tim Drexler,GER,Hoffenheim,de Bundesliga,18 years,6.4,5,0.79,5.0,0.0,0.0,0.0,0.0,0.0,3,0.47,3.0,0.0,0.0,0.0,0.0,0.0,Defender,
Domingos Duarte,POR,Getafe,es La Liga,28 years,10.1,4,0.4,4.0,0.0,0.0,0.0,0.0,0.0,0,0.0,0.0,0.0,0.0,0.0,0.0,0.0,Defender,
Rubén Duarte,ESP,Alavés,es La Liga,27 years,20.9,32,1.54,21.0,8.0,1.0,1.0,1.0,0.0,2,0.1,1.0,1.0,0.0,0.0,0.0,0.0,Defender,
Martin Dúbravka,SVK,Newcastle Utd,eng Premier League,34 years,22.1,0,0.0,0.0,0.0,0.0,0.0,0.0,0.0,0,0.0,0.0,0.0,0.0,0.0,0.0,0.0,Goalkeeper,
Marvin Ducksch,GER,Werder Bremen,de Bundesliga,29 years,30.0,109,3.64,51.0,40.0,5.0,9.0,3.0,1.0,14,0.47,7.0,5.0,0.0,1.0,1.0,0.0,Forward,
Ondrej Duda,SVK,Hellas Verona,it Serie A,28 years,27.3,93,3.41,53.0,27.0,2.0,3.0,5.0,3.0,9,0.33,5.0,2.0,0.0,0.0,1.0,1.0,Midfielder,
Denzel Dumfries,NED,Inter,it Serie A,27 years,18.2,47,2.59,37.0,3.0,3.0,1.0,3.0,0.0,8,0.44,5.0,0.0,1.0,0.0,2.0,0.0,Defender,
Paul Dummett,WAL,Newcastle Utd,eng Premier League,31 years,0.2,0,0.0,0.0,0.0,0.0,0.0,0.0,0.0,0,0.0,0.0,0.0,0.0,0.0,0.0,0.0,Defender,
Alfred Duncan,GHA,Fiorentina,it Serie A,30 years,21.0,60,2.86,44.0,11.0,2.0,2.0,0.0,1.0,10,0.48,6.0,2.0,0.0,2.0,0.0,0.0,Midfielder,
Lewis Dunk,ENG,Brighton,eng Premier League,31 years,31.9,48,1.51,39.0,3.0,0.0,6.0,0.0,0.0,7,0.22,6.0,0.0,0.0,1.0,0.0,0.0,Defender,
Jáder Durán,COL,Aston Villa,eng Premier League,19 years,5.3,12,2.27,8.0,0.0,1.0,1.0,1.0,1.0,4,0.76,1.0,0.0,1.0,0.0,1.0,1.0,Forward,Midfielder
Julien Duranville,BEL,Dortmund,de Bundesliga,17 years,0.1,0,0.0,0.0,0.0,0.0,0.0,0.0,0.0,0,0.0,0.0,0.0,0.0,0.0,0.0,0.0,Forward,Midfielder
Hugo Duro,ESP,Valencia,es La Liga,23 years,33.1,49,1.48,25.0,0.0,4.0,5.0,14.0,1.0,9,0.27,4.0,0.0,1.0,1.0,3.0,0.0,Forward,
Jean-Kevin Duverne,HAI,Nantes,fr Ligue 1,26 years,15.0,12,0.8,10.0,0.0,0.0,1.0,0.0,1.0,0,0.0,0.0,0.0,0.0,0.0,0.0,0.0,Defender,
Paulo Dybala,ARG,Roma,it Serie A,29 years,21.8,95,4.36,56.0,25.0,3.0,4.0,6.0,1.0,19,0.87,12.0,4.0,2.0,0.0,1.0,0.0,Forward,Midfielder
Aron Dønnum,NOR,Toulouse,fr Ligue 1,25 years,17.7,53,2.99,30.0,4.0,3.0,7.0,7.0,2.0,4,0.23,3.0,0.0,0.0,0.0,1.0,0.0,Forward,Midfielder
George Earthy,ENG,West Ham,eng Premier League,18 years,0.4,2,5.29,2.0,0.0,0.0,0.0,0.0,0.0,0,0.0,0.0,0.0,0.0,0.0,0.0,0.0,Forward,
Simon Ebonog,CMR,Le Havre,fr Ligue 1,18 years,0.2,0,0.0,0.0,0.0,0.0,0.0,0.0,0.0,0,0.0,0.0,0.0,0.0,0.0,0.0,0.0,Midfielder,
Festy Ebosele,IRL,Udinese,it Serie A,20 years,18.9,55,2.91,30.0,1.0,10.0,2.0,12.0,0.0,4,0.21,0.0,0.0,1.0,0.0,3.0,0.0,Defender,
Enzo Ebosse,CMR,Udinese,it Serie A,24 years,0.1,1,11.25,1.0,0.0,0.0,0.0,0.0,0.0,0,0.0,0.0,0.0,0.0,0.0,0.0,0.0,Defender,
Tyronne Ebuehi,NGA,Empoli,it Serie A,27 years,12.2,17,1.39,14.0,2.0,0.0,0.0,1.0,0.0,1,0.08,1.0,0.0,0.0,0.0,0.0,0.0,Defender,
Ederson,BRA,Manchester City,eng Premier League,29 years,30.9,7,0.23,5.0,2.0,0.0,0.0,0.0,0.0,2,0.06,2.0,0.0,0.0,0.0,0.0,0.0,Goalkeeper,
Éderson,BRA,Atalanta,it Serie A,24 years,31.9,71,2.23,61.0,3.0,5.0,0.0,1.0,1.0,6,0.19,6.0,0.0,0.0,0.0,0.0,0.0,Midfielder,
Odsonne Édouard,FRA,Crystal Palace,eng Premier League,25 years,17.3,45,2.6,29.0,0.0,7.0,7.0,1.0,1.0,2,0.12,2.0,0.0,0.0,0.0,0.0,0.0,Forward,Midfielder
John Egan,IRL,Sheffield Utd,eng Premier League,30 years,5.4,1,0.19,0.0,0.0,0.0,1.0,0.0,0.0,0,0.0,0.0,0.0,0.0,0.0,0.0,0.0,Defender,
Maximilian Eggestein,GER,Freiburg,de Bundesliga,26 years,32.4,74,2.29,62.0,0.0,3.0,7.0,1.0,1.0,3,0.09,2.0,0.0,0.0,1.0,0.0,0.0,Midfielder,
Lilian Egloff,GER,Stuttgart,de Bundesliga,20 years,1.2,0,0.0,0.0,0.0,0.0,0.0,0.0,0.0,0,0.0,0.0,0.0,0.0,0.0,0.0,0.0,Midfielder,Defender
Kingsley Ehizibue,NED,Udinese,it Serie A,28 years,10.6,23,2.17,14.0,0.0,2.0,3.0,4.0,0.0,2,0.19,2.0,0.0,0.0,0.0,0.0,0.0,Defender,
Hjalmar Ekdal,SWE,Burnley,eng Premier League,24 years,4.9,2,0.41,2.0,0.0,0.0,0.0,0.0,0.0,0,0.0,0.0,0.0,0.0,0.0,0.0,0.0,Defender,
Hugo Ekitike,FRA,Paris S-G,fr Ligue 1,21 years,0.1,0,0.0,0.0,0.0,0.0,0.0,0.0,0.0,0,0.0,0.0,0.0,0.0,0.0,0.0,0.0,Forward,
Hugo Ekitike,FRA,Eintracht Frankfurt,de Bundesliga,21 years,8.0,28,3.52,13.0,0.0,6.0,3.0,5.0,1.0,4,0.5,2.0,0.0,1.0,0.0,1.0,0.0,Forward,
Emmanuel Ekong,SWE,Empoli,it Serie A,21 years,0.1,1,18.0,1.0,0.0,0.0,0.0,0.0,0.0,0,0.0,0.0,0.0,0.0,0.0,0.0,0.0,Forward,
Caleb Ekuban,GHA,Genoa,it Serie A,29 years,12.6,35,2.79,17.0,0.0,5.0,4.0,9.0,0.0,3,0.24,1.0,0.0,1.0,0.0,1.0,0.0,Forward,
Anthony Elanga,SWE,Nottingham Forest,eng Premier League,21 years,27.0,70,2.59,53.0,0.0,6.0,6.0,4.0,1.0,13,0.48,12.0,0.0,0.0,0.0,0.0,1.0,Forward,Midfielder
Simon Elisor,FRA,Metz,fr Ligue 1,24 years,8.5,19,2.24,13.0,0.0,1.0,1.0,4.0,0.0,1,0.12,1.0,0.0,0.0,0.0,0.0,0.0,Forward,
Harvey Elliott,ENG,Liverpool,eng Premier League,20 years,15.0,78,5.19,61.0,9.0,2.0,3.0,1.0,2.0,10,0.67,6.0,1.0,1.0,0.0,1.0,1.0,Midfielder,Forward
Elif Elmas,MKD,Napoli,it Serie A,23 years,3.8,9,2.4,7.0,0.0,1.0,0.0,1.0,0.0,0,0.0,0.0,0.0,0.0,0.0,0.0,0.0,Forward,Midfielder
Elif Elmas,MKD,RB Leipzig,de Bundesliga,23 years,3.0,7,2.36,5.0,0.0,2.0,0.0,0.0,0.0,1,0.34,1.0,0.0,0.0,0.0,0.0,0.0,Midfielder,Forward
Mohamed Elneny,EGY,Arsenal,eng Premier League,31 years,0.3,1,3.21,1.0,0.0,0.0,0.0,0.0,0.0,0,0.0,0.0,0.0,0.0,0.0,0.0,0.0,Midfielder,
Aritz Elustondo,ESP,Real Sociedad,es La Liga,29 years,9.0,13,1.44,7.0,2.0,0.0,3.0,0.0,1.0,2,0.22,0.0,0.0,0.0,2.0,0.0,0.0,Defender,
Nico Elvedi,SUI,Gladbach,de Bundesliga,26 years,27.6,22,0.8,20.0,0.0,0.0,2.0,0.0,0.0,3,0.11,3.0,0.0,0.0,0.0,0.0,0.0,Defender,
Adri Embarba,ESP,Almería,es La Liga,31 years,27.5,108,3.93,59.0,25.0,8.0,6.0,6.0,4.0,8,0.29,4.0,1.0,0.0,3.0,0.0,0.0,Forward,Midfielder
Breel Embolo,SUI,Monaco,fr Ligue 1,26 years,2.0,10,4.95,8.0,0.0,2.0,0.0,0.0,0.0,1,0.49,1.0,0.0,0.0,0.0,0.0,0.0,Forward,
Emanuel Emegha,NED,Strasbourg,fr Ligue 1,20 years,23.1,28,1.21,16.0,0.0,5.0,3.0,4.0,0.0,5,0.22,1.0,0.0,1.0,2.0,1.0,0.0,Forward,
Emerson,BRA,Tottenham,eng Premier League,24 years,12.9,21,1.63,15.0,2.0,0.0,1.0,2.0,1.0,3,0.23,1.0,2.0,0.0,0.0,0.0,0.0,Defender,
Youssef En-Nesyri,MAR,Sevilla,es La Liga,26 years,28.6,22,0.77,13.0,0.0,1.0,4.0,2.0,2.0,8,0.28,4.0,0.0,0.0,1.0,1.0,2.0,Forward,
Julio Enciso,PAR,Brighton,eng Premier League,19 years,5.3,23,4.34,15.0,0.0,5.0,3.0,0.0,0.0,2,0.38,2.0,0.0,0.0,0.0,0.0,0.0,Midfielder,Forward
Wataru Endo,JPN,Liverpool,eng Premier League,30 years,19.1,54,2.82,43.0,0.0,2.0,4.0,2.0,3.0,3,0.16,3.0,0.0,0.0,0.0,0.0,0.0,Midfielder,
Arne Engels,BEL,Augsburg,de Bundesliga,19 years,15.6,40,2.56,28.0,8.0,0.0,2.0,2.0,0.0,8,0.51,5.0,1.0,0.0,0.0,2.0,0.0,Midfielder,Defender
Christian Eriksen,DEN,Manchester Utd,eng Premier League,31 years,12.7,46,3.63,36.0,8.0,0.0,0.0,0.0,2.0,3,0.24,2.0,0.0,0.0,0.0,0.0,1.0,Midfielder,
Martin Erlic,CRO,Sassuolo,it Serie A,25 years,29.1,12,0.41,8.0,1.0,0.0,1.0,2.0,0.0,1,0.03,0.0,1.0,0.0,0.0,0.0,0.0,Defender,
Gonzalo Escalante,ARG,Cádiz,es La Liga,30 years,18.9,21,1.11,18.0,0.0,0.0,1.0,0.0,2.0,2,0.11,2.0,0.0,0.0,0.0,0.0,0.0,Midfielder,
Aarón Escandell,ESP,Las Palmas,es La Liga,27 years,1.7,0,0.0,0.0,0.0,0.0,0.0,0.0,0.0,0,0.0,0.0,0.0,0.0,0.0,0.0,0.0,Goalkeeper,
Alfonso Espino,URU,Rayo Vallecano,es La Liga,31 years,27.9,54,1.94,44.0,3.0,3.0,3.0,0.0,1.0,1,0.04,1.0,0.0,0.0,0.0,0.0,0.0,Defender,
Bernardo Espinosa,COL,Girona,es La Liga,34 years,0.0,0,0.0,0.0,0.0,0.0,0.0,0.0,0.0,0,0.0,0.0,0.0,0.0,0.0,0.0,0.0,Defender,
Maxime Estève,FRA,Burnley,eng Premier League,21 years,14.5,8,0.55,6.0,0.0,0.0,0.0,2.0,0.0,1,0.07,1.0,0.0,0.0,0.0,0.0,0.0,Defender,
Maxime Estève,FRA,Montpellier,fr Ligue 1,21 years,11.1,11,0.93,9.0,1.0,0.0,1.0,0.0,0.0,1,0.08,1.0,0.0,0.0,0.0,0.0,0.0,Defender,
Oscar Estupiñan,COL,Metz,fr Ligue 1,26 years,2.9,2,0.69,1.0,0.0,0.0,1.0,0.0,0.0,0,0.0,0.0,0.0,0.0,0.0,0.0,0.0,Forward,
Pervis Estupiñán,ECU,Brighton,eng Premier League,25 years,13.8,42,3.04,37.0,3.0,1.0,1.0,0.0,0.0,2,0.14,2.0,0.0,0.0,0.0,0.0,0.0,Defender,
Karl Etta,CMR,Cádiz,es La Liga,19 years,0.2,0,0.0,0.0,0.0,0.0,0.0,0.0,0.0,0,0.0,0.0,0.0,0.0,0.0,0.0,0.0,Forward,
Jonny Evans,NIR,Manchester Utd,eng Premier League,35 years,15.5,11,0.71,11.0,0.0,0.0,0.0,0.0,0.0,2,0.13,2.0,0.0,0.0,0.0,0.0,0.0,Defender,
Eberechi Eze,ENG,Crystal Palace,eng Premier League,25 years,22.8,110,4.82,54.0,27.0,11.0,7.0,10.0,1.0,11,0.48,8.0,0.0,1.0,0.0,2.0,0.0,Midfielder,Forward
Abde Ezzalzouli,MAR,Barcelona,es La Liga,21 years,0.8,2,2.65,2.0,0.0,0.0,0.0,0.0,0.0,0,0.0,0.0,0.0,0.0,0.0,0.0,0.0,Forward,Midfielder
Abde Ezzalzouli,MAR,Betis,es La Liga,21 years,9.6,20,2.08,12.0,1.0,3.0,1.0,3.0,0.0,2,0.21,1.0,1.0,0.0,0.0,0.0,0.0,Forward,
Giovanni Fabbian,ITA,Bologna,it Serie A,20 years,11.7,23,1.96,18.0,0.0,1.0,3.0,0.0,1.0,2,0.17,1.0,0.0,1.0,0.0,0.0,0.0,Midfielder,Forward
Łukasz Fabiański,POL,West Ham,eng Premier League,38 years,8.0,1,0.12,1.0,0.0,0.0,0.0,0.0,0.0,0,0.0,0.0,0.0,0.0,0.0,0.0,0.0,Goalkeeper,
Nicolò Fagioli,ITA,Juventus,it Serie A,22 years,4.9,16,3.29,9.0,6.0,0.0,1.0,0.0,0.0,2,0.41,1.0,1.0,0.0,0.0,0.0,0.0,Midfielder,
Romain Faivre,FRA,Bournemouth,eng Premier League,25 years,0.5,1,2.2,0.0,0.0,1.0,0.0,0.0,0.0,0,0.0,0.0,0.0,0.0,0.0,0.0,0.0,Midfielder,Forward
Romain Faivre,FRA,Lorient,fr Ligue 1,25 years,16.1,43,2.66,28.0,7.0,3.0,3.0,2.0,0.0,6,0.37,4.0,0.0,0.0,2.0,0.0,0.0,Midfielder,Forward
Ilhan Fakili,FRA,Clermont Foot,fr Ligue 1,17 years,1.0,2,1.91,2.0,0.0,0.0,0.0,0.0,0.0,0,0.0,0.0,0.0,0.0,0.0,0.0,0.0,Midfielder,Forward
Radamel Falcao,COL,Rayo Vallecano,es La Liga,37 years,4.5,13,2.87,8.0,0.0,0.0,1.0,3.0,1.0,0,0.0,0.0,0.0,0.0,0.0,0.0,0.0,Forward,Defender
Wladimiro Falcone,ITA,Lecce,it Serie A,28 years,38.0,2,0.05,0.0,1.0,0.0,0.0,1.0,0.0,1,0.03,0.0,0.0,0.0,0.0,1.0,0.0,Goalkeeper,
Fali,ESP,Cádiz,es La Liga,29 years,28.3,17,0.6,15.0,1.0,0.0,0.0,0.0,1.0,0,0.0,0.0,0.0,0.0,0.0,0.0,0.0,Defender,
Davide Faraoni,ITA,Hellas Verona,it Serie A,31 years,6.7,21,3.13,14.0,5.0,0.0,0.0,1.0,1.0,2,0.3,2.0,0.0,0.0,0.0,0.0,0.0,Defender,
Davide Faraoni,ITA,Fiorentina,it Serie A,31 years,4.4,8,1.84,7.0,0.0,0.0,1.0,0.0,0.0,1,0.23,1.0,0.0,0.0,0.0,0.0,0.0,Defender,
Ansu Fati,ESP,Brighton,eng Premier League,20 years,5.8,23,3.96,16.0,0.0,1.0,5.0,0.0,1.0,3,0.52,2.0,0.0,0.0,1.0,0.0,0.0,Midfielder,Forward
Ansu Fati,ESP,Barcelona,es La Liga,20 years,0.6,1,1.8,0.0,0.0,0.0,1.0,0.0,0.0,0,0.0,0.0,0.0,0.0,0.0,0.0,0.0,Midfielder,Forward
Khalil Fayad,FRA,Montpellier,fr Ligue 1,19 years,11.4,19,1.67,10.0,0.0,0.0,2.0,6.0,1.0,0,0.0,0.0,0.0,0.0,0.0,0.0,0.0,Forward,Midfielder
Federico Fazio,ARG,Salernitana,it Serie A,36 years,15.1,9,0.6,7.0,0.0,0.0,2.0,0.0,0.0,2,0.13,1.0,0.0,0.0,1.0,0.0,0.0,Defender,
Jacopo Fazzini,ITA,Empoli,it Serie A,20 years,13.7,48,3.51,29.0,9.0,2.0,0.0,5.0,3.0,4,0.29,2.0,0.0,1.0,0.0,1.0,0.0,Midfielder,
Nabil Fekir,FRA,Betis,es La Liga,30 years,11.7,60,5.14,38.0,11.0,3.0,3.0,5.0,0.0,3,0.26,2.0,0.0,1.0,0.0,0.0,0.0,Midfielder,Forward
Felipe,BRA,Nottingham Forest,eng Premier League,34 years,4.2,4,0.97,2.0,0.0,0.0,1.0,0.0,1.0,0,0.0,0.0,0.0,0.0,0.0,0.0,0.0,Defender,
Luiz Felipe,ITA,Betis,es La Liga,26 years,4.0,2,0.5,2.0,0.0,0.0,0.0,0.0,0.0,0,0.0,0.0,0.0,0.0,0.0,0.0,0.0,Defender,
João Félix,POR,Barcelona,es La Liga,23 years,17.1,62,3.62,43.0,0.0,7.0,9.0,2.0,1.0,9,0.53,4.0,0.0,2.0,3.0,0.0,0.0,Forward,
Ohis Felix Uduokhai,GER,Augsburg,de Bundesliga,25 years,32.5,20,0.62,12.0,2.0,0.0,2.0,1.0,3.0,0,0.0,0.0,0.0,0.0,0.0,0.0,0.0,Defender,
Kiko Femenía,ESP,Villarreal,es La Liga,32 years,17.6,31,1.76,26.0,4.0,0.0,0.0,0.0,1.0,4,0.23,3.0,1.0,0.0,0.0,0.0,0.0,Defender,
Evan Ferguson,IRL,Brighton,eng Premier League,18 years,15.2,22,1.45,15.0,0.0,2.0,1.0,3.0,1.0,1,0.07,0.0,0.0,0.0,0.0,1.0,0.0,Forward,
Lewis Ferguson,SCO,Bologna,it Serie A,23 years,30.1,83,2.75,67.0,2.0,2.0,5.0,6.0,1.0,9,0.3,6.0,0.0,1.0,0.0,2.0,0.0,Midfielder,
Bruno Fernandes,POR,Manchester Utd,eng Premier League,28 years,34.6,210,6.06,143.0,48.0,7.0,9.0,1.0,2.0,19,0.55,12.0,3.0,2.0,2.0,0.0,0.0,Midfielder,Forward
Edimilson Fernandes,SUI,Mainz 05,de Bundesliga,27 years,14.3,35,2.44,15.0,15.0,1.0,3.0,0.0,1.0,2,0.14,1.0,1.0,0.0,0.0,0.0,0.0,Defender,
Aitor Fernández,ESP,Osasuna,es La Liga,32 years,6.1,1,0.16,1.0,0.0,0.0,0.0,0.0,0.0,0,0.0,0.0,0.0,0.0,0.0,0.0,0.0,Goalkeeper,
Álex Fernández,ESP,Cádiz,es La Liga,30 years,14.3,26,1.82,17.0,7.0,0.0,2.0,0.0,0.0,2,0.14,2.0,0.0,0.0,0.0,0.0,0.0,Midfielder,
Carlos Fernández,ESP,Real Sociedad,es La Liga,27 years,4.5,3,0.66,2.0,0.0,0.0,0.0,0.0,1.0,1,0.22,1.0,0.0,0.0,0.0,0.0,0.0,Forward,
Enzo Fernández,ARG,Chelsea,eng Premier League,22 years,24.5,82,3.34,69.0,5.0,0.0,3.0,5.0,0.0,7,0.29,5.0,1.0,0.0,0.0,1.0,0.0,Midfielder,
Raúl Fernández,ESP,Granada,es La Liga,35 years,3.1,0,0.0,0.0,0.0,0.0,0.0,0.0,0.0,0,0.0,0.0,0.0,0.0,0.0,0.0,0.0,Goalkeeper,
Valery Fernández,ESP,Girona,es La Liga,23 years,5.6,14,2.49,10.0,1.0,2.0,0.0,1.0,0.0,3,0.53,1.0,0.0,1.0,0.0,1.0,0.0,Midfielder,Forward
Fernando,ESP,Almería,es La Liga,33 years,4.0,1,0.25,1.0,0.0,0.0,0.0,0.0,0.0,1,0.25,1.0,0.0,0.0,0.0,0.0,0.0,Goalkeeper,
Fernando,BRA,Sevilla,es La Liga,36 years,5.1,8,1.57,8.0,0.0,0.0,0.0,0.0,0.0,0,0.0,0.0,0.0,0.0,0.0,0.0,0.0,Midfielder,
Ichem Ferrah,FRA,Lille,fr Ligue 1,17 years,0.0,0,0.0,0.0,0.0,0.0,0.0,0.0,0.0,0,0.0,0.0,0.0,0.0,0.0,0.0,0.0,Forward,
Andrea Ferraris,ITA,Monza,it Serie A,20 years,0.1,0,0.0,0.0,0.0,0.0,0.0,0.0,0.0,0,0.0,0.0,0.0,0.0,0.0,0.0,0.0,Midfielder,
André Ferreira,POR,Granada,es La Liga,27 years,14.9,2,0.13,2.0,0.0,0.0,0.0,0.0,0.0,0,0.0,0.0,0.0,0.0,0.0,0.0,0.0,Goalkeeper,
João Ferreira,POR,Udinese,it Serie A,22 years,20.2,34,1.68,25.0,4.0,0.0,0.0,1.0,4.0,2,0.1,1.0,1.0,0.0,0.0,0.0,0.0,Defender,
Jordan Ferri,FRA,Montpellier,fr Ligue 1,31 years,22.6,67,2.97,58.0,2.0,2.0,1.0,3.0,1.0,2,0.09,2.0,0.0,0.0,0.0,0.0,0.0,Midfielder,
Nacho Ferri,ESP,Eintracht Frankfurt,de Bundesliga,18 years,0.8,2,2.43,1.0,0.0,0.0,1.0,0.0,0.0,1,1.22,1.0,0.0,0.0,0.0,0.0,0.0,Forward,Midfielder
Rachad Fettal,MAR,Almería,es La Liga,18 years,0.2,2,10.59,2.0,0.0,0.0,0.0,0.0,0.0,0,0.0,0.0,0.0,0.0,0.0,0.0,0.0,Forward,
Seydou Fini,ITA,Genoa,it Serie A,17 years,0.4,1,2.5,1.0,0.0,0.0,0.0,0.0,0.0,0,0.0,0.0,0.0,0.0,0.0,0.0,0.0,Defender,Forward
Max Finkgräfe,GER,Köln,de Bundesliga,19 years,19.5,40,2.05,27.0,6.0,3.0,1.0,1.0,2.0,1,0.05,1.0,0.0,0.0,0.0,0.0,0.0,Defender,Forward
Vincenzo Fiorillo,ITA,Salernitana,it Serie A,33 years,4.0,0,0.0,0.0,0.0,0.0,0.0,0.0,0.0,0,0.0,0.0,0.0,0.0,0.0,0.0,0.0,Goalkeeper,
Kilian Fischer,GER,Wolfsburg,de Bundesliga,22 years,3.2,6,1.85,6.0,0.0,0.0,0.0,0.0,0.0,0,0.0,0.0,0.0,0.0,0.0,0.0,0.0,Defender,Midfielder
John Fleck,SCO,Sheffield Utd,eng Premier League,31 years,1.0,4,3.91,4.0,0.0,0.0,0.0,0.0,0.0,0,0.0,0.0,0.0,0.0,0.0,0.0,0.0,Midfielder,Defender
Mark Flekken,NED,Brentford,eng Premier League,30 years,36.5,10,0.27,3.0,7.0,0.0,0.0,0.0,0.0,3,0.08,1.0,2.0,0.0,0.0,0.0,0.0,Goalkeeper,
Alessandro Florenzi,ITA,Milan,it Serie A,32 years,19.2,85,4.41,47.0,28.0,0.0,7.0,1.0,2.0,7,0.36,2.0,4.0,0.0,1.0,0.0,0.0,Defender,
Phil Foden,ENG,Manchester City,eng Premier League,23 years,31.7,144,4.54,111.0,9.0,9.0,6.0,8.0,1.0,21,0.66,16.0,1.0,1.0,0.0,3.0,0.0,Forward,Midfielder
Wes Foderingham,ENG,Sheffield Utd,eng Premier League,32 years,29.4,4,0.14,4.0,0.0,0.0,0.0,0.0,0.0,0,0.0,0.0,0.0,0.0,0.0,0.0,0.0,Goalkeeper,
Malick Fofana,BEL,Lyon,fr Ligue 1,18 years,6.2,19,3.05,11.0,0.0,2.0,3.0,2.0,1.0,3,0.48,1.0,0.0,0.0,1.0,1.0,0.0,Forward,
Youssouf Fofana,FRA,Monaco,fr Ligue 1,24 years,30.0,100,3.34,79.0,3.0,2.0,11.0,2.0,3.0,10,0.33,6.0,0.0,0.0,4.0,0.0,0.0,Midfielder,
Jonas Föhrenbach,GER,Heidenheim,de Bundesliga,27 years,31.0,50,1.61,37.0,8.0,2.0,1.0,2.0,0.0,5,0.16,4.0,1.0,0.0,0.0,0.0,0.0,Defender,
Thomas Foket,BEL,Reims,fr Ligue 1,28 years,20.4,30,1.48,27.0,2.0,0.0,1.0,0.0,0.0,6,0.3,6.0,0.0,0.0,0.0,0.0,0.0,Defender,
Michael Folorunsho,ITA,Hellas Verona,it Serie A,25 years,30.9,46,1.49,34.0,0.0,4.0,1.0,7.0,0.0,3,0.1,1.0,0.0,2.0,0.0,0.0,0.0,Midfielder,Forward
Tiago Fonseca Morais,POR,Lille,fr Ligue 1,19 years,0.5,1,1.96,1.0,0.0,0.0,0.0,0.0,0.0,0,0.0,0.0,0.0,0.0,0.0,0.0,0.0,Forward,
Pablo Fornals,ESP,West Ham,eng Premier League,27 years,4.7,16,3.37,13.0,0.0,0.0,0.0,1.0,2.0,1,0.21,0.0,0.0,0.0,0.0,0.0,1.0,Midfielder,Forward
Pablo Fornals,ESP,Betis,es La Liga,27 years,12.8,45,3.53,37.0,3.0,2.0,2.0,1.0,0.0,6,0.47,5.0,0.0,0.0,1.0,0.0,0.0,Forward,Midfielder
Emil Forsberg,SWE,RB Leipzig,de Bundesliga,31 years,5.2,16,3.1,11.0,2.0,0.0,3.0,0.0,0.0,4,0.78,3.0,0.0,0.0,1.0,0.0,0.0,Midfielder,Forward
Omari Forson,ENG,Manchester Utd,eng Premier League,19 years,0.8,0,0.0,0.0,0.0,0.0,0.0,0.0,0.0,0,0.0,0.0,0.0,0.0,0.0,0.0,0.0,Forward,
Philipp Förster,GER,Bochum,de Bundesliga,28 years,4.3,19,4.45,8.0,7.0,0.0,2.0,1.0,1.0,0,0.0,0.0,0.0,0.0,0.0,0.0,0.0,Midfielder,Forward
Héctor Fort,ESP,Barcelona,es La Liga,16 years,3.5,5,1.41,5.0,0.0,0.0,0.0,0.0,0.0,3,0.85,3.0,0.0,0.0,0.0,0.0,0.0,Defender,
Lyle Foster,RSA,Burnley,eng Premier League,22 years,21.1,41,1.95,35.0,0.0,2.0,3.0,1.0,0.0,4,0.19,4.0,0.0,0.0,0.0,0.0,0.0,Forward,Midfielder
Dimitri Foulquier,FRA,Valencia,es La Liga,30 years,20.5,27,1.32,21.0,2.0,0.0,0.0,1.0,3.0,2,0.1,2.0,0.0,0.0,0.0,0.0,0.0,Defender,Midfielder
Juan Foyth,ARG,Villarreal,es La Liga,25 years,11.8,12,1.02,9.0,1.0,1.0,1.0,0.0,0.0,1,0.08,1.0,0.0,0.0,0.0,0.0,0.0,Defender,
Matheus França,BRA,Crystal Palace,eng Premier League,19 years,2.6,8,3.1,4.0,3.0,0.0,0.0,1.0,0.0,2,0.78,1.0,0.0,0.0,0.0,1.0,0.0,Midfielder,Forward
Bartol Franjić,CRO,Darmstadt 98,de Bundesliga,23 years,13.7,17,1.24,14.0,1.0,0.0,0.0,0.0,2.0,2,0.15,2.0,0.0,0.0,0.0,0.0,0.0,Midfielder,
Przemysław Frankowski,POL,Lens,fr Ligue 1,28 years,24.4,76,3.12,63.0,8.0,2.0,2.0,0.0,1.0,4,0.16,3.0,0.0,0.0,1.0,0.0,0.0,Defender,
Nathan Fraser,IRL,Wolves,eng Premier League,18 years,2.1,6,2.92,5.0,0.0,0.0,1.0,0.0,0.0,0,0.0,0.0,0.0,0.0,0.0,0.0,0.0,Forward,
Davide Frattesi,ITA,Inter,it Serie A,23 years,10.6,26,2.45,21.0,0.0,0.0,3.0,2.0,0.0,6,0.57,4.0,0.0,0.0,1.0,1.0,0.0,Midfielder,
Morten Frendrup,DEN,Genoa,it Serie A,22 years,34.9,59,1.69,44.0,0.0,1.0,4.0,6.0,4.0,9,0.26,8.0,0.0,0.0,1.0,0.0,0.0,Midfielder,
Remo Freuler,SUI,Bologna,it Serie A,31 years,29.2,56,1.92,50.0,2.0,1.0,1.0,1.0,1.0,5,0.17,4.0,0.0,0.0,1.0,0.0,0.0,Midfielder,
Marco Friedl,AUT,Werder Bremen,de Bundesliga,25 years,24.4,4,0.16,4.0,0.0,0.0,0.0,0.0,0.0,1,0.04,1.0,0.0,0.0,0.0,0.0,0.0,Defender,
Marvin Friedrich,GER,Gladbach,de Bundesliga,27 years,17.4,14,0.81,11.0,0.0,1.0,2.0,0.0,0.0,1,0.06,1.0,0.0,0.0,0.0,0.0,0.0,Defender,
Jeremie Frimpong,NED,Leverkusen,de Bundesliga,22 years,25.0,84,3.36,59.0,0.0,15.0,5.0,5.0,0.0,9,0.36,6.0,0.0,2.0,0.0,1.0,0.0,Defender,
Jorge de Frutos,ESP,Rayo Vallecano,es La Liga,26 years,17.2,51,2.96,38.0,3.0,4.0,3.0,2.0,1.0,1,0.06,0.0,0.0,0.0,1.0,0.0,0.0,Forward,Midfielder
Chris Führich,GER,Stuttgart,de Bundesliga,25 years,28.5,137,4.8,93.0,17.0,15.0,9.0,2.0,1.0,17,0.6,14.0,1.0,2.0,0.0,0.0,0.0,Forward,Midfielder
Shiō Fukuda,JPN,Gladbach,de Bundesliga,19 years,0.4,2,4.86,2.0,0.0,0.0,0.0,0.0,0.0,0,0.0,0.0,0.0,0.0,0.0,0.0,0.0,Forward,Midfielder
Angelo Fulgini,FRA,Lens,fr Ligue 1,26 years,15.3,69,4.51,40.0,20.0,1.0,4.0,4.0,0.0,4,0.26,2.0,2.0,0.0,0.0,0.0,0.0,Midfielder,
Niclas Füllkrug,GER,Werder Bremen,de Bundesliga,30 years,2.0,7,3.5,6.0,0.0,0.0,1.0,0.0,0.0,0,0.0,0.0,0.0,0.0,0.0,0.0,0.0,Forward,
Niclas Füllkrug,GER,Dortmund,de Bundesliga,30 years,24.6,57,2.32,50.0,0.0,0.0,4.0,3.0,0.0,11,0.45,10.0,0.0,0.0,1.0,0.0,0.0,Forward,
Gerardo Fusco,ITA,Salernitana,it Serie A,18 years,0.2,2,12.0,2.0,0.0,0.0,0.0,0.0,0.0,0,0.0,0.0,0.0,0.0,0.0,0.0,0.0,Forward,
Daniel Fuzato,BRA,Getafe,es La Liga,26 years,0.1,0,0.0,0.0,0.0,0.0,0.0,0.0,0.0,0,0.0,0.0,0.0,0.0,0.0,0.0,0.0,Goalkeeper,
Matteo Gabbia,ITA,Milan,it Serie A,23 years,14.2,8,0.56,4.0,1.0,0.0,2.0,0.0,1.0,1,0.07,0.0,0.0,0.0,1.0,0.0,0.0,Defender,
Matteo Gabbia,ITA,Villarreal,es La Liga,23 years,5.3,5,0.94,5.0,0.0,0.0,0.0,0.0,0.0,1,0.19,1.0,0.0,0.0,0.0,0.0,0.0,Defender,
Gianluca Gaetano,ITA,Cagliari,it Serie A,23 years,8.3,34,4.11,27.0,1.0,3.0,1.0,2.0,0.0,3,0.36,1.0,0.0,1.0,1.0,0.0,0.0,Forward,Midfielder
Gianluca Gaetano,ITA,Napoli,it Serie A,23 years,1.8,8,4.44,7.0,0.0,0.0,0.0,1.0,0.0,1,0.56,0.0,0.0,0.0,0.0,1.0,0.0,Midfielder,
Roberto Gagliardini,ITA,Monza,it Serie A,29 years,26.2,51,1.94,45.0,2.0,0.0,1.0,3.0,0.0,3,0.11,3.0,0.0,0.0,0.0,0.0,0.0,Midfielder,Defender
Cody Gakpo,NED,Liverpool,eng Premier League,24 years,18.3,73,3.98,47.0,1.0,6.0,12.0,5.0,2.0,10,0.55,6.0,0.0,1.0,2.0,1.0,0.0,Forward,Midfielder
Javi Galán,ESP,Atlético Madrid,es La Liga,28 years,1.0,4,4.04,2.0,1.0,1.0,0.0,0.0,0.0,0,0.0,0.0,0.0,0.0,0.0,0.0,0.0,Defender,
Javi Galán,ESP,Real Sociedad,es La Liga,28 years,11.9,22,1.84,19.0,2.0,0.0,1.0,0.0,0.0,3,0.25,3.0,0.0,0.0,0.0,0.0,0.0,Defender,
Iñigo Ruiz de Galarreta,ESP,Athletic Club,es La Liga,29 years,23.2,56,2.41,42.0,12.0,0.0,0.0,2.0,0.0,9,0.39,9.0,0.0,0.0,0.0,0.0,0.0,Midfielder,
Pablo Galdames Millán,CHI,Genoa,it Serie A,26 years,0.1,0,0.0,0.0,0.0,0.0,0.0,0.0,0.0,0,0.0,0.0,0.0,0.0,0.0,0.0,0.0,Midfielder,Defender
Conor Gallagher,ENG,Chelsea,eng Premier League,23 years,34.8,109,3.14,78.0,15.0,5.0,4.0,1.0,6.0,14,0.4,7.0,5.0,0.0,1.0,0.0,1.0,Midfielder,
Antonino Gallo,ITA,Lecce,it Serie A,23 years,27.7,72,2.6,55.0,10.0,4.0,1.0,1.0,1.0,4,0.14,4.0,0.0,0.0,0.0,0.0,0.0,Defender,
Cristian Gamboa,CRC,Bochum,de Bundesliga,33 years,13.2,20,1.52,15.0,3.0,0.0,2.0,0.0,0.0,2,0.15,1.0,1.0,0.0,0.0,0.0,0.0,Defender,
Kévin Gameiro,FRA,Strasbourg,fr Ligue 1,36 years,15.0,52,3.48,43.0,0.0,2.0,6.0,1.0,0.0,5,0.33,2.0,0.0,0.0,3.0,0.0,0.0,Forward,Midfielder
Idrissa Gana Gueye,SEN,Everton,eng Premier League,33 years,20.9,52,2.48,37.0,0.0,0.0,5.0,4.0,6.0,4,0.19,4.0,0.0,0.0,0.0,0.0,0.0,Midfielder,
Ignatius Ganago,CMR,Nantes,fr Ligue 1,24 years,2.0,5,2.45,4.0,0.0,0.0,0.0,0.0,1.0,0,0.0,0.0,0.0,0.0,0.0,0.0,0.0,Forward,Midfielder
Aleix García,ESP,Girona,es La Liga,26 years,35.5,129,3.63,82.0,40.0,1.0,1.0,4.0,1.0,21,0.59,16.0,5.0,0.0,0.0,0.0,0.0,Midfielder,
Álvaro García,ESP,Rayo Vallecano,es La Liga,30 years,27.5,79,2.87,58.0,5.0,3.0,4.0,6.0,3.0,5,0.18,4.0,0.0,0.0,0.0,1.0,0.0,Forward,Midfielder
Dani García,ESP,Athletic Club,es La Liga,33 years,8.3,3,0.36,2.0,0.0,0.0,0.0,0.0,1.0,0,0.0,0.0,0.0,0.0,0.0,0.0,0.0,Midfielder,
David García,ESP,Osasuna,es La Liga,29 years,25.9,18,0.69,16.0,0.0,0.0,1.0,0.0,1.0,3,0.12,2.0,0.0,0.0,1.0,0.0,0.0,Defender,
Eric García,ESP,Barcelona,es La Liga,22 years,0.6,1,1.58,1.0,0.0,0.0,0.0,0.0,0.0,0,0.0,0.0,0.0,0.0,0.0,0.0,0.0,Defender,
Eric García,ESP,Girona,es La Liga,22 years,29.3,42,1.43,39.0,0.0,0.0,2.0,1.0,0.0,6,0.2,6.0,0.0,0.0,0.0,0.0,0.0,Defender,
Fran Garcia,ESP,Real Madrid,es La Liga,23 years,15.5,34,2.19,32.0,0.0,2.0,0.0,0.0,0.0,4,0.26,4.0,0.0,0.0,0.0,0.0,0.0,Defender,
Gonzalo García,ESP,Real Madrid,es La Liga,19 years,0.2,0,0.0,0.0,0.0,0.0,0.0,0.0,0.0,0,0.0,0.0,0.0,0.0,0.0,0.0,0.0,Forward,Midfielder
Jastin García,ESP,Girona,es La Liga,19 years,0.4,1,2.81,0.0,0.0,0.0,0.0,1.0,0.0,0,0.0,0.0,0.0,0.0,0.0,0.0,0.0,Forward,
Raúl García,ESP,Athletic Club,es La Liga,37 years,4.7,4,0.86,3.0,0.0,0.0,0.0,0.0,1.0,0,0.0,0.0,0.0,0.0,0.0,0.0,0.0,Forward,Midfielder
Rubén García,ESP,Osasuna,es La Liga,30 years,17.2,65,3.79,36.0,14.0,7.0,2.0,6.0,0.0,5,0.29,4.0,0.0,0.0,0.0,1.0,0.0,Forward,Midfielder
Santiago García,ESP,Getafe,es La Liga,21 years,0.3,0,0.0,0.0,0.0,0.0,0.0,0.0,0.0,0,0.0,0.0,0.0,0.0,0.0,0.0,0.0,Forward,
Ulisses Garcia,SUI,Marseille,fr Ligue 1,27 years,10.1,18,1.79,12.0,3.0,3.0,0.0,0.0,0.0,0,0.0,0.0,0.0,0.0,0.0,0.0,0.0,Defender,
Unai García,ESP,Osasuna,es La Liga,31 years,6.2,2,0.32,0.0,2.0,0.0,0.0,0.0,0.0,0,0.0,0.0,0.0,0.0,0.0,0.0,0.0,Defender,
Alejandro Garnacho,ARG,Manchester Utd,eng Premier League,19 years,28.5,119,4.17,80.0,0.0,13.0,13.0,12.0,1.0,15,0.53,10.0,0.0,1.0,1.0,2.0,1.0,Forward,
James Garner,ENG,Everton,eng Premier League,22 years,33.4,98,2.94,58.0,22.0,3.0,6.0,4.0,5.0,8,0.24,3.0,1.0,0.0,1.0,1.0,2.0,Midfielder,
Luca Garritano,ITA,Frosinone,it Serie A,29 years,5.4,15,2.78,10.0,3.0,0.0,0.0,2.0,0.0,3,0.56,2.0,1.0,0.0,0.0,0.0,0.0,Midfielder,Defender
Yarek Gasiorowski,ESP,Valencia,es La Liga,18 years,8.2,5,0.61,2.0,2.0,0.0,1.0,0.0,0.0,0,0.0,0.0,0.0,0.0,0.0,0.0,0.0,Defender,
Johan Gastien,FRA,Clermont Foot,fr Ligue 1,35 years,25.1,63,2.51,47.0,11.0,0.0,1.0,2.0,2.0,4,0.16,4.0,0.0,0.0,0.0,0.0,0.0,Midfielder,
Federico Gatti,ITA,Juventus,it Serie A,25 years,29.3,29,0.99,23.0,0.0,2.0,2.0,1.0,1.0,2,0.07,1.0,0.0,0.0,1.0,0.0,0.0,Defender,
Federico Gattoni,ARG,Sevilla,es La Liga,24 years,0.1,0,0.0,0.0,0.0,0.0,0.0,0.0,0.0,0,0.0,0.0,0.0,0.0,0.0,0.0,0.0,Defender,Forward
Gavi,ESP,Barcelona,es La Liga,18 years,10.5,27,2.57,24.0,0.0,2.0,0.0,0.0,1.0,3,0.29,3.0,0.0,0.0,0.0,0.0,0.0,Midfielder,Forward
Paulo Gazzaniga,ARG,Girona,es La Liga,31 years,38.0,11,0.29,8.0,3.0,0.0,0.0,0.0,0.0,1,0.03,1.0,0.0,0.0,0.0,0.0,0.0,Goalkeeper,
Yann Gboho,FRA,Toulouse,fr Ligue 1,22 years,13.3,39,2.94,27.0,0.0,7.0,1.0,4.0,0.0,7,0.53,5.0,0.0,0.0,0.0,2.0,0.0,Midfielder,Forward
Dennis Geiger,GER,Hoffenheim,de Bundesliga,25 years,0.7,1,1.41,1.0,0.0,0.0,0.0,0.0,0.0,0,0.0,0.0,0.0,0.0,0.0,0.0,0.0,Midfielder,
Gelabert,ESP,Toulouse,fr Ligue 1,22 years,8.4,21,2.5,15.0,3.0,1.0,1.0,1.0,0.0,3,0.36,2.0,1.0,0.0,0.0,0.0,0.0,Midfielder,Forward
Francesco Gelli,ITA,Frosinone,it Serie A,26 years,17.3,48,2.77,27.0,14.0,1.0,1.0,4.0,1.0,3,0.17,0.0,2.0,0.0,0.0,1.0,0.0,Midfielder,Defender
Luca Gemello,ITA,Torino,it Serie A,23 years,2.0,0,0.0,0.0,0.0,0.0,0.0,0.0,0.0,0,0.0,0.0,0.0,0.0,0.0,0.0,0.0,Goalkeeper,
Valentin Gendrey,FRA,Lecce,it Serie A,23 years,33.8,63,1.86,47.0,7.0,5.0,2.0,2.0,0.0,3,0.09,2.0,0.0,1.0,0.0,0.0,0.0,Defender,
Denis Genreau,AUS,Toulouse,fr Ligue 1,24 years,5.2,13,2.52,12.0,0.0,0.0,1.0,0.0,0.0,0,0.0,0.0,0.0,0.0,0.0,0.0,0.0,Midfielder,Forward
Yannick Gerhardt,GER,Wolfsburg,de Bundesliga,29 years,18.1,35,1.93,32.0,0.0,0.0,1.0,2.0,0.0,1,0.06,1.0,0.0,0.0,0.0,0.0,0.0,Midfielder,Defender
Anwar El Ghazi,NED,Mainz 05,de Bundesliga,28 years,0.6,4,6.67,2.0,0.0,2.0,0.0,0.0,0.0,1,1.67,1.0,0.0,0.0,0.0,0.0,0.0,Midfielder,Defender
Farés Ghedjemis,FRA,Frosinone,it Serie A,20 years,2.0,4,1.98,3.0,0.0,1.0,0.0,0.0,0.0,1,0.49,0.0,0.0,1.0,0.0,0.0,0.0,Forward,Midfielder
Saman Ghoddos,IRN,Brentford,eng Premier League,29 years,8.2,20,2.44,10.0,5.0,1.0,0.0,3.0,1.0,0,0.0,0.0,0.0,0.0,0.0,0.0,0.0,Defender,
Lautaro Gianetti,ARG,Udinese,it Serie A,29 years,7.0,3,0.43,2.0,0.0,0.0,1.0,0.0,0.0,0,0.0,0.0,0.0,0.0,0.0,0.0,0.0,Defender,
Morgan Gibbs-White,ENG,Nottingham Forest,eng Premier League,23 years,35.1,149,4.25,86.0,38.0,9.0,7.0,8.0,1.0,18,0.51,14.0,3.0,0.0,1.0,0.0,0.0,Midfielder,Forward
Samuel Gigot,FRA,Marseille,fr Ligue 1,29 years,19.2,27,1.41,17.0,3.0,1.0,5.0,1.0,0.0,4,0.21,1.0,0.0,0.0,3.0,0.0,0.0,Defender,
Bryan Gil,ESP,Tottenham,eng Premier League,22 years,2.3,9,3.88,8.0,0.0,0.0,1.0,0.0,0.0,1,0.43,1.0,0.0,0.0,0.0,0.0,0.0,Forward,Midfielder
David Gil,ESP,Cádiz,es La Liga,29 years,4.1,0,0.0,0.0,0.0,0.0,0.0,0.0,0.0,0,0.0,0.0,0.0,0.0,0.0,0.0,0.0,Goalkeeper,
Mario Gila,ESP,Lazio,it Serie A,22 years,20.1,14,0.7,13.0,0.0,0.0,1.0,0.0,0.0,0,0.0,0.0,0.0,0.0,0.0,0.0,0.0,Defender,
Alfie Gilchrist,ENG,Chelsea,eng Premier League,19 years,2.3,3,1.31,2.0,1.0,0.0,0.0,0.0,0.0,0,0.0,0.0,0.0,0.0,0.0,0.0,0.0,Defender,
Ryan Giles,ENG,Luton Town,eng Premier League,23 years,5.6,12,2.15,8.0,3.0,1.0,0.0,0.0,0.0,0,0.0,0.0,0.0,0.0,0.0,0.0,0.0,Defender,Midfielder
Billy Gilmour,SCO,Brighton,eng Premier League,22 years,23.6,69,2.93,59.0,5.0,0.0,2.0,3.0,0.0,6,0.25,5.0,0.0,0.0,1.0,0.0,0.0,Midfielder,
Benedikt Gimber,GER,Heidenheim,de Bundesliga,26 years,22.5,8,0.36,7.0,0.0,0.0,1.0,0.0,0.0,2,0.09,2.0,0.0,0.0,0.0,0.0,0.0,Defender,
Gvidas Gineitis,LTU,Torino,it Serie A,19 years,6.0,16,2.68,9.0,5.0,1.0,1.0,0.0,0.0,0,0.0,0.0,0.0,0.0,0.0,0.0,0.0,Midfielder,
Matthias Ginter,GER,Freiburg,de Bundesliga,29 years,21.3,28,1.32,23.0,1.0,0.0,1.0,2.0,1.0,4,0.19,3.0,0.0,0.0,0.0,0.0,1.0,Defender,
Olivier Giroud,FRA,Milan,it Serie A,36 years,26.3,51,1.94,41.0,0.0,0.0,9.0,0.0,1.0,13,0.5,9.0,0.0,0.0,4.0,0.0,0.0,Forward,
Jamie Gittens,ENG,Dortmund,de Bundesliga,18 years,11.8,46,3.92,31.0,0.0,10.0,1.0,4.0,0.0,9,0.77,6.0,0.0,1.0,0.0,2.0,0.0,Forward,Midfielder
Klaus Gjasula,ALB,Darmstadt 98,de Bundesliga,33 years,15.1,14,0.92,12.0,1.0,0.0,0.0,0.0,1.0,0,0.0,0.0,0.0,0.0,0.0,0.0,0.0,Defender,Midfielder
Serge Gnabry,GER,Bayern Munich,de Bundesliga,28 years,4.8,19,3.96,12.0,0.0,1.0,5.0,1.0,0.0,2,0.42,1.0,0.0,0.0,0.0,1.0,0.0,Forward,Midfielder
Ben Godfrey,ENG,Everton,eng Premier League,25 years,12.4,17,1.37,9.0,1.0,0.0,5.0,0.0,2.0,3,0.24,1.0,0.0,0.0,1.0,0.0,1.0,Defender,
Edoardo Goldaniga,ITA,Cagliari,it Serie A,29 years,11.2,15,1.34,11.0,0.0,0.0,3.0,0.0,1.0,1,0.09,0.0,0.0,0.0,1.0,0.0,0.0,Defender,
Pierluigi Gollini,ITA,Napoli,it Serie A,28 years,7.0,0,0.0,0.0,0.0,0.0,0.0,0.0,0.0,0,0.0,0.0,0.0,0.0,0.0,0.0,0.0,Goalkeeper,
Aleksandr Golovin,RUS,Monaco,fr Ligue 1,27 years,23.9,102,4.28,62.0,29.0,3.0,3.0,3.0,2.0,7,0.29,6.0,0.0,0.0,1.0,0.0,0.0,Midfielder,Forward
André Gomes,POR,Everton,eng Premier League,30 years,5.6,18,3.18,13.0,0.0,1.0,2.0,1.0,1.0,1,0.18,1.0,0.0,0.0,0.0,0.0,0.0,Midfielder,Forward
Angel Gomes,ENG,Lille,fr Ligue 1,22 years,28.6,107,3.75,73.0,12.0,4.0,7.0,9.0,2.0,12,0.42,8.0,3.0,0.0,1.0,0.0,0.0,Midfielder,
João Gomes,BRA,Wolves,eng Premier League,22 years,29.4,65,2.21,48.0,4.0,2.0,4.0,2.0,5.0,4,0.14,3.0,0.0,0.0,1.0,0.0,0.0,Midfielder,
Toti Gomes,POR,Wolves,eng Premier League,24 years,30.8,21,0.68,16.0,1.0,1.0,3.0,0.0,0.0,4,0.13,3.0,0.0,0.0,1.0,0.0,0.0,Defender,
Joe Gomez,ENG,Liverpool,eng Premier League,26 years,19.8,51,2.57,43.0,0.0,1.0,4.0,3.0,0.0,5,0.25,4.0,0.0,0.0,1.0,0.0,0.0,Defender,
Maxi Gómez,URU,Cádiz,es La Liga,26 years,12.9,21,1.63,13.0,0.0,0.0,3.0,4.0,1.0,1,0.08,0.0,0.0,0.0,1.0,0.0,0.0,Forward,
Moi Gómez,ESP,Osasuna,es La Liga,29 years,22.3,60,2.69,42.0,12.0,3.0,1.0,2.0,0.0,2,0.09,0.0,1.0,0.0,1.0,0.0,0.0,Midfielder,Forward
Papu Gómez,ARG,Monza,it Serie A,35 years,0.5,5,10.98,4.0,1.0,0.0,0.0,0.0,0.0,0,0.0,0.0,0.0,0.0,0.0,0.0,0.0,Midfielder,Forward
Sergio Gómez,ESP,Manchester City,eng Premier League,22 years,0.6,2,3.33,1.0,0.0,1.0,0.0,0.0,0.0,2,3.33,1.0,0.0,1.0,0.0,0.0,0.0,Forward,Midfielder
Unai Gómez,ESP,Athletic Club,es La Liga,20 years,9.7,25,2.57,14.0,6.0,1.0,2.0,1.0,1.0,2,0.21,2.0,0.0,0.0,0.0,0.0,0.0,Midfielder,
Iron Gomis,FRA,Salernitana,it Serie A,23 years,1.5,7,4.7,6.0,0.0,0.0,1.0,0.0,0.0,0,0.0,0.0,0.0,0.0,0.0,0.0,0.0,Midfielder,
Maxime Gonalons,FRA,Clermont Foot,fr Ligue 1,34 years,14.4,19,1.32,18.0,0.0,0.0,0.0,0.0,1.0,2,0.14,2.0,0.0,0.0,0.0,0.0,0.0,Midfielder,
Édgar González,ESP,Almería,es La Liga,26 years,28.0,19,0.68,19.0,0.0,0.0,0.0,0.0,0.0,0,0.0,0.0,0.0,0.0,0.0,0.0,0.0,Defender,Midfielder
Enso Gonzalez,PAR,Wolves,eng Premier League,18 years,0.0,1,90.0,1.0,0.0,0.0,0.0,0.0,0.0,0,0.0,0.0,0.0,0.0,0.0,0.0,0.0,Midfielder,Defender
Fabio González,ESP,Las Palmas,es La Liga,26 years,1.4,4,2.93,4.0,0.0,0.0,0.0,0.0,0.0,1,0.73,1.0,0.0,0.0,0.0,0.0,0.0,Midfielder,
Giovanni González,URU,Mallorca,es La Liga,28 years,27.4,51,1.86,38.0,4.0,2.0,4.0,1.0,2.0,3,0.11,2.0,0.0,0.0,1.0,0.0,0.0,Defender,
Hugo González,ESP,Valencia,es La Liga,20 years,1.0,5,5.11,2.0,2.0,0.0,0.0,1.0,0.0,1,1.02,1.0,0.0,0.0,0.0,0.0,0.0,Midfielder,Forward
Iñaki González,ESP,Las Palmas,es La Liga,19 years,0.1,0,0.0,0.0,0.0,0.0,0.0,0.0,0.0,0,0.0,0.0,0.0,0.0,0.0,0.0,0.0,Midfielder,
Joan Gonzàlez,ESP,Lecce,it Serie A,21 years,14.3,55,3.83,41.0,1.0,3.0,4.0,4.0,2.0,5,0.35,3.0,0.0,0.0,0.0,1.0,1.0,Midfielder,
Nicolás González,ARG,Fiorentina,it Serie A,25 years,21.3,62,2.92,43.0,0.0,5.0,11.0,3.0,0.0,6,0.28,5.0,0.0,0.0,1.0,0.0,0.0,Forward,
Peter González,DOM,Valencia,es La Liga,21 years,7.2,14,1.94,8.0,2.0,2.0,1.0,1.0,0.0,1,0.14,0.0,0.0,0.0,0.0,1.0,0.0,Midfielder,Forward
Urko González,ESP,Real Sociedad,es La Liga,22 years,1.7,1,0.58,0.0,0.0,1.0,0.0,0.0,0.0,0,0.0,0.0,0.0,0.0,0.0,0.0,0.0,Midfielder,
Anthony Gordon,ENG,Newcastle Utd,eng Premier League,22 years,32.1,143,4.45,86.0,18.0,13.0,11.0,13.0,2.0,29,0.9,13.0,2.0,5.0,4.0,5.0,0.0,Forward,
Kaide Gordon,ENG,Liverpool,eng Premier League,18 years,0.0,0,0.0,0.0,0.0,0.0,0.0,0.0,0.0,0,0.0,0.0,0.0,0.0,0.0,0.0,0.0,Forward,
Daniel Gore,ENG,Manchester Utd,eng Premier League,18 years,0.0,0,0.0,0.0,0.0,0.0,0.0,0.0,0.0,0,0.0,0.0,0.0,0.0,0.0,0.0,0.0,Midfielder,
Leon Goretzka,GER,Bayern Munich,de Bundesliga,28 years,24.9,71,2.85,64.0,1.0,2.0,2.0,1.0,1.0,12,0.48,12.0,0.0,0.0,0.0,0.0,0.0,Midfielder,
Mathieu Gorgelin,FRA,Le Havre,fr Ligue 1,32 years,1.0,0,0.0,0.0,0.0,0.0,0.0,0.0,0.0,0,0.0,0.0,0.0,0.0,0.0,0.0,0.0,Goalkeeper,
Andoni Gorosabel,ESP,Alavés,es La Liga,26 years,31.7,59,1.86,46.0,5.0,1.0,1.0,4.0,2.0,2,0.06,2.0,0.0,0.0,0.0,0.0,0.0,Defender,
Robin Gosens,GER,Union Berlin,de Bundesliga,29 years,25.4,63,2.48,52.0,1.0,1.0,4.0,1.0,4.0,8,0.32,6.0,0.0,1.0,0.0,0.0,1.0,Defender,Midfielder
Mario Götze,GER,Eintracht Frankfurt,de Bundesliga,31 years,23.0,76,3.31,61.0,9.0,1.0,2.0,3.0,0.0,6,0.26,5.0,0.0,0.0,1.0,0.0,0.0,Midfielder,
Amine Gouiri,ALG,Rennes,fr Ligue 1,23 years,23.0,85,3.7,53.0,3.0,13.0,11.0,5.0,0.0,10,0.44,6.0,0.0,2.0,2.0,0.0,0.0,Forward,Midfielder
Jeffrey Gouweleeuw,NED,Augsburg,de Bundesliga,32 years,28.8,37,1.28,30.0,2.0,0.0,4.0,0.0,1.0,2,0.07,2.0,0.0,0.0,0.0,0.0,0.0,Defender,
Pablo Gozalbez,ESP,Valencia,es La Liga,22 years,1.1,1,0.87,1.0,0.0,0.0,0.0,0.0,0.0,0,0.0,0.0,0.0,0.0,0.0,0.0,0.0,Midfielder,Forward
Jonathan Gradit,FRA,Lens,fr Ligue 1,30 years,23.5,31,1.32,27.0,1.0,0.0,2.0,1.0,0.0,2,0.09,2.0,0.0,0.0,0.0,0.0,0.0,Defender,
Jens Grahl,GER,Eintracht Frankfurt,de Bundesliga,34 years,2.0,1,0.5,1.0,0.0,0.0,0.0,0.0,0.0,1,0.5,1.0,0.0,0.0,0.0,0.0,0.0,Goalkeeper,
Samuel Grandsir,FRA,Le Havre,fr Ligue 1,26 years,6.7,31,4.61,20.0,5.0,3.0,2.0,0.0,1.0,2,0.3,1.0,0.0,1.0,0.0,0.0,0.0,Midfielder,Forward
Alberto Grassi,ITA,Empoli,it Serie A,28 years,20.1,24,1.19,20.0,0.0,0.0,2.0,2.0,0.0,3,0.15,3.0,0.0,0.0,0.0,0.0,0.0,Midfielder,
Ryan Gravenberch,NED,Liverpool,eng Premier League,21 years,12.5,44,3.54,36.0,0.0,2.0,6.0,0.0,0.0,0,0.0,0.0,0.0,0.0,0.0,0.0,0.0,Midfielder,
Ryan Gravenberch,NED,Bayern Munich,de Bundesliga,21 years,0.1,3,27.0,2.0,0.0,1.0,0.0,0.0,0.0,0,0.0,0.0,0.0,0.0,0.0,0.0,0.0,Forward,
Adrian Grbić,AUT,Lorient,fr Ligue 1,26 years,0.3,1,2.9,1.0,0.0,0.0,0.0,0.0,0.0,0,0.0,0.0,0.0,0.0,0.0,0.0,0.0,Forward,
Ivo Grbić,CRO,Sheffield Utd,eng Premier League,27 years,8.6,2,0.23,1.0,1.0,0.0,0.0,0.0,0.0,0,0.0,0.0,0.0,0.0,0.0,0.0,0.0,Goalkeeper,
Jack Grealish,ENG,Manchester City,eng Premier League,27 years,11.2,54,4.82,46.0,0.0,1.0,2.0,5.0,0.0,4,0.36,4.0,0.0,0.0,0.0,0.0,0.0,Forward,Midfielder
Mason Greenwood,ENG,Getafe,es La Liga,21 years,29.6,111,3.75,58.0,10.0,23.0,11.0,9.0,0.0,17,0.57,6.0,2.0,4.0,3.0,2.0,0.0,Midfielder,Forward
Michael Gregoritsch,AUT,Freiburg,de Bundesliga,29 years,18.7,47,2.51,33.0,0.0,2.0,7.0,4.0,1.0,7,0.37,5.0,0.0,0.0,2.0,0.0,0.0,Forward,
Dominik Greif,SVK,Mallorca,es La Liga,26 years,1.0,0,0.0,0.0,0.0,0.0,0.0,0.0,0.0,0,0.0,0.0,0.0,0.0,0.0,0.0,0.0,Goalkeeper,
Antoine Griezmann,FRA,Atlético Madrid,es La Liga,32 years,29.4,107,3.64,68.0,21.0,4.0,10.0,2.0,2.0,11,0.37,10.0,0.0,0.0,1.0,0.0,0.0,Forward,Midfielder
Vincenzo Grifo,ITA,Freiburg,de Bundesliga,30 years,25.8,98,3.79,63.0,24.0,6.0,3.0,2.0,0.0,11,0.43,4.0,4.0,0.0,1.0,2.0,0.0,Midfielder,Forward
Florian Grillitsch,AUT,Hoffenheim,de Bundesliga,27 years,25.5,62,2.43,53.0,0.0,2.0,5.0,0.0,2.0,10,0.39,9.0,0.0,0.0,1.0,0.0,0.0,Defender,Midfielder
Álex Grimaldo,ESP,Leverkusen,de Bundesliga,27 years,30.9,131,4.23,88.0,29.0,5.0,5.0,3.0,1.0,21,0.68,13.0,3.0,1.0,2.0,2.0,0.0,Defender,
Christian Groß,GER,Werder Bremen,de Bundesliga,34 years,8.9,8,0.9,8.0,0.0,0.0,0.0,0.0,0.0,1,0.11,1.0,0.0,0.0,0.0,0.0,0.0,Defender,Midfielder
Pascal Groß,GER,Brighton,eng Premier League,32 years,34.6,185,5.35,114.0,54.0,5.0,9.0,2.0,1.0,16,0.46,9.0,2.0,4.0,1.0,0.0,0.0,Midfielder,Defender
Brajan Gruda,GER,Mainz 05,de Bundesliga,19 years,18.2,103,5.65,64.0,13.0,8.0,5.0,13.0,0.0,5,0.27,4.0,1.0,0.0,0.0,0.0,0.0,Midfielder,Forward
Ilia Gruev,BUL,Werder Bremen,de Bundesliga,23 years,0.0,0,0.0,0.0,0.0,0.0,0.0,0.0,0.0,0,0.0,0.0,0.0,0.0,0.0,0.0,0.0,Midfielder,
Vicente Guaita,ESP,Celta Vigo,es La Liga,36 years,26.7,7,0.26,4.0,3.0,0.0,0.0,0.0,0.0,1,0.04,1.0,0.0,0.0,0.0,0.0,0.0,Goalkeeper,
Andrés Guardado,MEX,Betis,es La Liga,36 years,5.0,15,3.02,12.0,3.0,0.0,0.0,0.0,0.0,0,0.0,0.0,0.0,0.0,0.0,0.0,0.0,Midfielder,
Sergi Guardiola,ESP,Cádiz,es La Liga,32 years,5.5,15,2.73,10.0,0.0,0.0,3.0,2.0,0.0,1,0.18,1.0,0.0,0.0,0.0,0.0,0.0,Forward,Midfielder
Nemanja Gudelj,SRB,Sevilla,es La Liga,31 years,19.4,20,1.03,17.0,1.0,0.0,2.0,0.0,0.0,2,0.1,2.0,0.0,0.0,0.0,0.0,0.0,Defender,Midfielder
Gabriel Gudmundsson,SWE,Lille,fr Ligue 1,24 years,14.1,22,1.56,17.0,0.0,3.0,1.0,0.0,1.0,2,0.14,1.0,0.0,0.0,1.0,0.0,0.0,Defender,Forward
Gonçalo Guedes,POR,Villarreal,es La Liga,26 years,10.6,40,3.79,29.0,1.0,4.0,4.0,1.0,1.0,4,0.38,3.0,0.0,0.0,1.0,0.0,0.0,Forward,Midfielder
Axel Gueguin,FRA,Montpellier,fr Ligue 1,18 years,1.5,2,1.36,2.0,0.0,0.0,0.0,0.0,0.0,0,0.0,0.0,0.0,0.0,0.0,0.0,0.0,Defender,Forward
Marc Guéhi,ENG,Crystal Palace,eng Premier League,23 years,22.5,22,0.98,17.0,0.0,0.0,2.0,2.0,1.0,2,0.09,2.0,0.0,0.0,0.0,0.0,0.0,Defender,
Mattéo Guendouzi,FRA,Lazio,it Serie A,24 years,26.3,52,1.98,45.0,0.0,0.0,2.0,3.0,2.0,5,0.19,5.0,0.0,0.0,0.0,0.0,0.0,Midfielder,
Mattéo Guendouzi,FRA,Marseille,fr Ligue 1,24 years,0.2,2,9.47,1.0,1.0,0.0,0.0,0.0,0.0,0,0.0,0.0,0.0,0.0,0.0,0.0,0.0,Midfielder,
Javier Guerra,ESP,Valencia,es La Liga,20 years,27.8,46,1.66,33.0,0.0,7.0,3.0,3.0,0.0,1,0.04,0.0,0.0,1.0,0.0,0.0,0.0,Midfielder,
Raphaël Guerreiro,POR,Bayern Munich,de Bundesliga,29 years,13.2,50,3.78,41.0,6.0,1.0,1.0,0.0,1.0,7,0.53,7.0,0.0,0.0,0.0,0.0,0.0,Defender,Midfielder
Axel Guessand,FRA,Udinese,it Serie A,18 years,0.5,0,0.0,0.0,0.0,0.0,0.0,0.0,0.0,0,0.0,0.0,0.0,0.0,0.0,0.0,0.0,Defender,
Evann Guessand,CIV,Nice,fr Ligue 1,22 years,17.3,47,2.72,27.0,0.0,7.0,5.0,6.0,2.0,5,0.29,1.0,0.0,1.0,0.0,3.0,0.0,Forward,
Ander Guevara,ESP,Alavés,es La Liga,26 years,32.6,69,2.12,58.0,4.0,2.0,3.0,1.0,1.0,3,0.09,2.0,0.0,0.0,0.0,1.0,0.0,Midfielder,
Pape Gueye,SEN,Marseille,fr Ligue 1,24 years,8.5,19,2.24,16.0,0.0,0.0,1.0,2.0,0.0,2,0.24,2.0,0.0,0.0,0.0,0.0,0.0,Midfielder,Defender
Josuha Guilavogui,FRA,Mainz 05,de Bundesliga,32 years,4.5,4,0.88,4.0,0.0,0.0,0.0,0.0,0.0,1,0.22,1.0,0.0,0.0,0.0,0.0,0.0,Defender,
Morgan Guilavogui,GUI,Lens,fr Ligue 1,25 years,6.3,27,4.26,24.0,0.0,1.0,2.0,0.0,0.0,4,0.63,3.0,0.0,0.0,1.0,0.0,0.0,Forward,Midfielder
Frederic Guilbert,FRA,Strasbourg,fr Ligue 1,28 years,27.7,42,1.52,25.0,10.0,2.0,3.0,1.0,1.0,2,0.07,1.0,0.0,1.0,0.0,0.0,0.0,Defender,Midfielder
Hugo Guillamón,ESP,Valencia,es La Liga,23 years,14.6,30,2.05,27.0,1.0,0.0,0.0,1.0,1.0,0,0.0,0.0,0.0,0.0,0.0,0.0,0.0,Midfielder,
Bruno Guimarães,BRA,Newcastle Utd,eng Premier League,25 years,36.3,143,3.94,110.0,8.0,10.0,3.0,6.0,6.0,19,0.52,12.0,0.0,4.0,2.0,1.0,0.0,Midfielder,
Serhou Guirassy,GUI,Stuttgart,de Bundesliga,27 years,24.5,90,3.67,72.0,0.0,8.0,6.0,4.0,0.0,13,0.53,6.0,0.0,4.0,1.0,2.0,0.0,Forward,
Marc Guiu,ESP,Barcelona,es La Liga,17 years,0.8,2,2.43,2.0,0.0,0.0,0.0,0.0,0.0,0,0.0,0.0,0.0,0.0,0.0,0.0,0.0,Forward,Midfielder
Péter Gulácsi,HUN,RB Leipzig,de Bundesliga,33 years,13.0,1,0.08,1.0,0.0,0.0,0.0,0.0,0.0,1,0.08,1.0,0.0,0.0,0.0,0.0,0.0,Goalkeeper,
Manuel Gulde,GER,Freiburg,de Bundesliga,32 years,22.7,13,0.57,11.0,1.0,0.0,1.0,0.0,0.0,0,0.0,0.0,0.0,0.0,0.0,0.0,0.0,Defender,
Arda Güler,TUR,Real Madrid,es La Liga,18 years,4.2,18,4.3,11.0,1.0,2.0,2.0,2.0,0.0,2,0.48,1.0,0.0,1.0,0.0,0.0,0.0,Forward,Midfielder
Gerard Gumbau,ESP,Granada,es La Liga,28 years,29.7,83,2.79,38.0,35.0,1.0,5.0,2.0,2.0,11,0.37,8.0,1.0,0.0,2.0,0.0,0.0,Midfielder,
Robert Gumny,POL,Augsburg,de Bundesliga,25 years,5.3,11,2.06,6.0,2.0,1.0,2.0,0.0,0.0,3,0.56,3.0,0.0,0.0,0.0,0.0,0.0,Defender,
İlkay Gündoğan,GER,Barcelona,es La Liga,32 years,33.3,166,4.99,111.0,45.0,4.0,2.0,4.0,0.0,13,0.39,10.0,2.0,0.0,0.0,1.0,0.0,Midfielder,
Christian Günter,GER,Freiburg,de Bundesliga,30 years,11.8,29,2.46,20.0,7.0,0.0,1.0,0.0,1.0,2,0.17,2.0,0.0,0.0,0.0,0.0,0.0,Defender,
Jon Guridi,ESP,Alavés,es La Liga,28 years,29.8,69,2.32,54.0,0.0,2.0,7.0,2.0,4.0,8,0.27,6.0,0.0,0.0,2.0,0.0,0.0,Midfielder,
Gorka Guruzeta,ESP,Athletic Club,es La Liga,26 years,24.6,56,2.27,46.0,0.0,1.0,2.0,5.0,2.0,8,0.32,7.0,0.0,0.0,1.0,0.0,0.0,Forward,
Malo Gusto,FRA,Chelsea,eng Premier League,20 years,19.5,52,2.67,47.0,2.0,1.0,0.0,0.0,2.0,7,0.36,7.0,0.0,0.0,0.0,0.0,0.0,Defender,
Miguel Gutiérrez,ESP,Girona,es La Liga,22 years,33.7,80,2.37,70.0,1.0,2.0,6.0,0.0,1.0,13,0.39,13.0,0.0,0.0,0.0,0.0,0.0,Defender,
Albert Guðmundsson,ISL,Genoa,it Serie A,26 years,33.5,144,4.3,57.0,61.0,3.0,10.0,13.0,0.0,15,0.45,8.0,3.0,1.0,2.0,1.0,0.0,Forward,Midfielder
Joško Gvardiol,CRO,Manchester City,eng Premier League,21 years,25.9,54,2.09,40.0,1.0,5.0,2.0,4.0,2.0,7,0.27,6.0,0.0,0.0,0.0,1.0,0.0,Defender,
Emmanuel Gyasi,GHA,Empoli,it Serie A,29 years,20.9,27,1.29,17.0,2.0,1.0,4.0,2.0,1.0,3,0.14,3.0,0.0,0.0,0.0,0.0,0.0,Defender,Forward
Norbert Gyömbér,SVK,Salernitana,it Serie A,31 years,19.6,9,0.46,8.0,0.0,1.0,0.0,0.0,0.0,1,0.05,1.0,0.0,0.0,0.0,0.0,0.0,Defender,
Erling Haaland,NOR,Manchester City,eng Premier League,23 years,28.4,59,2.08,39.0,0.0,3.0,10.0,6.0,1.0,11,0.39,5.0,0.0,1.0,3.0,2.0,0.0,Forward,
Nicolas Haas,SUI,Empoli,it Serie A,27 years,1.0,3,3.0,3.0,0.0,0.0,0.0,0.0,0.0,0,0.0,0.0,0.0,0.0,0.0,0.0,0.0,Midfielder,
Janik Haberer,GER,Union Berlin,de Bundesliga,29 years,13.6,28,2.06,25.0,0.0,0.0,2.0,1.0,0.0,2,0.15,2.0,0.0,0.0,0.0,0.0,0.0,Midfielder,Defender
Robin Hack,GER,Gladbach,de Bundesliga,24 years,15.0,45,3.0,32.0,8.0,4.0,1.0,0.0,0.0,2,0.13,2.0,0.0,0.0,0.0,0.0,0.0,Forward,Midfielder
Antwoine Hackford,ENG,Sheffield Utd,eng Premier League,19 years,0.1,0,0.0,0.0,0.0,0.0,0.0,0.0,0.0,0,0.0,0.0,0.0,0.0,0.0,0.0,0.0,Forward,
Munir El Haddadi,MAR,Las Palmas,es La Liga,27 years,27.2,62,2.28,41.0,5.0,5.0,2.0,8.0,1.0,5,0.18,3.0,1.0,0.0,1.0,0.0,0.0,Forward,
Jaouen Hadjam,ALG,Nantes,fr Ligue 1,20 years,1.2,7,5.53,6.0,1.0,0.0,0.0,0.0,0.0,0,0.0,0.0,0.0,0.0,0.0,0.0,0.0,Defender,
Ianis Hagi,ROU,Alavés,es La Liga,24 years,8.9,48,5.37,26.0,15.0,3.0,3.0,1.0,0.0,1,0.11,1.0,0.0,0.0,0.0,0.0,0.0,Midfielder,Forward
Amadou Haidara,MLI,RB Leipzig,de Bundesliga,25 years,17.0,41,2.42,34.0,1.0,2.0,1.0,2.0,1.0,7,0.41,5.0,0.0,1.0,0.0,1.0,0.0,Midfielder,
Massadio Haïdara,MLI,Lens,fr Ligue 1,30 years,8.2,6,0.73,4.0,1.0,0.0,1.0,0.0,0.0,1,0.12,1.0,0.0,0.0,0.0,0.0,0.0,Defender,
Oualid El Hajjam,MAR,Le Havre,fr Ligue 1,32 years,4.4,12,2.76,9.0,0.0,1.0,0.0,2.0,0.0,1,0.23,0.0,0.0,0.0,0.0,1.0,0.0,Defender,Midfielder
Achraf Hakimi,MAR,Paris S-G,fr Ligue 1,24 years,21.5,93,4.33,79.0,1.0,2.0,5.0,5.0,1.0,14,0.65,13.0,0.0,0.0,1.0,0.0,0.0,Defender,
Lewis Hall,ENG,Newcastle Utd,eng Premier League,18 years,8.7,20,2.3,14.0,1.0,3.0,1.0,1.0,0.0,3,0.35,3.0,0.0,0.0,0.0,0.0,0.0,Defender,
Sébastien Haller,CIV,Dortmund,de Bundesliga,29 years,4.4,11,2.53,10.0,0.0,0.0,1.0,0.0,0.0,1,0.23,1.0,0.0,0.0,0.0,0.0,0.0,Forward,
Gustavo Hamer,NED,Sheffield Utd,eng Premier League,26 years,32.3,116,3.59,73.0,22.0,10.0,7.0,4.0,0.0,12,0.37,9.0,1.0,2.0,0.0,0.0,0.0,Midfielder,
Andreas Hanche-Olsen,NOR,Mainz 05,de Bundesliga,26 years,11.0,6,0.54,6.0,0.0,0.0,0.0,0.0,0.0,1,0.09,1.0,0.0,0.0,0.0,0.0,0.0,Defender,
Isak Hansen-Aarøen,NOR,Werder Bremen,de Bundesliga,18 years,0.3,1,3.33,1.0,0.0,0.0,0.0,0.0,0.0,0,0.0,0.0,0.0,0.0,0.0,0.0,0.0,Midfielder,
Ridgeciano Haps,SUR,Genoa,it Serie A,30 years,8.6,7,0.81,6.0,0.0,0.0,1.0,0.0,0.0,1,0.12,1.0,0.0,0.0,0.0,0.0,0.0,Defender,
Genki Haraguchi,JPN,Stuttgart,de Bundesliga,32 years,0.3,0,0.0,0.0,0.0,0.0,0.0,0.0,0.0,0,0.0,0.0,0.0,0.0,0.0,0.0,0.0,Midfielder,
Amine Harit,MAR,Marseille,fr Ligue 1,26 years,20.2,90,4.45,66.0,5.0,9.0,2.0,7.0,1.0,7,0.35,7.0,0.0,0.0,0.0,0.0,0.0,Midfielder,Forward
Luke Harris,WAL,Fulham,eng Premier League,18 years,0.8,0,0.0,0.0,0.0,0.0,0.0,0.0,0.0,0,0.0,0.0,0.0,0.0,0.0,0.0,0.0,Midfielder,
Jack Harrison,ENG,Everton,eng Premier League,26 years,24.6,66,2.68,46.0,2.0,3.0,7.0,6.0,2.0,7,0.28,5.0,0.0,0.0,1.0,1.0,0.0,Midfielder,Forward
Abdou Harroui,NED,Frosinone,it Serie A,25 years,11.3,39,3.44,27.0,0.0,4.0,5.0,3.0,0.0,4,0.35,3.0,0.0,0.0,1.0,0.0,0.0,Midfielder,Forward
Makoto Hasebe,JPN,Eintracht Frankfurt,de Bundesliga,39 years,2.4,3,1.24,1.0,1.0,0.0,0.0,1.0,0.0,0,0.0,0.0,0.0,0.0,0.0,0.0,0.0,Defender,Midfielder
Daiki Hashioka,JPN,Luton Town,eng Premier League,24 years,6.6,8,1.21,8.0,0.0,0.0,0.0,0.0,0.0,0,0.0,0.0,0.0,0.0,0.0,0.0,0.0,Defender,
Hans Hateboer,NED,Atalanta,it Serie A,29 years,12.4,33,2.67,28.0,0.0,2.0,2.0,0.0,1.0,3,0.24,3.0,0.0,0.0,0.0,0.0,0.0,Defender,
Pantelis Hatzidiakos,GRE,Cagliari,it Serie A,26 years,9.5,5,0.53,3.0,0.0,0.0,2.0,0.0,0.0,0,0.0,0.0,0.0,0.0,0.0,0.0,0.0,Defender,
Kai Havertz,GER,Arsenal,eng Premier League,24 years,29.3,106,3.62,87.0,0.0,3.0,8.0,6.0,2.0,22,0.75,16.0,0.0,2.0,2.0,2.0,0.0,Midfielder,Forward
Thorgan Hazard,BEL,Dortmund,de Bundesliga,30 years,0.1,0,0.0,0.0,0.0,0.0,0.0,0.0,0.0,0,0.0,0.0,0.0,0.0,0.0,0.0,0.0,Defender,
Jan Paul van Hecke,NED,Brighton,eng Premier League,23 years,26.3,37,1.41,35.0,0.0,0.0,1.0,0.0,1.0,3,0.11,3.0,0.0,0.0,0.0,0.0,0.0,Defender,
Hwang Hee-chan,KOR,Wolves,eng Premier League,27 years,23.5,48,2.04,29.0,0.0,8.0,6.0,4.0,1.0,9,0.38,4.0,0.0,3.0,1.0,1.0,0.0,Forward,Midfielder
Silvan Hefti,SUI,Genoa,it Serie A,25 years,1.3,0,0.0,0.0,0.0,0.0,0.0,0.0,0.0,0,0.0,0.0,0.0,0.0,0.0,0.0,0.0,Midfielder,Defender
Silvan Hefti,SUI,Montpellier,fr Ligue 1,25 years,7.9,11,1.39,9.0,1.0,0.0,1.0,0.0,0.0,3,0.38,3.0,0.0,0.0,0.0,0.0,0.0,Defender,Forward
Dominique Heintz,GER,Köln,de Bundesliga,29 years,6.3,14,2.22,12.0,1.0,1.0,0.0,0.0,0.0,0,0.0,0.0,0.0,0.0,0.0,0.0,0.0,Defender,
Dean Henderson,ENG,Crystal Palace,eng Premier League,26 years,18.0,1,0.06,1.0,0.0,0.0,0.0,0.0,0.0,1,0.06,1.0,0.0,0.0,0.0,0.0,0.0,Goalkeeper,
Liam Henderson,SCO,Empoli,it Serie A,27 years,0.1,0,0.0,0.0,0.0,0.0,0.0,0.0,0.0,0,0.0,0.0,0.0,0.0,0.0,0.0,0.0,Midfielder,
Benjamin Henrichs,GER,RB Leipzig,de Bundesliga,26 years,28.1,89,3.17,69.0,4.0,6.0,5.0,1.0,4.0,13,0.46,10.0,0.0,0.0,2.0,1.0,0.0,Defender,
Henrique,BRA,Lyon,fr Ligue 1,29 years,6.7,9,1.33,6.0,1.0,1.0,0.0,1.0,0.0,1,0.15,1.0,0.0,0.0,0.0,0.0,0.0,Defender,
Luis Henrique,BRA,Marseille,fr Ligue 1,21 years,8.7,29,3.33,27.0,0.0,2.0,0.0,0.0,0.0,0,0.0,0.0,0.0,0.0,0.0,0.0,0.0,Forward,Defender
Luiz Henrique,BRA,Betis,es La Liga,22 years,6.8,30,4.38,20.0,0.0,6.0,4.0,0.0,0.0,5,0.73,3.0,0.0,2.0,0.0,0.0,0.0,Forward,
Matheus Henrique,BRA,Sassuolo,it Serie A,25 years,27.8,77,2.77,63.0,7.0,1.0,3.0,3.0,0.0,5,0.18,5.0,0.0,0.0,0.0,0.0,0.0,Midfielder,
Rico Henry,ENG,Brentford,eng Premier League,26 years,4.5,13,2.92,10.0,0.0,3.0,0.0,0.0,0.0,3,0.67,2.0,0.0,1.0,0.0,0.0,0.0,Defender,
Thomas Henry,FRA,Hellas Verona,it Serie A,28 years,3.7,6,1.61,4.0,0.0,0.0,2.0,0.0,0.0,0,0.0,0.0,0.0,0.0,0.0,0.0,0.0,Forward,
Christophe Hérelle,MTQ,Metz,fr Ligue 1,30 years,18.0,15,0.83,13.0,0.0,1.0,0.0,1.0,0.0,2,0.11,2.0,0.0,0.0,0.0,0.0,0.0,Defender,
Mario Hermoso,ESP,Atlético Madrid,es La Liga,28 years,28.4,45,1.58,37.0,4.0,1.0,2.0,1.0,0.0,6,0.21,3.0,1.0,0.0,1.0,1.0,0.0,Defender,
Javi Hernández,ESP,Cádiz,es La Liga,25 years,27.9,63,2.26,39.0,18.0,1.0,2.0,1.0,2.0,6,0.21,3.0,2.0,0.0,1.0,0.0,0.0,Defender,
Aridane Hernández,ESP,Rayo Vallecano,es La Liga,34 years,18.8,10,0.53,8.0,1.0,0.0,0.0,1.0,0.0,0,0.0,0.0,0.0,0.0,0.0,0.0,0.0,Defender,
Lucas Hernández,FRA,Paris S-G,fr Ligue 1,27 years,21.2,25,1.18,19.0,1.0,0.0,1.0,2.0,2.0,3,0.14,1.0,0.0,0.0,1.0,1.0,0.0,Defender,
Luis Hernández,ESP,Cádiz,es La Liga,34 years,8.0,17,2.12,9.0,8.0,0.0,0.0,0.0,0.0,0,0.0,0.0,0.0,0.0,0.0,0.0,0.0,Defender,
Theo Hernández,FRA,Milan,it Serie A,25 years,31.0,119,3.84,87.0,8.0,7.0,11.0,5.0,1.0,13,0.42,11.0,0.0,0.0,1.0,1.0,0.0,Defender,
Jorge Herrando,ESP,Osasuna,es La Liga,22 years,18.3,4,0.22,3.0,1.0,0.0,0.0,0.0,0.0,0,0.0,0.0,0.0,0.0,0.0,0.0,0.0,Defender,
Ander Herrera,ESP,Athletic Club,es La Liga,33 years,11.4,30,2.63,27.0,0.0,0.0,2.0,0.0,1.0,3,0.26,3.0,0.0,0.0,0.0,0.0,0.0,Midfielder,
Cristian Herrera,ESP,Las Palmas,es La Liga,32 years,1.8,5,2.73,5.0,0.0,0.0,0.0,0.0,0.0,1,0.55,1.0,0.0,0.0,0.0,0.0,0.0,Forward,Midfielder
Sergio Herrera,ESP,Osasuna,es La Liga,30 years,31.9,6,0.19,4.0,2.0,0.0,0.0,0.0,0.0,0,0.0,0.0,0.0,0.0,0.0,0.0,0.0,Goalkeeper,
Yangel Herrera,VEN,Girona,es La Liga,25 years,23.4,48,2.05,37.0,0.0,1.0,3.0,7.0,0.0,4,0.17,3.0,0.0,0.0,0.0,1.0,0.0,Midfielder,
Patrick Herrmann,GER,Gladbach,de Bundesliga,32 years,1.0,7,7.33,4.0,2.0,0.0,1.0,0.0,0.0,1,1.05,1.0,0.0,0.0,0.0,0.0,0.0,Forward,Defender
Juan Herzog,ESP,Las Palmas,es La Liga,20 years,3.2,1,0.31,0.0,0.0,0.0,1.0,0.0,0.0,0,0.0,0.0,0.0,0.0,0.0,0.0,0.0,Defender,
Son Heung-min,KOR,Tottenham,eng Premier League,31 years,32.6,129,3.96,108.0,0.0,11.0,6.0,3.0,1.0,17,0.52,13.0,0.0,3.0,0.0,1.0,0.0,Forward,
Aaron Hickey,SCO,Brentford,eng Premier League,21 years,7.9,7,0.88,6.0,0.0,0.0,0.0,1.0,0.0,0,0.0,0.0,0.0,0.0,0.0,0.0,0.0,Defender,
Isak Hien,SWE,Hellas Verona,it Serie A,24 years,9.6,3,0.31,3.0,0.0,0.0,0.0,0.0,0.0,0,0.0,0.0,0.0,0.0,0.0,0.0,0.0,Defender,
Isak Hien,SWE,Atalanta,it Serie A,24 years,10.4,4,0.38,4.0,0.0,0.0,0.0,0.0,0.0,1,0.1,1.0,0.0,0.0,0.0,0.0,0.0,Defender,
James Hill,ENG,Bournemouth,eng Premier League,21 years,0.8,1,1.18,1.0,0.0,0.0,0.0,0.0,0.0,0,0.0,0.0,0.0,0.0,0.0,0.0,0.0,Defender,
Piero Hincapié,ECU,Leverkusen,de Bundesliga,21 years,16.5,23,1.39,20.0,0.0,0.0,2.0,1.0,0.0,5,0.3,4.0,0.0,0.0,1.0,0.0,0.0,Defender,
Jack Hinshelwood,ENG,Brighton,eng Premier League,18 years,9.7,14,1.45,11.0,0.0,0.0,3.0,0.0,0.0,0,0.0,0.0,0.0,0.0,0.0,0.0,0.0,Defender,
Adam Hložek,CZE,Leverkusen,de Bundesliga,21 years,5.1,16,3.14,12.0,0.0,1.0,3.0,0.0,0.0,4,0.78,4.0,0.0,0.0,0.0,0.0,0.0,Midfielder,Forward
Nicolas Höfler,GER,Freiburg,de Bundesliga,33 years,25.9,32,1.24,27.0,0.0,0.0,3.0,1.0,1.0,3,0.12,3.0,0.0,0.0,0.0,0.0,0.0,Midfielder,
Jonas Hofmann,GER,Leverkusen,de Bundesliga,31 years,24.5,157,6.42,108.0,33.0,4.0,6.0,5.0,1.0,20,0.82,10.0,7.0,0.0,1.0,2.0,0.0,Midfielder,
Philipp Hofmann,GER,Bochum,de Bundesliga,30 years,17.5,51,2.92,32.0,0.0,2.0,9.0,7.0,1.0,4,0.23,2.0,0.0,0.0,2.0,0.0,0.0,Forward,
Lucas Höler,GER,Freiburg,de Bundesliga,29 years,25.6,64,2.5,49.0,0.0,1.0,4.0,6.0,4.0,8,0.31,6.0,0.0,0.0,0.0,1.0,1.0,Forward,Midfielder
Mason Holgate,ENG,Sheffield Utd,eng Premier League,26 years,7.9,4,0.51,2.0,1.0,0.0,1.0,0.0,0.0,0,0.0,0.0,0.0,0.0,0.0,0.0,0.0,Defender,
Fabian Holland,GER,Darmstadt 98,de Bundesliga,33 years,20.4,45,2.21,34.0,6.0,2.0,0.0,1.0,2.0,4,0.2,3.0,1.0,0.0,0.0,0.0,0.0,Midfielder,Defender
Benedict Hollerbach,GER,Union Berlin,de Bundesliga,22 years,14.2,41,2.88,29.0,0.0,3.0,4.0,4.0,1.0,1,0.07,0.0,0.0,1.0,0.0,0.0,0.0,Forward,Midfielder
Emil Holm,SWE,Atalanta,it Serie A,23 years,10.5,20,1.9,10.0,3.0,2.0,3.0,2.0,0.0,4,0.38,1.0,1.0,0.0,0.0,2.0,0.0,Defender,
Gerrit Holtmann,PHI,Darmstadt 98,de Bundesliga,28 years,4.4,19,4.36,12.0,0.0,3.0,2.0,2.0,0.0,1,0.23,0.0,0.0,0.0,1.0,0.0,0.0,Midfielder,Forward
Martin Hongla,CMR,Hellas Verona,it Serie A,25 years,12.0,19,1.58,18.0,1.0,0.0,0.0,0.0,0.0,0,0.0,0.0,0.0,0.0,0.0,0.0,0.0,Midfielder,
Martin Hongla,CMR,Granada,es La Liga,25 years,6.2,3,0.48,2.0,0.0,0.0,1.0,0.0,0.0,0,0.0,0.0,0.0,0.0,0.0,0.0,0.0,Midfielder,Defender
Franck Honorat,FRA,Gladbach,de Bundesliga,26 years,26.1,133,5.1,79.0,47.0,3.0,1.0,2.0,1.0,18,0.69,12.0,5.0,0.0,0.0,0.0,1.0,Defender,Forward
Mathias Honsak,AUT,Darmstadt 98,de Bundesliga,26 years,11.3,21,1.85,15.0,0.0,2.0,2.0,1.0,1.0,3,0.26,1.0,0.0,1.0,1.0,0.0,0.0,Forward,Midfielder
Sydney van Hooijdonk,NED,Bologna,it Serie A,23 years,2.4,2,0.85,2.0,0.0,0.0,0.0,0.0,0.0,0,0.0,0.0,0.0,0.0,0.0,0.0,0.0,Forward,
Fraser Hornby,SCO,Darmstadt 98,de Bundesliga,23 years,2.4,8,3.3,6.0,0.0,1.0,1.0,0.0,0.0,0,0.0,0.0,0.0,0.0,0.0,0.0,0.0,Forward,Midfielder
Lukáš Hrádecký,FIN,Leverkusen,de Bundesliga,33 years,33.0,2,0.06,2.0,0.0,0.0,0.0,0.0,0.0,1,0.03,1.0,0.0,0.0,0.0,0.0,0.0,Goalkeeper,
Xabier Huarte Armendáriz,ESP,Osasuna,es La Liga,22 years,0.1,0,0.0,0.0,0.0,0.0,0.0,0.0,0.0,0,0.0,0.0,0.0,0.0,0.0,0.0,0.0,Midfielder,
Timo Hübers,GER,Köln,de Bundesliga,27 years,30.9,22,0.71,19.0,0.0,0.0,2.0,1.0,0.0,1,0.03,0.0,0.0,0.0,0.0,1.0,0.0,Defender,
Callum Hudson-Odoi,ENG,Nottingham Forest,eng Premier League,22 years,20.6,82,3.98,63.0,4.0,8.0,4.0,2.0,1.0,6,0.29,4.0,0.0,1.0,0.0,1.0,0.0,Forward,Midfielder
Will Hughes,ENG,Crystal Palace,eng Premier League,28 years,21.0,48,2.29,34.0,9.0,1.0,0.0,2.0,2.0,5,0.24,5.0,0.0,0.0,0.0,0.0,0.0,Midfielder,
Dean Huijsen,ESP,Roma,it Serie A,18 years,5.7,8,1.41,4.0,0.0,1.0,2.0,1.0,0.0,4,0.71,1.0,0.0,1.0,1.0,1.0,0.0,Defender,
Dean Huijsen,ESP,Juventus,it Serie A,18 years,0.1,0,0.0,0.0,0.0,0.0,0.0,0.0,0.0,0,0.0,0.0,0.0,0.0,0.0,0.0,0.0,Defender,
Mats Hummels,GER,Dortmund,de Bundesliga,34 years,17.6,24,1.37,20.0,0.0,0.0,3.0,0.0,1.0,2,0.11,1.0,0.0,0.0,1.0,0.0,0.0,Defender,
Denis Huseinbasic,BIH,Köln,de Bundesliga,22 years,18.1,37,2.05,30.0,0.0,0.0,3.0,3.0,1.0,5,0.28,4.0,0.0,0.0,0.0,1.0,0.0,Midfielder,
Elseid Hysaj,ALB,Lazio,it Serie A,29 years,13.3,21,1.57,18.0,2.0,0.0,0.0,1.0,0.0,1,0.07,1.0,0.0,0.0,0.0,0.0,0.0,Defender,
Pierre Højbjerg,DEN,Tottenham,eng Premier League,27 years,14.6,39,2.68,36.0,0.0,2.0,1.0,0.0,0.0,2,0.14,2.0,0.0,0.0,0.0,0.0,0.0,Midfielder,
Rasmus Højlund,DEN,Manchester Utd,eng Premier League,20 years,24.0,58,2.42,43.0,0.0,5.0,4.0,3.0,3.0,4,0.17,2.0,0.0,2.0,0.0,0.0,0.0,Forward,
Iago,BRA,Augsburg,de Bundesliga,26 years,18.0,42,2.33,33.0,1.0,2.0,1.0,3.0,2.0,2,0.11,2.0,0.0,0.0,0.0,0.0,0.0,Defender,
Pablo Ibáñez,ESP,Osasuna,es La Liga,24 years,12.8,30,2.35,19.0,1.0,1.0,3.0,5.0,1.0,4,0.31,2.0,0.0,1.0,0.0,1.0,0.0,Midfielder,
Arijon Ibrahimović,GER,Frosinone,it Serie A,17 years,5.3,15,2.84,11.0,1.0,1.0,2.0,0.0,0.0,1,0.19,1.0,0.0,0.0,0.0,0.0,0.0,Forward,Defender
Iglesias,ESP,Getafe,es La Liga,25 years,15.7,27,1.72,18.0,5.0,1.0,1.0,1.0,1.0,2,0.13,2.0,0.0,0.0,0.0,0.0,0.0,Defender,Forward
Borja Iglesias,ESP,Betis,es La Liga,30 years,4.5,20,4.42,17.0,0.0,0.0,3.0,0.0,0.0,1,0.22,1.0,0.0,0.0,0.0,0.0,0.0,Forward,
Borja Iglesias,ESP,Leverkusen,de Bundesliga,30 years,2.8,8,2.81,8.0,0.0,0.0,0.0,0.0,0.0,0,0.0,0.0,0.0,0.0,0.0,0.0,0.0,Forward,
Igor,BRA,Brighton,eng Premier League,25 years,18.2,25,1.38,21.0,2.0,1.0,0.0,0.0,1.0,2,0.11,2.0,0.0,0.0,0.0,0.0,0.0,Defender,
Jonathan Ikone,FRA,Fiorentina,it Serie A,25 years,18.7,49,2.62,33.0,0.0,9.0,2.0,4.0,1.0,5,0.27,3.0,0.0,1.0,0.0,1.0,0.0,Forward,
Chukwubuikem Ikwuemesi,NGA,Salernitana,it Serie A,21 years,11.8,18,1.53,10.0,0.0,2.0,2.0,4.0,0.0,2,0.17,2.0,0.0,0.0,0.0,0.0,0.0,Forward,
Andrej Ilic,SRB,Lille,fr Ligue 1,23 years,0.1,0,0.0,0.0,0.0,0.0,0.0,0.0,0.0,0,0.0,0.0,0.0,0.0,0.0,0.0,0.0,Forward,
Ivan Ilić,SRB,Torino,it Serie A,22 years,23.3,73,3.13,39.0,26.0,1.0,6.0,1.0,0.0,5,0.21,4.0,1.0,0.0,0.0,0.0,0.0,Midfielder,
Samuel Iling-Junior,ENG,Juventus,it Serie A,19 years,9.0,32,3.55,20.0,9.0,2.0,0.0,1.0,0.0,5,0.55,3.0,2.0,0.0,0.0,0.0,0.0,Defender,Midfielder
Imanol,ESP,Athletic Club,es La Liga,23 years,5.8,4,0.69,4.0,0.0,0.0,0.0,0.0,0.0,0,0.0,0.0,0.0,0.0,0.0,0.0,0.0,Defender,
Joel Imasuen,USA,Werder Bremen,de Bundesliga,18 years,0.0,0,0.0,0.0,0.0,0.0,0.0,0.0,0.0,0,0.0,0.0,0.0,0.0,0.0,0.0,0.0,Forward,
Ciro Immobile,ITA,Lazio,it Serie A,33 years,18.4,40,2.18,29.0,0.0,1.0,6.0,4.0,0.0,4,0.22,2.0,0.0,0.0,0.0,2.0,0.0,Forward,
Gino Infantino,ARG,Fiorentina,it Serie A,20 years,1.1,3,2.78,2.0,0.0,0.0,0.0,0.0,1.0,0,0.0,0.0,0.0,0.0,0.0,0.0,0.0,Midfielder,
Danny Ings,ENG,West Ham,eng Premier League,31 years,4.5,17,3.79,8.0,0.0,3.0,4.0,1.0,1.0,3,0.67,0.0,0.0,1.0,1.0,1.0,0.0,Forward,
Bonke Innocent,NGA,Lorient,fr Ligue 1,27 years,2.3,2,0.86,1.0,0.0,0.0,1.0,0.0,0.0,0,0.0,0.0,0.0,0.0,0.0,0.0,0.0,Midfielder,
Tim Iroegbunam,ENG,Aston Villa,eng Premier League,20 years,1.8,0,0.0,0.0,0.0,0.0,0.0,0.0,0.0,0,0.0,0.0,0.0,0.0,0.0,0.0,0.0,Midfielder,
Alexander Isak,SWE,Newcastle Utd,eng Premier League,23 years,25.1,72,2.87,45.0,0.0,12.0,11.0,4.0,0.0,10,0.4,4.0,0.0,3.0,2.0,1.0,0.0,Forward,
Gustav Isaksen,DEN,Lazio,it Serie A,22 years,11.9,41,3.44,31.0,1.0,3.0,3.0,3.0,0.0,4,0.34,2.0,0.0,0.0,1.0,1.0,0.0,Forward,
Isco,ESP,Betis,es La Liga,31 years,25.8,156,6.03,95.0,39.0,8.0,10.0,3.0,1.0,14,0.54,10.0,1.0,1.0,2.0,0.0,0.0,Midfielder,
Thomas Isherwood,SWE,Darmstadt 98,de Bundesliga,25 years,7.1,1,0.14,1.0,0.0,0.0,0.0,0.0,0.0,0,0.0,0.0,0.0,0.0,0.0,0.0,0.0,Defender,
Ismaily,BRA,Lille,fr Ligue 1,33 years,27.4,32,1.17,25.0,0.0,3.0,0.0,2.0,2.0,2,0.07,2.0,0.0,0.0,0.0,0.0,0.0,Defender,
Ardian Ismajli,ALB,Empoli,it Serie A,26 years,22.7,14,0.62,9.0,3.0,0.0,1.0,0.0,1.0,1,0.04,0.0,0.0,0.0,1.0,0.0,0.0,Defender,
Yanis Issoufou,FRA,Montpellier,fr Ligue 1,16 years,0.1,0,0.0,0.0,0.0,0.0,0.0,0.0,0.0,0,0.0,0.0,0.0,0.0,0.0,0.0,0.0,Midfielder,
Ko Itakura,JPN,Gladbach,de Bundesliga,26 years,17.7,17,0.96,16.0,0.0,0.0,1.0,0.0,0.0,3,0.17,3.0,0.0,0.0,0.0,0.0,0.0,Defender,Midfielder
Hiroki Ito,JPN,Stuttgart,de Bundesliga,24 years,24.8,35,1.41,30.0,0.0,1.0,4.0,0.0,0.0,8,0.32,7.0,0.0,0.0,1.0,0.0,0.0,Defender,
Junya Ito,JPN,Reims,fr Ligue 1,30 years,30.2,135,4.48,96.0,23.0,8.0,7.0,1.0,0.0,10,0.33,9.0,0.0,0.0,1.0,0.0,0.0,Forward,Midfielder
Diego Iturralde,ESP,Sevilla,es La Liga,20 years,0.4,0,0.0,0.0,0.0,0.0,0.0,0.0,0.0,0,0.0,0.0,0.0,0.0,0.0,0.0,0.0,Defender,
Alex Iwobi,NGA,Everton,eng Premier League,27 years,1.6,12,7.77,6.0,1.0,2.0,3.0,0.0,0.0,0,0.0,0.0,0.0,0.0,0.0,0.0,0.0,Midfielder,
Alex Iwobi,NGA,Fulham,eng Premier League,27 years,24.4,103,4.23,87.0,0.0,6.0,9.0,0.0,1.0,10,0.41,8.0,0.0,0.0,2.0,0.0,0.0,Forward,Midfielder
Armando Izzo,ITA,Monza,it Serie A,31 years,18.3,18,0.98,15.0,1.0,0.0,2.0,0.0,0.0,1,0.05,1.0,0.0,0.0,0.0,0.0,0.0,Defender,
Nicolas Jackson,SEN,Chelsea,eng Premier League,22 years,31.1,95,3.05,60.0,1.0,18.0,8.0,6.0,2.0,11,0.35,7.0,0.0,2.0,2.0,0.0,0.0,Forward,
Jérémy Jacquet,FRA,Rennes,fr Ligue 1,18 years,0.1,0,0.0,0.0,0.0,0.0,0.0,0.0,0.0,0,0.0,0.0,0.0,0.0,0.0,0.0,0.0,Midfielder,
Jérémy Jacquet,FRA,Clermont Foot,fr Ligue 1,18 years,2.8,5,1.79,5.0,0.0,0.0,0.0,0.0,0.0,1,0.36,1.0,0.0,0.0,0.0,0.0,0.0,Defender,
Lee Jae-sung,KOR,Mainz 05,de Bundesliga,30 years,23.5,66,2.81,56.0,0.0,3.0,2.0,3.0,2.0,7,0.3,3.0,0.0,1.0,1.0,1.0,1.0,Midfielder,Forward
Paul Jaeckel,GER,Union Berlin,de Bundesliga,25 years,2.6,1,0.38,1.0,0.0,0.0,0.0,0.0,0.0,0,0.0,0.0,0.0,0.0,0.0,0.0,0.0,Defender,
Filip Jagiełło,POL,Genoa,it Serie A,25 years,0.4,1,2.73,1.0,0.0,0.0,0.0,0.0,0.0,0,0.0,0.0,0.0,0.0,0.0,0.0,0.0,Midfielder,
Kristijan Jakić,CRO,Augsburg,de Bundesliga,26 years,11.7,20,1.71,13.0,0.0,1.0,1.0,2.0,3.0,3,0.26,2.0,0.0,0.0,1.0,0.0,0.0,Midfielder,
Kristijan Jakić,CRO,Eintracht Frankfurt,de Bundesliga,26 years,2.2,2,0.9,2.0,0.0,0.0,0.0,0.0,0.0,0,0.0,0.0,0.0,0.0,0.0,0.0,0.0,Midfielder,Forward
Ismail Jakobs,SEN,Monaco,fr Ligue 1,23 years,16.3,50,3.07,32.0,9.0,1.0,4.0,2.0,2.0,8,0.49,6.0,1.0,0.0,1.0,0.0,0.0,Defender,
Ablie Jallow,GAM,Metz,fr Ligue 1,24 years,10.2,30,2.94,19.0,6.0,2.0,1.0,2.0,0.0,7,0.69,6.0,1.0,0.0,0.0,0.0,0.0,Midfielder,Forward
Reece James,ENG,Chelsea,eng Premier League,23 years,4.7,15,3.22,13.0,1.0,0.0,1.0,0.0,0.0,3,0.64,2.0,0.0,0.0,1.0,0.0,0.0,Defender,
Vitaly Janelt,GER,Brentford,eng Premier League,25 years,33.9,80,2.36,69.0,2.0,1.0,3.0,3.0,2.0,4,0.12,3.0,0.0,0.0,0.0,1.0,0.0,Midfielder,Defender
Jakub Jankto,CZE,Cagliari,it Serie A,27 years,9.7,23,2.37,17.0,4.0,0.0,1.0,0.0,1.0,4,0.41,3.0,1.0,0.0,0.0,0.0,0.0,Midfielder,Forward
Tony Jantschke,GER,Gladbach,de Bundesliga,33 years,0.3,0,0.0,0.0,0.0,0.0,0.0,0.0,0.0,0,0.0,0.0,0.0,0.0,0.0,0.0,0.0,Defender,Midfielder
Adnan Januzaj,BEL,Sevilla,es La Liga,28 years,2.1,6,2.8,2.0,2.0,1.0,0.0,1.0,0.0,0,0.0,0.0,0.0,0.0,0.0,0.0,0.0,Forward,Midfielder
Nuha Jatta,GAM,RB Leipzig,de Bundesliga,17 years,0.0,0,0.0,0.0,0.0,0.0,0.0,0.0,0.0,0,0.0,0.0,0.0,0.0,0.0,0.0,0.0,Forward,
Mikel Jauregizar,ESP,Athletic Club,es La Liga,19 years,1.7,5,2.98,4.0,1.0,0.0,0.0,0.0,0.0,0,0.0,0.0,0.0,0.0,0.0,0.0,0.0,Midfielder,
Luis Javier Suárez,COL,Almería,es La Liga,25 years,10.2,27,2.66,14.0,0.0,5.0,5.0,3.0,0.0,3,0.3,1.0,0.0,2.0,0.0,0.0,0.0,Forward,
Danley Jean-Jacques,HAI,Metz,fr Ligue 1,23 years,29.8,50,1.68,32.0,0.0,3.0,9.0,1.0,5.0,1,0.03,1.0,0.0,0.0,0.0,0.0,0.0,Midfielder,
Salim El Jebari,MAR,Atlético Madrid,es La Liga,19 years,0.1,0,0.0,0.0,0.0,0.0,0.0,0.0,0.0,0,0.0,0.0,0.0,0.0,0.0,0.0,0.0,Midfielder,
Daniel Jebbison,ENG,Sheffield Utd,eng Premier League,19 years,0.2,0,0.0,0.0,0.0,0.0,0.0,0.0,0.0,0,0.0,0.0,0.0,0.0,0.0,0.0,0.0,Forward,
Jeffinho,BRA,Lyon,fr Ligue 1,23 years,3.4,17,4.98,12.0,0.0,1.0,2.0,1.0,1.0,3,0.88,2.0,0.0,0.0,0.0,1.0,0.0,Forward,Midfielder
Fredrik Jensen,FIN,Augsburg,de Bundesliga,25 years,14.9,50,3.36,27.0,18.0,0.0,4.0,0.0,1.0,8,0.54,4.0,3.0,0.0,1.0,0.0,0.0,Midfielder,Forward
Mathias Jensen,DEN,Brentford,eng Premier League,27 years,24.5,87,3.55,48.0,35.0,0.0,0.0,3.0,1.0,8,0.33,5.0,2.0,0.0,0.0,1.0,0.0,Midfielder,
Moritz Jenz,GER,Wolfsburg,de Bundesliga,24 years,19.4,13,0.67,12.0,0.0,0.0,1.0,0.0,0.0,1,0.05,1.0,0.0,0.0,0.0,0.0,0.0,Defender,
Gabriel Jesus,BRA,Arsenal,eng Premier League,26 years,16.4,59,3.59,37.0,1.0,9.0,5.0,3.0,4.0,8,0.49,4.0,1.0,1.0,1.0,1.0,0.0,Forward,
Juan Jesus,BRA,Napoli,it Serie A,32 years,23.5,13,0.55,11.0,0.0,0.0,2.0,0.0,0.0,0,0.0,0.0,0.0,0.0,0.0,0.0,0.0,Defender,
Alejandro Jiménez,ESP,Milan,it Serie A,18 years,0.8,2,2.65,2.0,0.0,0.0,0.0,0.0,0.0,0,0.0,0.0,0.0,0.0,0.0,0.0,0.0,Defender,
Raúl Jiménez,MEX,Fulham,eng Premier League,32 years,15.5,27,1.74,15.0,0.0,4.0,6.0,1.0,1.0,3,0.19,0.0,0.0,1.0,2.0,0.0,0.0,Forward,
João Pedro,BRA,Brighton,eng Premier League,21 years,22.7,91,4.01,64.0,0.0,7.0,10.0,9.0,1.0,11,0.48,5.0,0.0,2.0,2.0,2.0,0.0,Forward,Midfielder
Joelinton,BRA,Newcastle Utd,eng Premier League,26 years,14.2,47,3.3,37.0,0.0,6.0,4.0,0.0,0.0,3,0.21,2.0,0.0,0.0,1.0,0.0,0.0,Midfielder,Forward
Ben Johnson,ENG,West Ham,eng Premier League,23 years,6.0,9,1.49,7.0,0.0,0.0,0.0,2.0,0.0,1,0.17,1.0,0.0,0.0,0.0,0.0,0.0,Defender,Forward
Brennan Johnson,WAL,Tottenham,eng Premier League,22 years,23.2,70,3.02,55.0,0.0,4.0,6.0,3.0,2.0,13,0.56,11.0,0.0,0.0,1.0,0.0,1.0,Forward,
Brennan Johnson,WAL,Nottingham Forest,eng Premier League,22 years,2.6,7,2.66,3.0,0.0,2.0,1.0,1.0,0.0,3,1.14,1.0,0.0,1.0,0.0,1.0,0.0,Forward,Midfielder
Joseph Johnson,ENG,Luton Town,eng Premier League,17 years,0.9,0,0.0,0.0,0.0,0.0,0.0,0.0,0.0,0,0.0,0.0,0.0,0.0,0.0,0.0,0.0,Defender,
Sam Johnstone,ENG,Crystal Palace,eng Premier League,30 years,20.0,2,0.1,1.0,1.0,0.0,0.0,0.0,0.0,1,0.05,0.0,1.0,0.0,0.0,0.0,0.0,Goalkeeper,
Curtis Jones,ENG,Liverpool,eng Premier League,22 years,13.0,36,2.78,28.0,0.0,3.0,3.0,1.0,1.0,3,0.23,3.0,0.0,0.0,0.0,0.0,0.0,Midfielder,
Frenkie de Jong,NED,Barcelona,es La Liga,26 years,18.2,60,3.3,55.0,2.0,0.0,1.0,2.0,0.0,9,0.5,9.0,0.0,0.0,0.0,0.0,0.0,Midfielder,
Joan Jordán,ESP,Sevilla,es La Liga,29 years,4.2,11,2.61,7.0,1.0,1.0,1.0,1.0,0.0,0,0.0,0.0,0.0,0.0,0.0,0.0,0.0,Midfielder,
Jordi,ESP,Getafe,es La Liga,22 years,6.4,11,1.72,8.0,0.0,1.0,2.0,0.0,0.0,2,0.31,1.0,0.0,0.0,1.0,0.0,0.0,Midfielder,Defender
Jeremy Jorge,ESP,Getafe,es La Liga,20 years,0.0,0,0.0,0.0,0.0,0.0,0.0,0.0,0.0,0,0.0,0.0,0.0,0.0,0.0,0.0,0.0,Forward,
Kaio Jorge,BRA,Frosinone,it Serie A,21 years,9.0,21,2.33,13.0,0.0,1.0,5.0,1.0,1.0,1,0.11,0.0,0.0,0.0,0.0,1.0,0.0,Forward,
Jorginho,ITA,Arsenal,eng Premier League,31 years,10.2,27,2.64,25.0,0.0,0.0,1.0,0.0,1.0,5,0.49,5.0,0.0,0.0,0.0,0.0,0.0,Midfielder,
Willian José,BRA,Betis,es La Liga,31 years,21.9,42,1.92,37.0,0.0,1.0,3.0,0.0,1.0,7,0.32,6.0,0.0,0.0,0.0,0.0,1.0,Forward,
Joselu,ESP,Real Madrid,es La Liga,33 years,18.7,31,1.65,23.0,0.0,1.0,7.0,0.0,0.0,5,0.27,3.0,0.0,0.0,2.0,0.0,0.0,Forward,
Diogo Jota,POR,Liverpool,eng Premier League,26 years,12.7,48,3.77,36.0,0.0,5.0,3.0,4.0,0.0,14,1.1,7.0,0.0,4.0,1.0,2.0,0.0,Forward,
Antoine Joujou,FRA,Le Havre,fr Ligue 1,20 years,8.7,31,3.59,17.0,0.0,5.0,5.0,4.0,0.0,5,0.58,3.0,0.0,1.0,0.0,1.0,0.0,Forward,Midfielder
Luka Jović,SRB,Milan,it Serie A,25 years,9.7,20,2.05,15.0,0.0,0.0,5.0,0.0,0.0,2,0.21,2.0,0.0,0.0,0.0,0.0,0.0,Forward,
Kamil Jóźwiak,POL,Granada,es La Liga,25 years,6.3,19,3.0,14.0,0.0,1.0,1.0,2.0,1.0,2,0.32,1.0,0.0,0.0,1.0,0.0,0.0,Midfielder,
Juanmi,ESP,Cádiz,es La Liga,30 years,9.7,20,2.06,16.0,0.0,2.0,1.0,1.0,0.0,1,0.1,1.0,0.0,0.0,0.0,0.0,0.0,Forward,
Juanpe,ESP,Girona,es La Liga,32 years,8.3,2,0.24,2.0,0.0,0.0,0.0,0.0,0.0,0,0.0,0.0,0.0,0.0,0.0,0.0,0.0,Defender,
Mads Juel Andersen,DEN,Luton Town,eng Premier League,25 years,4.4,0,0.0,0.0,0.0,0.0,0.0,0.0,0.0,0,0.0,0.0,0.0,0.0,0.0,0.0,0.0,Defender,
Christopher Jullien,FRA,Montpellier,fr Ligue 1,30 years,13.7,10,0.74,8.0,0.0,0.0,1.0,0.0,1.0,1,0.07,1.0,0.0,0.0,0.0,0.0,0.0,Defender,
Anthony Jung,GER,Werder Bremen,de Bundesliga,31 years,28.7,25,0.87,22.0,2.0,0.0,0.0,1.0,0.0,1,0.03,1.0,0.0,0.0,0.0,0.0,0.0,Defender,
Eli Junior Kroupi,FRA,Lorient,fr Ligue 1,17 years,12.0,20,1.66,13.0,3.0,3.0,1.0,0.0,0.0,3,0.25,2.0,0.0,1.0,0.0,0.0,0.0,Forward,Midfielder
Hamed Junior Traorè,CIV,Bournemouth,eng Premier League,23 years,0.5,4,7.66,1.0,0.0,2.0,1.0,0.0,0.0,0,0.0,0.0,0.0,0.0,0.0,0.0,0.0,Midfielder,
Hamed Junior Traorè,CIV,Napoli,it Serie A,23 years,4.2,16,3.77,13.0,0.0,2.0,1.0,0.0,0.0,0,0.0,0.0,0.0,0.0,0.0,0.0,0.0,Midfielder,
Vinicius Júnior,BRA,Real Madrid,es La Liga,23 years,20.7,79,3.81,43.0,1.0,19.0,8.0,6.0,2.0,10,0.48,5.0,0.0,1.0,3.0,0.0,1.0,Forward,
Josip Juranović,CRO,Union Berlin,de Bundesliga,27 years,14.4,61,4.25,16.0,41.0,1.0,2.0,1.0,0.0,4,0.28,0.0,3.0,0.0,0.0,1.0,0.0,Defender,
David Jurásek,CZE,Hoffenheim,de Bundesliga,22 years,5.5,11,2.0,8.0,2.0,0.0,1.0,0.0,0.0,3,0.54,1.0,1.0,0.0,1.0,0.0,0.0,Defender,
Julian Justvan,GER,Hoffenheim,de Bundesliga,25 years,0.5,0,0.0,0.0,0.0,0.0,0.0,0.0,0.0,0,0.0,0.0,0.0,0.0,0.0,0.0,0.0,Forward,Midfielder
Julian Justvan,GER,Darmstadt 98,de Bundesliga,25 years,11.4,46,4.05,30.0,8.0,5.0,2.0,1.0,0.0,2,0.18,2.0,0.0,0.0,0.0,0.0,0.0,Midfielder,Forward
Filip Jørgensen,DEN,Villarreal,es La Liga,21 years,36.0,2,0.06,1.0,1.0,0.0,0.0,0.0,0.0,1,0.03,1.0,0.0,0.0,0.0,0.0,0.0,Goalkeeper,
Mathias Jørgensen,DEN,Brentford,eng Premier League,33 years,12.1,12,0.99,11.0,0.0,0.0,1.0,0.0,0.0,0,0.0,0.0,0.0,0.0,0.0,0.0,0.0,Defender,
Mohamed Kaba,FRA,Lecce,it Serie A,21 years,15.3,31,2.02,28.0,0.0,0.0,2.0,1.0,0.0,0,0.0,0.0,0.0,0.0,0.0,0.0,0.0,Midfielder,
Sory Kaba,GUI,Las Palmas,es La Liga,28 years,8.0,14,1.75,12.0,0.0,1.0,1.0,0.0,0.0,1,0.12,1.0,0.0,0.0,0.0,0.0,0.0,Forward,
Ozan Kabak,TUR,Hoffenheim,de Bundesliga,23 years,25.4,22,0.87,15.0,0.0,3.0,3.0,1.0,0.0,2,0.08,1.0,0.0,1.0,0.0,0.0,0.0,Defender,
Christian Kabasele,BEL,Udinese,it Serie A,32 years,9.6,5,0.52,3.0,0.0,0.0,1.0,0.0,1.0,0,0.0,0.0,0.0,0.0,0.0,0.0,0.0,Defender,
Issa Kaboré,BFA,Luton Town,eng Premier League,22 years,19.2,32,1.67,25.0,0.0,2.0,2.0,1.0,2.0,4,0.21,3.0,0.0,0.0,1.0,0.0,0.0,Defender,
Abdoul Kader Bamba,FRA,Nantes,fr Ligue 1,29 years,6.8,36,5.29,22.0,3.0,2.0,3.0,6.0,0.0,3,0.44,2.0,1.0,0.0,0.0,0.0,0.0,Forward,Midfielder
Yaya Kader Fofana,MLI,Reims,fr Ligue 1,19 years,0.4,2,5.63,0.0,0.0,1.0,1.0,0.0,0.0,0,0.0,0.0,0.0,0.0,0.0,0.0,0.0,Midfielder,Defender
Pavel Kadeřábek,CZE,Hoffenheim,de Bundesliga,31 years,26.8,61,2.28,55.0,2.0,0.0,3.0,1.0,0.0,5,0.19,5.0,0.0,0.0,0.0,0.0,0.0,Defender,Forward
Tino Kadewere,ZIM,Lyon,fr Ligue 1,27 years,3.3,9,2.73,8.0,0.0,0.0,0.0,1.0,0.0,1,0.3,1.0,0.0,0.0,0.0,0.0,0.0,Forward,Midfielder
Tino Kadewere,ZIM,Nantes,fr Ligue 1,27 years,8.7,21,2.42,18.0,0.0,1.0,1.0,1.0,0.0,1,0.12,1.0,0.0,0.0,0.0,0.0,0.0,Forward,Midfielder
Kaiky,BRA,Almería,es La Liga,19 years,5.8,3,0.52,3.0,0.0,0.0,0.0,0.0,0.0,0,0.0,0.0,0.0,0.0,0.0,0.0,0.0,Defender,
Florian Kainz,AUT,Köln,de Bundesliga,30 years,24.4,98,4.02,60.0,30.0,5.0,1.0,2.0,0.0,8,0.33,5.0,2.0,1.0,0.0,0.0,0.0,Midfielder,Forward
Sasa Kalajdzic,AUT,Wolves,eng Premier League,26 years,1.8,5,2.71,5.0,0.0,0.0,0.0,0.0,0.0,0,0.0,0.0,0.0,0.0,0.0,0.0,0.0,Forward,
Sasa Kalajdzic,AUT,Eintracht Frankfurt,de Bundesliga,26 years,3.6,8,2.22,6.0,0.0,0.0,1.0,1.0,0.0,2,0.55,1.0,0.0,0.0,1.0,0.0,0.0,Forward,
Arnaud Kalimuendo,FRA,Rennes,fr Ligue 1,21 years,23.8,70,2.95,49.0,1.0,5.0,6.0,9.0,0.0,7,0.29,3.0,0.0,0.0,1.0,3.0,0.0,Forward,
Yayah Kallon,SLE,Hellas Verona,it Serie A,22 years,0.0,0,0.0,0.0,0.0,0.0,0.0,0.0,0.0,0,0.0,0.0,0.0,0.0,0.0,0.0,0.0,Forward,
Gedeon Kalulu,COD,Lorient,fr Ligue 1,25 years,10.8,17,1.58,15.0,0.0,0.0,1.0,0.0,1.0,3,0.28,2.0,0.0,0.0,1.0,0.0,0.0,Defender,
Pierre Kalulu,FRA,Milan,it Serie A,23 years,4.2,6,1.44,5.0,0.0,0.0,1.0,0.0,0.0,0,0.0,0.0,0.0,0.0,0.0,0.0,0.0,Defender,
Daichi Kamada,JPN,Lazio,it Serie A,26 years,17.2,47,2.74,34.0,0.0,5.0,3.0,3.0,2.0,2,0.12,1.0,0.0,0.0,1.0,0.0,0.0,Midfielder,
Waren Kamanzi,NOR,Toulouse,fr Ligue 1,22 years,13.2,23,1.74,19.0,2.0,0.0,1.0,0.0,1.0,3,0.23,3.0,0.0,0.0,0.0,0.0,0.0,Defender,Forward
Boubacar Kamara,FRA,Aston Villa,eng Premier League,23 years,18.4,38,2.07,33.0,0.0,0.0,2.0,1.0,2.0,3,0.16,3.0,0.0,0.0,0.0,0.0,0.0,Midfielder,
Hassane Kamara,CIV,Udinese,it Serie A,29 years,24.7,51,2.06,41.0,2.0,3.0,2.0,1.0,2.0,5,0.2,4.0,0.0,0.0,1.0,0.0,0.0,Defender,
Willy Kambwala,FRA,Manchester Utd,eng Premier League,18 years,3.7,0,0.0,0.0,0.0,0.0,0.0,0.0,0.0,0,0.0,0.0,0.0,0.0,0.0,0.0,0.0,Defender,
Jakub Kamiński,POL,Wolfsburg,de Bundesliga,21 years,5.3,7,1.33,7.0,0.0,0.0,0.0,0.0,0.0,2,0.38,2.0,0.0,0.0,0.0,0.0,0.0,Forward,Midfielder
Thomas Kaminski,BEL,Luton Town,eng Premier League,30 years,37.8,3,0.08,2.0,1.0,0.0,0.0,0.0,0.0,0,0.0,0.0,0.0,0.0,0.0,0.0,0.0,Goalkeeper,
Kevin Kampl,SVN,RB Leipzig,de Bundesliga,32 years,15.1,38,2.51,33.0,0.0,2.0,1.0,1.0,1.0,3,0.2,3.0,0.0,0.0,0.0,0.0,0.0,Midfielder,
Harry Kane,ENG,Bayern Munich,de Bundesliga,30 years,31.5,83,2.63,54.0,2.0,7.0,13.0,7.0,0.0,11,0.35,8.0,1.0,0.0,2.0,0.0,0.0,Forward,
Lee Kang-in,KOR,Paris S-G,fr Ligue 1,22 years,16.3,68,4.18,48.0,12.0,5.0,3.0,0.0,0.0,9,0.55,7.0,1.0,1.0,0.0,0.0,0.0,Forward,Midfielder
Yann Karamoh,FRA,Torino,it Serie A,25 years,1.8,4,2.24,2.0,0.0,1.0,0.0,1.0,0.0,2,1.12,1.0,0.0,0.0,0.0,1.0,0.0,Midfielder,Forward
Yann Karamoh,FRA,Montpellier,fr Ligue 1,25 years,3.2,9,2.85,6.0,0.0,1.0,1.0,1.0,0.0,1,0.32,0.0,0.0,0.0,1.0,0.0,0.0,Forward,Midfielder
Atakan Karazor,,Stuttgart,de Bundesliga,26 years,29.1,57,1.96,49.0,0.0,0.0,2.0,1.0,5.0,5,0.17,5.0,0.0,0.0,0.0,0.0,0.0,Midfielder,
Ayman Kari,FRA,Lorient,fr Ligue 1,18 years,9.9,33,3.32,29.0,0.0,1.0,1.0,2.0,0.0,3,0.3,3.0,0.0,0.0,0.0,0.0,0.0,Midfielder,
Emir Karic,AUT,Darmstadt 98,de Bundesliga,26 years,19.8,47,2.37,41.0,1.0,3.0,0.0,0.0,2.0,2,0.1,2.0,0.0,0.0,0.0,0.0,0.0,Defender,
Loris Karius,GER,Newcastle Utd,eng Premier League,30 years,1.0,0,0.0,0.0,0.0,0.0,0.0,0.0,0.0,0,0.0,0.0,0.0,0.0,0.0,0.0,0.0,Goalkeeper,
Jesper Karlsson,SWE,Bologna,it Serie A,25 years,3.8,11,2.88,7.0,3.0,0.0,1.0,0.0,0.0,0,0.0,0.0,0.0,0.0,0.0,0.0,0.0,Forward,
Jon Karrikaburu,ESP,Alavés,es La Liga,20 years,0.2,0,0.0,0.0,0.0,0.0,0.0,0.0,0.0,0,0.0,0.0,0.0,0.0,0.0,0.0,0.0,Midfielder,Forward
Rick Karsdorp,NED,Roma,it Serie A,28 years,13.2,22,1.64,20.0,1.0,0.0,0.0,1.0,0.0,3,0.22,2.0,0.0,0.0,0.0,1.0,0.0,Defender,
Grigoris Kastanos,CYP,Salernitana,it Serie A,25 years,16.4,57,3.46,34.0,15.0,1.0,2.0,5.0,0.0,6,0.36,2.0,2.0,0.0,1.0,1.0,0.0,Midfielder,Defender
Silas Katompa,COD,Stuttgart,de Bundesliga,24 years,10.0,42,4.2,25.0,0.0,11.0,2.0,4.0,0.0,7,0.7,2.0,0.0,3.0,1.0,1.0,0.0,Forward,Midfielder
Panos Katseris,GRE,Lorient,fr Ligue 1,22 years,11.6,20,1.73,15.0,0.0,1.0,2.0,1.0,1.0,3,0.26,2.0,0.0,0.0,1.0,0.0,0.0,Defender,
Mikkel Kaufmann,DEN,Union Berlin,de Bundesliga,22 years,5.4,12,2.22,9.0,0.0,2.0,1.0,0.0,0.0,1,0.18,0.0,0.0,1.0,0.0,0.0,0.0,Forward,
Michael Kayode,ITA,Fiorentina,it Serie A,19 years,22.9,33,1.44,26.0,6.0,0.0,0.0,0.0,1.0,2,0.09,2.0,0.0,0.0,0.0,0.0,0.0,Defender,
Moise Kean,ITA,Juventus,it Serie A,23 years,7.3,14,1.93,7.0,0.0,5.0,1.0,0.0,1.0,1,0.14,0.0,0.0,0.0,1.0,0.0,0.0,Forward,
Michael Keane,ENG,Everton,eng Premier League,30 years,4.9,4,0.82,3.0,0.0,0.0,1.0,0.0,0.0,1,0.21,0.0,0.0,0.0,1.0,0.0,0.0,Defender,
Ibrahima Kebe,MLI,Girona,es La Liga,22 years,0.1,1,10.0,1.0,0.0,0.0,0.0,0.0,0.0,0,0.0,0.0,0.0,0.0,0.0,0.0,0.0,Midfielder,
Kévin Keben Biakolo,CMR,Toulouse,fr Ligue 1,19 years,5.8,4,0.69,4.0,0.0,0.0,0.0,0.0,0.0,0,0.0,0.0,0.0,0.0,0.0,0.0,0.0,Defender,
Yassine Kechta,MAR,Le Havre,fr Ligue 1,21 years,20.5,47,2.29,39.0,2.0,0.0,2.0,4.0,0.0,2,0.1,1.0,0.0,0.0,1.0,0.0,0.0,Midfielder,
Thilo Kehrer,GER,West Ham,eng Premier League,26 years,0.2,0,0.0,0.0,0.0,0.0,0.0,0.0,0.0,0,0.0,0.0,0.0,0.0,0.0,0.0,0.0,Defender,Midfielder
Thilo Kehrer,GER,Monaco,fr Ligue 1,26 years,14.7,19,1.29,13.0,1.0,0.0,5.0,0.0,0.0,4,0.27,3.0,0.0,0.0,1.0,0.0,0.0,Defender,
Habib Keita,MLI,Clermont Foot,fr Ligue 1,21 years,14.2,28,1.97,24.0,0.0,1.0,2.0,1.0,0.0,1,0.07,1.0,0.0,0.0,0.0,0.0,0.0,Midfielder,
Naby Keïta,GUI,Werder Bremen,de Bundesliga,28 years,1.2,2,1.64,2.0,0.0,0.0,0.0,0.0,0.0,1,0.82,1.0,0.0,0.0,0.0,0.0,0.0,Midfielder,Defender
Yannik Keitel,GER,Freiburg,de Bundesliga,23 years,10.2,11,1.08,10.0,0.0,0.0,1.0,0.0,0.0,2,0.2,1.0,0.0,0.0,1.0,0.0,0.0,Defender,Midfielder
Caoimhín Kelleher,IRL,Liverpool,eng Premier League,24 years,10.0,2,0.2,2.0,0.0,0.0,0.0,0.0,0.0,0,0.0,0.0,0.0,0.0,0.0,0.0,0.0,Goalkeeper,
Thomas Keller,GER,Heidenheim,de Bundesliga,23 years,0.0,0,0.0,0.0,0.0,0.0,0.0,0.0,0.0,0,0.0,0.0,0.0,0.0,0.0,0.0,0.0,Midfielder,Forward
Lloyd Kelly,ENG,Bournemouth,eng Premier League,24 years,17.3,29,1.67,24.0,2.0,1.0,0.0,1.0,1.0,3,0.17,3.0,0.0,0.0,0.0,0.0,0.0,Defender,
Omari Kellyman,ENG,Aston Villa,eng Premier League,17 years,0.4,0,0.0,0.0,0.0,0.0,0.0,0.0,0.0,0,0.0,0.0,0.0,0.0,0.0,0.0,0.0,Forward,
Aljoscha Kemlein,GER,Union Berlin,de Bundesliga,18 years,0.3,1,3.1,0.0,0.0,1.0,0.0,0.0,0.0,0,0.0,0.0,0.0,0.0,0.0,0.0,0.0,Midfielder,
Tobias Kempe,GER,Darmstadt 98,de Bundesliga,34 years,15.0,57,3.8,28.0,22.0,1.0,3.0,2.0,1.0,8,0.53,4.0,2.0,0.0,0.0,2.0,0.0,Midfielder,
Milos Kerkez,HUN,Bournemouth,eng Premier League,19 years,21.9,32,1.46,25.0,0.0,0.0,4.0,2.0,1.0,4,0.18,2.0,0.0,0.0,0.0,1.0,1.0,Defender,
Kaine Kesler-Hayden,ENG,Aston Villa,eng Premier League,20 years,0.1,0,0.0,0.0,0.0,0.0,0.0,0.0,0.0,0,0.0,0.0,0.0,0.0,0.0,0.0,0.0,Midfielder,Defender
Reda Khadra,GER,Reims,fr Ligue 1,22 years,15.2,46,3.03,33.0,1.0,6.0,5.0,1.0,0.0,7,0.46,4.0,0.0,3.0,0.0,0.0,0.0,Forward,Midfielder
Wahbi Khazri,TUN,Montpellier,fr Ligue 1,32 years,12.6,26,2.07,15.0,1.0,4.0,2.0,4.0,0.0,2,0.16,1.0,0.0,0.0,1.0,0.0,0.0,Forward,
Rani Khedira,GER,Union Berlin,de Bundesliga,29 years,14.9,8,0.54,6.0,0.0,0.0,1.0,0.0,1.0,0,0.0,0.0,0.0,0.0,0.0,0.0,0.0,Midfielder,
Abdukodir Khusanov,UZB,Lens,fr Ligue 1,19 years,9.0,6,0.67,3.0,0.0,0.0,0.0,1.0,2.0,0,0.0,0.0,0.0,0.0,0.0,0.0,0.0,Defender,
Kiké,ESP,Alavés,es La Liga,33 years,15.8,40,2.53,26.0,0.0,5.0,4.0,5.0,0.0,6,0.38,3.0,0.0,2.0,0.0,1.0,0.0,Forward,Midfielder
Luca Kilian,GER,Köln,de Bundesliga,23 years,7.1,3,0.43,3.0,0.0,0.0,0.0,0.0,0.0,0,0.0,0.0,0.0,0.0,0.0,0.0,0.0,Defender,
Max Kilman,ENG,Wolves,eng Premier League,26 years,38.0,39,1.03,34.0,0.0,2.0,2.0,0.0,1.0,0,0.0,0.0,0.0,0.0,0.0,0.0,0.0,Defender,
Joshua Kimmich,GER,Bayern Munich,de Bundesliga,28 years,24.2,128,5.29,79.0,43.0,2.0,2.0,1.0,1.0,11,0.45,6.0,3.0,1.0,1.0,0.0,0.0,Midfielder,Defender
Jakub Kiwior,POL,Arsenal,eng Premier League,23 years,10.5,13,1.24,10.0,2.0,0.0,0.0,1.0,0.0,4,0.38,3.0,1.0,0.0,0.0,0.0,0.0,Defender,
Simon Kjær,DEN,Milan,it Serie A,34 years,13.0,9,0.69,7.0,0.0,0.0,1.0,1.0,0.0,1,0.08,1.0,0.0,0.0,0.0,0.0,0.0,Defender,
Davy Klaassen,NED,Inter,it Serie A,30 years,2.3,5,2.18,5.0,0.0,0.0,0.0,0.0,0.0,2,0.87,2.0,0.0,0.0,0.0,0.0,0.0,Midfielder,
Christoph Klarer,AUT,Darmstadt 98,de Bundesliga,23 years,26.2,22,0.84,19.0,1.0,0.0,2.0,0.0,0.0,2,0.08,2.0,0.0,0.0,0.0,0.0,0.0,Defender,
Tim Kleindienst,GER,Heidenheim,de Bundesliga,27 years,31.9,71,2.23,54.0,0.0,4.0,9.0,1.0,3.0,11,0.35,8.0,0.0,1.0,1.0,1.0,0.0,Forward,
Lukas Klostermann,GER,RB Leipzig,de Bundesliga,27 years,16.0,14,0.88,13.0,0.0,0.0,1.0,0.0,0.0,0,0.0,0.0,0.0,0.0,0.0,0.0,0.0,Defender,
Justin Kluivert,NED,Bournemouth,eng Premier League,24 years,21.3,59,2.77,37.0,0.0,9.0,6.0,4.0,3.0,5,0.23,3.0,0.0,1.0,0.0,0.0,1.0,Midfielder,Forward
Ansgar Knauff,GER,Eintracht Frankfurt,de Bundesliga,21 years,23.4,61,2.6,51.0,0.0,6.0,2.0,0.0,2.0,6,0.26,5.0,0.0,0.0,0.0,0.0,1.0,Midfielder,Defender
Robin Knoche,GER,Union Berlin,de Bundesliga,31 years,21.3,13,0.61,9.0,1.0,0.0,3.0,0.0,0.0,0,0.0,0.0,0.0,0.0,0.0,0.0,0.0,Defender,
Gregor Kobel,SUI,Dortmund,de Bundesliga,25 years,26.3,4,0.15,4.0,0.0,0.0,0.0,0.0,0.0,0,0.0,0.0,0.0,0.0,0.0,0.0,0.0,Goalkeeper,
Robin Koch,GER,Eintracht Frankfurt,de Bundesliga,27 years,30.4,18,0.59,15.0,0.0,0.0,3.0,0.0,0.0,3,0.1,3.0,0.0,0.0,0.0,0.0,0.0,Defender,
Philipp Köhn,SUI,Monaco,fr Ligue 1,25 years,22.0,3,0.14,2.0,0.0,0.0,0.0,0.0,1.0,0,0.0,0.0,0.0,0.0,0.0,0.0,0.0,Goalkeeper,
Dominik Kohr,GER,Mainz 05,de Bundesliga,29 years,24.3,28,1.15,22.0,0.0,2.0,4.0,0.0,0.0,0,0.0,0.0,0.0,0.0,0.0,0.0,0.0,Defender,Midfielder
Koke,ESP,Atlético Madrid,es La Liga,31 years,27.7,57,2.06,52.0,3.0,0.0,1.0,0.0,1.0,11,0.4,11.0,0.0,0.0,0.0,0.0,0.0,Midfielder,
Sead Kolašinac,BIH,Atalanta,it Serie A,30 years,24.2,24,0.99,18.0,0.0,3.0,2.0,1.0,0.0,1,0.04,1.0,0.0,0.0,0.0,0.0,0.0,Defender,
Luca Koleosho,ITA,Burnley,eng Premier League,18 years,10.8,28,2.59,12.0,0.0,11.0,2.0,3.0,0.0,6,0.56,2.0,0.0,3.0,0.0,1.0,0.0,Midfielder,Forward
Randal Kolo Muani,FRA,Paris S-G,fr Ligue 1,24 years,14.1,50,3.55,39.0,0.0,3.0,3.0,5.0,0.0,8,0.57,7.0,0.0,1.0,0.0,0.0,0.0,Forward,Midfielder
Randal Kolo Muani,FRA,Eintracht Frankfurt,de Bundesliga,24 years,1.7,1,0.59,0.0,0.0,0.0,1.0,0.0,0.0,0,0.0,0.0,0.0,0.0,0.0,0.0,0.0,Forward,
Mert Kömür,GER,Augsburg,de Bundesliga,18 years,1.3,5,3.81,2.0,1.0,0.0,0.0,2.0,0.0,0,0.0,0.0,0.0,0.0,0.0,0.0,0.0,Midfielder,Defender
Cheick Konaté,MLI,Clermont Foot,fr Ligue 1,19 years,11.9,29,2.44,25.0,0.0,3.0,1.0,0.0,0.0,2,0.17,2.0,0.0,0.0,0.0,0.0,0.0,Defender,
Ibrahima Konaté,FRA,Liverpool,eng Premier League,24 years,17.5,24,1.37,24.0,0.0,0.0,0.0,0.0,0.0,1,0.06,1.0,0.0,0.0,0.0,0.0,0.0,Defender,
Geoffrey Kondogbia,CTA,Marseille,fr Ligue 1,30 years,16.3,27,1.66,21.0,0.0,0.0,1.0,4.0,1.0,3,0.18,3.0,0.0,0.0,0.0,0.0,0.0,Midfielder,
Abdoul Koné,FRA,Reims,fr Ligue 1,18 years,2.1,2,0.93,1.0,0.0,0.0,0.0,1.0,0.0,2,0.93,1.0,0.0,0.0,0.0,1.0,0.0,Defender,
Amadou Koné,MLI,Reims,fr Ligue 1,18 years,5.3,6,1.14,6.0,0.0,0.0,0.0,0.0,0.0,0,0.0,0.0,0.0,0.0,0.0,0.0,0.0,Midfielder,
Ibrahima Koné,MLI,Almería,es La Liga,24 years,3.1,5,1.61,5.0,0.0,0.0,0.0,0.0,0.0,0,0.0,0.0,0.0,0.0,0.0,0.0,0.0,Forward,
Ibrahima Koné,MLI,Lorient,fr Ligue 1,24 years,0.4,0,0.0,0.0,0.0,0.0,0.0,0.0,0.0,0,0.0,0.0,0.0,0.0,0.0,0.0,0.0,Forward,
Manu Koné,FRA,Gladbach,de Bundesliga,22 years,17.3,59,3.4,42.0,0.0,7.0,6.0,4.0,0.0,3,0.17,0.0,0.0,0.0,2.0,1.0,0.0,Midfielder,
Ezri Konsa,ENG,Aston Villa,eng Premier League,25 years,34.1,34,1.0,25.0,1.0,2.0,2.0,3.0,1.0,6,0.18,3.0,1.0,0.0,0.0,1.0,1.0,Defender,
Teun Koopmeiners,NED,Atalanta,it Serie A,25 years,29.2,122,4.18,90.0,23.0,6.0,2.0,1.0,0.0,12,0.41,11.0,1.0,0.0,0.0,0.0,0.0,Midfielder,
Odilon Kossounou,CIV,Leverkusen,de Bundesliga,22 years,20.1,33,1.64,31.0,0.0,2.0,0.0,0.0,0.0,3,0.15,3.0,0.0,0.0,0.0,0.0,0.0,Defender,
Filip Kostić,SRB,Juventus,it Serie A,30 years,20.2,71,3.52,42.0,22.0,0.0,7.0,0.0,0.0,5,0.25,2.0,2.0,0.0,1.0,0.0,0.0,Defender,
N'Guessan Kouadio,CIV,Metz,fr Ligue 1,20 years,1.2,4,3.24,1.0,0.0,1.0,0.0,1.0,1.0,0,0.0,0.0,0.0,0.0,0.0,0.0,0.0,Midfielder,Forward
Christian Kouamé,CIV,Fiorentina,it Serie A,25 years,12.1,36,2.98,29.0,0.0,0.0,2.0,5.0,0.0,2,0.17,2.0,0.0,0.0,0.0,0.0,0.0,Forward,
Rominigue Kouamé,MLI,Cádiz,es La Liga,26 years,9.1,14,1.54,12.0,0.0,0.0,2.0,0.0,0.0,0,0.0,0.0,0.0,0.0,0.0,0.0,0.0,Midfielder,
Koffi Kouao,CIV,Metz,fr Ligue 1,25 years,9.6,13,1.36,8.0,2.0,0.0,1.0,1.0,1.0,2,0.21,1.0,0.0,0.0,1.0,0.0,0.0,Defender,
Tomáš Koubek,CZE,Augsburg,de Bundesliga,30 years,3.0,0,0.0,0.0,0.0,0.0,0.0,0.0,0.0,0,0.0,0.0,0.0,0.0,0.0,0.0,0.0,Goalkeeper,
Therence Koudou,FRA,Reims,fr Ligue 1,18 years,3.5,14,4.01,11.0,1.0,1.0,0.0,1.0,0.0,1,0.29,1.0,0.0,0.0,0.0,0.0,0.0,Defender,
Jules Koundé,FRA,Barcelona,es La Liga,24 years,32.2,62,1.92,55.0,2.0,0.0,4.0,1.0,0.0,9,0.28,9.0,0.0,0.0,0.0,0.0,0.0,Defender,
Boubakar Kouyaté,MLI,Montpellier,fr Ligue 1,26 years,21.4,11,0.51,6.0,0.0,0.0,4.0,1.0,0.0,2,0.09,1.0,0.0,0.0,1.0,0.0,0.0,Defender,
Cheikhou Kouyaté,SEN,Nottingham Forest,eng Premier League,33 years,2.4,8,3.4,5.0,0.0,0.0,2.0,0.0,1.0,1,0.42,1.0,0.0,0.0,0.0,0.0,0.0,Midfielder,
Mateo Kovačić,CRO,Manchester City,eng Premier League,29 years,17.2,54,3.14,47.0,0.0,2.0,4.0,1.0,0.0,6,0.35,5.0,0.0,0.0,1.0,0.0,0.0,Midfielder,
Viktor Kovalenko,UKR,Empoli,it Serie A,27 years,6.8,16,2.35,10.0,3.0,0.0,0.0,3.0,0.0,1,0.15,1.0,0.0,0.0,0.0,0.0,0.0,Midfielder,
Matej Kovar,CZE,Leverkusen,de Bundesliga,23 years,1.0,0,0.0,0.0,0.0,0.0,0.0,0.0,0.0,0,0.0,0.0,0.0,0.0,0.0,0.0,0.0,Goalkeeper,
Dawid Kownacki,POL,Werder Bremen,de Bundesliga,26 years,4.2,17,4.01,8.0,0.0,1.0,5.0,3.0,0.0,2,0.47,1.0,0.0,0.0,0.0,1.0,0.0,Forward,
Emil Krafth,SWE,Newcastle Utd,eng Premier League,28 years,10.1,18,1.77,13.0,3.0,1.0,0.0,1.0,0.0,1,0.1,1.0,0.0,0.0,0.0,0.0,0.0,Defender,
Alex Král,CZE,Union Berlin,de Bundesliga,25 years,15.2,23,1.51,15.0,2.0,2.0,1.0,1.0,2.0,0,0.0,0.0,0.0,0.0,0.0,0.0,0.0,Midfielder,
Andrej Kramarić,CRO,Hoffenheim,de Bundesliga,32 years,24.4,135,5.53,81.0,39.0,7.0,3.0,4.0,1.0,16,0.65,12.0,1.0,2.0,0.0,1.0,0.0,Midfielder,Forward
Christoph Kramer,GER,Gladbach,de Bundesliga,32 years,2.8,5,1.8,5.0,0.0,0.0,0.0,0.0,0.0,0,0.0,0.0,0.0,0.0,0.0,0.0,0.0,Midfielder,
Frans Krätzig,GER,Bayern Munich,de Bundesliga,20 years,0.6,2,3.16,1.0,0.0,0.0,1.0,0.0,0.0,0,0.0,0.0,0.0,0.0,0.0,0.0,0.0,Defender,
Tom Krauß,GER,Mainz 05,de Bundesliga,22 years,15.0,22,1.47,18.0,0.0,0.0,1.0,3.0,0.0,3,0.2,2.0,0.0,0.0,0.0,1.0,0.0,Midfielder,
Rasmus Kristensen,DEN,Roma,it Serie A,26 years,19.4,28,1.44,21.0,3.0,3.0,0.0,1.0,0.0,3,0.15,2.0,0.0,0.0,0.0,1.0,0.0,Defender,
Thomas Kristensen,DEN,Udinese,it Serie A,21 years,23.3,15,0.64,9.0,1.0,0.0,4.0,0.0,1.0,3,0.13,2.0,0.0,0.0,1.0,0.0,0.0,Defender,
Toni Kroos,GER,Real Madrid,es La Liga,33 years,23.6,100,4.24,61.0,34.0,0.0,4.0,1.0,0.0,11,0.47,6.0,5.0,0.0,0.0,0.0,0.0,Midfielder,
Nikola Krstović,MNE,Lecce,it Serie A,23 years,26.4,78,2.96,61.0,0.0,4.0,5.0,7.0,1.0,4,0.15,3.0,0.0,0.0,1.0,0.0,0.0,Forward,
Rade Krunić,BIH,Milan,it Serie A,29 years,7.6,10,1.31,9.0,1.0,0.0,0.0,0.0,0.0,0,0.0,0.0,0.0,0.0,0.0,0.0,0.0,Midfielder,
Lukas Kübler,GER,Freiburg,de Bundesliga,30 years,20.5,14,0.68,10.0,2.0,0.0,0.0,2.0,0.0,2,0.1,2.0,0.0,0.0,0.0,0.0,0.0,Defender,
Takefusa Kubo,JPN,Real Sociedad,es La Liga,22 years,23.9,110,4.61,66.0,23.0,10.0,5.0,6.0,0.0,7,0.29,4.0,2.0,1.0,0.0,0.0,0.0,Forward,Midfielder
Mahmut Kücüksahin,,Augsburg,de Bundesliga,19 years,0.0,0,0.0,0.0,0.0,0.0,0.0,0.0,0.0,0,0.0,0.0,0.0,0.0,0.0,0.0,0.0,Midfielder,
Mohammed Kudus,GHA,West Ham,eng Premier League,22 years,27.6,100,3.62,53.0,1.0,25.0,8.0,12.0,1.0,16,0.58,8.0,0.0,3.0,3.0,2.0,0.0,Forward,Midfielder
Christian Kühlwetter,GER,Heidenheim,de Bundesliga,27 years,0.1,1,11.25,1.0,0.0,0.0,0.0,0.0,0.0,1,11.25,1.0,0.0,0.0,0.0,0.0,0.0,Midfielder,
Dejan Kulusevski,SWE,Tottenham,eng Premier League,23 years,30.7,127,4.14,104.0,1.0,9.0,11.0,0.0,2.0,8,0.26,6.0,0.0,1.0,0.0,0.0,1.0,Forward,Midfielder
Sael Kumbedi,FRA,Lyon,fr Ligue 1,18 years,10.3,16,1.56,15.0,0.0,1.0,0.0,0.0,0.0,2,0.19,2.0,0.0,0.0,0.0,0.0,0.0,Defender,
Marash Kumbulla,ALB,Sassuolo,it Serie A,23 years,4.0,1,0.25,1.0,0.0,0.0,0.0,0.0,0.0,0,0.0,0.0,0.0,0.0,0.0,0.0,0.0,Defender,
Justin Kumi,ITA,Sassuolo,it Serie A,19 years,0.0,0,0.0,0.0,0.0,0.0,0.0,0.0,0.0,0,0.0,0.0,0.0,0.0,0.0,0.0,0.0,Forward,
Layvin Kurzawa,FRA,Paris S-G,fr Ligue 1,30 years,0.1,0,0.0,0.0,0.0,0.0,0.0,0.0,0.0,0,0.0,0.0,0.0,0.0,0.0,0.0,0.0,Defender,
Berkan Kutlu,TUR,Genoa,it Serie A,25 years,2.2,8,3.64,4.0,3.0,0.0,1.0,0.0,0.0,0,0.0,0.0,0.0,0.0,0.0,0.0,0.0,Midfielder,
Daler Kuzyaev,RUS,Le Havre,fr Ligue 1,30 years,23.2,72,3.1,57.0,6.0,0.0,3.0,6.0,0.0,4,0.17,4.0,0.0,0.0,0.0,0.0,0.0,Midfielder,
Khvicha Kvaratskhelia,GEO,Napoli,it Serie A,22 years,30.4,155,5.1,80.0,15.0,26.0,16.0,14.0,4.0,16,0.53,6.0,0.0,3.0,3.0,3.0,1.0,Forward,
Giorgi Kvernadze,GEO,Frosinone,it Serie A,20 years,0.7,0,0.0,0.0,0.0,0.0,0.0,0.0,0.0,0,0.0,0.0,0.0,0.0,0.0,0.0,0.0,Forward,Defender
Moritz-Broni Kwarteng,GHA,Bochum,de Bundesliga,25 years,3.1,17,5.44,8.0,0.0,5.0,3.0,1.0,0.0,1,0.32,1.0,0.0,0.0,0.0,0.0,0.0,Forward,
Grejohn Kyei,FRA,Clermont Foot,fr Ligue 1,27 years,11.4,21,1.84,18.0,0.0,1.0,1.0,1.0,0.0,2,0.18,2.0,0.0,0.0,0.0,0.0,0.0,Forward,
Giorgos Kyriakopoulos,GRE,Monza,it Serie A,27 years,19.0,49,2.58,36.0,9.0,1.0,2.0,1.0,0.0,3,0.16,1.0,2.0,0.0,0.0,0.0,0.0,Defender,
Luca de la Torre,USA,Celta Vigo,es La Liga,25 years,21.7,43,1.98,37.0,0.0,2.0,2.0,2.0,0.0,5,0.23,5.0,0.0,0.0,0.0,0.0,0.0,Midfielder,
Gaëtan Laborde,FRA,Nice,fr Ligue 1,29 years,21.2,52,2.46,39.0,2.0,5.0,4.0,0.0,2.0,3,0.14,2.0,0.0,0.0,1.0,0.0,0.0,Forward,Midfielder
Alexandre Lacazette,FRA,Lyon,fr Ligue 1,32 years,25.5,56,2.2,39.0,0.0,5.0,6.0,6.0,0.0,9,0.35,4.0,0.0,2.0,1.0,2.0,0.0,Forward,
Maxence Lacroix,FRA,Wolfsburg,de Bundesliga,23 years,26.2,24,0.91,21.0,0.0,0.0,1.0,2.0,0.0,2,0.08,2.0,0.0,0.0,0.0,0.0,0.0,Defender,
Alban Lafont,FRA,Nantes,fr Ligue 1,24 years,27.7,6,0.22,5.0,1.0,0.0,0.0,0.0,0.0,0,0.0,0.0,0.0,0.0,0.0,0.0,0.0,Goalkeeper,
Yoel Lago,ESP,Celta Vigo,es La Liga,19 years,1.0,2,2.0,2.0,0.0,0.0,0.0,0.0,0.0,0,0.0,0.0,0.0,0.0,0.0,0.0,0.0,Defender,
Aïssa Laïdouni,TUN,Union Berlin,de Bundesliga,26 years,11.9,29,2.44,25.0,1.0,1.0,0.0,2.0,0.0,4,0.34,4.0,0.0,0.0,0.0,0.0,0.0,Midfielder,
Konrad Laimer,AUT,Bayern Munich,de Bundesliga,26 years,19.7,67,3.4,57.0,3.0,3.0,2.0,1.0,1.0,8,0.41,6.0,0.0,1.0,1.0,0.0,0.0,Defender,Midfielder
Stefan Lainer,AUT,Gladbach,de Bundesliga,30 years,8.3,19,2.28,18.0,0.0,0.0,0.0,1.0,0.0,1,0.12,1.0,0.0,0.0,0.0,0.0,0.0,Defender,Midfielder
Kenny Lala,MAD,Brest,fr Ligue 1,31 years,33.0,98,2.97,74.0,18.0,2.0,3.0,1.0,0.0,9,0.27,7.0,2.0,0.0,0.0,0.0,0.0,Defender,
Adam Lallana,ENG,Brighton,eng Premier League,35 years,9.4,28,2.96,27.0,0.0,0.0,0.0,1.0,0.0,1,0.11,1.0,0.0,0.0,0.0,0.0,0.0,Midfielder,Forward
Mathis Lambourde,FRA,Rennes,fr Ligue 1,17 years,0.1,0,0.0,0.0,0.0,0.0,0.0,0.0,0.0,0,0.0,0.0,0.0,0.0,0.0,0.0,0.0,Forward,
Érik Lamela,ARG,Sevilla,es La Liga,31 years,5.1,20,3.89,17.0,0.0,1.0,0.0,1.0,1.0,2,0.39,2.0,0.0,0.0,0.0,0.0,0.0,Forward,Midfielder
Mohamed Lamine Bayo,GUI,Le Havre,fr Ligue 1,25 years,15.4,39,2.53,26.0,0.0,5.0,6.0,1.0,1.0,6,0.39,3.0,0.0,2.0,1.0,0.0,0.0,Forward,
Didier Lamkel Zé,CMR,Metz,fr Ligue 1,26 years,6.1,15,2.45,13.0,1.0,0.0,1.0,0.0,0.0,0,0.0,0.0,0.0,0.0,0.0,0.0,0.0,Forward,Midfielder
Tariq Lamptey,GHA,Brighton,eng Premier League,22 years,10.2,17,1.68,15.0,0.0,1.0,1.0,0.0,0.0,3,0.3,3.0,0.0,0.0,0.0,0.0,0.0,Defender,Forward
Bruno Langa,MOZ,Almería,es La Liga,25 years,9.1,17,1.87,11.0,2.0,1.0,1.0,1.0,1.0,1,0.11,0.0,0.0,0.0,0.0,0.0,1.0,Defender,
Gianluca Lapadula,PER,Cagliari,it Serie A,33 years,13.4,34,2.54,23.0,0.0,2.0,5.0,4.0,0.0,4,0.3,0.0,0.0,2.0,1.0,1.0,0.0,Forward,
Aymeric Laporte,ESP,Manchester City,eng Premier League,29 years,0.1,0,0.0,0.0,0.0,0.0,0.0,0.0,0.0,0,0.0,0.0,0.0,0.0,0.0,0.0,0.0,Defender,
Julien Laporte,FRA,Lorient,fr Ligue 1,29 years,20.2,8,0.4,7.0,0.0,0.0,1.0,0.0,0.0,0,0.0,0.0,0.0,0.0,0.0,0.0,0.0,Defender,
Cyle Larin,CAN,Mallorca,es La Liga,28 years,20.3,26,1.29,16.0,0.0,2.0,5.0,3.0,0.0,4,0.2,1.0,0.0,0.0,1.0,2.0,0.0,Forward,
Yasser Larouci,ALG,Sheffield Utd,eng Premier League,22 years,5.9,8,1.36,5.0,1.0,1.0,1.0,0.0,0.0,0,0.0,0.0,0.0,0.0,0.0,0.0,0.0,Defender,
Hugo Larsson,SWE,Eintracht Frankfurt,de Bundesliga,19 years,21.0,25,1.19,23.0,0.0,0.0,2.0,0.0,0.0,5,0.24,4.0,0.0,0.0,1.0,0.0,0.0,Midfielder,
Jamaal Lascelles,ENG,Newcastle Utd,eng Premier League,29 years,12.0,8,0.67,7.0,0.0,0.0,0.0,1.0,0.0,0,0.0,0.0,0.0,0.0,0.0,0.0,0.0,Defender,
Juanmi Latasa,ESP,Getafe,es La Liga,22 years,17.3,33,1.91,23.0,0.0,0.0,6.0,4.0,0.0,1,0.06,0.0,0.0,0.0,0.0,1.0,0.0,Forward,
Toni Lato,ESP,Mallorca,es La Liga,25 years,17.2,30,1.75,22.0,2.0,1.0,1.0,3.0,1.0,1,0.06,1.0,0.0,0.0,0.0,0.0,0.0,Defender,
Armand Lauriente,FRA,Sassuolo,it Serie A,24 years,32.3,110,3.4,67.0,16.0,12.0,7.0,8.0,0.0,8,0.25,4.0,1.0,0.0,2.0,1.0,0.0,Forward,
Roméo Lavia,BEL,Chelsea,eng Premier League,19 years,0.4,0,0.0,0.0,0.0,0.0,0.0,0.0,0.0,0,0.0,0.0,0.0,0.0,0.0,0.0,0.0,Midfielder,
Lázaro,BRA,Almería,es La Liga,21 years,3.2,12,3.8,7.0,2.0,0.0,2.0,1.0,0.0,1,0.32,0.0,0.0,0.0,1.0,0.0,0.0,Forward,Midfielder
Valentino Lazaro,AUT,Torino,it Serie A,27 years,22.2,58,2.62,36.0,18.0,2.0,1.0,1.0,0.0,5,0.23,4.0,1.0,0.0,0.0,0.0,0.0,Defender,Midfielder
Darko Lazović,SRB,Hellas Verona,it Serie A,32 years,21.4,60,2.8,38.0,13.0,1.0,6.0,1.0,1.0,3,0.14,3.0,0.0,0.0,0.0,0.0,0.0,Forward,Midfielder
Manuel Lazzari,ITA,Lazio,it Serie A,29 years,18.6,32,1.72,27.0,0.0,0.0,2.0,3.0,0.0,5,0.27,5.0,0.0,0.0,0.0,0.0,0.0,Defender,
Théo Le Bris,FRA,Lorient,fr Ligue 1,20 years,16.8,28,1.66,20.0,1.0,1.0,4.0,2.0,0.0,4,0.24,1.0,0.0,0.0,2.0,1.0,0.0,Defender,Midfielder
Julien Le Cardinal,FRA,Brest,fr Ligue 1,25 years,5.3,9,1.71,4.0,1.0,1.0,1.0,1.0,1.0,2,0.38,1.0,0.0,0.0,0.0,1.0,0.0,Defender,
Julien Le Cardinal,FRA,Lens,fr Ligue 1,25 years,0.6,1,1.55,1.0,0.0,0.0,0.0,0.0,0.0,0,0.0,0.0,0.0,0.0,0.0,0.0,0.0,Defender,
Jérémy Le Douaron,FRA,Brest,fr Ligue 1,25 years,18.0,32,1.78,21.0,0.0,4.0,3.0,4.0,0.0,4,0.22,2.0,0.0,0.0,1.0,1.0,0.0,Forward,
Enzo Le Fée,FRA,Rennes,fr Ligue 1,23 years,17.0,57,3.36,47.0,4.0,2.0,2.0,1.0,1.0,1,0.06,1.0,0.0,0.0,0.0,0.0,0.0,Midfielder,
Vincent Le Goff,FRA,Lorient,fr Ligue 1,33 years,6.0,13,2.17,11.0,2.0,0.0,0.0,0.0,0.0,1,0.17,1.0,0.0,0.0,0.0,0.0,0.0,Defender,Midfielder
Robin Le Normand,ESP,Real Sociedad,es La Liga,26 years,27.4,17,0.62,15.0,0.0,0.0,1.0,1.0,0.0,1,0.04,1.0,0.0,0.0,0.0,0.0,0.0,Defender,
Nicola Leali,ITA,Genoa,it Serie A,30 years,2.0,1,0.51,0.0,1.0,0.0,0.0,0.0,0.0,0,0.0,0.0,0.0,0.0,0.0,0.0,0.0,Goalkeeper,
Rafael Leão,POR,Milan,it Serie A,24 years,27.9,135,4.83,92.0,5.0,23.0,5.0,10.0,0.0,26,0.93,17.0,0.0,8.0,0.0,1.0,0.0,Forward,
Adrien Lebeau,FRA,Brest,fr Ligue 1,24 years,0.6,4,6.67,3.0,1.0,0.0,0.0,0.0,0.0,1,1.67,1.0,0.0,0.0,0.0,0.0,0.0,Midfielder,Forward
Jean-Louis Leca,FRA,Lens,fr Ligue 1,37 years,1.0,0,0.0,0.0,0.0,0.0,0.0,0.0,0.0,0,0.0,0.0,0.0,0.0,0.0,0.0,0.0,Goalkeeper,
Benjamin Lecomte,FRA,Montpellier,fr Ligue 1,32 years,30.0,8,0.27,6.0,2.0,0.0,0.0,0.0,0.0,1,0.03,1.0,0.0,0.0,0.0,0.0,0.0,Goalkeeper,
Jeremías Ledesma,ARG,Cádiz,es La Liga,30 years,33.9,7,0.21,3.0,4.0,0.0,0.0,0.0,0.0,2,0.06,1.0,1.0,0.0,0.0,0.0,0.0,Goalkeeper,
Pierre Lees-Melou,FRA,Brest,fr Ligue 1,30 years,28.0,84,3.0,60.0,0.0,5.0,9.0,3.0,7.0,5,0.18,3.0,0.0,1.0,0.0,0.0,1.0,Midfielder,
Diogo Leite,POR,Union Berlin,de Bundesliga,24 years,30.0,24,0.8,19.0,0.0,0.0,1.0,3.0,1.0,3,0.1,3.0,0.0,0.0,0.0,0.0,0.0,Defender,
Maxim Leitsch,GER,Mainz 05,de Bundesliga,25 years,4.2,1,0.24,1.0,0.0,0.0,0.0,0.0,0.0,1,0.24,1.0,0.0,0.0,0.0,0.0,0.0,Defender,
Florian Lejeune,FRA,Rayo Vallecano,es La Liga,32 years,37.0,44,1.19,31.0,3.0,0.0,8.0,2.0,0.0,3,0.08,2.0,0.0,0.0,1.0,0.0,0.0,Defender,
Stefan Lekovic,SRB,Villarreal,es La Liga,19 years,0.3,0,0.0,0.0,0.0,0.0,0.0,0.0,0.0,0,0.0,0.0,0.0,0.0,0.0,0.0,0.0,Defender,
Iñigo Lekue,ESP,Athletic Club,es La Liga,30 years,22.2,35,1.57,29.0,4.0,1.0,1.0,0.0,0.0,7,0.31,7.0,0.0,0.0,0.0,0.0,0.0,Defender,
Thomas Lemar,FRA,Atlético Madrid,es La Liga,27 years,1.8,3,1.66,2.0,1.0,0.0,0.0,0.0,0.0,0,0.0,0.0,0.0,0.0,0.0,0.0,0.0,Midfielder,
Mario Lemina,GAB,Wolves,eng Premier League,29 years,33.0,47,1.42,42.0,0.0,0.0,4.0,1.0,0.0,5,0.15,4.0,0.0,0.0,0.0,1.0,0.0,Midfielder,
Álvaro Lemos,ESP,Las Palmas,es La Liga,30 years,2.8,1,0.36,0.0,1.0,0.0,0.0,0.0,0.0,0,0.0,0.0,0.0,0.0,0.0,0.0,0.0,Defender,
Ruben Lendinez,ESP,Valencia,es La Liga,20 years,0.1,0,0.0,0.0,0.0,0.0,0.0,0.0,0.0,0,0.0,0.0,0.0,0.0,0.0,0.0,0.0,Defender,
Clément Lenglet,FRA,Aston Villa,eng Premier League,28 years,12.8,15,1.17,11.0,1.0,0.0,3.0,0.0,0.0,1,0.08,1.0,0.0,0.0,0.0,0.0,0.0,Defender,
Bernd Leno,GER,Fulham,eng Premier League,31 years,38.0,1,0.03,1.0,0.0,0.0,0.0,0.0,0.0,0,0.0,0.0,0.0,0.0,0.0,0.0,0.0,Goalkeeper,
Christopher Lenz,GER,RB Leipzig,de Bundesliga,28 years,0.5,2,3.83,2.0,0.0,0.0,0.0,0.0,0.0,0,0.0,0.0,0.0,0.0,0.0,0.0,0.0,Defender,Midfielder
Christopher Lenz,GER,Eintracht Frankfurt,de Bundesliga,28 years,0.1,1,8.18,1.0,0.0,0.0,0.0,0.0,0.0,1,8.18,1.0,0.0,0.0,0.0,0.0,0.0,Defender,
Johann Lepenant,FRA,Lyon,fr Ligue 1,20 years,2.8,7,2.48,6.0,0.0,0.0,1.0,0.0,0.0,1,0.35,1.0,0.0,0.0,0.0,0.0,0.0,Midfielder,
Jefferson Lerma,COL,Crystal Palace,eng Premier League,28 years,26.7,55,2.06,49.0,0.0,1.0,3.0,1.0,1.0,4,0.15,4.0,0.0,0.0,0.0,0.0,0.0,Midfielder,Defender
Léo Leroy,FRA,Montpellier,fr Ligue 1,23 years,5.5,8,1.44,6.0,0.0,0.0,2.0,0.0,0.0,1,0.18,1.0,0.0,0.0,0.0,0.0,0.0,Midfielder,
Robert Lewandowski,POL,Barcelona,es La Liga,34 years,30.6,63,2.06,42.0,1.0,4.0,10.0,6.0,0.0,12,0.39,10.0,0.0,0.0,0.0,2.0,0.0,Forward,
Jamie Leweling,GER,Stuttgart,de Bundesliga,22 years,16.9,61,3.61,39.0,1.0,9.0,9.0,1.0,2.0,8,0.47,6.0,0.0,1.0,1.0,0.0,0.0,Forward,Midfielder
Rico Lewis,ENG,Manchester City,eng Premier League,18 years,9.0,15,1.67,15.0,0.0,0.0,0.0,0.0,0.0,0,0.0,0.0,0.0,0.0,0.0,0.0,0.0,Defender,Midfielder
Keane Lewis-Potter,ENG,Brentford,eng Premier League,22 years,16.0,33,2.06,21.0,0.0,6.0,4.0,2.0,0.0,2,0.12,1.0,0.0,0.0,1.0,0.0,0.0,Forward,Defender
Philipp Lienhart,AUT,Freiburg,de Bundesliga,27 years,14.1,14,1.0,13.0,0.0,0.0,1.0,0.0,0.0,1,0.07,1.0,0.0,0.0,0.0,0.0,0.0,Defender,
Matthijs de Ligt,NED,Bayern Munich,de Bundesliga,23 years,15.4,13,0.84,11.0,0.0,0.0,2.0,0.0,0.0,1,0.06,1.0,0.0,0.0,0.0,0.0,0.0,Defender,
Victor Lindelöf,SWE,Manchester Utd,eng Premier League,29 years,14.8,19,1.29,19.0,0.0,0.0,0.0,0.0,0.0,3,0.2,3.0,0.0,0.0,0.0,0.0,0.0,Defender,
Jesper Lindstrøm,DEN,Napoli,it Serie A,23 years,4.8,24,5.01,17.0,3.0,3.0,1.0,0.0,0.0,0,0.0,0.0,0.0,0.0,0.0,0.0,0.0,Forward,Midfielder
Jesper Lindstrøm,DEN,Eintracht Frankfurt,de Bundesliga,23 years,0.9,2,2.17,2.0,0.0,0.0,0.0,0.0,0.0,1,1.08,1.0,0.0,0.0,0.0,0.0,0.0,Forward,
Karol Linetty,POL,Torino,it Serie A,28 years,20.6,36,1.74,27.0,4.0,1.0,2.0,2.0,0.0,1,0.05,1.0,0.0,0.0,0.0,0.0,0.0,Midfielder,
Samuel Lino,BRA,Atlético Madrid,es La Liga,23 years,23.1,77,3.33,54.0,1.0,7.0,4.0,9.0,2.0,12,0.52,9.0,0.0,1.0,1.0,1.0,0.0,Defender,Midfielder
Luca Lipani,ITA,Sassuolo,it Serie A,18 years,4.3,9,2.1,5.0,0.0,2.0,1.0,0.0,1.0,0,0.0,0.0,0.0,0.0,0.0,0.0,0.0,Midfielder,
Pol Lirola,ESP,Frosinone,it Serie A,25 years,17.1,32,1.88,28.0,2.0,1.0,0.0,0.0,1.0,1,0.06,1.0,0.0,0.0,0.0,0.0,0.0,Defender,
Marcin Listkowski,POL,Lecce,it Serie A,25 years,0.1,0,0.0,0.0,0.0,0.0,0.0,0.0,0.0,0,0.0,0.0,0.0,0.0,0.0,0.0,0.0,Forward,
Valentino Livramento,ENG,Newcastle Utd,eng Premier League,20 years,14.6,36,2.47,28.0,0.0,2.0,1.0,3.0,2.0,5,0.34,3.0,0.0,1.0,0.0,1.0,0.0,Defender,
Dejan Ljubicic,AUT,Köln,de Bundesliga,25 years,22.8,61,2.68,52.0,1.0,1.0,5.0,1.0,1.0,2,0.09,1.0,0.0,0.0,1.0,0.0,0.0,Midfielder,Forward
Javier Llabrés,ESP,Mallorca,es La Liga,20 years,2.7,7,2.55,2.0,4.0,1.0,0.0,0.0,0.0,0,0.0,0.0,0.0,0.0,0.0,0.0,0.0,Midfielder,Forward
Diego Llorente,ESP,Roma,it Serie A,29 years,24.1,22,0.91,19.0,0.0,0.0,2.0,1.0,0.0,2,0.08,2.0,0.0,0.0,0.0,0.0,0.0,Defender,
Marcos Llorente,ESP,Atlético Madrid,es La Liga,28 years,28.5,48,1.68,40.0,0.0,3.0,2.0,3.0,0.0,8,0.28,7.0,0.0,0.0,1.0,0.0,0.0,Midfielder,Defender
Gautier Lloris,FRA,Le Havre,fr Ligue 1,28 years,30.9,18,0.58,16.0,1.0,0.0,1.0,0.0,0.0,0,0.0,0.0,0.0,0.0,0.0,0.0,0.0,Defender,
Abou Lô,SEN,Metz,fr Ligue 1,23 years,2.2,2,0.91,2.0,0.0,0.0,0.0,0.0,0.0,0,0.0,0.0,0.0,0.0,0.0,0.0,0.0,Midfielder,Defender
Giovani Lo Celso,ARG,Tottenham,eng Premier League,27 years,5.6,28,4.96,22.0,2.0,1.0,2.0,1.0,0.0,3,0.53,3.0,0.0,0.0,0.0,0.0,0.0,Midfielder,
Stanislav Lobotka,SVK,Napoli,it Serie A,28 years,36.5,88,2.41,77.0,1.0,4.0,1.0,4.0,1.0,4,0.11,4.0,0.0,0.0,0.0,0.0,0.0,Midfielder,
Manuel Locatelli,ITA,Juventus,it Serie A,25 years,33.4,80,2.39,73.0,2.0,1.0,2.0,1.0,1.0,7,0.21,7.0,0.0,0.0,0.0,0.0,0.0,Midfielder,
Bradley Locko,FRA,Brest,fr Ligue 1,21 years,32.9,63,1.92,49.0,2.0,6.0,2.0,3.0,1.0,7,0.21,6.0,0.0,1.0,0.0,0.0,0.0,Defender,
Tom Lockyer,WAL,Luton Town,eng Premier League,28 years,13.0,10,0.77,9.0,0.0,0.0,0.0,0.0,1.0,1,0.08,1.0,0.0,0.0,0.0,0.0,0.0,Defender,
Renan Lodi,BRA,Marseille,fr Ligue 1,25 years,13.7,27,1.97,18.0,8.0,0.0,0.0,1.0,0.0,0,0.0,0.0,0.0,0.0,0.0,0.0,0.0,Defender,
Ruben Loftus-Cheek,ENG,Milan,it Serie A,27 years,23.0,51,2.22,45.0,0.0,1.0,3.0,2.0,0.0,6,0.26,3.0,0.0,1.0,1.0,1.0,0.0,Midfielder,
Elysée Logbo,FRA,Le Havre,fr Ligue 1,19 years,2.8,3,1.09,3.0,0.0,0.0,0.0,0.0,0.0,0,0.0,0.0,0.0,0.0,0.0,0.0,0.0,Forward,
Enzo Loiodice,FRA,Las Palmas,es La Liga,22 years,19.9,41,2.06,34.0,4.0,1.0,0.0,2.0,0.0,2,0.1,1.0,1.0,0.0,0.0,0.0,0.0,Midfielder,
Sean Longstaff,ENG,Newcastle Utd,eng Premier League,25 years,30.5,51,1.67,43.0,1.0,1.0,3.0,3.0,0.0,7,0.23,3.0,1.0,1.0,1.0,1.0,0.0,Midfielder,
Ademola Lookman,NGA,Atalanta,it Serie A,25 years,21.0,101,4.81,65.0,10.0,16.0,4.0,4.0,2.0,14,0.67,9.0,1.0,2.0,1.0,1.0,0.0,Forward,Midfielder
Noah Loosli,SUI,Bochum,de Bundesliga,26 years,3.8,2,0.52,1.0,1.0,0.0,0.0,0.0,0.0,0,0.0,0.0,0.0,0.0,0.0,0.0,0.0,Defender,
Anthony Lopes,POR,Lyon,fr Ligue 1,32 years,31.0,3,0.1,2.0,1.0,0.0,0.0,0.0,0.0,1,0.03,1.0,0.0,0.0,0.0,0.0,0.0,Goalkeeper,
David López,ESP,Girona,es La Liga,33 years,21.8,13,0.6,8.0,1.0,1.0,3.0,0.0,0.0,1,0.05,1.0,0.0,0.0,0.0,0.0,0.0,Defender,
Diego López,ESP,Valencia,es La Liga,21 years,29.5,79,2.68,65.0,0.0,5.0,2.0,3.0,4.0,11,0.37,9.0,0.0,1.0,1.0,0.0,0.0,Midfielder,Forward
Fermin López,ESP,Barcelona,es La Liga,20 years,16.1,42,2.61,33.0,0.0,5.0,4.0,0.0,0.0,0,0.0,0.0,0.0,0.0,0.0,0.0,0.0,Midfielder,Forward
Javi López,ESP,Alavés,es La Liga,21 years,26.5,51,1.92,39.0,2.0,4.0,2.0,4.0,0.0,8,0.3,6.0,0.0,1.0,0.0,1.0,0.0,Defender,
Maxime Lopez,FRA,Fiorentina,it Serie A,25 years,8.9,19,2.14,14.0,3.0,0.0,1.0,0.0,1.0,2,0.23,1.0,1.0,0.0,0.0,0.0,0.0,Midfielder,
Maxime Lopez,FRA,Sassuolo,it Serie A,25 years,1.6,5,3.21,5.0,0.0,0.0,0.0,0.0,0.0,0,0.0,0.0,0.0,0.0,0.0,0.0,0.0,Midfielder,
Pau López,ESP,Marseille,fr Ligue 1,28 years,32.7,10,0.31,9.0,1.0,0.0,0.0,0.0,0.0,1,0.03,1.0,0.0,0.0,0.0,0.0,0.0,Goalkeeper,
Unai López,ESP,Rayo Vallecano,es La Liga,27 years,23.4,58,2.47,34.0,15.0,2.0,4.0,0.0,3.0,3,0.13,2.0,0.0,0.0,0.0,0.0,1.0,Midfielder,
Dion Lopy,SEN,Almería,es La Liga,21 years,21.3,45,2.11,34.0,0.0,4.0,1.0,5.0,1.0,3,0.14,3.0,0.0,0.0,0.0,0.0,0.0,Midfielder,
Anthony Losilla,FRA,Bochum,de Bundesliga,37 years,28.6,43,1.5,34.0,0.0,2.0,3.0,3.0,1.0,2,0.07,2.0,0.0,0.0,0.0,0.0,0.0,Midfielder,
Jordan Lotomba,SUI,Nice,fr Ligue 1,24 years,20.0,27,1.35,19.0,3.0,1.0,2.0,2.0,0.0,1,0.05,1.0,0.0,0.0,0.0,0.0,0.0,Defender,
Tom Louchet,FRA,Nice,fr Ligue 1,20 years,4.5,14,3.1,6.0,5.0,0.0,1.0,2.0,0.0,2,0.44,1.0,0.0,0.0,0.0,1.0,0.0,Midfielder,Defender
Imran Louza,MAR,Lorient,fr Ligue 1,24 years,9.6,46,4.8,25.0,16.0,1.0,3.0,1.0,0.0,3,0.31,2.0,1.0,0.0,0.0,0.0,0.0,Midfielder,
Matteo Lovato,ITA,Torino,it Serie A,23 years,6.0,1,0.17,1.0,0.0,0.0,0.0,0.0,0.0,0,0.0,0.0,0.0,0.0,0.0,0.0,0.0,Defender,
Matteo Lovato,ITA,Salernitana,it Serie A,23 years,10.5,10,0.95,10.0,0.0,0.0,0.0,0.0,0.0,0,0.0,0.0,0.0,0.0,0.0,0.0,0.0,Defender,
Dejan Lovren,CRO,Lyon,fr Ligue 1,34 years,8.0,4,0.5,3.0,0.0,0.0,1.0,0.0,0.0,0,0.0,0.0,0.0,0.0,0.0,0.0,0.0,Defender,
Sandi Lovrić,SVN,Udinese,it Serie A,25 years,22.1,78,3.53,48.0,21.0,3.0,6.0,0.0,0.0,7,0.32,4.0,1.0,1.0,1.0,0.0,0.0,Midfielder,
Max Lowe,ENG,Sheffield Utd,eng Premier League,26 years,5.6,8,1.43,7.0,0.0,0.0,1.0,0.0,0.0,1,0.18,1.0,0.0,0.0,0.0,0.0,0.0,Defender,Midfielder
Anthony Lozano,HON,Getafe,es La Liga,30 years,1.0,2,1.94,2.0,0.0,0.0,0.0,0.0,0.0,0,0.0,0.0,0.0,0.0,0.0,0.0,0.0,Midfielder,Forward
Anthony Lozano,HON,Almería,es La Liga,30 years,8.6,19,2.22,12.0,1.0,1.0,0.0,5.0,0.0,1,0.12,0.0,0.0,0.0,0.0,1.0,0.0,Forward,
Lucas,BRA,Cádiz,es La Liga,22 years,17.1,41,2.4,31.0,8.0,0.0,1.0,0.0,1.0,1,0.06,0.0,0.0,0.0,0.0,0.0,1.0,Defender,
Lorenzo Lucca,ITA,Udinese,it Serie A,22 years,28.8,46,1.6,29.0,0.0,1.0,9.0,6.0,1.0,4,0.14,3.0,0.0,0.0,1.0,0.0,0.0,Forward,
Jhon Lucumí,COL,Bologna,it Serie A,25 years,24.6,20,0.81,17.0,0.0,1.0,2.0,0.0,0.0,1,0.04,0.0,0.0,0.0,1.0,0.0,0.0,Defender,
José Luis Gayà,ESP,Valencia,es La Liga,28 years,19.9,45,2.26,40.0,2.0,1.0,0.0,0.0,2.0,7,0.35,7.0,0.0,0.0,0.0,0.0,0.0,Defender,
José Luis Morales,ESP,Villarreal,es La Liga,36 years,11.6,24,2.06,15.0,0.0,3.0,5.0,1.0,0.0,3,0.26,3.0,0.0,0.0,0.0,0.0,0.0,Forward,Midfielder
José Luis Palomino,ARG,Atalanta,it Serie A,33 years,0.3,0,0.0,0.0,0.0,0.0,0.0,0.0,0.0,0,0.0,0.0,0.0,0.0,0.0,0.0,0.0,Defender,
Douglas Luiz,BRA,Aston Villa,eng Premier League,25 years,33.3,117,3.52,61.0,34.0,6.0,10.0,5.0,1.0,10,0.3,5.0,4.0,0.0,0.0,1.0,0.0,Midfielder,
Romelu Lukaku,BEL,Roma,it Serie A,30 years,29.3,67,2.28,56.0,0.0,3.0,6.0,1.0,1.0,9,0.31,8.0,0.0,1.0,0.0,0.0,0.0,Forward,
Castello Lukeba,FRA,RB Leipzig,de Bundesliga,20 years,24.3,12,0.49,12.0,0.0,0.0,0.0,0.0,0.0,1,0.04,1.0,0.0,0.0,0.0,0.0,0.0,Defender,
Dodi Lukebakio,BEL,Sevilla,es La Liga,25 years,12.5,48,3.84,32.0,2.0,8.0,1.0,5.0,0.0,6,0.48,5.0,0.0,1.0,0.0,0.0,0.0,Forward,Midfielder
Saša Lukić,SRB,Fulham,eng Premier League,26 years,12.5,27,2.17,19.0,0.0,1.0,6.0,0.0,1.0,0,0.0,0.0,0.0,0.0,0.0,0.0,0.0,Midfielder,
Karlo Lulić,CRO,Frosinone,it Serie A,27 years,0.2,1,4.74,1.0,0.0,0.0,0.0,0.0,0.0,0,0.0,0.0,0.0,0.0,0.0,0.0,0.0,Midfielder,
Andriy Lunin,UKR,Real Madrid,es La Liga,24 years,21.0,2,0.1,2.0,0.0,0.0,0.0,0.0,0.0,1,0.05,1.0,0.0,0.0,0.0,0.0,0.0,Goalkeeper,
Sebastiano Luperto,ITA,Empoli,it Serie A,26 years,37.8,29,0.77,21.0,2.0,0.0,4.0,1.0,1.0,1,0.03,1.0,0.0,0.0,0.0,0.0,0.0,Defender,
Mateus Lusuardi,BRA,Frosinone,it Serie A,19 years,2.4,0,0.0,0.0,0.0,0.0,0.0,0.0,0.0,0,0.0,0.0,0.0,0.0,0.0,0.0,0.0,Defender,
Andreas Luthe,GER,Bochum,de Bundesliga,36 years,1.0,1,1.0,0.0,1.0,0.0,0.0,0.0,0.0,0,0.0,0.0,0.0,0.0,0.0,0.0,0.0,Goalkeeper,
Zito Luvumbo,ANG,Cagliari,it Serie A,21 years,21.6,65,3.01,39.0,1.0,10.0,4.0,11.0,0.0,7,0.32,6.0,0.0,0.0,0.0,1.0,0.0,Forward,Midfielder
Charalambos Lykogiannis,GRE,Bologna,it Serie A,29 years,10.0,19,1.89,13.0,4.0,1.0,1.0,0.0,0.0,3,0.3,2.0,0.0,1.0,0.0,0.0,0.0,Defender,
Senne Lynen,BEL,Werder Bremen,de Bundesliga,24 years,20.0,27,1.35,25.0,0.0,0.0,0.0,0.0,2.0,5,0.25,5.0,0.0,0.0,0.0,0.0,0.0,Midfielder,
Joshua M'Bahia,CIV,Clermont Foot,fr Ligue 1,18 years,0.2,3,19.29,3.0,0.0,0.0,0.0,0.0,0.0,0,0.0,0.0,0.0,0.0,0.0,0.0,0.0,Midfielder,
Othmane Maamma,MAR,Montpellier,fr Ligue 1,17 years,1.0,7,7.16,3.0,0.0,3.0,0.0,1.0,0.0,0,0.0,0.0,0.0,0.0,0.0,0.0,0.0,Forward,
Ian Maatsen,NED,Chelsea,eng Premier League,21 years,2.3,5,2.15,3.0,1.0,0.0,1.0,0.0,0.0,0,0.0,0.0,0.0,0.0,0.0,0.0,0.0,Forward,Midfielder
Ian Maatsen,NED,Dortmund,de Bundesliga,21 years,14.0,27,1.92,26.0,0.0,0.0,0.0,0.0,1.0,5,0.36,4.0,0.0,0.0,0.0,0.0,1.0,Defender,
Alexis Mac Allister,ARG,Liverpool,eng Premier League,24 years,28.9,108,3.74,92.0,5.0,3.0,1.0,5.0,2.0,12,0.42,10.0,1.0,1.0,0.0,0.0,0.0,Midfielder,
Deiver Machado,COL,Lens,fr Ligue 1,29 years,12.5,24,1.92,18.0,0.0,1.0,2.0,3.0,0.0,0,0.0,0.0,0.0,0.0,0.0,0.0,0.0,Defender,
Darwin Machís,VEN,Cádiz,es La Liga,30 years,8.7,21,2.4,12.0,7.0,0.0,1.0,1.0,0.0,1,0.11,1.0,0.0,0.0,0.0,0.0,0.0,Midfielder,
James Maddison,ENG,Tottenham,eng Premier League,26 years,23.7,161,6.79,110.0,22.0,10.0,6.0,10.0,3.0,19,0.8,13.0,1.0,2.0,1.0,1.0,1.0,Midfielder,
Noni Madueke,ENG,Chelsea,eng Premier League,21 years,11.7,51,4.35,34.0,1.0,8.0,2.0,6.0,0.0,8,0.68,4.0,0.0,1.0,0.0,3.0,0.0,Forward,
Pablo Maffeo,ESP,Mallorca,es La Liga,26 years,16.2,37,2.21,18.0,4.0,6.0,2.0,6.0,1.0,5,0.3,3.0,0.0,0.0,1.0,1.0,0.0,Defender,
Gabriel Magalhães,BRA,Arsenal,eng Premier League,25 years,33.8,23,0.68,20.0,1.0,0.0,1.0,0.0,1.0,3,0.09,3.0,0.0,0.0,0.0,0.0,0.0,Defender,
Soungoutou Magassa,FRA,Monaco,fr Ligue 1,19 years,15.0,13,0.87,11.0,0.0,0.0,1.0,0.0,1.0,1,0.07,1.0,0.0,0.0,0.0,0.0,0.0,Defender,Midfielder
Giulio Maggiore,ITA,Salernitana,it Serie A,25 years,20.0,32,1.6,22.0,0.0,1.0,6.0,2.0,1.0,3,0.15,3.0,0.0,0.0,0.0,0.0,0.0,Midfielder,
Matej Maglica,CRO,Darmstadt 98,de Bundesliga,24 years,18.9,21,1.11,18.0,1.0,0.0,1.0,0.0,1.0,0,0.0,0.0,0.0,0.0,0.0,0.0,0.0,Defender,
Giangiacomo Magnani,ITA,Hellas Verona,it Serie A,27 years,27.2,22,0.81,19.0,0.0,1.0,0.0,1.0,1.0,6,0.22,5.0,0.0,0.0,0.0,0.0,1.0,Defender,
Hugo Magnetti,FRA,Brest,fr Ligue 1,25 years,26.0,60,2.31,47.0,0.0,5.0,6.0,1.0,1.0,5,0.19,2.0,0.0,1.0,2.0,0.0,0.0,Midfielder,
Yohann Magnin,FRA,Clermont Foot,fr Ligue 1,26 years,18.7,28,1.5,23.0,2.0,0.0,1.0,1.0,1.0,2,0.11,1.0,0.0,0.0,1.0,0.0,0.0,Midfielder,
Frank Magri,CMR,Toulouse,fr Ligue 1,23 years,16.0,32,2.0,21.0,1.0,4.0,2.0,4.0,0.0,3,0.19,2.0,0.0,0.0,1.0,0.0,0.0,Forward,Midfielder
Harry Maguire,ENG,Manchester Utd,eng Premier League,30 years,18.4,24,1.31,19.0,0.0,0.0,1.0,1.0,3.0,4,0.22,2.0,0.0,0.0,1.0,1.0,0.0,Defender,
Jon Magunazelaia,ESP,Real Sociedad,es La Liga,23 years,1.3,3,2.23,1.0,0.0,1.0,0.0,1.0,0.0,0,0.0,0.0,0.0,0.0,0.0,0.0,0.0,Forward,Midfielder
Adel Mahamoud,COM,Nantes,fr Ligue 1,20 years,0.1,0,0.0,0.0,0.0,0.0,0.0,0.0,0.0,0,0.0,0.0,0.0,0.0,0.0,0.0,0.0,Forward,
Arne Maier,GER,Augsburg,de Bundesliga,24 years,11.1,66,5.92,37.0,19.0,2.0,6.0,2.0,0.0,6,0.54,3.0,1.0,0.0,2.0,0.0,0.0,Midfielder,
Habib Maïga,CIV,Metz,fr Ligue 1,27 years,1.6,1,0.61,0.0,0.0,0.0,1.0,0.0,0.0,0,0.0,0.0,0.0,0.0,0.0,0.0,0.0,Midfielder,Forward
Mike Maignan,FRA,Milan,it Serie A,28 years,29.0,8,0.28,7.0,1.0,0.0,0.0,0.0,0.0,1,0.03,1.0,0.0,0.0,0.0,0.0,0.0,Goalkeeper,
Linton Maina,GER,Köln,de Bundesliga,24 years,21.1,58,2.75,44.0,1.0,3.0,3.0,6.0,1.0,5,0.24,4.0,0.0,0.0,0.0,1.0,0.0,Forward,Midfielder
Patrick Mainka,GER,Heidenheim,de Bundesliga,28 years,34.0,26,0.76,16.0,0.0,0.0,8.0,0.0,2.0,1,0.03,1.0,0.0,0.0,0.0,0.0,0.0,Defender,
Kobbie Mainoo,ENG,Manchester Utd,eng Premier League,18 years,21.4,40,1.87,31.0,0.0,3.0,3.0,2.0,1.0,8,0.37,3.0,0.0,2.0,2.0,1.0,0.0,Midfielder,
Ainsley Maitland-Niles,ENG,Lyon,fr Ligue 1,25 years,15.9,33,2.07,27.0,0.0,0.0,4.0,1.0,1.0,7,0.44,7.0,0.0,0.0,0.0,0.0,0.0,Defender,Midfielder
Radosław Majecki,POL,Monaco,fr Ligue 1,23 years,12.0,0,0.0,0.0,0.0,0.0,0.0,0.0,0.0,0,0.0,0.0,0.0,0.0,0.0,0.0,0.0,Goalkeeper,
Lovro Majer,CRO,Rennes,fr Ligue 1,25 years,0.2,2,10.59,2.0,0.0,0.0,0.0,0.0,0.0,0,0.0,0.0,0.0,0.0,0.0,0.0,0.0,Midfielder,
Lovro Majer,CRO,Wolfsburg,de Bundesliga,25 years,23.4,84,3.59,64.0,10.0,2.0,4.0,4.0,0.0,11,0.47,8.0,0.0,1.0,1.0,1.0,0.0,Midfielder,Forward
Jean-Victor Makengo,FRA,Lorient,fr Ligue 1,25 years,5.3,4,0.75,3.0,0.0,1.0,0.0,0.0,0.0,0,0.0,0.0,0.0,0.0,0.0,0.0,0.0,Midfielder,Forward
Jordy Makengo,FRA,Freiburg,de Bundesliga,21 years,11.4,17,1.49,16.0,1.0,0.0,0.0,0.0,0.0,1,0.09,1.0,0.0,0.0,0.0,0.0,0.0,Defender,
Antoine Makoumbou,CGO,Cagliari,it Serie A,25 years,30.0,51,1.7,42.0,2.0,4.0,1.0,1.0,1.0,2,0.07,1.0,0.0,0.0,0.0,0.0,1.0,Midfielder,
Nemanja Maksimović,SRB,Getafe,es La Liga,28 years,36.3,46,1.27,35.0,0.0,0.0,6.0,2.0,3.0,5,0.14,3.0,0.0,0.0,2.0,0.0,0.0,Midfielder,
Julián Malatini,ARG,Werder Bremen,de Bundesliga,22 years,6.7,6,0.9,5.0,0.0,1.0,0.0,0.0,0.0,1,0.15,0.0,0.0,1.0,0.0,0.0,0.0,Defender,
Daniel Maldini,ITA,Monza,it Serie A,21 years,3.7,19,5.14,13.0,2.0,4.0,0.0,0.0,0.0,2,0.54,2.0,0.0,0.0,0.0,0.0,0.0,Midfielder,Forward
Daniel Maldini,ITA,Empoli,it Serie A,21 years,2.9,7,2.4,3.0,1.0,2.0,0.0,1.0,0.0,0,0.0,0.0,0.0,0.0,0.0,0.0,0.0,Forward,Midfielder
Youssef Maleh,MAR,Empoli,it Serie A,24 years,28.9,62,2.14,51.0,5.0,2.0,3.0,0.0,1.0,2,0.07,2.0,0.0,0.0,0.0,0.0,0.0,Midfielder,
Donyell Malen,NED,Dortmund,de Bundesliga,24 years,19.8,74,3.74,49.0,0.0,7.0,13.0,4.0,1.0,14,0.71,6.0,0.0,2.0,3.0,2.0,1.0,Forward,Midfielder
Ruslan Malinovskyi,UKR,Genoa,it Serie A,30 years,17.2,34,1.98,23.0,3.0,1.0,4.0,3.0,0.0,2,0.12,2.0,0.0,0.0,0.0,0.0,0.0,Midfielder,
Lennard Maloney,USA,Heidenheim,de Bundesliga,23 years,25.4,20,0.79,16.0,0.0,0.0,3.0,0.0,1.0,2,0.08,2.0,0.0,0.0,0.0,0.0,0.0,Midfielder,
Aaron Malouda,FRA,Lille,fr Ligue 1,17 years,0.0,0,0.0,0.0,0.0,0.0,0.0,0.0,0.0,0,0.0,0.0,0.0,0.0,0.0,0.0,0.0,Forward,
Giorgi Mamardashvili,GEO,Valencia,es La Liga,22 years,36.5,7,0.19,2.0,5.0,0.0,0.0,0.0,0.0,1,0.03,0.0,1.0,0.0,0.0,0.0,0.0,Goalkeeper,
David Mamutovic,GER,Mainz 05,de Bundesliga,22 years,0.1,1,8.18,0.0,0.0,0.0,0.0,1.0,0.0,0,0.0,0.0,0.0,0.0,0.0,0.0,0.0,Forward,Defender
Wilson Manafá,POR,Granada,es La Liga,29 years,2.7,1,0.37,1.0,0.0,0.0,0.0,0.0,0.0,0,0.0,0.0,0.0,0.0,0.0,0.0,0.0,Defender,Midfielder
Hianga Mananga Mbock,FRA,Brest,fr Ligue 1,23 years,0.1,1,10.0,1.0,0.0,0.0,0.0,0.0,0.0,0,0.0,0.0,0.0,0.0,0.0,0.0,0.0,Midfielder,Forward
Gianluca Mancini,ITA,Roma,it Serie A,27 years,31.9,28,0.88,23.0,0.0,1.0,2.0,1.0,1.0,1,0.03,1.0,0.0,0.0,0.0,0.0,0.0,Defender,
Marco Mancosu,ITA,Cagliari,it Serie A,34 years,1.7,7,4.04,4.0,0.0,1.0,1.0,1.0,0.0,0,0.0,0.0,0.0,0.0,0.0,0.0,0.0,Midfielder,Forward
Steve Mandanda,FRA,Rennes,fr Ligue 1,38 years,34.0,3,0.09,1.0,2.0,0.0,0.0,0.0,0.0,0,0.0,0.0,0.0,0.0,0.0,0.0,0.0,Goalkeeper,
Christos Mandas,GRE,Lazio,it Serie A,21 years,8.0,1,0.12,0.0,1.0,0.0,0.0,0.0,0.0,0,0.0,0.0,0.0,0.0,0.0,0.0,0.0,Goalkeeper,
Reinildo Mandava,MOZ,Atlético Madrid,es La Liga,29 years,8.1,12,1.48,8.0,1.0,3.0,0.0,0.0,0.0,2,0.25,1.0,0.0,1.0,0.0,0.0,0.0,Defender,
Aïssa Mandi,ALG,Villarreal,es La Liga,31 years,12.4,15,1.21,15.0,0.0,0.0,0.0,0.0,0.0,0,0.0,0.0,0.0,0.0,0.0,0.0,0.0,Defender,
Rolando Mandragora,ITA,Fiorentina,it Serie A,26 years,17.6,35,1.98,23.0,6.0,3.0,3.0,0.0,0.0,8,0.45,5.0,1.0,1.0,1.0,0.0,0.0,Midfielder,
Orel Mangala,BEL,Nottingham Forest,eng Premier League,25 years,17.4,20,1.15,17.0,0.0,0.0,0.0,1.0,2.0,2,0.12,1.0,0.0,0.0,0.0,0.0,1.0,Midfielder,
Orel Mangala,BEL,Lyon,fr Ligue 1,25 years,4.4,13,2.95,11.0,0.0,1.0,0.0,1.0,0.0,1,0.23,1.0,0.0,0.0,0.0,0.0,0.0,Midfielder,
Vito Mannone,ITA,Lille,fr Ligue 1,35 years,1.0,0,0.0,0.0,0.0,0.0,0.0,0.0,0.0,0,0.0,0.0,0.0,0.0,0.0,0.0,0.0,Goalkeeper,
Kostas Manolas,GRE,Salernitana,it Serie A,32 years,5.4,4,0.74,2.0,0.0,0.0,1.0,0.0,1.0,0,0.0,0.0,0.0,0.0,0.0,0.0,0.0,Defender,
Javier Manquillo,ESP,Celta Vigo,es La Liga,29 years,8.3,7,0.85,6.0,1.0,0.0,0.0,0.0,0.0,1,0.12,1.0,0.0,0.0,0.0,0.0,0.0,Defender,Midfielder
Braydon Manu,GHA,Darmstadt 98,de Bundesliga,26 years,1.9,7,3.68,5.0,0.0,2.0,0.0,0.0,0.0,0,0.0,0.0,0.0,0.0,0.0,0.0,0.0,Midfielder,
Benson Manuel,ANG,Burnley,eng Premier League,26 years,1.3,6,4.7,3.0,0.0,2.0,0.0,1.0,0.0,0,0.0,0.0,0.0,0.0,0.0,0.0,0.0,Midfielder,Forward
Faitout Maouassa,FRA,Granada,es La Liga,25 years,2.5,6,2.19,3.0,2.0,1.0,0.0,0.0,0.0,1,0.36,1.0,0.0,0.0,0.0,0.0,0.0,Defender,Midfielder
Faitout Maouassa,FRA,Lens,fr Ligue 1,25 years,0.8,4,4.68,2.0,1.0,1.0,0.0,0.0,0.0,0,0.0,0.0,0.0,0.0,0.0,0.0,0.0,Midfielder,Defender
Marcão,BRA,Sevilla,es La Liga,27 years,3.9,4,1.01,4.0,0.0,0.0,0.0,0.0,0.0,1,0.25,1.0,0.0,0.0,0.0,0.0,0.0,Defender,
Solly March,ENG,Brighton,eng Premier League,29 years,6.2,22,3.57,8.0,8.0,2.0,1.0,2.0,1.0,2,0.32,0.0,1.0,0.0,0.0,1.0,0.0,Forward,Defender
Riccardo Marchizza,ITA,Frosinone,it Serie A,25 years,12.8,14,1.1,11.0,1.0,0.0,0.0,1.0,1.0,4,0.31,3.0,0.0,0.0,0.0,0.0,1.0,Defender,
Gian Marco Ferrari,ITA,Sassuolo,it Serie A,31 years,25.2,35,1.39,32.0,1.0,0.0,1.0,0.0,1.0,1,0.04,1.0,0.0,0.0,0.0,0.0,0.0,Defender,
Óscar de Marcos,ESP,Athletic Club,es La Liga,34 years,25.1,46,1.83,40.0,5.0,0.0,0.0,1.0,0.0,7,0.28,7.0,0.0,0.0,0.0,0.0,0.0,Defender,
Alberto Marí,ESP,Valencia,es La Liga,22 years,3.1,8,2.62,6.0,0.0,0.0,1.0,1.0,0.0,3,0.98,1.0,0.0,0.0,1.0,1.0,0.0,Forward,
José Mari,ESP,Cádiz,es La Liga,35 years,0.2,4,25.71,4.0,0.0,0.0,0.0,0.0,0.0,0,0.0,0.0,0.0,0.0,0.0,0.0,0.0,Midfielder,Forward
Pablo Marí,ESP,Monza,it Serie A,29 years,29.1,22,0.76,18.0,1.0,0.0,1.0,1.0,1.0,1,0.03,1.0,0.0,0.0,0.0,0.0,0.0,Defender,
José María Giménez,URU,Atlético Madrid,es La Liga,28 years,14.7,5,0.34,4.0,0.0,0.0,0.0,0.0,1.0,1,0.07,1.0,0.0,0.0,0.0,0.0,0.0,Defender,
Mariano,DOM,Sevilla,es La Liga,29 years,2.7,9,3.32,4.0,0.0,1.0,3.0,1.0,0.0,1,0.37,0.0,0.0,0.0,0.0,1.0,0.0,Forward,Midfielder
Mirko Marić,CRO,Monza,it Serie A,28 years,3.2,7,2.2,6.0,0.0,0.0,1.0,0.0,0.0,0,0.0,0.0,0.0,0.0,0.0,0.0,0.0,Forward,
Rafa Marín,ESP,Alavés,es La Liga,21 years,27.1,18,0.66,16.0,1.0,0.0,1.0,0.0,0.0,0,0.0,0.0,0.0,0.0,0.0,0.0,0.0,Defender,
Răzvan Marin,ROU,Empoli,it Serie A,27 years,20.2,68,3.37,39.0,22.0,1.0,4.0,1.0,1.0,6,0.3,4.0,2.0,0.0,0.0,0.0,0.0,Midfielder,
Diego Mariño,ESP,Almería,es La Liga,33 years,1.0,0,0.0,0.0,0.0,0.0,0.0,0.0,0.0,0,0.0,0.0,0.0,0.0,0.0,0.0,0.0,Goalkeeper,
Guillermo Maripán,CHI,Monaco,fr Ligue 1,29 years,19.6,9,0.46,7.0,0.0,0.0,2.0,0.0,0.0,0,0.0,0.0,0.0,0.0,0.0,0.0,0.0,Defender,
Mika Mármol,ESP,Las Palmas,es La Liga,22 years,35.3,20,0.57,17.0,0.0,0.0,0.0,1.0,2.0,1,0.03,1.0,0.0,0.0,0.0,0.0,0.0,Defender,
Omar Marmoush,EGY,Eintracht Frankfurt,de Bundesliga,24 years,25.6,75,2.93,40.0,5.0,10.0,6.0,12.0,2.0,12,0.47,5.0,1.0,2.0,2.0,2.0,0.0,Forward,Midfielder
Marquinhos,BRA,Nantes,fr Ligue 1,20 years,1.7,9,5.26,8.0,0.0,0.0,0.0,1.0,0.0,1,0.58,0.0,0.0,0.0,0.0,1.0,0.0,Forward,Midfielder
Marquinhos,BRA,Paris S-G,fr Ligue 1,29 years,17.1,13,0.76,13.0,0.0,0.0,0.0,0.0,0.0,2,0.12,2.0,0.0,0.0,0.0,0.0,0.0,Defender,
Unai Marrero,ESP,Real Sociedad,es La Liga,21 years,1.6,1,0.63,0.0,1.0,0.0,0.0,0.0,0.0,0,0.0,0.0,0.0,0.0,0.0,0.0,0.0,Goalkeeper,
Agustín Martegani,ARG,Salernitana,it Serie A,23 years,8.1,19,2.34,16.0,1.0,0.0,0.0,1.0,1.0,2,0.25,2.0,0.0,0.0,0.0,0.0,0.0,Midfielder,
Eric Martel,GER,Köln,de Bundesliga,21 years,27.3,43,1.58,34.0,1.0,0.0,4.0,4.0,0.0,3,0.11,1.0,0.0,0.0,1.0,1.0,0.0,Midfielder,
Roger Martí,ESP,Cádiz,es La Liga,32 years,15.1,31,2.05,20.0,0.0,0.0,5.0,4.0,2.0,4,0.26,3.0,0.0,0.0,1.0,0.0,0.0,Forward,
Anthony Martial,FRA,Manchester Utd,eng Premier League,27 years,5.0,11,2.21,9.0,0.0,0.0,1.0,1.0,0.0,1,0.2,0.0,0.0,0.0,0.0,1.0,0.0,Forward,
Aarón Martín,ESP,Genoa,it Serie A,26 years,15.3,33,2.16,20.0,12.0,1.0,0.0,0.0,0.0,2,0.13,2.0,0.0,0.0,0.0,0.0,0.0,Defender,
Iván Martín,ESP,Girona,es La Liga,24 years,30.3,71,2.34,60.0,0.0,3.0,2.0,3.0,3.0,13,0.43,9.0,0.0,2.0,2.0,0.0,0.0,Midfielder,
Jon Martin,ESP,Real Sociedad,es La Liga,17 years,0.3,0,0.0,0.0,0.0,0.0,0.0,0.0,0.0,0,0.0,0.0,0.0,0.0,0.0,0.0,0.0,Defender,
Jonas Martin,FRA,Brest,fr Ligue 1,33 years,13.4,25,1.86,23.0,0.0,1.0,0.0,0.0,1.0,1,0.07,1.0,0.0,0.0,0.0,0.0,0.0,Midfielder,
Mario Martín,ESP,Real Madrid,es La Liga,19 years,0.2,0,0.0,0.0,0.0,0.0,0.0,0.0,0.0,0,0.0,0.0,0.0,0.0,0.0,0.0,0.0,Midfielder,
Gabriel Martinelli,BRA,Arsenal,eng Premier League,22 years,22.4,92,4.1,63.0,6.0,12.0,8.0,1.0,2.0,11,0.49,7.0,1.0,1.0,2.0,0.0,0.0,Forward,
Tommaso Martinelli,ITA,Fiorentina,it Serie A,17 years,1.0,0,0.0,0.0,0.0,0.0,0.0,0.0,0.0,0,0.0,0.0,0.0,0.0,0.0,0.0,0.0,Goalkeeper,
Arnau Martinez,ESP,Girona,es La Liga,20 years,13.8,24,1.74,23.0,1.0,0.0,0.0,0.0,0.0,2,0.15,2.0,0.0,0.0,0.0,0.0,0.0,Defender,
Emiliano Martínez,ARG,Aston Villa,eng Premier League,30 years,33.5,3,0.09,3.0,0.0,0.0,0.0,0.0,0.0,1,0.03,1.0,0.0,0.0,0.0,0.0,0.0,Goalkeeper,
Iñigo Martínez,ESP,Barcelona,es La Liga,32 years,14.4,14,0.97,13.0,0.0,0.0,1.0,0.0,0.0,3,0.21,3.0,0.0,0.0,0.0,0.0,0.0,Defender,
Josep Martinez,ESP,Genoa,it Serie A,25 years,36.0,3,0.08,3.0,0.0,0.0,0.0,0.0,0.0,0,0.0,0.0,0.0,0.0,0.0,0.0,0.0,Goalkeeper,
Lautaro Martínez,ARG,Inter,it Serie A,25 years,29.5,102,3.46,71.0,0.0,4.0,16.0,7.0,4.0,16,0.54,7.0,0.0,1.0,3.0,2.0,3.0,Forward,
Lisandro Martínez,ARG,Manchester Utd,eng Premier League,25 years,7.2,7,0.98,6.0,0.0,0.0,0.0,0.0,1.0,1,0.14,1.0,0.0,0.0,0.0,0.0,0.0,Defender,
Marc Martínez,ESP,Granada,es La Liga,33 years,3.0,0,0.0,0.0,0.0,0.0,0.0,0.0,0.0,0,0.0,0.0,0.0,0.0,0.0,0.0,0.0,Goalkeeper,
Lucas Martínez Quarta,ARG,Fiorentina,it Serie A,27 years,25.5,39,1.53,31.0,3.0,0.0,4.0,1.0,0.0,5,0.2,4.0,0.0,0.0,1.0,0.0,0.0,Defender,
Adam Marušić,MNE,Lazio,it Serie A,30 years,34.4,34,0.99,29.0,1.0,2.0,1.0,1.0,0.0,2,0.06,2.0,0.0,0.0,0.0,0.0,0.0,Defender,
Marvin,ESP,Las Palmas,es La Liga,23 years,20.6,32,1.55,27.0,0.0,3.0,1.0,1.0,0.0,6,0.29,5.0,0.0,1.0,0.0,0.0,0.0,Forward,Defender
Omar Mascarell,EQG,Mallorca,es La Liga,30 years,17.5,16,0.92,15.0,0.0,0.0,1.0,0.0,0.0,1,0.06,0.0,0.0,0.0,1.0,0.0,0.0,Midfielder,
Adam Masina,MAR,Udinese,it Serie A,29 years,0.7,2,2.86,1.0,0.0,0.0,1.0,0.0,0.0,0,0.0,0.0,0.0,0.0,0.0,0.0,0.0,Defender,
Adam Masina,MAR,Torino,it Serie A,29 years,11.4,10,0.88,8.0,0.0,0.0,0.0,0.0,2.0,0,0.0,0.0,0.0,0.0,0.0,0.0,0.0,Defender,
Erhan Mašović,SRB,Bochum,de Bundesliga,24 years,24.7,17,0.69,12.0,0.0,0.0,4.0,1.0,0.0,1,0.04,1.0,0.0,0.0,0.0,0.0,0.0,Defender,Midfielder
Han-Noah Massengo,FRA,Burnley,eng Premier League,22 years,0.2,0,0.0,0.0,0.0,0.0,0.0,0.0,0.0,0,0.0,0.0,0.0,0.0,0.0,0.0,0.0,Midfielder,Defender
Roberto Massimo,GER,Stuttgart,de Bundesliga,22 years,0.9,1,1.07,1.0,0.0,0.0,0.0,0.0,0.0,0,0.0,0.0,0.0,0.0,0.0,0.0,0.0,Forward,Defender
Clinton Mata,ANG,Lyon,fr Ligue 1,30 years,24.7,31,1.26,26.0,0.0,1.0,2.0,2.0,0.0,4,0.16,3.0,0.0,0.0,1.0,0.0,0.0,Defender,
Jaime Mata,ESP,Getafe,es La Liga,34 years,19.9,42,2.12,34.0,1.0,2.0,5.0,0.0,0.0,5,0.25,3.0,0.0,0.0,2.0,0.0,0.0,Forward,Midfielder
Pape Matar Sarr,SEN,Tottenham,eng Premier League,20 years,23.0,52,2.26,43.0,0.0,0.0,3.0,2.0,4.0,7,0.3,6.0,0.0,0.0,1.0,0.0,0.0,Midfielder,
Eliot Matazo,BEL,Monaco,fr Ligue 1,21 years,1.1,2,1.78,2.0,0.0,0.0,0.0,0.0,0.0,1,0.89,1.0,0.0,0.0,0.0,0.0,0.0,Midfielder,
Jean-Philippe Mateta,FRA,Crystal Palace,eng Premier League,26 years,25.4,65,2.56,48.0,0.0,5.0,6.0,4.0,2.0,12,0.47,8.0,0.0,1.0,1.0,2.0,0.0,Forward,
Nemanja Matić,SRB,Rennes,fr Ligue 1,34 years,11.4,29,2.54,23.0,1.0,1.0,1.0,2.0,1.0,2,0.18,1.0,0.0,0.0,0.0,1.0,0.0,Midfielder,
Nemanja Matić,SRB,Lyon,fr Ligue 1,34 years,13.9,23,1.65,21.0,0.0,2.0,0.0,0.0,0.0,3,0.22,3.0,0.0,0.0,0.0,0.0,0.0,Midfielder,
Joël Matip,CMR,Liverpool,eng Premier League,31 years,8.7,8,0.92,8.0,0.0,0.0,0.0,0.0,0.0,1,0.12,1.0,0.0,0.0,0.0,0.0,0.0,Defender,
Alex Matos,ENG,Chelsea,eng Premier League,18 years,0.0,0,0.0,0.0,0.0,0.0,0.0,0.0,0.0,0,0.0,0.0,0.0,0.0,0.0,0.0,0.0,Midfielder,
Chrislain Matsima,FRA,Clermont Foot,fr Ligue 1,21 years,13.1,6,0.46,5.0,0.0,0.0,1.0,0.0,0.0,0,0.0,0.0,0.0,0.0,0.0,0.0,0.0,Defender,
Chrislain Matsima,FRA,Monaco,fr Ligue 1,21 years,3.3,7,2.11,7.0,0.0,0.0,0.0,0.0,0.0,1,0.3,1.0,0.0,0.0,0.0,0.0,0.0,Defender,
Jean Mattéo Bahoya,FRA,Eintracht Frankfurt,de Bundesliga,18 years,2.0,6,3.03,5.0,0.0,0.0,0.0,1.0,0.0,0,0.0,0.0,0.0,0.0,0.0,0.0,0.0,Midfielder,Forward
Remi Matthews,ENG,Crystal Palace,eng Premier League,29 years,0.0,0,0.0,0.0,0.0,0.0,0.0,0.0,0.0,0,0.0,0.0,0.0,0.0,0.0,0.0,0.0,Goalkeeper,
Alan Matturro,URU,Genoa,it Serie A,18 years,1.2,2,1.7,2.0,0.0,0.0,0.0,0.0,0.0,0,0.0,0.0,0.0,0.0,0.0,0.0,0.0,Defender,
Azor Matusiwa,NED,Reims,fr Ligue 1,25 years,15.4,32,2.08,26.0,0.0,1.0,2.0,2.0,1.0,6,0.39,4.0,0.0,1.0,0.0,1.0,0.0,Midfielder,
Azor Matusiwa,NED,Rennes,fr Ligue 1,25 years,8.8,17,1.93,17.0,0.0,0.0,0.0,0.0,0.0,3,0.34,3.0,0.0,0.0,0.0,0.0,0.0,Midfielder,
Neal Maupay,FRA,Brentford,eng Premier League,26 years,14.7,40,2.72,31.0,0.0,2.0,6.0,0.0,1.0,5,0.34,5.0,0.0,0.0,0.0,0.0,0.0,Forward,
Neal Maupay,FRA,Everton,eng Premier League,26 years,1.2,3,2.41,3.0,0.0,0.0,0.0,0.0,0.0,0,0.0,0.0,0.0,0.0,0.0,0.0,0.0,Forward,
Aïman Maurer,MAR,Clermont Foot,fr Ligue 1,18 years,0.6,1,1.61,1.0,0.0,0.0,0.0,0.0,0.0,0,0.0,0.0,0.0,0.0,0.0,0.0,0.0,Midfielder,Forward
Konstantinos Mavropanos,GRE,West Ham,eng Premier League,25 years,16.7,10,0.6,7.0,0.0,0.0,1.0,0.0,2.0,0,0.0,0.0,0.0,0.0,0.0,0.0,0.0,Defender,
Christian Mawissa,FRA,Toulouse,fr Ligue 1,18 years,12.4,15,1.21,12.0,0.0,1.0,1.0,0.0,1.0,1,0.08,1.0,0.0,0.0,0.0,0.0,0.0,Defender,
Philipp Max,GER,Eintracht Frankfurt,de Bundesliga,29 years,15.0,34,2.27,24.0,6.0,2.0,2.0,0.0,0.0,4,0.27,3.0,0.0,0.0,1.0,0.0,0.0,Defender,
Eric Maxim Choupo-Moting,CMR,Bayern Munich,de Bundesliga,34 years,8.0,34,4.26,26.0,0.0,2.0,5.0,1.0,0.0,5,0.63,3.0,0.0,0.0,2.0,0.0,0.0,Midfielder,Forward
Luís Maximiano,POR,Almería,es La Liga,24 years,33.0,4,0.12,2.0,2.0,0.0,0.0,0.0,0.0,1,0.03,0.0,1.0,0.0,0.0,0.0,0.0,Goalkeeper,
Noam Mayoka-Tika,BEL,Marseille,fr Ligue 1,19 years,0.0,0,0.0,0.0,0.0,0.0,0.0,0.0,0.0,0,0.0,0.0,0.0,0.0,0.0,0.0,0.0,Midfielder,
Borja Mayoral,ESP,Getafe,es La Liga,26 years,23.9,54,2.26,43.0,0.0,7.0,1.0,3.0,0.0,6,0.25,2.0,0.0,3.0,0.0,1.0,0.0,Forward,
Senny Mayulu,FRA,Paris S-G,fr Ligue 1,17 years,3.6,9,2.5,8.0,0.0,1.0,0.0,0.0,0.0,1,0.28,1.0,0.0,0.0,0.0,0.0,0.0,Forward,Midfielder
Youssef Maziz,FRA,Metz,fr Ligue 1,25 years,1.4,6,4.35,2.0,2.0,0.0,1.0,1.0,0.0,0,0.0,0.0,0.0,0.0,0.0,0.0,0.0,Forward,Midfielder
Noussair Mazraoui,MAR,Bayern Munich,de Bundesliga,25 years,13.3,36,2.71,30.0,1.0,2.0,1.0,0.0,2.0,7,0.53,7.0,0.0,0.0,0.0,0.0,0.0,Defender,
Luca Mazzitelli,ITA,Frosinone,it Serie A,27 years,24.6,47,1.91,30.0,8.0,6.0,1.0,2.0,0.0,3,0.12,1.0,0.0,0.0,1.0,1.0,0.0,Midfielder,
Pasquale Mazzocchi,ITA,Salernitana,it Serie A,28 years,14.1,30,2.12,26.0,1.0,0.0,2.0,1.0,0.0,2,0.14,2.0,0.0,0.0,0.0,0.0,0.0,Defender,
Pasquale Mazzocchi,ITA,Napoli,it Serie A,28 years,4.8,7,1.48,6.0,0.0,0.0,1.0,0.0,0.0,1,0.21,1.0,0.0,0.0,0.0,0.0,0.0,Defender,
Kevin Mbabu,SUI,Augsburg,de Bundesliga,28 years,22.7,57,2.51,44.0,7.0,4.0,0.0,2.0,0.0,4,0.18,3.0,1.0,0.0,0.0,0.0,0.0,Defender,
Noah Mbamba,BEL,Leverkusen,de Bundesliga,18 years,0.2,1,5.63,1.0,0.0,0.0,0.0,0.0,0.0,1,5.63,1.0,0.0,0.0,0.0,0.0,0.0,Midfielder,
Ethan Mbappé,FRA,Paris S-G,fr Ligue 1,16 years,0.5,1,1.87,1.0,0.0,0.0,0.0,0.0,0.0,1,1.87,1.0,0.0,0.0,0.0,0.0,0.0,Midfielder,Defender
Kylian Mbappé,FRA,Paris S-G,fr Ligue 1,24 years,24.0,98,4.09,69.0,0.0,20.0,3.0,6.0,0.0,20,0.83,12.0,0.0,4.0,1.0,3.0,0.0,Forward,
Malick Mbaye,SEN,Metz,fr Ligue 1,19 years,1.7,3,1.76,0.0,2.0,1.0,0.0,0.0,0.0,0,0.0,0.0,0.0,0.0,0.0,0.0,0.0,Midfielder,Forward
Mamadou Mbaye,SEN,Cádiz,es La Liga,25 years,3.2,1,0.31,1.0,0.0,0.0,0.0,0.0,0.0,0,0.0,0.0,0.0,0.0,0.0,0.0,0.0,Defender,
Chancel Mbemba,COD,Marseille,fr Ligue 1,28 years,24.5,20,0.82,17.0,0.0,1.0,2.0,0.0,0.0,2,0.08,2.0,0.0,0.0,0.0,0.0,0.0,Defender,
Nolan Mbemba,CGO,Le Havre,fr Ligue 1,28 years,0.2,1,4.09,1.0,0.0,0.0,0.0,0.0,0.0,1,4.09,1.0,0.0,0.0,0.0,0.0,0.0,Midfielder,
Bryan Mbeumo,CMR,Brentford,eng Premier League,23 years,21.8,82,3.77,45.0,23.0,2.0,5.0,7.0,0.0,10,0.46,9.0,1.0,0.0,0.0,0.0,0.0,Forward,
Christ Mbondi,FRA,Reims,fr Ligue 1,18 years,0.0,0,0.0,0.0,0.0,0.0,0.0,0.0,0.0,0,0.0,0.0,0.0,0.0,0.0,0.0,0.0,Forward,
Jordi Mboula,ESP,Hellas Verona,it Serie A,24 years,3.4,5,1.47,4.0,0.0,1.0,0.0,0.0,0.0,2,0.59,1.0,0.0,1.0,0.0,0.0,0.0,Forward,Midfielder
Nathanael Mbuku,COD,Augsburg,de Bundesliga,21 years,0.1,0,0.0,0.0,0.0,0.0,0.0,0.0,0.0,0,0.0,0.0,0.0,0.0,0.0,0.0,0.0,Forward,
James Mcatee,ENG,Sheffield Utd,eng Premier League,20 years,20.2,60,2.97,45.0,4.0,5.0,4.0,2.0,0.0,3,0.15,3.0,0.0,0.0,0.0,0.0,0.0,Midfielder,Forward
James Mcatee,ENG,Manchester City,eng Premier League,20 years,0.0,0,0.0,0.0,0.0,0.0,0.0,0.0,0.0,0,0.0,0.0,0.0,0.0,0.0,0.0,0.0,Midfielder,
Oliver McBurnie,SCO,Sheffield Utd,eng Premier League,27 years,14.2,29,2.04,24.0,0.0,0.0,2.0,3.0,0.0,7,0.49,6.0,0.0,0.0,0.0,1.0,0.0,Forward,
James McConnell,ENG,Liverpool,eng Premier League,18 years,0.0,0,0.0,0.0,0.0,0.0,0.0,0.0,0.0,0,0.0,0.0,0.0,0.0,0.0,0.0,0.0,Midfielder,
John McGinn,SCO,Aston Villa,eng Premier League,28 years,33.3,106,3.18,88.0,9.0,6.0,2.0,1.0,0.0,14,0.42,11.0,1.0,2.0,0.0,0.0,0.0,Midfielder,Forward
Scott McKenna,SCO,Nottingham Forest,eng Premier League,26 years,4.6,2,0.43,2.0,0.0,0.0,0.0,0.0,0.0,0,0.0,0.0,0.0,0.0,0.0,0.0,0.0,Defender,
Weston McKennie,USA,Juventus,it Serie A,24 years,28.8,82,2.84,64.0,9.0,2.0,2.0,3.0,2.0,9,0.31,8.0,0.0,0.0,1.0,0.0,0.0,Midfielder,Defender
Dwight McNeil,ENG,Everton,eng Premier League,23 years,32.1,130,4.05,77.0,33.0,5.0,6.0,6.0,3.0,9,0.28,3.0,4.0,0.0,1.0,1.0,0.0,Midfielder,Forward
Scott McTominay,SCO,Manchester Utd,eng Premier League,26 years,21.1,26,1.23,18.0,0.0,1.0,4.0,1.0,2.0,2,0.09,1.0,0.0,0.0,0.0,0.0,1.0,Midfielder,Forward
Facundo Medina,ARG,Lens,fr Ligue 1,24 years,30.2,63,2.09,54.0,0.0,3.0,4.0,1.0,1.0,7,0.23,6.0,0.0,0.0,1.0,0.0,0.0,Defender,
Ben Mee,ENG,Brentford,eng Premier League,33 years,14.1,14,0.99,11.0,1.0,0.0,2.0,0.0,0.0,1,0.07,0.0,0.0,0.0,1.0,0.0,0.0,Defender,
Marvin Mehlem,GER,Darmstadt 98,de Bundesliga,25 years,16.5,51,3.11,39.0,1.0,1.0,2.0,7.0,1.0,4,0.24,4.0,0.0,0.0,0.0,0.0,0.0,Midfielder,
Bamo Meïté,CIV,Marseille,fr Ligue 1,21 years,7.1,6,0.85,6.0,0.0,0.0,0.0,0.0,0.0,0,0.0,0.0,0.0,0.0,0.0,0.0,0.0,Defender,
Bamo Meïté,CIV,Lorient,fr Ligue 1,21 years,1.6,0,0.0,0.0,0.0,0.0,0.0,0.0,0.0,0,0.0,0.0,0.0,0.0,0.0,0.0,0.0,Defender,
Hannibal Mejbri,TUN,Manchester Utd,eng Premier League,20 years,1.5,6,4.06,5.0,0.0,0.0,0.0,1.0,0.0,0,0.0,0.0,0.0,0.0,0.0,0.0,0.0,Midfielder,Forward
Hannibal Mejbri,TUN,Sevilla,es La Liga,20 years,1.2,7,6.06,4.0,0.0,1.0,1.0,1.0,0.0,0,0.0,0.0,0.0,0.0,0.0,0.0,0.0,Midfielder,
Óscar Melendo,ESP,Granada,es La Liga,25 years,12.5,18,1.44,15.0,2.0,0.0,0.0,1.0,0.0,1,0.08,1.0,0.0,0.0,0.0,0.0,0.0,Midfielder,Forward
Gonzalo Melero,ESP,Almería,es La Liga,29 years,12.3,35,2.86,27.0,1.0,1.0,1.0,4.0,1.0,3,0.24,1.0,0.0,1.0,1.0,0.0,0.0,Midfielder,Forward
Birger Meling,NOR,Rennes,fr Ligue 1,28 years,0.2,1,5.29,0.0,0.0,0.0,1.0,0.0,0.0,1,5.29,0.0,0.0,0.0,1.0,0.0,0.0,Defender,
Arthur Melo,BRA,Fiorentina,it Serie A,26 years,22.1,72,3.27,59.0,6.0,2.0,0.0,2.0,3.0,11,0.5,8.0,0.0,1.0,0.0,1.0,1.0,Midfielder,
Memphis,NED,Atlético Madrid,es La Liga,29 years,9.9,37,3.73,21.0,3.0,7.0,4.0,2.0,0.0,3,0.3,2.0,0.0,0.0,0.0,1.0,0.0,Forward,
Houboulang Mendes,GNB,Almería,es La Liga,25 years,4.4,4,0.91,2.0,1.0,0.0,0.0,1.0,0.0,0,0.0,0.0,0.0,0.0,0.0,0.0,0.0,Defender,
Nuno Mendes,POR,Paris S-G,fr Ligue 1,21 years,3.0,7,2.36,6.0,0.0,1.0,0.0,0.0,0.0,2,0.67,2.0,0.0,0.0,0.0,0.0,0.0,Defender,
Tomás Mendes,ESP,Alavés,es La Liga,18 years,0.1,0,0.0,0.0,0.0,0.0,0.0,0.0,0.0,0,0.0,0.0,0.0,0.0,0.0,0.0,0.0,Midfielder,
Brais Méndez,ESP,Real Sociedad,es La Liga,26 years,26.8,101,3.77,57.0,20.0,5.0,10.0,7.0,2.0,16,0.6,10.0,0.0,3.0,1.0,2.0,0.0,Midfielder,Forward
Bruno Méndez,URU,Granada,es La Liga,23 years,14.8,13,0.88,12.0,0.0,0.0,1.0,0.0,0.0,0,0.0,0.0,0.0,0.0,0.0,0.0,0.0,Defender,
Diego Méndez,ESP,Rayo Vallecano,es La Liga,19 years,0.1,0,0.0,0.0,0.0,0.0,0.0,0.0,0.0,0,0.0,0.0,0.0,0.0,0.0,0.0,0.0,Midfielder,
Leonardo Mendicino,ITA,Atalanta,it Serie A,17 years,0.0,0,0.0,0.0,0.0,0.0,0.0,0.0,0.0,0,0.0,0.0,0.0,0.0,0.0,0.0,0.0,Midfielder,
Antoine Mendy,SEN,Nice,fr Ligue 1,19 years,4.6,7,1.51,5.0,1.0,0.0,0.0,1.0,0.0,1,0.22,0.0,1.0,0.0,0.0,0.0,0.0,Defender,
Benjamin Mendy,FRA,Lorient,fr Ligue 1,29 years,7.9,23,2.91,15.0,5.0,1.0,2.0,0.0,0.0,2,0.25,2.0,0.0,0.0,0.0,0.0,0.0,Defender,
Ferland Mendy,FRA,Real Madrid,es La Liga,28 years,19.1,31,1.62,27.0,2.0,1.0,1.0,0.0,0.0,3,0.16,3.0,0.0,0.0,0.0,0.0,0.0,Defender,
Formose Mendy,SEN,Lorient,fr Ligue 1,22 years,14.0,10,0.72,8.0,0.0,0.0,1.0,0.0,1.0,1,0.07,1.0,0.0,0.0,0.0,0.0,0.0,Defender,
Nampalys Mendy,SEN,Lens,fr Ligue 1,31 years,11.7,23,1.97,19.0,0.0,1.0,1.0,0.0,2.0,5,0.43,3.0,0.0,0.0,1.0,0.0,1.0,Midfielder,
Teden Mengi,ENG,Luton Town,eng Premier League,21 years,27.4,14,0.51,11.0,0.0,2.0,1.0,0.0,0.0,0,0.0,0.0,0.0,0.0,0.0,0.0,0.0,Defender,
Chris Mepham,WAL,Bournemouth,eng Premier League,25 years,6.9,11,1.6,8.0,1.0,0.0,0.0,0.0,2.0,2,0.29,2.0,0.0,0.0,0.0,0.0,0.0,Defender,
Jorge Meré,ESP,Cádiz,es La Liga,26 years,7.5,2,0.27,2.0,0.0,0.0,0.0,0.0,0.0,1,0.13,1.0,0.0,0.0,0.0,0.0,0.0,Defender,
Alex Meret,ITA,Napoli,it Serie A,26 years,30.8,5,0.16,5.0,0.0,0.0,0.0,0.0,0.0,0,0.0,0.0,0.0,0.0,0.0,0.0,0.0,Goalkeeper,
Mikel Merino,ESP,Real Sociedad,es La Liga,27 years,27.6,65,2.36,51.0,0.0,0.0,5.0,7.0,2.0,8,0.29,6.0,0.0,0.0,0.0,1.0,1.0,Midfielder,
Quentin Merlin,FRA,Marseille,fr Ligue 1,21 years,7.8,23,2.95,13.0,7.0,1.0,2.0,0.0,0.0,2,0.26,2.0,0.0,0.0,0.0,0.0,0.0,Defender,
Quentin Merlin,FRA,Nantes,fr Ligue 1,21 years,14.3,44,3.09,36.0,4.0,0.0,3.0,0.0,1.0,5,0.35,3.0,1.0,0.0,1.0,0.0,0.0,Defender,
Junior Messias,BRA,Genoa,it Serie A,32 years,11.7,42,3.59,26.0,4.0,2.0,4.0,6.0,0.0,5,0.43,3.0,0.0,0.0,1.0,1.0,0.0,Midfielder,Defender
Thomas Meunier,BEL,Dortmund,de Bundesliga,31 years,6.5,11,1.69,8.0,1.0,1.0,1.0,0.0,0.0,0,0.0,0.0,0.0,0.0,0.0,0.0,0.0,Defender,
Bastien Meupiyou,FRA,Nantes,fr Ligue 1,17 years,0.1,0,0.0,0.0,0.0,0.0,0.0,0.0,0.0,0,0.0,0.0,0.0,0.0,0.0,0.0,0.0,Defender,
Alexander Meyer,GER,Dortmund,de Bundesliga,32 years,7.7,1,0.13,1.0,0.0,0.0,0.0,0.0,0.0,0,0.0,0.0,0.0,0.0,0.0,0.0,0.0,Goalkeeper,
Omenuke Mfulu,COD,Las Palmas,es La Liga,29 years,0.9,2,2.25,1.0,0.0,0.0,0.0,1.0,0.0,0,0.0,0.0,0.0,0.0,0.0,0.0,0.0,Midfielder,Forward
Lucas Michal,FRA,Monaco,fr Ligue 1,18 years,0.1,0,0.0,0.0,0.0,0.0,0.0,0.0,0.0,0,0.0,0.0,0.0,0.0,0.0,0.0,0.0,Forward,
Sven Michel,GER,Augsburg,de Bundesliga,33 years,6.5,16,2.47,13.0,0.0,1.0,1.0,0.0,1.0,3,0.46,3.0,0.0,0.0,0.0,0.0,0.0,Forward,Midfielder
Miguel,ESP,Alavés,es La Liga,23 years,0.7,1,1.38,0.0,0.0,0.0,0.0,1.0,0.0,0,0.0,0.0,0.0,0.0,0.0,0.0,0.0,Forward,Midfielder
Georges Mikautadze,GEO,Metz,fr Ligue 1,22 years,19.4,58,2.99,31.0,3.0,12.0,6.0,6.0,0.0,8,0.41,4.0,0.0,4.0,0.0,0.0,0.0,Forward,
Nikola Milenković,SRB,Fiorentina,it Serie A,25 years,27.9,23,0.82,18.0,1.0,0.0,2.0,2.0,0.0,1,0.04,1.0,0.0,0.0,0.0,0.0,0.0,Defender,
Lewis Miley,ENG,Newcastle Utd,eng Premier League,17 years,13.4,31,2.32,24.0,0.0,2.0,3.0,0.0,2.0,5,0.37,4.0,0.0,0.0,0.0,0.0,1.0,Midfielder,
Arkadiusz Milik,POL,Juventus,it Serie A,29 years,10.2,37,3.62,24.0,0.0,1.0,7.0,4.0,1.0,6,0.59,2.0,0.0,0.0,3.0,0.0,1.0,Forward,
Vanja Milinković-Savić,SRB,Torino,it Serie A,26 years,36.0,5,0.14,4.0,1.0,0.0,0.0,0.0,0.0,1,0.03,1.0,0.0,0.0,0.0,0.0,0.0,Goalkeeper,
Éder Militão,BRA,Real Madrid,es La Liga,25 years,5.5,2,0.36,2.0,0.0,0.0,0.0,0.0,0.0,1,0.18,1.0,0.0,0.0,0.0,0.0,0.0,Defender,
Luis Milla,ESP,Getafe,es La Liga,28 years,23.5,76,3.23,42.0,27.0,0.0,1.0,2.0,4.0,5,0.21,2.0,3.0,0.0,0.0,0.0,0.0,Midfielder,
Enzo Millot,FRA,Stuttgart,de Bundesliga,21 years,24.9,82,3.29,63.0,1.0,8.0,5.0,4.0,1.0,11,0.44,7.0,0.0,2.0,1.0,1.0,0.0,Midfielder,Forward
James Milner,ENG,Brighton,eng Premier League,37 years,8.6,24,2.79,20.0,4.0,0.0,0.0,0.0,0.0,2,0.23,0.0,2.0,0.0,0.0,0.0,0.0,Defender,Midfielder
Jovan Milošević,SRB,Stuttgart,de Bundesliga,18 years,0.3,0,0.0,0.0,0.0,0.0,0.0,0.0,0.0,0,0.0,0.0,0.0,0.0,0.0,0.0,0.0,Forward,Midfielder
Marko Milovanović,SRB,Almería,es La Liga,19 years,3.4,5,1.46,5.0,0.0,0.0,0.0,0.0,0.0,0,0.0,0.0,0.0,0.0,0.0,0.0,0.0,Forward,Midfielder
Kim Min-jae,KOR,Bayern Munich,de Bundesliga,26 years,21.9,26,1.19,24.0,1.0,0.0,0.0,0.0,1.0,3,0.14,3.0,0.0,0.0,0.0,0.0,0.0,Defender,
Yerry Mina,COL,Fiorentina,it Serie A,28 years,0.5,1,2.05,0.0,0.0,0.0,1.0,0.0,0.0,0,0.0,0.0,0.0,0.0,0.0,0.0,0.0,Defender,Midfielder
Yerry Mina,COL,Cagliari,it Serie A,28 years,13.5,6,0.44,5.0,0.0,0.0,0.0,1.0,0.0,2,0.15,2.0,0.0,0.0,0.0,0.0,0.0,Defender,
Takumi Minamino,JPN,Monaco,fr Ligue 1,28 years,23.5,74,3.15,56.0,3.0,2.0,5.0,6.0,2.0,12,0.51,10.0,0.0,0.0,1.0,1.0,0.0,Midfielder,
Lucas Mincarelli,FRA,Montpellier,fr Ligue 1,19 years,10.9,11,1.01,11.0,0.0,0.0,0.0,0.0,0.0,1,0.09,1.0,0.0,0.0,0.0,0.0,0.0,Defender,Midfielder
Tyrone Mings,ENG,Aston Villa,eng Premier League,30 years,0.3,2,6.0,1.0,0.0,0.0,0.0,0.0,1.0,0,0.0,0.0,0.0,0.0,0.0,0.0,0.0,Defender,
Óscar Mingueza,ESP,Celta Vigo,es La Liga,24 years,33.3,106,3.18,83.0,14.0,2.0,1.0,5.0,1.0,11,0.33,10.0,0.0,0.0,0.0,1.0,0.0,Defender,Midfielder
Ignasi Miquel,ESP,Granada,es La Liga,30 years,33.2,28,0.84,23.0,0.0,0.0,4.0,1.0,0.0,1,0.03,0.0,0.0,0.0,1.0,0.0,0.0,Defender,
Rafa Mir,ESP,Sevilla,es La Liga,26 years,4.3,13,2.99,7.0,0.0,2.0,3.0,1.0,0.0,2,0.46,0.0,0.0,2.0,0.0,0.0,0.0,Forward,Midfielder
Ignacio Miramon,ARG,Lille,fr Ligue 1,20 years,0.4,0,0.0,0.0,0.0,0.0,0.0,0.0,0.0,0,0.0,0.0,0.0,0.0,0.0,0.0,0.0,Midfielder,
Aleksei Miranchuk,RUS,Atalanta,it Serie A,27 years,13.1,81,6.19,56.0,16.0,2.0,4.0,3.0,0.0,10,0.76,6.0,2.0,0.0,2.0,0.0,0.0,Midfielder,Forward
Juan Miranda,ESP,Betis,es La Liga,23 years,20.6,45,2.18,35.0,6.0,1.0,1.0,2.0,0.0,3,0.15,3.0,0.0,0.0,0.0,0.0,0.0,Defender,
Kevin Miranda,ITA,Sassuolo,it Serie A,20 years,0.2,0,0.0,0.0,0.0,0.0,0.0,0.0,0.0,0,0.0,0.0,0.0,0.0,0.0,0.0,0.0,Defender,
Antonio Mirante,ITA,Milan,it Serie A,40 years,2.0,0,0.0,0.0,0.0,0.0,0.0,0.0,0.0,0,0.0,0.0,0.0,0.0,0.0,0.0,0.0,Goalkeeper,
Fabio Miretti,ITA,Juventus,it Serie A,19 years,12.3,53,4.33,31.0,7.0,6.0,2.0,4.0,3.0,4,0.33,2.0,0.0,0.0,0.0,2.0,0.0,Midfielder,
Filippo Missori,ITA,Sassuolo,it Serie A,19 years,3.0,3,1.02,3.0,0.0,0.0,0.0,0.0,0.0,0,0.0,0.0,0.0,0.0,0.0,0.0,0.0,Defender,
Tyrick Mitchell,ENG,Crystal Palace,eng Premier League,23 years,35.6,47,1.32,40.0,2.0,1.0,2.0,1.0,1.0,4,0.11,4.0,0.0,0.0,0.0,0.0,0.0,Defender,Midfielder
Kaoru Mitoma,JPN,Brighton,eng Premier League,26 years,16.5,62,3.76,47.0,0.0,10.0,3.0,2.0,0.0,10,0.61,6.0,0.0,3.0,1.0,0.0,0.0,Forward,
Aleksandar Mitrović,SRB,Fulham,eng Premier League,28 years,0.4,2,5.45,1.0,0.0,1.0,0.0,0.0,0.0,1,2.73,1.0,0.0,0.0,0.0,0.0,0.0,Forward,
Stefan Mitrović,SRB,Hellas Verona,it Serie A,20 years,4.3,7,1.61,6.0,0.0,1.0,0.0,0.0,0.0,0,0.0,0.0,0.0,0.0,0.0,0.0,0.0,Forward,Midfielder
Stefan Mitrović,SRB,Getafe,es La Liga,33 years,7.8,4,0.52,4.0,0.0,0.0,0.0,0.0,0.0,0,0.0,0.0,0.0,0.0,0.0,0.0,0.0,Defender,
Maximilian Mittelstädt,GER,Stuttgart,de Bundesliga,26 years,23.4,62,2.65,53.0,5.0,0.0,3.0,0.0,1.0,8,0.34,8.0,0.0,0.0,0.0,0.0,0.0,Defender,
Henrikh Mkhitaryan,ARM,Inter,it Serie A,34 years,30.9,116,3.75,102.0,1.0,1.0,2.0,6.0,4.0,18,0.58,16.0,0.0,0.0,0.0,1.0,1.0,Midfielder,
Marko Mladenović,SRB,Eintracht Frankfurt,de Bundesliga,18 years,0.1,0,0.0,0.0,0.0,0.0,0.0,0.0,0.0,0,0.0,0.0,0.0,0.0,0.0,0.0,0.0,Midfielder,
Jakub Moder,POL,Brighton,eng Premier League,24 years,6.9,13,1.89,11.0,0.0,1.0,1.0,0.0,0.0,1,0.15,1.0,0.0,0.0,0.0,0.0,0.0,Midfielder,Defender
Luka Modrić,CRO,Real Madrid,es La Liga,37 years,18.8,105,5.6,74.0,21.0,2.0,4.0,2.0,2.0,13,0.69,12.0,1.0,0.0,0.0,0.0,0.0,Midfielder,
Max Moerstedt,GER,Hoffenheim,de Bundesliga,nan years,0.1,0,0.0,0.0,0.0,0.0,0.0,0.0,0.0,0,0.0,0.0,0.0,0.0,0.0,0.0,0.0,Defender,Forward
Terem Moffi,NGA,Nice,fr Ligue 1,24 years,21.7,44,2.03,32.0,0.0,6.0,2.0,3.0,1.0,5,0.23,4.0,0.0,1.0,0.0,0.0,0.0,Forward,
Mostafa Mohamed,EGY,Nantes,fr Ligue 1,25 years,22.2,48,2.16,28.0,1.0,4.0,12.0,2.0,1.0,5,0.22,3.0,0.0,0.0,0.0,1.0,1.0,Forward,
Dion Moise Sahi,CIV,Strasbourg,fr Ligue 1,21 years,7.0,11,1.57,10.0,0.0,1.0,0.0,0.0,0.0,1,0.14,1.0,0.0,0.0,0.0,0.0,0.0,Midfielder,Forward
Johan Mojica,COL,Osasuna,es La Liga,30 years,22.7,47,2.07,41.0,0.0,1.0,3.0,1.0,1.0,5,0.22,2.0,0.0,1.0,1.0,1.0,0.0,Defender,
Alberto Moleiro,ESP,Las Palmas,es La Liga,19 years,20.0,67,3.34,53.0,1.0,10.0,0.0,3.0,0.0,5,0.25,5.0,0.0,0.0,0.0,0.0,0.0,Forward,Midfielder
Nahuel Molina,ARG,Atlético Madrid,es La Liga,25 years,20.6,53,2.58,42.0,7.0,1.0,0.0,2.0,1.0,5,0.24,5.0,0.0,0.0,0.0,0.0,0.0,Defender,
Florent Mollet,FRA,Nantes,fr Ligue 1,31 years,23.1,66,2.85,39.0,17.0,3.0,6.0,1.0,0.0,5,0.22,2.0,2.0,0.0,0.0,1.0,0.0,Midfielder,Forward
Jon Moncayola,ESP,Osasuna,es La Liga,25 years,20.0,54,2.7,36.0,13.0,0.0,1.0,2.0,2.0,9,0.45,7.0,2.0,0.0,0.0,0.0,0.0,Midfielder,
Enzo Mongo,FRA,Nantes,fr Ligue 1,18 years,0.1,0,0.0,0.0,0.0,0.0,0.0,0.0,0.0,0,0.0,0.0,0.0,0.0,0.0,0.0,0.0,Defender,
Ilario Monterisi,ITA,Frosinone,it Serie A,21 years,16.3,14,0.86,11.0,1.0,0.0,0.0,1.0,1.0,5,0.31,2.0,1.0,0.0,0.0,1.0,1.0,Defender,
César Montes,MEX,Almería,es La Liga,26 years,19.9,18,0.91,16.0,0.0,0.0,2.0,0.0,0.0,0,0.0,0.0,0.0,0.0,0.0,0.0,0.0,Defender,
Gonzalo Montiel,ARG,Nottingham Forest,eng Premier League,26 years,8.9,15,1.69,14.0,0.0,0.0,1.0,0.0,0.0,2,0.22,2.0,0.0,0.0,0.0,0.0,0.0,Defender,
Lorenzo Montipò,ITA,Hellas Verona,it Serie A,27 years,37.0,8,0.22,7.0,1.0,0.0,0.0,0.0,0.0,1,0.03,1.0,0.0,0.0,0.0,0.0,0.0,Goalkeeper,
Kieffer Moore,WAL,Bournemouth,eng Premier League,30 years,1.2,5,4.17,5.0,0.0,0.0,0.0,0.0,0.0,0,0.0,0.0,0.0,0.0,0.0,0.0,0.0,Forward,Midfielder
Mikey Moore,ENG,Tottenham,eng Premier League,15 years,0.0,0,0.0,0.0,0.0,0.0,0.0,0.0,0.0,0,0.0,0.0,0.0,0.0,0.0,0.0,0.0,Midfielder,
Álvaro Morata,ESP,Atlético Madrid,es La Liga,30 years,21.2,40,1.89,25.0,0.0,6.0,4.0,5.0,0.0,10,0.47,5.0,0.0,4.0,0.0,1.0,0.0,Forward,
Diego Moreira,POR,Lyon,fr Ligue 1,18 years,3.0,4,1.34,3.0,0.0,0.0,0.0,1.0,0.0,0,0.0,0.0,0.0,0.0,0.0,0.0,0.0,Forward,Midfielder
Alberto Moreno,ESP,Villarreal,es La Liga,31 years,16.5,36,2.18,27.0,2.0,0.0,3.0,4.0,0.0,8,0.49,5.0,1.0,0.0,1.0,1.0,0.0,Defender,
Álex Moreno,ESP,Aston Villa,eng Premier League,30 years,11.5,22,1.92,19.0,0.0,2.0,1.0,0.0,0.0,1,0.09,1.0,0.0,0.0,0.0,0.0,0.0,Defender,
Gerard Moreno,ESP,Villarreal,es La Liga,31 years,24.6,100,4.07,83.0,0.0,7.0,7.0,2.0,1.0,11,0.45,9.0,0.0,0.0,2.0,0.0,0.0,Forward,
Jorge Moreno,ESP,Osasuna,es La Liga,22 years,0.2,0,0.0,0.0,0.0,0.0,0.0,0.0,0.0,0,0.0,0.0,0.0,0.0,0.0,0.0,0.0,Defender,
Mateu Morey,ESP,Dortmund,de Bundesliga,23 years,1.2,5,4.09,4.0,1.0,0.0,0.0,0.0,0.0,1,0.82,1.0,0.0,0.0,0.0,0.0,0.0,Defender,
Ilaix Moriba,GUI,Getafe,es La Liga,20 years,6.7,18,2.68,8.0,0.0,0.0,1.0,7.0,2.0,3,0.45,2.0,0.0,0.0,1.0,0.0,0.0,Midfielder,Forward
Manu Morlanes,ESP,Mallorca,es La Liga,24 years,17.9,48,2.67,39.0,1.0,4.0,0.0,3.0,1.0,4,0.22,3.0,1.0,0.0,0.0,0.0,0.0,Midfielder,
Nikola Moro,CRO,Bologna,it Serie A,25 years,9.3,22,2.35,16.0,1.0,2.0,0.0,1.0,2.0,2,0.21,2.0,0.0,0.0,0.0,0.0,0.0,Midfielder,
Carlton Morris,ENG,Luton Town,eng Premier League,27 years,31.8,71,2.23,49.0,0.0,5.0,10.0,6.0,1.0,8,0.25,4.0,0.0,0.0,3.0,1.0,0.0,Forward,Midfielder
Cristhian Mosquera,ESP,Valencia,es La Liga,19 years,34.2,16,0.47,15.0,0.0,0.0,0.0,0.0,1.0,0,0.0,0.0,0.0,0.0,0.0,0.0,0.0,Defender,
Yerson Mosquera,COL,Villarreal,es La Liga,22 years,13.7,18,1.32,15.0,0.0,0.0,0.0,3.0,0.0,3,0.22,3.0,0.0,0.0,0.0,0.0,0.0,Defender,
Dany Mota,POR,Monza,it Serie A,25 years,22.8,71,3.12,49.0,14.0,0.0,2.0,6.0,0.0,8,0.35,5.0,0.0,0.0,0.0,3.0,0.0,Forward,Midfielder
Lebo Mothiba,RSA,Strasbourg,fr Ligue 1,27 years,6.9,12,1.75,8.0,0.0,1.0,1.0,2.0,0.0,1,0.15,0.0,0.0,0.0,1.0,0.0,0.0,Forward,
Youssoufa Moukoko,GER,Dortmund,de Bundesliga,18 years,6.9,13,1.87,10.0,0.0,2.0,0.0,1.0,0.0,2,0.29,2.0,0.0,0.0,0.0,0.0,0.0,Forward,
Steve Mounié,BEN,Brest,fr Ligue 1,28 years,19.7,32,1.63,20.0,0.0,0.0,9.0,3.0,0.0,6,0.31,2.0,0.0,0.0,3.0,1.0,0.0,Forward,
Mason Mount,ENG,Manchester Utd,eng Premier League,24 years,5.7,18,3.15,11.0,2.0,2.0,0.0,1.0,2.0,0,0.0,0.0,0.0,0.0,0.0,0.0,0.0,Midfielder,Forward
Samuel Moutoussamy,COD,Nantes,fr Ligue 1,26 years,12.3,32,2.6,28.0,0.0,1.0,0.0,2.0,1.0,2,0.16,1.0,0.0,0.0,0.0,1.0,0.0,Midfielder,
Loris Mouyokolo,FRA,Lorient,fr Ligue 1,22 years,1.0,0,0.0,0.0,0.0,0.0,0.0,0.0,0.0,0,0.0,0.0,0.0,0.0,0.0,0.0,0.0,Defender,
Divin Mubama,ENG,West Ham,eng Premier League,18 years,0.9,0,0.0,0.0,0.0,0.0,0.0,0.0,0.0,0,0.0,0.0,0.0,0.0,0.0,0.0,0.0,Forward,
Mykhailo Mudryk,UKR,Chelsea,eng Premier League,22 years,17.5,60,3.43,39.0,10.0,7.0,1.0,3.0,0.0,9,0.51,3.0,1.0,2.0,1.0,2.0,0.0,Forward,
François Mughe,CMR,Marseille,fr Ligue 1,19 years,2.0,13,6.65,7.0,1.0,1.0,0.0,4.0,0.0,1,0.51,1.0,0.0,0.0,0.0,0.0,0.0,Midfielder,Defender
Nordi Mukiele,FRA,Paris S-G,fr Ligue 1,25 years,8.8,9,1.02,6.0,0.0,1.0,1.0,1.0,0.0,0,0.0,0.0,0.0,0.0,0.0,0.0,0.0,Defender,
Samuele Mulattieri,ITA,Sassuolo,it Serie A,22 years,5.1,10,1.95,7.0,1.0,0.0,1.0,1.0,0.0,1,0.19,0.0,0.0,0.0,0.0,1.0,0.0,Forward,Midfielder
Andreas Müller,GER,Darmstadt 98,de Bundesliga,23 years,3.9,5,1.29,5.0,0.0,0.0,0.0,0.0,0.0,1,0.26,1.0,0.0,0.0,0.0,0.0,0.0,Midfielder,
Jannik Müller,GER,Darmstadt 98,de Bundesliga,29 years,12.6,11,0.87,11.0,0.0,0.0,0.0,0.0,0.0,0,0.0,0.0,0.0,0.0,0.0,0.0,0.0,Defender,Midfielder
Kevin Müller,GER,Heidenheim,de Bundesliga,32 years,34.0,5,0.15,2.0,3.0,0.0,0.0,0.0,0.0,0,0.0,0.0,0.0,0.0,0.0,0.0,0.0,Goalkeeper,
Marcus Müller,GER,Mainz 05,de Bundesliga,20 years,0.2,0,0.0,0.0,0.0,0.0,0.0,0.0,0.0,0,0.0,0.0,0.0,0.0,0.0,0.0,0.0,Midfielder,
Thomas Müller,GER,Bayern Munich,de Bundesliga,33 years,18.4,96,5.22,81.0,0.0,1.0,7.0,5.0,2.0,14,0.76,12.0,0.0,0.0,0.0,1.0,1.0,Midfielder,Forward
Abdul Mumin,GHA,Rayo Vallecano,es La Liga,25 years,18.8,11,0.58,8.0,0.0,1.0,2.0,0.0,0.0,0,0.0,0.0,0.0,0.0,0.0,0.0,0.0,Defender,
Marshall Munetsi,ZIM,Reims,fr Ligue 1,27 years,24.1,29,1.2,22.0,0.0,1.0,4.0,2.0,0.0,6,0.25,5.0,0.0,0.0,0.0,1.0,0.0,Midfielder,
Iker Muniain,ESP,Athletic Club,es La Liga,30 years,6.6,25,3.78,19.0,5.0,1.0,0.0,0.0,0.0,0,0.0,0.0,0.0,0.0,0.0,0.0,0.0,Midfielder,Forward
Rodrigo Muniz,BRA,Fulham,eng Premier League,22 years,17.7,39,2.2,21.0,0.0,3.0,9.0,4.0,2.0,2,0.11,1.0,0.0,0.0,1.0,0.0,0.0,Forward,
Aihen Muñoz,ESP,Real Sociedad,es La Liga,25 years,12.5,24,1.91,19.0,1.0,2.0,2.0,0.0,0.0,3,0.24,2.0,0.0,0.0,1.0,0.0,0.0,Defender,
Daniel Muñoz,COL,Crystal Palace,eng Premier League,27 years,16.0,46,2.88,38.0,2.0,1.0,1.0,2.0,2.0,7,0.44,5.0,1.0,1.0,0.0,0.0,0.0,Defender,Midfielder
Iker Muñoz,ESP,Osasuna,es La Liga,20 years,20.6,18,0.87,14.0,0.0,0.0,3.0,1.0,0.0,0,0.0,0.0,0.0,0.0,0.0,0.0,0.0,Midfielder,
Javier Muñoz,ESP,Las Palmas,es La Liga,28 years,29.3,60,2.04,51.0,4.0,1.0,3.0,0.0,1.0,8,0.27,7.0,0.0,0.0,0.0,0.0,1.0,Midfielder,
Finley Munroe,ENG,Aston Villa,eng Premier League,18 years,0.0,0,0.0,0.0,0.0,0.0,0.0,0.0,0.0,0,0.0,0.0,0.0,0.0,0.0,0.0,0.0,Midfielder,
Arijanet Muric,KVX,Burnley,eng Premier League,24 years,10.0,6,0.6,5.0,1.0,0.0,0.0,0.0,0.0,1,0.1,1.0,0.0,0.0,0.0,0.0,0.0,Goalkeeper,
Luis Muriel,COL,Atalanta,it Serie A,32 years,4.5,29,6.38,14.0,6.0,1.0,4.0,4.0,0.0,2,0.44,2.0,0.0,0.0,0.0,0.0,0.0,Forward,Midfielder
Murillo,BRA,Nottingham Forest,eng Premier League,21 years,31.0,30,0.97,20.0,1.0,5.0,3.0,1.0,0.0,4,0.13,2.0,1.0,0.0,0.0,1.0,0.0,Defender,
Vedat Muriqi,KVX,Mallorca,es La Liga,29 years,25.9,52,2.01,43.0,0.0,2.0,6.0,1.0,0.0,3,0.12,2.0,0.0,0.0,1.0,0.0,0.0,Forward,
Alex Murphy,IRL,Newcastle Utd,eng Premier League,19 years,0.1,0,0.0,0.0,0.0,0.0,0.0,0.0,0.0,0,0.0,0.0,0.0,0.0,0.0,0.0,0.0,Defender,Forward
Jacob Murphy,ENG,Newcastle Utd,eng Premier League,28 years,13.2,55,4.16,44.0,4.0,2.0,3.0,1.0,1.0,10,0.76,9.0,0.0,1.0,0.0,0.0,0.0,Forward,Defender
Yunus Musah,USA,Milan,it Serie A,20 years,16.4,38,2.32,27.0,0.0,5.0,4.0,1.0,1.0,2,0.12,2.0,0.0,0.0,0.0,0.0,0.0,Midfielder,Forward
Jamal Musiala,GER,Bayern Munich,de Bundesliga,20 years,19.5,106,5.44,75.0,0.0,12.0,10.0,6.0,3.0,18,0.92,13.0,0.0,3.0,1.0,1.0,0.0,Midfielder,Forward
Florent Muslija,KVX,Freiburg,de Bundesliga,25 years,1.2,9,7.71,5.0,2.0,1.0,1.0,0.0,0.0,0,0.0,0.0,0.0,0.0,0.0,0.0,0.0,Midfielder,Forward
Juan Musso,ARG,Atalanta,it Serie A,29 years,11.0,1,0.09,0.0,1.0,0.0,0.0,0.0,0.0,0,0.0,0.0,0.0,0.0,0.0,0.0,0.0,Goalkeeper,
Kingstone Mutandwa,ZAM,Cagliari,it Serie A,20 years,0.4,0,0.0,0.0,0.0,0.0,0.0,0.0,0.0,0,0.0,0.0,0.0,0.0,0.0,0.0,0.0,Forward,Midfielder
Yvon Mvogo,SUI,Lorient,fr Ligue 1,29 years,34.0,7,0.21,7.0,0.0,0.0,0.0,0.0,0.0,0,0.0,0.0,0.0,0.0,0.0,0.0,0.0,Goalkeeper,
Joel Mvuka,NOR,Lorient,fr Ligue 1,20 years,2.2,1,0.45,0.0,1.0,0.0,0.0,0.0,0.0,0,0.0,0.0,0.0,0.0,0.0,0.0,0.0,Defender,Forward
Junior Mwanga,FRA,Strasbourg,fr Ligue 1,20 years,16.1,32,1.98,24.0,1.0,1.0,3.0,2.0,1.0,3,0.19,3.0,0.0,0.0,0.0,0.0,0.0,Midfielder,Forward
Phillipp Mwene,AUT,Mainz 05,de Bundesliga,29 years,22.2,56,2.52,37.0,10.0,4.0,2.0,2.0,1.0,2,0.09,2.0,0.0,0.0,0.0,0.0,0.0,Defender,
Vitaliy Mykolenko,UKR,Everton,eng Premier League,24 years,27.4,37,1.35,32.0,0.0,1.0,4.0,0.0,0.0,3,0.11,1.0,0.0,0.0,2.0,0.0,0.0,Defender,
Joakim Mæhle,DEN,Wolfsburg,de Bundesliga,26 years,27.2,68,2.5,56.0,3.0,6.0,1.0,1.0,1.0,10,0.37,7.0,1.0,1.0,1.0,0.0,0.0,Defender,Midfielder
Obite N'Dicka,CIV,Roma,it Serie A,23 years,24.1,23,0.95,20.0,1.0,0.0,1.0,1.0,0.0,3,0.12,2.0,0.0,0.0,1.0,0.0,0.0,Defender,
Kévin N'Doram,FRA,Metz,fr Ligue 1,27 years,17.8,22,1.23,18.0,0.0,0.0,2.0,2.0,0.0,3,0.17,3.0,0.0,0.0,0.0,0.0,0.0,Midfielder,
Nathan N'Goumou,CMR,Gladbach,de Bundesliga,23 years,15.4,42,2.73,27.0,0.0,8.0,4.0,3.0,0.0,4,0.26,3.0,0.0,0.0,1.0,0.0,0.0,Forward,Midfielder
Stanley N'Soki,FRA,Hoffenheim,de Bundesliga,24 years,7.0,4,0.57,4.0,0.0,0.0,0.0,0.0,0.0,0,0.0,0.0,0.0,0.0,0.0,0.0,0.0,Defender,
Nacho,ESP,Real Madrid,es La Liga,33 years,19.4,13,0.67,10.0,1.0,1.0,1.0,0.0,0.0,2,0.1,1.0,0.0,1.0,0.0,0.0,0.0,Defender,
Bilal Nadir,MAR,Marseille,fr Ligue 1,19 years,1.3,3,2.37,3.0,0.0,0.0,0.0,0.0,0.0,0,0.0,0.0,0.0,0.0,0.0,0.0,0.0,Midfielder,Forward
Mahamadou Nagida,CMR,Rennes,fr Ligue 1,18 years,1.2,8,6.79,4.0,1.0,0.0,2.0,0.0,1.0,0,0.0,0.0,0.0,0.0,0.0,0.0,0.0,Defender,
Marvelous Nakamba,ZIM,Luton Town,eng Premier League,29 years,12.6,13,1.03,13.0,0.0,0.0,0.0,0.0,0.0,0,0.0,0.0,0.0,0.0,0.0,0.0,0.0,Midfielder,
Keito Nakamura,JPN,Reims,fr Ligue 1,23 years,15.3,37,2.41,30.0,0.0,3.0,4.0,0.0,0.0,3,0.2,3.0,0.0,0.0,0.0,0.0,0.0,Forward,Midfielder
Nahitan Nández,URU,Cagliari,it Serie A,27 years,26.0,71,2.73,44.0,18.0,4.0,1.0,2.0,2.0,5,0.19,3.0,1.0,0.0,1.0,0.0,0.0,Midfielder,Defender
Matija Nastasić,SRB,Mallorca,es La Liga,30 years,25.1,22,0.88,20.0,0.0,0.0,2.0,0.0,0.0,0,0.0,0.0,0.0,0.0,0.0,0.0,0.0,Defender,
Natan,BRA,Napoli,it Serie A,22 years,10.6,9,0.85,9.0,0.0,0.0,0.0,0.0,0.0,0,0.0,0.0,0.0,0.0,0.0,0.0,0.0,Defender,
Lapo Nava,ITA,Milan,it Serie A,19 years,0.0,0,0.0,0.0,0.0,0.0,0.0,0.0,0.0,0,0.0,0.0,0.0,0.0,0.0,0.0,0.0,Goalkeeper,
Roberto Navarro,ESP,Cádiz,es La Liga,21 years,21.0,95,4.53,58.0,11.0,12.0,4.0,8.0,2.0,2,0.1,1.0,1.0,0.0,0.0,0.0,0.0,Midfielder,Forward
Jesús Navas,ESP,Sevilla,es La Liga,37 years,22.3,49,2.21,45.0,2.0,1.0,1.0,0.0,0.0,6,0.27,6.0,0.0,0.0,0.0,0.0,0.0,Defender,
Keylor Navas,CRC,Paris S-G,fr Ligue 1,36 years,4.0,0,0.0,0.0,0.0,0.0,0.0,0.0,0.0,0,0.0,0.0,0.0,0.0,0.0,0.0,0.0,Goalkeeper,
Michel Ndary Adopo,FRA,Atalanta,it Serie A,23 years,1.2,5,4.09,4.0,0.0,0.0,1.0,0.0,0.0,1,0.82,1.0,0.0,0.0,0.0,0.0,0.0,Midfielder,
Youssouf Ndayishimiye,BDI,Nice,fr Ligue 1,24 years,19.0,29,1.52,27.0,1.0,0.0,1.0,0.0,0.0,1,0.05,1.0,0.0,0.0,0.0,0.0,0.0,Midfielder,Defender
Bassirou Ndiaye,SEN,Lorient,fr Ligue 1,21 years,1.7,3,1.76,3.0,0.0,0.0,0.0,0.0,0.0,0,0.0,0.0,0.0,0.0,0.0,0.0,0.0,Forward,
Iliman Ndiaye,SEN,Marseille,fr Ligue 1,23 years,18.0,61,3.39,43.0,1.0,8.0,4.0,5.0,0.0,9,0.5,5.0,0.0,0.0,1.0,3.0,0.0,Forward,Midfielder
Massamba Ndiaye,SEN,Clermont Foot,fr Ligue 1,21 years,4.0,0,0.0,0.0,0.0,0.0,0.0,0.0,0.0,0,0.0,0.0,0.0,0.0,0.0,0.0,0.0,Goalkeeper,
Rassoul Ndiaye,SEN,Le Havre,fr Ligue 1,21 years,5.8,7,1.2,6.0,0.0,1.0,0.0,0.0,0.0,0,0.0,0.0,0.0,0.0,0.0,0.0,0.0,Midfielder,Forward
Michael Ndiweni,ENG,Newcastle Utd,eng Premier League,19 years,0.0,0,0.0,0.0,0.0,0.0,0.0,0.0,0.0,0,0.0,0.0,0.0,0.0,0.0,0.0,0.0,Forward,
Cher Ndour,ITA,Paris S-G,fr Ligue 1,19 years,0.3,0,0.0,0.0,0.0,0.0,0.0,0.0,0.0,0,0.0,0.0,0.0,0.0,0.0,0.0,0.0,Midfielder,
Dan Ndoye,SUI,Bologna,it Serie A,22 years,19.7,62,3.15,39.0,1.0,9.0,6.0,6.0,1.0,3,0.15,2.0,0.0,0.0,1.0,0.0,0.0,Forward,Midfielder
Joseph Nduquidi,FRA,Metz,fr Ligue 1,18 years,8.3,3,0.36,3.0,0.0,0.0,0.0,0.0,0.0,0,0.0,0.0,0.0,0.0,0.0,0.0,0.0,Midfielder,Defender
Loïc Nego,HUN,Le Havre,fr Ligue 1,32 years,17.3,39,2.25,29.0,2.0,1.0,1.0,6.0,0.0,8,0.46,6.0,0.0,0.0,0.0,2.0,0.0,Defender,Midfielder
Álvaro Negredo,ESP,Cádiz,es La Liga,37 years,0.6,3,5.0,2.0,0.0,0.0,1.0,0.0,0.0,0,0.0,0.0,0.0,0.0,0.0,0.0,0.0,Forward,Midfielder
Reiss Nelson,ENG,Arsenal,eng Premier League,23 years,3.0,9,3.02,7.0,1.0,0.0,1.0,0.0,0.0,0,0.0,0.0,0.0,0.0,0.0,0.0,0.0,Forward,
Zack Nelson,ENG,Luton Town,eng Premier League,18 years,0.1,0,0.0,0.0,0.0,0.0,0.0,0.0,0.0,0,0.0,0.0,0.0,0.0,0.0,0.0,0.0,Midfielder,Defender
Neto,BRA,Bournemouth,eng Premier League,34 years,32.0,5,0.16,4.0,1.0,0.0,0.0,0.0,0.0,0,0.0,0.0,0.0,0.0,0.0,0.0,0.0,Goalkeeper,
Pedro Neto,POR,Wolves,eng Premier League,23 years,16.8,75,4.45,41.0,15.0,8.0,4.0,7.0,0.0,14,0.83,8.0,2.0,2.0,1.0,1.0,0.0,Forward,Midfielder
Luca Netz,GER,Gladbach,de Bundesliga,20 years,24.7,70,2.83,49.0,13.0,3.0,4.0,0.0,1.0,8,0.32,7.0,1.0,0.0,0.0,0.0,0.0,Defender,
Manuel Neuer,GER,Bayern Munich,de Bundesliga,37 years,22.8,4,0.18,4.0,0.0,0.0,0.0,0.0,0.0,0,0.0,0.0,0.0,0.0,0.0,0.0,0.0,Goalkeeper,
Florian Neuhaus,GER,Gladbach,de Bundesliga,26 years,13.6,47,3.46,36.0,0.0,2.0,9.0,0.0,0.0,5,0.37,5.0,0.0,0.0,0.0,0.0,0.0,Midfielder,
Carlos Neva,ESP,Granada,es La Liga,27 years,35.0,40,1.14,32.0,4.0,1.0,0.0,3.0,0.0,3,0.09,2.0,0.0,0.0,0.0,1.0,0.0,Defender,
Jessic Ngankam,GER,Mainz 05,de Bundesliga,23 years,2.0,7,3.42,5.0,0.0,0.0,1.0,0.0,1.0,0,0.0,0.0,0.0,0.0,0.0,0.0,0.0,Forward,Midfielder
Jessic Ngankam,GER,Eintracht Frankfurt,de Bundesliga,23 years,3.1,4,1.29,3.0,0.0,1.0,0.0,0.0,0.0,0,0.0,0.0,0.0,0.0,0.0,0.0,0.0,Forward,
Cyril Ngonge,BEL,Hellas Verona,it Serie A,23 years,15.9,60,3.78,30.0,9.0,9.0,6.0,6.0,0.0,4,0.25,3.0,0.0,0.0,1.0,0.0,0.0,Forward,Midfielder
Cyril Ngonge,BEL,Napoli,it Serie A,23 years,3.5,26,7.45,10.0,3.0,5.0,4.0,4.0,0.0,0,0.0,0.0,0.0,0.0,0.0,0.0,0.0,Forward,
Steve Ngoura,FRA,Le Havre,fr Ligue 1,18 years,2.5,9,3.6,7.0,0.0,2.0,0.0,0.0,0.0,1,0.4,1.0,0.0,0.0,0.0,0.0,0.0,Forward,Midfielder
Moussa Niakhate,SEN,Nottingham Forest,eng Premier League,27 years,16.2,11,0.68,8.0,3.0,0.0,0.0,0.0,0.0,0,0.0,0.0,0.0,0.0,0.0,0.0,0.0,Defender,
M'Baye Niang,SEN,Empoli,it Serie A,28 years,7.9,18,2.28,11.0,0.0,3.0,3.0,1.0,0.0,3,0.38,2.0,0.0,0.0,1.0,0.0,0.0,Forward,
Tanguy Nianzou,FRA,Sevilla,es La Liga,21 years,3.5,3,0.85,3.0,0.0,0.0,0.0,0.0,0.0,0,0.0,0.0,0.0,0.0,0.0,0.0,0.0,Defender,
Shamar Nicholson,JAM,Clermont Foot,fr Ligue 1,26 years,16.5,44,2.67,30.0,0.0,3.0,6.0,4.0,1.0,5,0.3,5.0,0.0,0.0,0.0,0.0,0.0,Forward,
Rasmus Nicolaisen,DEN,Toulouse,fr Ligue 1,26 years,32.5,16,0.49,8.0,0.0,1.0,4.0,1.0,2.0,1,0.03,1.0,0.0,0.0,0.0,0.0,0.0,Defender,
Moritz Nicolas,GER,Gladbach,de Bundesliga,25 years,27.0,9,0.33,7.0,2.0,0.0,0.0,0.0,0.0,0,0.0,0.0,0.0,0.0,0.0,0.0,0.0,Goalkeeper,
Hans Nicolussi Caviglia,ITA,Juventus,it Serie A,23 years,3.0,11,3.69,1.0,7.0,0.0,2.0,1.0,0.0,1,0.34,0.0,1.0,0.0,0.0,0.0,0.0,Midfielder,
Saúl Ñíguez,ESP,Atlético Madrid,es La Liga,28 years,15.3,31,2.03,28.0,0.0,2.0,1.0,0.0,0.0,6,0.39,6.0,0.0,0.0,0.0,0.0,0.0,Midfielder,
Justin Njinmah,GER,Werder Bremen,de Bundesliga,22 years,11.3,32,2.83,23.0,0.0,7.0,1.0,1.0,0.0,4,0.35,3.0,0.0,1.0,0.0,0.0,0.0,Forward,
Eddie Nketiah,ENG,Arsenal,eng Premier League,24 years,12.0,28,2.33,17.0,0.0,3.0,5.0,3.0,0.0,8,0.67,3.0,0.0,1.0,1.0,3.0,0.0,Forward,
Niels Nkounkou,FRA,Eintracht Frankfurt,de Bundesliga,22 years,14.5,45,3.09,28.0,6.0,8.0,1.0,0.0,2.0,4,0.27,3.0,1.0,0.0,0.0,0.0,0.0,Defender,Midfielder
Christopher Nkunku,FRA,Chelsea,eng Premier League,25 years,4.9,13,2.65,10.0,0.0,1.0,1.0,1.0,0.0,1,0.2,1.0,0.0,0.0,0.0,0.0,0.0,Forward,Midfielder
Felix Nmecha,GER,Dortmund,de Bundesliga,22 years,11.3,35,3.09,26.0,0.0,2.0,4.0,3.0,0.0,3,0.26,2.0,0.0,0.0,1.0,0.0,0.0,Midfielder,
Lukas Nmecha,GER,Wolfsburg,de Bundesliga,24 years,0.5,2,4.29,2.0,0.0,0.0,0.0,0.0,0.0,0,0.0,0.0,0.0,0.0,0.0,0.0,0.0,Forward,
Peru Nolaskoain,ESP,Athletic Club,es La Liga,24 years,0.1,0,0.0,0.0,0.0,0.0,0.0,0.0,0.0,0,0.0,0.0,0.0,0.0,0.0,0.0,0.0,Defender,Midfielder
Joseph Nonge,BEL,Juventus,it Serie A,18 years,0.3,0,0.0,0.0,0.0,0.0,0.0,0.0,0.0,0,0.0,0.0,0.0,0.0,0.0,0.0,0.0,Midfielder,
Jonathan Norbye,NOR,RB Leipzig,de Bundesliga,16 years,0.0,0,0.0,0.0,0.0,0.0,0.0,0.0,0.0,0,0.0,0.0,0.0,0.0,0.0,0.0,0.0,Midfielder,
Arnaud Nordin,FRA,Montpellier,fr Ligue 1,25 years,13.8,56,4.04,39.0,0.0,6.0,4.0,7.0,0.0,6,0.43,5.0,0.0,0.0,0.0,1.0,0.0,Forward,Midfielder
Rhys Norrington-Davies,WAL,Sheffield Utd,eng Premier League,24 years,1.2,1,0.82,1.0,0.0,0.0,0.0,0.0,0.0,0,0.0,0.0,0.0,0.0,0.0,0.0,0.0,Defender,
Oliver Norwood,NIR,Sheffield Utd,eng Premier League,32 years,16.0,32,2.0,19.0,12.0,0.0,1.0,0.0,0.0,1,0.06,1.0,0.0,0.0,0.0,0.0,0.0,Midfielder,
Tijjani Noslin,NED,Hellas Verona,it Serie A,24 years,14.9,55,3.7,47.0,0.0,2.0,2.0,4.0,0.0,7,0.47,5.0,0.0,1.0,0.0,1.0,0.0,Forward,Midfielder
Randy Nteka,ANG,Rayo Vallecano,es La Liga,25 years,6.4,19,2.99,11.0,0.0,2.0,2.0,4.0,0.0,1,0.16,0.0,0.0,0.0,0.0,1.0,0.0,Forward,Midfielder
Ernest Nuamah,GHA,Lyon,fr Ligue 1,19 years,20.4,73,3.58,47.0,6.0,8.0,7.0,5.0,0.0,6,0.29,4.0,1.0,0.0,1.0,0.0,0.0,Forward,Midfielder
Alexander Nübel,GER,Stuttgart,de Bundesliga,26 years,30.0,3,0.1,3.0,0.0,0.0,0.0,0.0,0.0,1,0.03,1.0,0.0,0.0,0.0,0.0,0.0,Goalkeeper,
Kasim Nuhu,GHA,Hoffenheim,de Bundesliga,28 years,0.1,0,0.0,0.0,0.0,0.0,0.0,0.0,0.0,0,0.0,0.0,0.0,0.0,0.0,0.0,0.0,Defender,
Matheus Nunes,POR,Wolves,eng Premier League,24 years,2.0,7,3.52,5.0,2.0,0.0,0.0,0.0,0.0,0,0.0,0.0,0.0,0.0,0.0,0.0,0.0,Midfielder,
Matheus Nunes,POR,Manchester City,eng Premier League,24 years,7.3,20,2.72,16.0,0.0,0.0,1.0,3.0,0.0,3,0.41,3.0,0.0,0.0,0.0,0.0,0.0,Midfielder,
Darwin Núñez,URU,Liverpool,eng Premier League,24 years,22.7,79,3.47,60.0,0.0,5.0,12.0,2.0,0.0,14,0.62,11.0,0.0,0.0,2.0,1.0,0.0,Forward,
Unai Núñez,ESP,Celta Vigo,es La Liga,26 years,31.1,26,0.84,19.0,1.0,1.0,2.0,1.0,2.0,1,0.03,0.0,0.0,0.0,1.0,0.0,0.0,Defender,
Fabian Nürnberger,BUL,Darmstadt 98,de Bundesliga,24 years,16.8,52,3.09,39.0,7.0,1.0,3.0,1.0,1.0,3,0.18,2.0,0.0,0.0,0.0,1.0,0.0,Defender,Midfielder
Ethan Nwaneri,ENG,Arsenal,eng Premier League,16 years,0.2,1,6.43,1.0,0.0,0.0,0.0,0.0,0.0,0,0.0,0.0,0.0,0.0,0.0,0.0,0.0,Forward,
Simeon Nwankwo,NGA,Salernitana,it Serie A,31 years,7.6,7,0.92,6.0,0.0,0.0,1.0,0.0,0.0,0,0.0,0.0,0.0,0.0,0.0,0.0,0.0,Forward,
Gerzino Nyamsi,FRA,Strasbourg,fr Ligue 1,26 years,12.1,10,0.82,10.0,0.0,0.0,0.0,0.0,0.0,0,0.0,0.0,0.0,0.0,0.0,0.0,0.0,Defender,
Ørjan Nyland,NOR,Sevilla,es La Liga,32 years,24.0,7,0.29,6.0,1.0,0.0,0.0,0.0,0.0,0,0.0,0.0,0.0,0.0,0.0,0.0,0.0,Goalkeeper,
Rabby Nzingoula,CGO,Strasbourg,fr Ligue 1,17 years,1.5,3,2.03,2.0,0.0,0.0,0.0,1.0,0.0,1,0.68,1.0,0.0,0.0,0.0,0.0,0.0,Midfielder,Forward
M'Bala Nzola,ANG,Fiorentina,it Serie A,26 years,17.2,42,2.43,32.0,0.0,2.0,4.0,3.0,1.0,5,0.29,2.0,0.0,1.0,2.0,0.0,0.0,Forward,
Christian Nørgaard,DEN,Brentford,eng Premier League,29 years,27.8,63,2.26,48.0,8.0,0.0,3.0,2.0,2.0,3,0.11,3.0,0.0,0.0,0.0,0.0,0.0,Midfielder,
Jake O'Brien,IRL,Lyon,fr Ligue 1,22 years,26.3,14,0.53,8.0,1.0,0.0,5.0,0.0,0.0,2,0.08,0.0,0.0,0.0,2.0,0.0,0.0,Defender,
Mark O'Mahony,IRL,Brighton,eng Premier League,18 years,0.7,0,0.0,0.0,0.0,0.0,0.0,0.0,0.0,0,0.0,0.0,0.0,0.0,0.0,0.0,0.0,Forward,
Dara O'Shea,IRL,Burnley,eng Premier League,24 years,32.1,32,1.0,27.0,0.0,0.0,3.0,1.0,1.0,6,0.19,6.0,0.0,0.0,0.0,0.0,0.0,Defender,
Michael Obafemi,IRL,Burnley,eng Premier League,23 years,0.2,1,4.29,1.0,0.0,0.0,0.0,0.0,0.0,1,4.29,1.0,0.0,0.0,0.0,0.0,0.0,Forward,Midfielder
Adam Obert,SVK,Cagliari,it Serie A,20 years,10.5,16,1.53,15.0,1.0,0.0,0.0,0.0,0.0,4,0.38,4.0,0.0,0.0,0.0,0.0,0.0,Defender,
Pedro Obiang,EQG,Sassuolo,it Serie A,31 years,5.0,10,1.99,8.0,1.0,1.0,0.0,0.0,0.0,0,0.0,0.0,0.0,0.0,0.0,0.0,0.0,Midfielder,
Jan Oblak,SVN,Atlético Madrid,es La Liga,30 years,38.0,3,0.08,2.0,1.0,0.0,0.0,0.0,0.0,0,0.0,0.0,0.0,0.0,0.0,0.0,0.0,Goalkeeper,
Brian Ocampo,URU,Cádiz,es La Liga,24 years,2.8,8,2.9,6.0,0.0,2.0,0.0,0.0,0.0,1,0.36,0.0,0.0,1.0,0.0,0.0,0.0,Midfielder,Forward
Lucas Ocampos,ARG,Sevilla,es La Liga,29 years,31.9,99,3.1,74.0,2.0,4.0,4.0,11.0,4.0,9,0.28,8.0,0.0,0.0,0.0,0.0,1.0,Forward,Midfielder
Guillermo Ochoa,MEX,Salernitana,it Serie A,38 years,21.0,1,0.05,1.0,0.0,0.0,0.0,0.0,0.0,0,0.0,0.0,0.0,0.0,0.0,0.0,0.0,Goalkeeper,
Jens Odgaard,DEN,Bologna,it Serie A,24 years,4.8,8,1.67,7.0,0.0,0.0,0.0,1.0,0.0,0,0.0,0.0,0.0,0.0,0.0,0.0,0.0,Forward,Midfielder
Wilson Odobert,FRA,Burnley,eng Premier League,18 years,23.3,76,3.26,55.0,0.0,10.0,8.0,3.0,0.0,4,0.17,3.0,0.0,0.0,1.0,0.0,0.0,Midfielder,Forward
Álvaro Odriozola,ESP,Real Sociedad,es La Liga,27 years,4.4,6,1.37,5.0,0.0,0.0,0.0,1.0,0.0,0,0.0,0.0,0.0,0.0,0.0,0.0,0.0,Defender,
Tim Oermann,GER,Bochum,de Bundesliga,19 years,7.9,10,1.26,6.0,3.0,0.0,1.0,0.0,0.0,1,0.13,1.0,0.0,0.0,0.0,0.0,0.0,Defender,
Odeluga Offiah,ENG,Brighton,eng Premier League,20 years,1.4,4,2.81,3.0,1.0,0.0,0.0,0.0,0.0,0,0.0,0.0,0.0,0.0,0.0,0.0,0.0,Defender,
Chiedozie Ogbene,IRL,Luton Town,eng Premier League,26 years,22.2,79,3.56,51.0,2.0,12.0,5.0,9.0,0.0,9,0.41,1.0,0.0,2.0,2.0,4.0,0.0,Midfielder,Defender
Angelo Ogbonna,ITA,West Ham,eng Premier League,35 years,7.1,0,0.0,0.0,0.0,0.0,0.0,0.0,0.0,0,0.0,0.0,0.0,0.0,0.0,0.0,0.0,Defender,
Florent Ogier,FRA,Clermont Foot,fr Ligue 1,34 years,10.5,9,0.86,5.0,0.0,0.0,4.0,0.0,0.0,2,0.19,1.0,0.0,0.0,1.0,0.0,0.0,Defender,
Noah Okafor,SUI,Milan,it Serie A,23 years,9.9,18,1.83,11.0,0.0,4.0,2.0,0.0,1.0,4,0.41,3.0,0.0,0.0,1.0,0.0,0.0,Forward,Midfielder
David Okereke,NGA,Torino,it Serie A,25 years,2.8,3,1.07,3.0,0.0,0.0,0.0,0.0,0.0,0,0.0,0.0,0.0,0.0,0.0,0.0,0.0,Forward,Midfielder
Caleb Okoli,ITA,Frosinone,it Serie A,22 years,32.4,21,0.65,17.0,0.0,1.0,2.0,0.0,1.0,2,0.06,1.0,0.0,0.0,1.0,0.0,0.0,Defender,
Maduka Okoye,NGA,Udinese,it Serie A,23 years,21.0,0,0.0,0.0,0.0,0.0,0.0,0.0,0.0,0,0.0,0.0,0.0,0.0,0.0,0.0,0.0,Goalkeeper,
Masaya Okugawa,JPN,Augsburg,de Bundesliga,27 years,0.4,0,0.0,0.0,0.0,0.0,0.0,0.0,0.0,0,0.0,0.0,0.0,0.0,0.0,0.0,0.0,Forward,Defender
Joseph Okumu,KEN,Reims,fr Ligue 1,26 years,19.4,14,0.72,12.0,0.0,0.0,2.0,0.0,0.0,0,0.0,0.0,0.0,0.0,0.0,0.0,0.0,Defender,
Aingeru Olabarrieta,ESP,Athletic Club,es La Liga,17 years,0.1,1,10.0,1.0,0.0,0.0,0.0,0.0,0.0,0,0.0,0.0,0.0,0.0,0.0,0.0,0.0,Forward,
Michael Olakigbe,ENG,Brentford,eng Premier League,19 years,0.7,3,4.58,2.0,0.0,1.0,0.0,0.0,0.0,0,0.0,0.0,0.0,0.0,0.0,0.0,0.0,Defender,Forward
Olasagasti,ESP,Real Sociedad,es La Liga,22 years,4.0,13,3.25,6.0,0.0,4.0,1.0,1.0,1.0,0,0.0,0.0,0.0,0.0,0.0,0.0,0.0,Midfielder,
Finn Ole Becker,GER,Hoffenheim,de Bundesliga,23 years,6.7,17,2.52,15.0,0.0,0.0,1.0,1.0,0.0,2,0.3,1.0,0.0,0.0,1.0,0.0,0.0,Midfielder,
Mathias Olesen,LUX,Köln,de Bundesliga,22 years,1.2,2,1.61,2.0,0.0,0.0,0.0,0.0,0.0,0,0.0,0.0,0.0,0.0,0.0,0.0,0.0,Midfielder,Forward
Michael Olise,FRA,Crystal Palace,eng Premier League,21 years,14.2,82,5.79,44.0,15.0,11.0,5.0,7.0,0.0,14,0.99,11.0,1.0,2.0,0.0,0.0,0.0,Forward,Midfielder
Mathías Olivera,URU,Napoli,it Serie A,25 years,17.4,42,2.41,35.0,1.0,1.0,3.0,1.0,1.0,2,0.11,1.0,0.0,0.0,0.0,0.0,1.0,Defender,
Dani Olmo,ESP,RB Leipzig,de Bundesliga,25 years,16.1,61,3.79,44.0,0.0,3.0,9.0,3.0,2.0,8,0.5,8.0,0.0,0.0,0.0,0.0,0.0,Midfielder,
Robin Olsen,SWE,Aston Villa,eng Premier League,33 years,4.5,0,0.0,0.0,0.0,0.0,0.0,0.0,0.0,0,0.0,0.0,0.0,0.0,0.0,0.0,0.0,Goalkeeper,
Warmed Omari,COM,Rennes,fr Ligue 1,23 years,23.0,21,0.91,20.0,0.0,0.0,1.0,0.0,0.0,2,0.09,2.0,0.0,0.0,0.0,0.0,0.0,Defender,
Becir Omeragic,SUI,Montpellier,fr Ligue 1,21 years,25.7,25,0.97,22.0,0.0,0.0,1.0,2.0,0.0,1,0.04,1.0,0.0,0.0,0.0,0.0,0.0,Defender,Midfielder
Jonas Omlin,SUI,Gladbach,de Bundesliga,29 years,7.0,2,0.29,1.0,1.0,0.0,0.0,0.0,0.0,2,0.29,1.0,1.0,0.0,0.0,0.0,0.0,Goalkeeper,
Andrew Omobamidele,IRL,Nottingham Forest,eng Premier League,21 years,8.7,6,0.69,5.0,0.0,0.0,1.0,0.0,0.0,1,0.11,0.0,0.0,0.0,1.0,0.0,0.0,Defender,
Samu Omorodion,ESP,Alavés,es La Liga,19 years,21.3,31,1.46,19.0,0.0,5.0,5.0,2.0,0.0,3,0.14,0.0,0.0,1.0,1.0,1.0,0.0,Forward,
Samu Omorodion,ESP,Granada,es La Liga,19 years,0.9,2,2.25,0.0,0.0,0.0,2.0,0.0,0.0,0,0.0,0.0,0.0,0.0,0.0,0.0,0.0,Forward,
Amadou Onana,BEL,Everton,eng Premier League,21 years,23.2,56,2.41,47.0,0.0,1.0,3.0,4.0,1.0,1,0.04,0.0,0.0,0.0,0.0,0.0,1.0,Midfielder,
André Onana,CMR,Manchester Utd,eng Premier League,27 years,38.0,6,0.16,6.0,0.0,0.0,0.0,0.0,0.0,1,0.03,1.0,0.0,0.0,0.0,0.0,0.0,Goalkeeper,
Jean Onana,CMR,Marseille,fr Ligue 1,23 years,6.3,10,1.59,9.0,0.0,0.0,1.0,0.0,0.0,1,0.16,1.0,0.0,0.0,0.0,0.0,0.0,Midfielder,
Ryan One,SCO,Sheffield Utd,eng Premier League,17 years,0.1,0,0.0,0.0,0.0,0.0,0.0,0.0,0.0,0,0.0,0.0,0.0,0.0,0.0,0.0,0.0,Forward,
Karim Onisiwo,AUT,Mainz 05,de Bundesliga,31 years,16.6,51,3.07,29.0,0.0,5.0,9.0,8.0,0.0,7,0.42,3.0,0.0,1.0,3.0,0.0,0.0,Forward,Midfielder
Tyler Onyango,ENG,Everton,eng Premier League,20 years,0.0,0,0.0,0.0,0.0,0.0,0.0,0.0,0.0,0,0.0,0.0,0.0,0.0,0.0,0.0,0.0,Midfielder,
Fred Onyedinma,ENG,Luton Town,eng Premier League,26 years,4.5,5,1.11,4.0,1.0,0.0,0.0,0.0,0.0,0,0.0,0.0,0.0,0.0,0.0,0.0,0.0,Defender,Midfielder
Frank Onyeka,NGA,Brentford,eng Premier League,25 years,12.9,32,2.48,22.0,0.0,2.0,3.0,4.0,1.0,1,0.08,0.0,0.0,0.0,1.0,0.0,0.0,Midfielder,
Loïs Openda,BEL,RB Leipzig,de Bundesliga,23 years,30.0,84,2.8,58.0,0.0,7.0,11.0,7.0,1.0,13,0.43,10.0,0.0,1.0,1.0,1.0,0.0,Forward,
Royce Openda Owaga,GAB,Lorient,fr Ligue 1,21 years,0.2,0,0.0,0.0,0.0,0.0,0.0,0.0,0.0,0,0.0,0.0,0.0,0.0,0.0,0.0,0.0,Forward,
Christopher Operi,CIV,Le Havre,fr Ligue 1,26 years,27.2,74,2.72,29.0,34.0,5.0,4.0,2.0,0.0,6,0.22,2.0,2.0,1.0,0.0,1.0,0.0,Defender,
Leon Opitz,GER,Werder Bremen,de Bundesliga,18 years,0.2,0,0.0,0.0,0.0,0.0,0.0,0.0,0.0,0,0.0,0.0,0.0,0.0,0.0,0.0,0.0,Forward,Defender
Gift Orban,NGA,Lyon,fr Ligue 1,21 years,5.3,8,1.52,6.0,0.0,1.0,0.0,1.0,0.0,1,0.19,1.0,0.0,0.0,0.0,0.0,0.0,Forward,
Willi Orban,HUN,RB Leipzig,de Bundesliga,30 years,17.6,22,1.25,22.0,0.0,0.0,0.0,0.0,0.0,4,0.23,4.0,0.0,0.0,0.0,0.0,0.0,Defender,
Ivan Ordets,UKR,Bochum,de Bundesliga,31 years,20.9,12,0.57,10.0,0.0,0.0,1.0,1.0,0.0,1,0.05,0.0,0.0,0.0,0.0,1.0,0.0,Defender,
Divock Origi,BEL,Nottingham Forest,eng Premier League,28 years,6.7,16,2.38,11.0,1.0,2.0,1.0,1.0,0.0,2,0.3,2.0,0.0,0.0,0.0,0.0,0.0,Forward,
Gaetano Oristanio,ITA,Cagliari,it Serie A,20 years,12.3,39,3.18,24.0,1.0,6.0,4.0,4.0,0.0,3,0.24,2.0,0.0,0.0,1.0,0.0,0.0,Forward,Midfielder
Aimar Oroz,ESP,Osasuna,es La Liga,21 years,26.0,70,2.69,60.0,1.0,1.0,4.0,4.0,0.0,3,0.12,2.0,0.0,0.0,1.0,0.0,0.0,Midfielder,
Riccardo Orsolini,ITA,Bologna,it Serie A,26 years,19.9,84,4.22,51.0,18.0,8.0,3.0,4.0,0.0,7,0.35,2.0,1.0,2.0,1.0,1.0,0.0,Forward,Midfielder
Stefan Ortega,GER,Manchester City,eng Premier League,30 years,7.1,0,0.0,0.0,0.0,0.0,0.0,0.0,0.0,0,0.0,0.0,0.0,0.0,0.0,0.0,0.0,Goalkeeper,
Eneko Ortiz,ESP,Alavés,es La Liga,20 years,0.2,0,0.0,0.0,0.0,0.0,0.0,0.0,0.0,0,0.0,0.0,0.0,0.0,0.0,0.0,0.0,Defender,
Asier Osambela,ESP,Osasuna,es La Liga,19 years,0.1,0,0.0,0.0,0.0,0.0,0.0,0.0,0.0,0,0.0,0.0,0.0,0.0,0.0,0.0,0.0,Midfielder,
Ben Osborn,ENG,Sheffield Utd,eng Premier League,28 years,15.2,24,1.58,22.0,1.0,0.0,0.0,1.0,0.0,3,0.2,3.0,0.0,0.0,0.0,0.0,0.0,Defender,Midfielder
Gabriel Osho,NGA,Luton Town,eng Premier League,24 years,20.5,8,0.39,7.0,0.0,1.0,0.0,0.0,0.0,3,0.15,3.0,0.0,0.0,0.0,0.0,0.0,Defender,
Victor Osimhen,NGA,Napoli,it Serie A,24 years,22.0,54,2.45,29.0,0.0,4.0,14.0,7.0,0.0,8,0.36,5.0,0.0,1.0,1.0,1.0,0.0,Forward,
Milutin Osmajić,MNE,Cádiz,es La Liga,24 years,0.1,3,54.0,1.0,0.0,0.0,2.0,0.0,0.0,0,0.0,0.0,0.0,0.0,0.0,0.0,0.0,Midfielder,
Patrick Osterhage,GER,Bochum,de Bundesliga,23 years,20.7,49,2.37,40.0,1.0,3.0,1.0,3.0,1.0,3,0.15,2.0,0.0,1.0,0.0,0.0,0.0,Midfielder,
William Osula,DEN,Sheffield Utd,eng Premier League,19 years,8.7,12,1.37,3.0,0.0,1.0,5.0,3.0,0.0,1,0.11,0.0,0.0,0.0,1.0,0.0,0.0,Forward,
Dango Ouattara,BFA,Bournemouth,eng Premier League,21 years,13.7,45,3.3,34.0,1.0,4.0,2.0,1.0,3.0,3,0.22,3.0,0.0,0.0,0.0,0.0,0.0,Forward,Defender
Kassoum Ouattara,FRA,Monaco,fr Ligue 1,18 years,7.1,14,1.98,10.0,1.0,1.0,1.0,0.0,1.0,1,0.14,0.0,0.0,1.0,0.0,0.0,0.0,Defender,Forward
Remi Oudin,FRA,Lecce,it Serie A,26 years,20.2,92,4.55,39.0,42.0,0.0,6.0,0.0,5.0,3,0.15,1.0,2.0,0.0,0.0,0.0,0.0,Midfielder,Forward
Alexandre Oukidja,ALG,Metz,fr Ligue 1,35 years,33.2,4,0.12,4.0,0.0,0.0,0.0,0.0,0.0,0,0.0,0.0,0.0,0.0,0.0,0.0,0.0,Goalkeeper,
Azzedine Ounahi,MAR,Marseille,fr Ligue 1,23 years,13.4,44,3.28,40.0,1.0,0.0,1.0,2.0,0.0,3,0.22,2.0,1.0,0.0,0.0,0.0,0.0,Midfielder,
Adam Ounas,ALG,Lille,fr Ligue 1,26 years,4.6,28,6.04,17.0,1.0,4.0,2.0,4.0,0.0,1,0.22,0.0,0.0,0.0,1.0,0.0,0.0,Forward,
Patrick Ouotro,CIV,Strasbourg,fr Ligue 1,17 years,0.1,1,11.25,1.0,0.0,0.0,0.0,0.0,0.0,0,0.0,0.0,0.0,0.0,0.0,0.0,0.0,Forward,
Aiham Ousou,SYR,Cádiz,es La Liga,23 years,4.8,2,0.42,2.0,0.0,0.0,0.0,0.0,0.0,0,0.0,0.0,0.0,0.0,0.0,0.0,0.0,Defender,
Jesús Owono,EQG,Alavés,es La Liga,22 years,4.0,6,1.5,3.0,3.0,0.0,0.0,0.0,0.0,0,0.0,0.0,0.0,0.0,0.0,0.0,0.0,Goalkeeper,
Mikel Oyarzabal,ESP,Real Sociedad,es La Liga,26 years,24.0,41,1.71,27.0,1.0,4.0,5.0,2.0,2.0,4,0.17,3.0,0.0,1.0,0.0,0.0,0.0,Forward,Midfielder
Anthony Oyono,GAB,Frosinone,it Serie A,22 years,13.3,22,1.65,16.0,5.0,1.0,0.0,0.0,0.0,3,0.23,1.0,2.0,0.0,0.0,0.0,0.0,Defender,
Salih Özcan,TUR,Dortmund,de Bundesliga,25 years,13.2,23,1.75,22.0,0.0,0.0,0.0,1.0,0.0,4,0.3,4.0,0.0,0.0,0.0,0.0,0.0,Midfielder,
Cenk Özkacar,TUR,Valencia,es La Liga,22 years,17.8,13,0.73,12.0,1.0,0.0,0.0,0.0,0.0,2,0.11,2.0,0.0,0.0,0.0,0.0,0.0,Defender,
David Ozoh,ENG,Crystal Palace,eng Premier League,18 years,1.7,0,0.0,0.0,0.0,0.0,0.0,0.0,0.0,0,0.0,0.0,0.0,0.0,0.0,0.0,0.0,Midfielder,Defender
Jon Pacheco,ESP,Real Sociedad,es La Liga,22 years,17.0,14,0.83,12.0,0.0,0.0,2.0,0.0,0.0,3,0.18,3.0,0.0,0.0,0.0,0.0,0.0,Defender,
Willian Pacho,ECU,Eintracht Frankfurt,de Bundesliga,21 years,33.0,30,0.91,26.0,0.0,0.0,2.0,1.0,1.0,5,0.15,5.0,0.0,0.0,0.0,0.0,0.0,Defender,
Gonçalo Paciência,POR,Bochum,de Bundesliga,28 years,7.2,30,4.15,11.0,1.0,4.0,9.0,5.0,0.0,0,0.0,0.0,0.0,0.0,0.0,0.0,0.0,Forward,Midfielder
Simone Pafundi,ITA,Udinese,it Serie A,17 years,0.1,0,0.0,0.0,0.0,0.0,0.0,0.0,0.0,0,0.0,0.0,0.0,0.0,0.0,0.0,0.0,Midfielder,
Riccardo Pagano,ITA,Roma,it Serie A,18 years,0.6,5,8.82,2.0,1.0,1.0,1.0,0.0,0.0,0,0.0,0.0,0.0,0.0,0.0,0.0,0.0,Midfielder,Defender
Pablo Pagis,FRA,Lorient,fr Ligue 1,20 years,1.8,3,1.65,0.0,0.0,1.0,0.0,2.0,0.0,0,0.0,0.0,0.0,0.0,0.0,0.0,0.0,Midfielder,
Exequiel Palacios,ARG,Leverkusen,de Bundesliga,24 years,20.3,53,2.6,47.0,0.0,2.0,1.0,2.0,1.0,7,0.34,7.0,0.0,0.0,0.0,0.0,0.0,Midfielder,
Isaac Palazón Camacho,ESP,Rayo Vallecano,es La Liga,28 years,31.0,112,3.61,58.0,24.0,2.0,9.0,19.0,0.0,5,0.16,2.0,1.0,0.0,1.0,1.0,0.0,Midfielder,Forward
João Palhinha,POR,Fulham,eng Premier League,28 years,30.0,33,1.1,23.0,2.0,0.0,4.0,2.0,2.0,2,0.07,1.0,0.0,0.0,1.0,0.0,0.0,Midfielder,
Nicolas Pallois,FRA,Nantes,fr Ligue 1,35 years,17.7,9,0.51,8.0,0.0,1.0,0.0,0.0,0.0,1,0.06,1.0,0.0,0.0,0.0,0.0,0.0,Defender,
Cole Palmer,ENG,Chelsea,eng Premier League,21 years,29.0,162,5.59,116.0,12.0,14.0,10.0,5.0,5.0,26,0.9,20.0,0.0,1.0,2.0,1.0,2.0,Forward,Midfielder
Cole Palmer,ENG,Manchester City,eng Premier League,21 years,0.1,0,0.0,0.0,0.0,0.0,0.0,0.0,0.0,0,0.0,0.0,0.0,0.0,0.0,0.0,0.0,Midfielder,
Emerson Palmieri,ITA,West Ham,eng Premier League,28 years,34.9,74,2.12,49.0,6.0,3.0,4.0,8.0,4.0,12,0.34,6.0,2.0,1.0,1.0,1.0,1.0,Defender,
Joaquín Panichelli,ARG,Alavés,es La Liga,20 years,2.5,6,2.39,4.0,0.0,0.0,2.0,0.0,0.0,0,0.0,0.0,0.0,0.0,0.0,0.0,0.0,Forward,Midfielder
Miloš Pantović,SRB,Union Berlin,de Bundesliga,27 years,0.2,1,6.0,0.0,0.0,1.0,0.0,0.0,0.0,1,6.0,0.0,0.0,1.0,0.0,0.0,0.0,Midfielder,
Antonios Papadopoulos,GER,Dortmund,de Bundesliga,23 years,1.3,2,1.54,2.0,0.0,0.0,0.0,0.0,0.0,0,0.0,0.0,0.0,0.0,0.0,0.0,0.0,Defender,
Christos Papadopoulos,GRE,Genoa,it Serie A,18 years,0.0,0,0.0,0.0,0.0,0.0,0.0,0.0,0.0,0,0.0,0.0,0.0,0.0,0.0,0.0,0.0,Forward,
Sokratis Papastathopoulos,GRE,Betis,es La Liga,35 years,12.6,5,0.4,4.0,0.0,0.0,1.0,0.0,0.0,2,0.16,2.0,0.0,0.0,0.0,0.0,0.0,Defender,
Merveille Papela,GER,Mainz 05,de Bundesliga,22 years,2.9,7,2.45,5.0,0.0,1.0,0.0,0.0,1.0,0,0.0,0.0,0.0,0.0,0.0,0.0,0.0,Midfielder,Defender
Leart Paqarada,KVX,Köln,de Bundesliga,28 years,11.9,45,3.76,27.0,17.0,0.0,0.0,0.0,1.0,1,0.08,1.0,0.0,0.0,0.0,0.0,0.0,Defender,
Lucas Paquetá,BRA,West Ham,eng Premier League,25 years,29.1,95,3.26,77.0,1.0,7.0,2.0,6.0,2.0,16,0.55,13.0,1.0,2.0,0.0,0.0,0.0,Forward,Midfielder
Victor Parada,ESP,Alavés,es La Liga,21 years,0.0,0,0.0,0.0,0.0,0.0,0.0,0.0,0.0,0,0.0,0.0,0.0,0.0,0.0,0.0,0.0,Forward,Midfielder
Aitor Paredes,ESP,Athletic Club,es La Liga,23 years,30.0,15,0.5,15.0,0.0,0.0,0.0,0.0,0.0,1,0.03,1.0,0.0,0.0,0.0,0.0,0.0,Defender,
Kevin Paredes,USA,Wolfsburg,de Bundesliga,20 years,15.9,46,2.89,35.0,0.0,4.0,2.0,5.0,0.0,5,0.31,5.0,0.0,0.0,0.0,0.0,0.0,Forward,Midfielder
Leandro Paredes,ARG,Roma,it Serie A,29 years,29.3,80,2.73,51.0,20.0,1.0,3.0,3.0,2.0,9,0.31,4.0,3.0,0.0,1.0,1.0,0.0,Midfielder,
Daniel Parejo,ESP,Villarreal,es La Liga,34 years,28.7,79,2.76,55.0,21.0,0.0,2.0,0.0,1.0,10,0.35,7.0,2.0,0.0,1.0,0.0,0.0,Midfielder,
Fabiano Parisi,ITA,Fiorentina,it Serie A,22 years,16.2,42,2.6,40.0,0.0,1.0,0.0,1.0,0.0,4,0.25,4.0,0.0,0.0,0.0,0.0,0.0,Defender,
Ben Parkinson,ENG,Newcastle Utd,eng Premier League,18 years,0.3,0,0.0,0.0,0.0,0.0,0.0,0.0,0.0,0,0.0,0.0,0.0,0.0,0.0,0.0,0.0,Forward,
Thomas Partey,GHA,Arsenal,eng Premier League,30 years,8.8,25,2.86,24.0,0.0,0.0,0.0,1.0,0.0,4,0.46,4.0,0.0,0.0,0.0,0.0,0.0,Midfielder,Defender
Mario Pašalić,CRO,Atalanta,it Serie A,28 years,22.8,62,2.72,52.0,2.0,2.0,5.0,1.0,0.0,12,0.53,9.0,1.0,0.0,1.0,1.0,0.0,Midfielder,
Triantafyllos Pasaridīs,GRE,Salernitana,it Serie A,27 years,5.0,6,1.2,6.0,0.0,0.0,0.0,0.0,0.0,0,0.0,0.0,0.0,0.0,0.0,0.0,0.0,Defender,
Pascu,ESP,Villarreal,es La Liga,20 years,0.2,0,0.0,0.0,0.0,0.0,0.0,0.0,0.0,0,0.0,0.0,0.0,0.0,0.0,0.0,0.0,Forward,
Felix Passlack,GER,Bochum,de Bundesliga,25 years,10.7,30,2.82,20.0,5.0,2.0,1.0,1.0,1.0,2,0.19,2.0,0.0,0.0,0.0,0.0,0.0,Defender,
Patric,ESP,Lazio,it Serie A,30 years,17.9,9,0.5,7.0,0.0,0.0,1.0,0.0,1.0,0,0.0,0.0,0.0,0.0,0.0,0.0,0.0,Defender,
Rui Patrício,POR,Roma,it Serie A,35 years,23.0,0,0.0,0.0,0.0,0.0,0.0,0.0,0.0,0,0.0,0.0,0.0,0.0,0.0,0.0,0.0,Goalkeeper,
Nathan Patterson,SCO,Everton,eng Premier League,21 years,11.2,20,1.79,14.0,3.0,0.0,1.0,0.0,2.0,2,0.18,2.0,0.0,0.0,0.0,0.0,0.0,Defender,
Gabriel Paulista,BRA,Atlético Madrid,es La Liga,32 years,4.5,3,0.67,2.0,0.0,0.0,0.0,0.0,1.0,0,0.0,0.0,0.0,0.0,0.0,0.0,0.0,Defender,
Gabriel Paulista,BRA,Valencia,es La Liga,32 years,15.5,8,0.52,6.0,0.0,0.0,1.0,0.0,1.0,0,0.0,0.0,0.0,0.0,0.0,0.0,0.0,Defender,
Benjamin Pavard,FRA,Inter,it Serie A,27 years,18.6,27,1.45,25.0,0.0,0.0,1.0,1.0,0.0,2,0.11,2.0,0.0,0.0,0.0,0.0,0.0,Defender,
Jiří Pavlenka,CZE,Werder Bremen,de Bundesliga,31 years,7.0,3,0.43,2.0,1.0,0.0,0.0,0.0,0.0,0,0.0,0.0,0.0,0.0,0.0,0.0,0.0,Goalkeeper,
Aleksandar Pavlovic,GER,Bayern Munich,de Bundesliga,19 years,13.6,40,2.93,31.0,6.0,1.0,0.0,1.0,1.0,6,0.44,3.0,1.0,0.0,0.0,1.0,1.0,Midfielder,
Leonardo Pavoletti,ITA,Cagliari,it Serie A,34 years,7.0,14,2.01,12.0,0.0,0.0,0.0,2.0,0.0,1,0.14,1.0,0.0,0.0,0.0,0.0,0.0,Forward,
Martín Payero,ARG,Udinese,it Serie A,24 years,20.0,51,2.56,33.0,3.0,3.0,6.0,5.0,1.0,6,0.3,4.0,0.0,0.0,1.0,1.0,0.0,Midfielder,
Nicolás Paz,ARG,Real Madrid,es La Liga,18 years,0.3,1,3.91,1.0,0.0,0.0,0.0,0.0,0.0,0,0.0,0.0,0.0,0.0,0.0,0.0,0.0,Midfielder,Forward
Myles Peart-Harris,ENG,Brentford,eng Premier League,20 years,0.1,1,6.92,1.0,0.0,0.0,0.0,0.0,0.0,0,0.0,0.0,0.0,0.0,0.0,0.0,0.0,Defender,Midfielder
Sydie Peck,ENG,Sheffield Utd,eng Premier League,18 years,0.1,0,0.0,0.0,0.0,0.0,0.0,0.0,0.0,0,0.0,0.0,0.0,0.0,0.0,0.0,0.0,Midfielder,
Mads Pedersen,DEN,Augsburg,de Bundesliga,26 years,19.8,38,1.92,25.0,3.0,3.0,3.0,3.0,1.0,3,0.15,3.0,0.0,0.0,0.0,0.0,0.0,Defender,
Marcus Pedersen,NOR,Sassuolo,it Serie A,23 years,17.9,25,1.39,23.0,1.0,1.0,0.0,0.0,0.0,3,0.17,3.0,0.0,0.0,0.0,0.0,0.0,Defender,
Alfonso Pedraza,ESP,Villarreal,es La Liga,27 years,12.4,32,2.58,25.0,1.0,1.0,4.0,1.0,0.0,3,0.24,2.0,0.0,0.0,1.0,0.0,0.0,Defender,
Pedri,ESP,Barcelona,es La Liga,20 years,16.4,69,4.21,63.0,1.0,1.0,1.0,3.0,0.0,6,0.37,6.0,0.0,0.0,0.0,0.0,0.0,Midfielder,Forward
Pedro,ESP,Lazio,it Serie A,36 years,9.1,27,2.97,21.0,1.0,3.0,0.0,2.0,0.0,1,0.11,1.0,0.0,0.0,0.0,0.0,0.0,Forward,Midfielder
Adrià Pedrosa,ESP,Sevilla,es La Liga,25 years,19.5,52,2.67,38.0,6.0,1.0,2.0,4.0,1.0,4,0.21,4.0,0.0,0.0,0.0,0.0,0.0,Defender,
Jordan Pefok,USA,Gladbach,de Bundesliga,27 years,15.8,35,2.22,25.0,0.0,2.0,5.0,3.0,0.0,6,0.38,4.0,0.0,0.0,1.0,1.0,0.0,Forward,
Jordan Pefok,USA,Union Berlin,de Bundesliga,27 years,0.3,1,3.33,1.0,0.0,0.0,0.0,0.0,0.0,0,0.0,0.0,0.0,0.0,0.0,0.0,0.0,Forward,
Dženan Pejčinović,GER,Wolfsburg,de Bundesliga,18 years,0.4,2,4.86,1.0,0.0,0.0,1.0,0.0,0.0,0,0.0,0.0,0.0,0.0,0.0,0.0,0.0,Forward,
Pejiño,ESP,Las Palmas,es La Liga,27 years,5.6,19,3.39,13.0,2.0,2.0,2.0,0.0,0.0,0,0.0,0.0,0.0,0.0,0.0,0.0,0.0,Forward,
Pietro Pellegri,ITA,Torino,it Serie A,22 years,8.4,12,1.43,5.0,0.0,1.0,1.0,5.0,0.0,1,0.12,1.0,0.0,0.0,0.0,0.0,0.0,Forward,
Lorenzo Pellegrini,ITA,Roma,it Serie A,27 years,20.7,69,3.34,40.0,17.0,3.0,4.0,4.0,1.0,9,0.44,4.0,1.0,1.0,1.0,2.0,0.0,Midfielder,
Luca Pellegrini,ITA,Lazio,it Serie A,24 years,8.7,14,1.61,6.0,1.0,3.0,1.0,3.0,0.0,1,0.11,0.0,0.0,0.0,0.0,1.0,0.0,Defender,
Marco Pellegrino,ARG,Salernitana,it Serie A,21 years,6.1,3,0.49,3.0,0.0,0.0,0.0,0.0,0.0,0,0.0,0.0,0.0,0.0,0.0,0.0,0.0,Defender,
Marco Pellegrino,ARG,Milan,it Serie A,21 years,0.8,0,0.0,0.0,0.0,0.0,0.0,0.0,0.0,0,0.0,0.0,0.0,0.0,0.0,0.0,0.0,Defender,
Facundo Pellistri,URU,Manchester Utd,eng Premier League,21 years,1.9,3,1.57,2.0,0.0,0.0,0.0,1.0,0.0,1,0.52,1.0,0.0,0.0,0.0,0.0,0.0,Forward,Midfielder
Facundo Pellistri,URU,Granada,es La Liga,21 years,13.7,42,3.12,30.0,2.0,1.0,4.0,5.0,0.0,6,0.45,4.0,0.0,0.0,1.0,1.0,0.0,Midfielder,Forward
Andy Pelmard,FRA,Clermont Foot,fr Ligue 1,23 years,33.2,21,0.63,18.0,1.0,2.0,0.0,0.0,0.0,0,0.0,0.0,0.0,0.0,0.0,0.0,0.0,Defender,
Aurélien Pelon,FRA,Lorient,fr Ligue 1,19 years,1.0,0,0.0,0.0,0.0,0.0,0.0,0.0,0.0,0,0.0,0.0,0.0,0.0,0.0,0.0,0.0,Defender,
Faris Pemi Moumbagna,CMR,Marseille,fr Ligue 1,23 years,6.1,15,2.47,11.0,0.0,0.0,2.0,2.0,0.0,2,0.33,1.0,0.0,0.0,0.0,1.0,0.0,Forward,
Iñaki Peña,ESP,Barcelona,es La Liga,24 years,10.0,0,0.0,0.0,0.0,0.0,0.0,0.0,0.0,0,0.0,0.0,0.0,0.0,0.0,0.0,0.0,Goalkeeper,
Marcos Peña,ESP,Almería,es La Liga,18 years,4.9,3,0.61,2.0,0.0,0.0,0.0,0.0,1.0,0,0.0,0.0,0.0,0.0,0.0,0.0,0.0,Midfielder,
Rubén Peña,ESP,Osasuna,es La Liga,32 years,23.2,61,2.63,49.0,1.0,6.0,2.0,2.0,1.0,3,0.13,2.0,0.0,0.0,1.0,0.0,0.0,Defender,Forward
Pepín,EQG,Monza,it Serie A,26 years,2.7,7,2.64,5.0,0.0,0.0,1.0,1.0,0.0,0,0.0,0.0,0.0,0.0,0.0,0.0,0.0,Midfielder,Forward
Alberto Perea,ESP,Granada,es La Liga,32 years,0.0,2,90.0,1.0,0.0,0.0,0.0,1.0,0.0,0,0.0,0.0,0.0,0.0,0.0,0.0,0.0,Midfielder,Forward
Andreas Pereira,BRA,Fulham,eng Premier League,27 years,29.0,137,4.72,80.0,48.0,3.0,3.0,3.0,0.0,15,0.52,10.0,4.0,1.0,0.0,0.0,0.0,Midfielder,
Danilo Pereira,POR,Paris S-G,fr Ligue 1,31 years,22.2,14,0.63,14.0,0.0,0.0,0.0,0.0,0.0,2,0.09,2.0,0.0,0.0,0.0,0.0,0.0,Defender,
Mathias Pereira Lage,POR,Brest,fr Ligue 1,26 years,13.2,37,2.81,19.0,9.0,2.0,1.0,4.0,2.0,5,0.38,2.0,2.0,0.0,0.0,0.0,1.0,Forward,Midfielder
Pedro Pereira,POR,Monza,it Serie A,25 years,9.3,26,2.78,24.0,0.0,1.0,1.0,0.0,0.0,2,0.21,2.0,0.0,0.0,0.0,0.0,0.0,Defender,
Daniel Peretz,ISR,Bayern Munich,de Bundesliga,23 years,0.2,0,0.0,0.0,0.0,0.0,0.0,0.0,0.0,0,0.0,0.0,0.0,0.0,0.0,0.0,0.0,Goalkeeper,
Roberto Pereyra,ARG,Udinese,it Serie A,32 years,20.6,53,2.56,40.0,1.0,5.0,3.0,2.0,2.0,7,0.34,4.0,0.0,1.0,0.0,1.0,1.0,Forward,Midfielder
Ayoze Pérez,ESP,Betis,es La Liga,30 years,25.5,90,3.53,55.0,0.0,12.0,12.0,6.0,5.0,5,0.2,2.0,0.0,1.0,0.0,1.0,1.0,Forward,
Carles Pérez,ESP,Celta Vigo,es La Liga,25 years,8.6,29,3.38,20.0,0.0,5.0,0.0,4.0,0.0,3,0.35,2.0,0.0,1.0,0.0,0.0,0.0,Midfielder,Defender
Francisco Perez,ESP,Valencia,es La Liga,20 years,22.8,40,1.76,33.0,0.0,3.0,1.0,2.0,1.0,7,0.31,5.0,0.0,1.0,1.0,0.0,0.0,Midfielder,Forward
Kike Pérez,ESP,Rayo Vallecano,es La Liga,26 years,9.3,27,2.91,20.0,0.0,0.0,1.0,6.0,0.0,1,0.11,1.0,0.0,0.0,0.0,0.0,0.0,Midfielder,Forward
Nehuén Pérez,ARG,Udinese,it Serie A,23 years,36.0,39,1.08,34.0,1.0,1.0,3.0,0.0,0.0,5,0.14,5.0,0.0,0.0,0.0,0.0,0.0,Defender,
Matteo Perez Vinlöf,SWE,Bayern Munich,de Bundesliga,17 years,0.2,0,0.0,0.0,0.0,0.0,0.0,0.0,0.0,0,0.0,0.0,0.0,0.0,0.0,0.0,0.0,Forward,
Simone Perilli,ITA,Hellas Verona,it Serie A,28 years,1.0,1,1.0,1.0,0.0,0.0,0.0,0.0,0.0,0,0.0,0.0,0.0,0.0,0.0,0.0,0.0,Goalkeeper,
Mattia Perin,ITA,Juventus,it Serie A,30 years,2.5,0,0.0,0.0,0.0,0.0,0.0,0.0,0.0,0,0.0,0.0,0.0,0.0,0.0,0.0,0.0,Goalkeeper,
Samuele Perisan,ITA,Empoli,it Serie A,25 years,1.0,0,0.0,0.0,0.0,0.0,0.0,0.0,0.0,0,0.0,0.0,0.0,0.0,0.0,0.0,0.0,Goalkeeper,
Ivan Perišić,CRO,Tottenham,eng Premier League,34 years,1.1,8,6.99,6.0,1.0,1.0,0.0,0.0,0.0,2,1.75,1.0,1.0,0.0,0.0,0.0,0.0,Forward,
Romain Perraud,FRA,Nice,fr Ligue 1,25 years,4.1,5,1.22,4.0,1.0,0.0,0.0,0.0,0.0,2,0.49,1.0,1.0,0.0,0.0,0.0,0.0,Defender,Forward
Lucas Perrin,FRA,Strasbourg,fr Ligue 1,24 years,30.3,14,0.46,12.0,0.0,0.0,1.0,1.0,0.0,1,0.03,1.0,0.0,0.0,0.0,0.0,0.0,Defender,
Máximo Perrone,ARG,Las Palmas,es La Liga,20 years,18.0,29,1.61,28.0,0.0,0.0,1.0,0.0,0.0,0,0.0,0.0,0.0,0.0,0.0,0.0,0.0,Midfielder,
Pavao Pervan,AUT,Wolfsburg,de Bundesliga,35 years,9.0,1,0.11,1.0,0.0,0.0,0.0,0.0,0.0,0,0.0,0.0,0.0,0.0,0.0,0.0,0.0,Goalkeeper,
Matteo Pessina,ITA,Monza,it Serie A,26 years,35.8,74,2.07,64.0,0.0,1.0,5.0,2.0,2.0,8,0.22,7.0,0.0,0.0,1.0,0.0,0.0,Midfielder,
Andrea Petagna,ITA,Cagliari,it Serie A,28 years,11.1,30,2.71,24.0,0.0,1.0,3.0,2.0,0.0,3,0.27,1.0,0.0,1.0,1.0,0.0,0.0,Forward,
Denis Petrić,SRB,Nantes,fr Ligue 1,35 years,0.3,0,0.0,0.0,0.0,0.0,0.0,0.0,0.0,0,0.0,0.0,0.0,0.0,0.0,0.0,0.0,Goalkeeper,
Njegoš Petrović,SRB,Granada,es La Liga,24 years,1.7,4,2.29,4.0,0.0,0.0,0.0,0.0,0.0,0,0.0,0.0,0.0,0.0,0.0,0.0,0.0,Midfielder,Forward
Đorđe Petrović,SRB,Chelsea,eng Premier League,23 years,22.1,1,0.05,1.0,0.0,0.0,0.0,0.0,0.0,0,0.0,0.0,0.0,0.0,0.0,0.0,0.0,Goalkeeper,
Jens Petter Hauge,NOR,Eintracht Frankfurt,de Bundesliga,23 years,1.6,3,1.84,2.0,1.0,0.0,0.0,0.0,0.0,0,0.0,0.0,0.0,0.0,0.0,0.0,0.0,Midfielder,Forward
Germán Pezzella,ARG,Betis,es La Liga,32 years,30.7,15,0.49,13.0,0.0,1.0,1.0,0.0,0.0,0,0.0,0.0,0.0,0.0,0.0,0.0,0.0,Defender,
Giuseppe Pezzella,ITA,Empoli,it Serie A,25 years,12.1,19,1.58,16.0,1.0,1.0,1.0,0.0,0.0,1,0.08,0.0,1.0,0.0,0.0,0.0,0.0,Defender,
Luca Pfeiffer,GER,Darmstadt 98,de Bundesliga,26 years,18.0,49,2.73,33.0,1.0,2.0,8.0,5.0,0.0,6,0.33,4.0,0.0,0.0,2.0,0.0,0.0,Forward,Midfielder
Patric Pfeiffer,GER,Augsburg,de Bundesliga,23 years,5.7,7,1.23,4.0,0.0,0.0,3.0,0.0,0.0,1,0.18,1.0,0.0,0.0,0.0,0.0,0.0,Defender,
Maximilian Philipp,GER,Freiburg,de Bundesliga,29 years,3.6,8,2.22,7.0,0.0,0.0,1.0,0.0,0.0,1,0.28,0.0,0.0,0.0,1.0,0.0,0.0,Forward,Midfielder
Kalvin Phillips,ENG,West Ham,eng Premier League,27 years,3.4,5,1.46,5.0,0.0,0.0,0.0,0.0,0.0,0,0.0,0.0,0.0,0.0,0.0,0.0,0.0,Midfielder,
Kalvin Phillips,ENG,Manchester City,eng Premier League,27 years,1.0,1,0.98,0.0,0.0,0.0,1.0,0.0,0.0,0,0.0,0.0,0.0,0.0,0.0,0.0,0.0,Midfielder,
Jaden Philogene Bidace,ENG,Aston Villa,eng Premier League,21 years,0.0,0,0.0,0.0,0.0,0.0,0.0,0.0,0.0,0,0.0,0.0,0.0,0.0,0.0,0.0,0.0,Forward,
Kamil Piątkowski,POL,Granada,es La Liga,23 years,5.6,2,0.36,1.0,0.0,0.0,1.0,0.0,0.0,0,0.0,0.0,0.0,0.0,0.0,0.0,0.0,Defender,
Roberto Piccoli,ITA,Empoli,it Serie A,22 years,0.4,2,4.74,1.0,0.0,0.0,0.0,0.0,1.0,0,0.0,0.0,0.0,0.0,0.0,0.0,0.0,Forward,
Roberto Piccoli,ITA,Lecce,it Serie A,22 years,15.3,32,2.09,20.0,0.0,3.0,8.0,1.0,0.0,2,0.13,1.0,0.0,0.0,0.0,1.0,0.0,Forward,
Florian Pick,GER,Heidenheim,de Bundesliga,27 years,3.6,17,4.65,9.0,4.0,4.0,0.0,0.0,0.0,1,0.27,1.0,0.0,0.0,0.0,0.0,0.0,Midfielder,Forward
Jordan Pickford,ENG,Everton,eng Premier League,29 years,38.0,24,0.63,14.0,10.0,0.0,0.0,0.0,0.0,0,0.0,0.0,0.0,0.0,0.0,0.0,0.0,Goalkeeper,
Amos Pieper,GER,Werder Bremen,de Bundesliga,25 years,6.6,6,0.92,6.0,0.0,0.0,0.0,0.0,0.0,0,0.0,0.0,0.0,0.0,0.0,0.0,0.0,Defender,
Marvin Pieringer,GER,Heidenheim,de Bundesliga,23 years,16.8,29,1.72,23.0,0.0,1.0,3.0,2.0,0.0,4,0.24,3.0,0.0,0.0,1.0,0.0,0.0,Midfielder,Forward
Santiago Pierotti,ARG,Lecce,it Serie A,22 years,2.2,12,5.37,5.0,0.0,3.0,2.0,2.0,0.0,2,0.9,1.0,0.0,1.0,0.0,0.0,0.0,Midfielder,Forward
Niccolò Pierozzi,ITA,Salernitana,it Serie A,21 years,9.7,9,0.93,5.0,0.0,0.0,2.0,2.0,0.0,2,0.21,0.0,0.0,0.0,1.0,1.0,0.0,Defender,
Ronaël Pierre-Gabriel,FRA,Nantes,fr Ligue 1,25 years,6.6,4,0.6,1.0,0.0,0.0,2.0,1.0,0.0,0,0.0,0.0,0.0,0.0,0.0,0.0,0.0,Defender,
Andrea Pinamonti,ITA,Sassuolo,it Serie A,24 years,34.2,59,1.73,37.0,0.0,3.0,6.0,11.0,2.0,8,0.23,4.0,0.0,1.0,0.0,2.0,1.0,Forward,
Ethan Pinnock,JAM,Brentford,eng Premier League,30 years,28.0,24,0.86,16.0,1.0,0.0,6.0,0.0,1.0,1,0.04,1.0,0.0,0.0,0.0,0.0,0.0,Defender,
Yeremi Pino,ESP,Villarreal,es La Liga,20 years,5.3,13,2.46,10.0,0.0,1.0,2.0,0.0,0.0,0,0.0,0.0,0.0,0.0,0.0,0.0,0.0,Midfielder,Forward
Carlo Pinsoglio,ITA,Juventus,it Serie A,33 years,0.5,0,0.0,0.0,0.0,0.0,0.0,0.0,0.0,0,0.0,0.0,0.0,0.0,0.0,0.0,0.0,Goalkeeper,
Lorenzo Pirola,ITA,Salernitana,it Serie A,21 years,22.1,9,0.41,5.0,0.0,0.0,1.0,1.0,2.0,0,0.0,0.0,0.0,0.0,0.0,0.0,0.0,Defender,
Niccolò Pisilli,ITA,Roma,it Serie A,18 years,0.1,0,0.0,0.0,0.0,0.0,0.0,0.0,0.0,0,0.0,0.0,0.0,0.0,0.0,0.0,0.0,Midfielder,
Alassane Pléa,FRA,Gladbach,de Bundesliga,30 years,21.3,77,3.62,55.0,6.0,5.0,4.0,7.0,0.0,11,0.52,7.0,1.0,2.0,0.0,1.0,0.0,Forward,Midfielder
Tommaso Pobega,ITA,Milan,it Serie A,24 years,3.5,4,1.13,3.0,0.0,0.0,1.0,0.0,0.0,0,0.0,0.0,0.0,0.0,0.0,0.0,0.0,Midfielder,
Paul Pogba,FRA,Juventus,it Serie A,30 years,0.6,2,3.33,2.0,0.0,0.0,0.0,0.0,0.0,1,1.67,1.0,0.0,0.0,0.0,0.0,0.0,Midfielder,
Ole Pohlmann,GER,Dortmund,de Bundesliga,22 years,0.6,0,0.0,0.0,0.0,0.0,0.0,0.0,0.0,0,0.0,0.0,0.0,0.0,0.0,0.0,0.0,Midfielder,
Matteo Politano,ITA,Napoli,it Serie A,29 years,26.2,142,5.41,100.0,16.0,6.0,14.0,6.0,0.0,15,0.57,10.0,2.0,2.0,0.0,1.0,0.0,Forward,
Sebastian Polter,GER,Darmstadt 98,de Bundesliga,32 years,5.0,10,2.02,7.0,1.0,0.0,1.0,1.0,0.0,2,0.4,2.0,0.0,0.0,0.0,0.0,0.0,Forward,
Julien Ponceau,FRA,Lorient,fr Ligue 1,22 years,24.9,83,3.33,58.0,7.0,7.0,6.0,4.0,1.0,8,0.32,6.0,0.0,0.0,2.0,0.0,0.0,Midfielder,
Marin Pongračić,CRO,Lecce,it Serie A,25 years,35.8,32,0.89,24.0,3.0,1.0,1.0,1.0,2.0,2,0.06,2.0,0.0,0.0,0.0,0.0,0.0,Defender,
Nick Pope,ENG,Newcastle Utd,eng Premier League,31 years,14.9,1,0.07,1.0,0.0,0.0,0.0,0.0,0.0,0,0.0,0.0,0.0,0.0,0.0,0.0,0.0,Goalkeeper,
Pedro Porro,ESP,Tottenham,eng Premier League,23 years,34.3,107,3.12,66.0,28.0,4.0,5.0,4.0,0.0,12,0.35,9.0,3.0,0.0,0.0,0.0,0.0,Defender,
Portu,ESP,Getafe,es La Liga,31 years,1.1,2,1.86,1.0,1.0,0.0,0.0,0.0,0.0,0,0.0,0.0,0.0,0.0,0.0,0.0,0.0,Forward,
Portu,ESP,Girona,es La Liga,31 years,13.2,29,2.2,22.0,1.0,2.0,2.0,2.0,0.0,9,0.68,7.0,0.0,1.0,0.0,1.0,0.0,Midfielder,Forward
Stefan Posch,AUT,Bologna,it Serie A,26 years,26.8,44,1.64,36.0,5.0,1.0,2.0,0.0,0.0,4,0.15,3.0,0.0,0.0,1.0,0.0,0.0,Defender,
Yussuf Poulsen,DEN,RB Leipzig,de Bundesliga,29 years,13.5,37,2.74,25.0,0.0,4.0,4.0,4.0,0.0,5,0.37,4.0,0.0,1.0,0.0,0.0,0.0,Forward,
José Pozo,ESP,Rayo Vallecano,es La Liga,27 years,0.2,0,0.0,0.0,0.0,0.0,0.0,0.0,0.0,0,0.0,0.0,0.0,0.0,0.0,0.0,0.0,Midfielder,
Alejandro Pozo Pozo,ESP,Almería,es La Liga,24 years,10.8,25,2.31,18.0,3.0,1.0,2.0,1.0,0.0,3,0.28,1.0,1.0,0.0,1.0,0.0,0.0,Defender,Midfielder
Beñat Prados,ESP,Athletic Club,es La Liga,22 years,16.1,21,1.3,20.0,0.0,0.0,1.0,0.0,0.0,1,0.06,1.0,0.0,0.0,0.0,0.0,0.0,Midfielder,Defender
Matteo Prati,ITA,Cagliari,it Serie A,19 years,21.9,51,2.33,42.0,2.0,1.0,4.0,1.0,1.0,4,0.18,4.0,0.0,0.0,0.0,0.0,0.0,Midfielder,
Abdón Prats,ESP,Mallorca,es La Liga,30 years,14.1,23,1.63,16.0,1.0,1.0,3.0,1.0,1.0,3,0.21,3.0,0.0,0.0,0.0,0.0,0.0,Forward,Midfielder
Sanjin Prcić,BIH,Strasbourg,fr Ligue 1,29 years,1.0,4,4.09,4.0,0.0,0.0,0.0,0.0,0.0,1,1.02,1.0,0.0,0.0,0.0,0.0,0.0,Midfielder,
Grischa Prömel,GER,Hoffenheim,de Bundesliga,28 years,23.8,44,1.85,33.0,0.0,2.0,4.0,3.0,2.0,8,0.34,7.0,0.0,0.0,1.0,0.0,0.0,Midfielder,
Ivan Provedel,ITA,Lazio,it Serie A,29 years,30.0,3,0.1,2.0,1.0,0.0,0.0,0.0,0.0,0,0.0,0.0,0.0,0.0,0.0,0.0,0.0,Goalkeeper,
Marc Pubill,ESP,Almería,es La Liga,20 years,20.9,42,2.01,34.0,1.0,2.0,4.0,0.0,1.0,4,0.19,4.0,0.0,0.0,0.0,0.0,0.0,Defender,
Gustavo Puerta,COL,Leverkusen,de Bundesliga,20 years,0.5,2,3.91,2.0,0.0,0.0,0.0,0.0,0.0,0,0.0,0.0,0.0,0.0,0.0,0.0,0.0,Defender,Midfielder
Antonio Puertas,ESP,Granada,es La Liga,31 years,8.1,29,3.57,15.0,0.0,4.0,3.0,6.0,1.0,1,0.12,1.0,0.0,0.0,0.0,0.0,0.0,Midfielder,Forward
Arnau Puigmal,ESP,Almería,es La Liga,22 years,2.8,4,1.42,2.0,2.0,0.0,0.0,0.0,0.0,0,0.0,0.0,0.0,0.0,0.0,0.0,0.0,Forward,Defender
Christian Pulisic,USA,Milan,it Serie A,24 years,28.9,90,3.11,59.0,9.0,8.0,6.0,6.0,2.0,17,0.59,13.0,0.0,2.0,0.0,1.0,1.0,Forward,Midfielder
George Pușcaș,ROU,Genoa,it Serie A,27 years,2.1,5,2.37,3.0,0.0,1.0,1.0,0.0,0.0,0,0.0,0.0,0.0,0.0,0.0,0.0,0.0,Forward,
Jarell Quansah,ENG,Liverpool,eng Premier League,20 years,13.2,13,0.98,13.0,0.0,0.0,0.0,0.0,0.0,1,0.08,1.0,0.0,0.0,0.0,0.0,0.0,Defender,
Domingos Quina,POR,Udinese,it Serie A,23 years,0.1,0,0.0,0.0,0.0,0.0,0.0,0.0,0.0,0,0.0,0.0,0.0,0.0,0.0,0.0,0.0,Midfielder,
Adrien Rabiot,FRA,Juventus,it Serie A,28 years,29.5,64,2.17,54.0,0.0,2.0,4.0,4.0,0.0,5,0.17,4.0,0.0,1.0,0.0,0.0,0.0,Midfielder,
Uroš Račić,SRB,Sassuolo,it Serie A,25 years,9.1,17,1.86,13.0,0.0,0.0,3.0,1.0,0.0,3,0.33,2.0,0.0,0.0,1.0,0.0,0.0,Midfielder,
Nemanja Radonjić,SRB,Torino,it Serie A,27 years,4.2,9,2.17,5.0,0.0,2.0,2.0,0.0,0.0,1,0.24,0.0,0.0,1.0,0.0,0.0,0.0,Midfielder,Forward
Nemanja Radonjić,SRB,Mallorca,es La Liga,27 years,3.9,19,4.84,8.0,2.0,6.0,3.0,0.0,0.0,1,0.25,0.0,0.0,1.0,0.0,0.0,0.0,Midfielder,Defender
Aleksandar Radovanović,SRB,Almería,es La Liga,29 years,6.3,2,0.32,1.0,0.0,0.0,1.0,0.0,0.0,0,0.0,0.0,0.0,0.0,0.0,0.0,0.0,Defender,
Ionuț Radu,ROU,Bournemouth,eng Premier League,26 years,2.0,0,0.0,0.0,0.0,0.0,0.0,0.0,0.0,0,0.0,0.0,0.0,0.0,0.0,0.0,0.0,Goalkeeper,
Boris Radunović,SRB,Cagliari,it Serie A,27 years,7.0,1,0.14,1.0,0.0,0.0,0.0,0.0,0.0,0,0.0,0.0,0.0,0.0,0.0,0.0,0.0,Goalkeeper,
Hamza Rafia,TUN,Lecce,it Serie A,24 years,13.4,33,2.47,19.0,3.0,1.0,3.0,3.0,4.0,2,0.15,1.0,0.0,0.0,0.0,0.0,1.0,Midfielder,
Abdellah Raihani,MAR,Atlético Madrid,es La Liga,19 years,0.1,0,0.0,0.0,0.0,0.0,0.0,0.0,0.0,0,0.0,0.0,0.0,0.0,0.0,0.0,0.0,Forward,
Antonio Raillo,ESP,Mallorca,es La Liga,31 years,24.4,22,0.9,16.0,0.0,0.0,6.0,0.0,0.0,6,0.25,4.0,0.0,0.0,2.0,0.0,0.0,Defender,
Luca Raimund,GER,Stuttgart,de Bundesliga,18 years,0.3,3,9.0,1.0,0.0,0.0,2.0,0.0,0.0,0,0.0,0.0,0.0,0.0,0.0,0.0,0.0,Forward,Midfielder
Predrag Rajković,SRB,Mallorca,es La Liga,27 years,36.0,9,0.25,5.0,4.0,0.0,0.0,0.0,0.0,1,0.03,0.0,1.0,0.0,0.0,0.0,0.0,Goalkeeper,
Jesurun Rak Sakyi,ENG,Crystal Palace,eng Premier League,20 years,1.5,6,3.97,4.0,0.0,2.0,0.0,0.0,0.0,0,0.0,0.0,0.0,0.0,0.0,0.0,0.0,Midfielder,Forward
Ivan Rakitić,CRO,Sevilla,es La Liga,35 years,15.8,80,5.05,47.0,27.0,1.0,2.0,3.0,0.0,1,0.06,0.0,1.0,0.0,0.0,0.0,0.0,Midfielder,
Ylber Ramadani,ALB,Lecce,it Serie A,27 years,33.0,55,1.67,43.0,1.0,2.0,6.0,2.0,1.0,0,0.0,0.0,0.0,0.0,0.0,0.0,0.0,Midfielder,
Largie Ramazani,BEL,Almería,es La Liga,22 years,17.3,57,3.29,36.0,1.0,7.0,7.0,5.0,1.0,10,0.58,7.0,0.0,2.0,0.0,1.0,0.0,Forward,Midfielder
Benito Ramírez,ESP,Las Palmas,es La Liga,28 years,4.3,8,1.87,5.0,0.0,1.0,1.0,1.0,0.0,2,0.47,1.0,0.0,0.0,1.0,0.0,0.0,Forward,Midfielder
Sandro Ramírez,ESP,Las Palmas,es La Liga,28 years,20.1,77,3.84,41.0,17.0,4.0,7.0,6.0,2.0,5,0.25,3.0,1.0,0.0,0.0,1.0,0.0,Forward,
Chris Ramos,ESP,Cádiz,es La Liga,26 years,29.0,39,1.34,17.0,0.0,7.0,7.0,7.0,1.0,2,0.07,0.0,0.0,0.0,0.0,2.0,0.0,Forward,Midfielder
Gonçalo Ramos,POR,Paris S-G,fr Ligue 1,22 years,15.8,34,2.16,22.0,0.0,1.0,3.0,4.0,4.0,6,0.38,3.0,0.0,0.0,0.0,3.0,0.0,Forward,
Sergio Ramos,ESP,Sevilla,es La Liga,37 years,28.0,21,0.75,17.0,0.0,0.0,3.0,1.0,0.0,3,0.11,2.0,0.0,0.0,1.0,0.0,0.0,Defender,
Aaron Ramsdale,ENG,Arsenal,eng Premier League,25 years,6.0,0,0.0,0.0,0.0,0.0,0.0,0.0,0.0,0,0.0,0.0,0.0,0.0,0.0,0.0,0.0,Goalkeeper,
Aaron Ramsey,ENG,Burnley,eng Premier League,20 years,5.9,5,0.85,5.0,0.0,0.0,0.0,0.0,0.0,0,0.0,0.0,0.0,0.0,0.0,0.0,0.0,Midfielder,Forward
Jacob Ramsey,ENG,Aston Villa,eng Premier League,22 years,9.5,29,3.06,23.0,2.0,1.0,2.0,0.0,1.0,3,0.32,2.0,1.0,0.0,0.0,0.0,0.0,Forward,Midfielder
Luca Ranieri,ITA,Fiorentina,it Serie A,24 years,22.9,22,0.96,19.0,1.0,0.0,2.0,0.0,0.0,2,0.09,1.0,1.0,0.0,0.0,0.0,0.0,Defender,
Filippo Ranocchia,ITA,Empoli,it Serie A,22 years,5.3,8,1.51,6.0,2.0,0.0,0.0,0.0,0.0,0,0.0,0.0,0.0,0.0,0.0,0.0,0.0,Midfielder,Defender
Grant Ranos,ARM,Gladbach,de Bundesliga,20 years,0.5,2,3.6,2.0,0.0,0.0,0.0,0.0,0.0,1,1.8,1.0,0.0,0.0,0.0,0.0,0.0,Midfielder,Forward
Raphinha,BRA,Barcelona,es La Liga,26 years,15.2,89,5.86,47.0,20.0,6.0,8.0,7.0,1.0,13,0.86,9.0,3.0,0.0,1.0,0.0,0.0,Forward,Midfielder
Nicolai Rapp,GER,Werder Bremen,de Bundesliga,26 years,0.8,0,0.0,0.0,0.0,0.0,0.0,0.0,0.0,0,0.0,0.0,0.0,0.0,0.0,0.0,0.0,Defender,
Elba Rashani,KVX,Clermont Foot,fr Ligue 1,30 years,13.1,29,2.22,22.0,0.0,1.0,2.0,3.0,1.0,2,0.15,1.0,0.0,0.0,0.0,1.0,0.0,Midfielder,Forward
Marcus Rashford,ENG,Manchester Utd,eng Premier League,25 years,25.2,87,3.45,57.0,1.0,16.0,7.0,6.0,0.0,12,0.48,10.0,0.0,1.0,0.0,1.0,0.0,Forward,
Giacomo Raspadori,ITA,Napoli,it Serie A,23 years,17.6,75,4.25,49.0,11.0,4.0,7.0,3.0,1.0,3,0.17,3.0,0.0,0.0,0.0,0.0,0.0,Forward,Midfielder
Andrei Ratiu,ROU,Rayo Vallecano,es La Liga,25 years,7.0,11,1.57,10.0,0.0,0.0,0.0,0.0,1.0,0,0.0,0.0,0.0,0.0,0.0,0.0,0.0,Defender,Midfielder
Raúl,ESP,Osasuna,es La Liga,22 years,15.1,22,1.46,16.0,0.0,0.0,4.0,2.0,0.0,2,0.13,2.0,0.0,0.0,0.0,0.0,0.0,Forward,
David Raum,GER,RB Leipzig,de Bundesliga,25 years,30.4,101,3.32,58.0,35.0,6.0,1.0,1.0,0.0,13,0.43,5.0,6.0,2.0,0.0,0.0,0.0,Defender,
Federico Ravaglia,ITA,Bologna,it Serie A,23 years,5.9,1,0.17,1.0,0.0,0.0,0.0,0.0,0.0,0,0.0,0.0,0.0,0.0,0.0,0.0,0.0,Goalkeeper,
David Raya,ESP,Arsenal,eng Premier League,27 years,32.0,4,0.12,3.0,1.0,0.0,0.0,0.0,0.0,0,0.0,0.0,0.0,0.0,0.0,0.0,0.0,Goalkeeper,
Tim Ream,USA,Fulham,eng Premier League,35 years,16.7,10,0.6,9.0,1.0,0.0,0.0,0.0,0.0,1,0.06,1.0,0.0,0.0,0.0,0.0,0.0,Defender,
Abderrahman Rebbach,ALG,Alavés,es La Liga,24 years,8.0,29,3.61,15.0,7.0,4.0,2.0,1.0,0.0,0,0.0,0.0,0.0,0.0,0.0,0.0,0.0,Forward,Midfielder
Nathan Redmond,ENG,Burnley,eng Premier League,29 years,1.6,8,5.07,6.0,0.0,1.0,0.0,1.0,0.0,1,0.63,1.0,0.0,0.0,0.0,0.0,0.0,Forward,Midfielder
Harrison Reed,ENG,Fulham,eng Premier League,28 years,14.7,29,1.97,25.0,3.0,0.0,0.0,1.0,0.0,5,0.34,3.0,2.0,0.0,0.0,0.0,0.0,Midfielder,
Sergio Reguilón,ESP,Manchester Utd,eng Premier League,26 years,4.6,15,3.28,13.0,1.0,0.0,1.0,0.0,0.0,1,0.22,1.0,0.0,0.0,0.0,0.0,0.0,Defender,
Sergio Reguilón,ESP,Brentford,eng Premier League,26 years,12.4,35,2.82,20.0,11.0,1.0,2.0,1.0,0.0,6,0.48,2.0,2.0,0.0,2.0,0.0,0.0,Defender,
Tijjani Reijnders,NED,Milan,it Serie A,25 years,31.3,132,4.21,102.0,11.0,11.0,4.0,1.0,3.0,18,0.57,16.0,0.0,2.0,0.0,0.0,0.0,Midfielder,
Pepe Reina,ESP,Villarreal,es La Liga,40 years,2.0,0,0.0,0.0,0.0,0.0,0.0,0.0,0.0,0,0.0,0.0,0.0,0.0,0.0,0.0,0.0,Goalkeeper,
Reinier,BRA,Frosinone,it Serie A,21 years,11.8,34,2.89,31.0,3.0,0.0,0.0,0.0,0.0,5,0.42,5.0,0.0,0.0,0.0,0.0,0.0,Midfielder,Forward
Rocco Reitz,GER,Gladbach,de Bundesliga,21 years,23.7,63,2.66,42.0,0.0,7.0,5.0,4.0,5.0,8,0.34,5.0,0.0,2.0,0.0,0.0,1.0,Midfielder,
Álex Remiro,ESP,Real Sociedad,es La Liga,28 years,36.4,6,0.16,3.0,3.0,0.0,0.0,0.0,0.0,0,0.0,0.0,0.0,0.0,0.0,0.0,0.0,Goalkeeper,
Guillaume Restes,FRA,Toulouse,fr Ligue 1,18 years,34.0,2,0.06,1.0,1.0,0.0,0.0,0.0,0.0,0,0.0,0.0,0.0,0.0,0.0,0.0,0.0,Goalkeeper,
Mateo Retegui,ITA,Genoa,it Serie A,24 years,24.6,29,1.18,16.0,0.0,4.0,6.0,3.0,0.0,4,0.16,3.0,0.0,1.0,0.0,0.0,0.0,Forward,
Marco Reus,GER,Dortmund,de Bundesliga,34 years,17.8,69,3.88,45.0,7.0,1.0,8.0,6.0,2.0,10,0.56,4.0,2.0,0.0,1.0,2.0,1.0,Midfielder,Forward
Elvis Rexhbeçaj,KVX,Augsburg,de Bundesliga,25 years,22.1,41,1.86,31.0,2.0,2.0,3.0,3.0,0.0,1,0.05,1.0,0.0,0.0,0.0,0.0,0.0,Midfielder,
Gio Reyna,USA,Nottingham Forest,eng Premier League,20 years,2.6,12,4.6,9.0,1.0,1.0,0.0,0.0,1.0,2,0.77,1.0,1.0,0.0,0.0,0.0,0.0,Forward,Midfielder
Gio Reyna,USA,Dortmund,de Bundesliga,20 years,3.1,25,8.04,17.0,0.0,2.0,3.0,2.0,1.0,2,0.64,2.0,0.0,0.0,0.0,0.0,0.0,Midfielder,Forward
Chadi Riad,MAR,Betis,es La Liga,20 years,24.0,12,0.5,9.0,1.0,0.0,2.0,0.0,0.0,0,0.0,0.0,0.0,0.0,0.0,0.0,0.0,Defender,
Alexsandro Ribeiro,BRA,Lille,fr Ligue 1,23 years,24.7,11,0.45,10.0,0.0,0.0,1.0,0.0,0.0,1,0.04,0.0,0.0,0.0,1.0,0.0,0.0,Defender,
Rodrigo Ribeiro,POR,Nottingham Forest,eng Premier League,18 years,0.2,1,5.29,1.0,0.0,0.0,0.0,0.0,0.0,0,0.0,0.0,0.0,0.0,0.0,0.0,0.0,Midfielder,Forward
Samuele Ricci,ITA,Torino,it Serie A,21 years,26.6,68,2.56,50.0,8.0,2.0,4.0,4.0,0.0,7,0.26,3.0,0.0,1.0,2.0,1.0,0.0,Midfielder,
Declan Rice,ENG,Arsenal,eng Premier League,24 years,35.8,100,2.79,71.0,16.0,3.0,5.0,0.0,5.0,12,0.33,6.0,5.0,0.0,1.0,0.0,0.0,Midfielder,
Chris Richards,USA,Crystal Palace,eng Premier League,23 years,23.3,16,0.69,11.0,0.0,0.0,2.0,0.0,3.0,3,0.13,3.0,0.0,0.0,0.0,0.0,0.0,Defender,Midfielder
Amir Richardson,MAR,Reims,fr Ligue 1,21 years,15.0,29,1.93,24.0,0.0,0.0,4.0,0.0,1.0,1,0.07,1.0,0.0,0.0,0.0,0.0,0.0,Midfielder,
Richarlison,BRA,Tottenham,eng Premier League,26 years,16.6,34,2.05,23.0,0.0,3.0,5.0,2.0,1.0,5,0.3,5.0,0.0,0.0,0.0,0.0,0.0,Forward,
Marco Richter,GER,Mainz 05,de Bundesliga,25 years,8.0,28,3.51,14.0,5.0,2.0,5.0,2.0,0.0,1,0.13,0.0,1.0,0.0,0.0,0.0,0.0,Midfielder,Forward
Diego Rico,ESP,Getafe,es La Liga,30 years,28.2,61,2.17,46.0,10.0,0.0,1.0,3.0,1.0,6,0.21,6.0,0.0,0.0,0.0,0.0,0.0,Defender,
Clemens Riedel,GER,Darmstadt 98,de Bundesliga,20 years,8.4,20,2.38,13.0,1.0,2.0,3.0,0.0,1.0,2,0.24,2.0,0.0,0.0,0.0,0.0,0.0,Defender,
Fabian Rieder,SUI,Rennes,fr Ligue 1,21 years,4.1,13,3.21,11.0,2.0,0.0,0.0,0.0,0.0,0,0.0,0.0,0.0,0.0,0.0,0.0,0.0,Midfielder,
Jaïro Riedewald,NED,Crystal Palace,eng Premier League,26 years,2.6,1,0.38,1.0,0.0,0.0,0.0,0.0,0.0,0,0.0,0.0,0.0,0.0,0.0,0.0,0.0,Midfielder,Forward
Manuel Riemann,GER,Bochum,de Bundesliga,34 years,33.0,29,0.88,21.0,8.0,0.0,0.0,0.0,0.0,3,0.09,2.0,1.0,0.0,0.0,0.0,0.0,Goalkeeper,
Luis Rioja,ESP,Alavés,es La Liga,29 years,27.8,81,2.92,57.0,14.0,5.0,3.0,2.0,0.0,7,0.25,6.0,1.0,0.0,0.0,0.0,0.0,Forward,Midfielder
Rémy Riou,FRA,Lyon,fr Ligue 1,35 years,3.0,0,0.0,0.0,0.0,0.0,0.0,0.0,0.0,0,0.0,0.0,0.0,0.0,0.0,0.0,0.0,Goalkeeper,
Rodrigo Riquelme,ESP,Atlético Madrid,es La Liga,23 years,17.0,61,3.6,47.0,6.0,5.0,2.0,1.0,0.0,11,0.65,6.0,2.0,2.0,0.0,1.0,0.0,Defender,Midfielder
Alberto Risco,ESP,Getafe,es La Liga,17 years,1.5,8,5.26,7.0,0.0,1.0,0.0,0.0,0.0,0,0.0,0.0,0.0,0.0,0.0,0.0,0.0,Midfielder,
Mihailo Ristić,SRB,Celta Vigo,es La Liga,27 years,9.0,20,2.23,11.0,4.0,2.0,0.0,2.0,1.0,0,0.0,0.0,0.0,0.0,0.0,0.0,0.0,Defender,Midfielder
Matt Ritchie,SCO,Newcastle Utd,eng Premier League,33 years,1.4,3,2.11,3.0,0.0,0.0,0.0,0.0,0.0,1,0.7,1.0,0.0,0.0,0.0,0.0,0.0,Forward,Midfielder
Gorka Rivera Alonso,ESP,Getafe,es La Liga,18 years,0.0,0,0.0,0.0,0.0,0.0,0.0,0.0,0.0,0,0.0,0.0,0.0,0.0,0.0,0.0,0.0,Defender,
Sergi Roberto,ESP,Barcelona,es La Liga,31 years,9.6,24,2.51,21.0,0.0,1.0,1.0,0.0,1.0,3,0.31,3.0,0.0,0.0,0.0,0.0,0.0,Midfielder,Defender
Lucas Robertone,ARG,Almería,es La Liga,26 years,26.5,75,2.84,58.0,5.0,2.0,5.0,1.0,4.0,7,0.26,7.0,0.0,0.0,0.0,0.0,0.0,Midfielder,
Connor Roberts,WAL,Burnley,eng Premier League,27 years,9.1,18,1.97,13.0,5.0,0.0,0.0,0.0,0.0,3,0.33,3.0,0.0,0.0,0.0,0.0,0.0,Defender,
Andrew Robertson,SCO,Liverpool,eng Premier League,29 years,18.8,97,5.16,62.0,33.0,1.0,0.0,1.0,0.0,5,0.27,3.0,2.0,0.0,0.0,0.0,0.0,Defender,
Antonee Robinson,USA,Fulham,eng Premier League,25 years,36.3,69,1.9,63.0,2.0,2.0,0.0,1.0,1.0,7,0.19,7.0,0.0,0.0,0.0,0.0,0.0,Defender,
Jack Robinson,ENG,Sheffield Utd,eng Premier League,29 years,32.1,23,0.72,12.0,7.0,0.0,3.0,0.0,1.0,1,0.03,0.0,1.0,0.0,0.0,0.0,0.0,Defender,
Marc Roca,ESP,Betis,es La Liga,26 years,22.0,59,2.68,49.0,3.0,2.0,0.0,3.0,2.0,3,0.14,3.0,0.0,0.0,0.0,0.0,0.0,Midfielder,
Sebastian Rode,GER,Eintracht Frankfurt,de Bundesliga,32 years,0.7,3,4.43,3.0,0.0,0.0,0.0,0.0,0.0,0,0.0,0.0,0.0,0.0,0.0,0.0,0.0,Midfielder,
Sergio Rodelas,ESP,Granada,es La Liga,18 years,1.4,6,4.43,3.0,1.0,0.0,0.0,1.0,1.0,1,0.74,1.0,0.0,0.0,0.0,0.0,0.0,Forward,Defender
Rodri,ESP,Manchester City,eng Premier League,27 years,32.6,157,4.82,130.0,2.0,8.0,5.0,6.0,6.0,23,0.71,17.0,0.0,3.0,1.0,1.0,1.0,Midfielder,
Rodri,ESP,Betis,es La Liga,23 years,11.7,33,2.83,24.0,1.0,3.0,2.0,3.0,0.0,0,0.0,0.0,0.0,0.0,0.0,0.0,0.0,Forward,Midfielder
Álvaro Rodríguez,URU,Real Madrid,es La Liga,19 years,0.0,0,0.0,0.0,0.0,0.0,0.0,0.0,0.0,0,0.0,0.0,0.0,0.0,0.0,0.0,0.0,Forward,
Óscar Rodríguez Arnaiz,ESP,Getafe,es La Liga,25 years,10.7,49,4.56,37.0,5.0,4.0,2.0,1.0,0.0,4,0.37,3.0,0.0,1.0,0.0,0.0,0.0,Midfielder,Forward
Damián Rodríguez,ESP,Celta Vigo,es La Liga,20 years,2.9,8,2.79,7.0,1.0,0.0,0.0,0.0,0.0,3,1.05,3.0,0.0,0.0,0.0,0.0,0.0,Midfielder,
Dani Rodríguez,ESP,Mallorca,es La Liga,35 years,29.1,99,3.41,54.0,38.0,1.0,4.0,2.0,0.0,9,0.31,3.0,5.0,0.0,1.0,0.0,0.0,Midfielder,
Guido Rodríguez,ARG,Betis,es La Liga,29 years,20.5,24,1.17,18.0,1.0,0.0,4.0,0.0,1.0,6,0.29,4.0,0.0,0.0,2.0,0.0,0.0,Midfielder,
Jay Rodriguez,ENG,Burnley,eng Premier League,34 years,9.1,13,1.42,7.0,0.0,2.0,4.0,0.0,0.0,1,0.11,1.0,0.0,0.0,0.0,0.0,0.0,Forward,
Kirian Rodríguez,ESP,Las Palmas,es La Liga,27 years,35.7,77,2.16,73.0,0.0,1.0,2.0,1.0,0.0,9,0.25,9.0,0.0,0.0,0.0,0.0,0.0,Midfielder,
Miguel Rodríguez,ESP,Celta Vigo,es La Liga,20 years,3.3,6,1.8,4.0,0.0,0.0,0.0,2.0,0.0,0,0.0,0.0,0.0,0.0,0.0,0.0,0.0,Midfielder,
Ricardo Rodríguez,SUI,Torino,it Serie A,30 years,30.8,49,1.59,41.0,5.0,1.0,1.0,1.0,0.0,3,0.1,3.0,0.0,0.0,0.0,0.0,0.0,Defender,
Rodrygo,BRA,Real Madrid,es La Liga,22 years,26.4,111,4.2,71.0,5.0,22.0,6.0,5.0,2.0,14,0.53,7.0,0.0,5.0,1.0,0.0,1.0,Forward,
Mads Roerslev,DEN,Brentford,eng Premier League,24 years,22.1,33,1.5,29.0,0.0,3.0,0.0,0.0,1.0,3,0.14,3.0,0.0,0.0,0.0,0.0,0.0,Defender,
Rogério,BRA,Wolfsburg,de Bundesliga,25 years,10.1,19,1.89,16.0,0.0,2.0,0.0,1.0,0.0,1,0.1,1.0,0.0,0.0,0.0,0.0,0.0,Defender,
Morgan Rogers,ENG,Aston Villa,eng Premier League,21 years,7.1,23,3.25,18.0,0.0,3.0,0.0,2.0,0.0,4,0.57,2.0,0.0,1.0,0.0,1.0,0.0,Midfielder,Forward
Merlin Röhl,GER,Freiburg,de Bundesliga,21 years,16.4,45,2.74,35.0,0.0,3.0,5.0,2.0,0.0,6,0.37,4.0,0.0,1.0,1.0,0.0,0.0,Midfielder,Forward
Alessio Romagnoli,ITA,Lazio,it Serie A,28 years,26.8,12,0.45,11.0,0.0,0.0,1.0,0.0,0.0,1,0.04,1.0,0.0,0.0,0.0,0.0,0.0,Defender,
Simone Romagnoli,ITA,Frosinone,it Serie A,33 years,30.2,8,0.27,7.0,1.0,0.0,0.0,0.0,0.0,1,0.03,1.0,0.0,0.0,0.0,0.0,0.0,Defender,
Carlos Romero,ESP,Villarreal,es La Liga,21 years,2.9,1,0.34,1.0,0.0,0.0,0.0,0.0,0.0,1,0.34,1.0,0.0,0.0,0.0,0.0,0.0,Defender,
Cristian Romero,ARG,Tottenham,eng Premier League,25 years,31.0,35,1.13,28.0,2.0,0.0,3.0,0.0,2.0,2,0.06,1.0,0.0,0.0,1.0,0.0,0.0,Defender,
Isaac Romero,ESP,Sevilla,es La Liga,23 years,11.5,29,2.51,16.0,0.0,8.0,5.0,0.0,0.0,8,0.69,4.0,0.0,2.0,2.0,0.0,0.0,Forward,
Luka Romero,ARG,Milan,it Serie A,18 years,1.0,2,2.02,0.0,0.0,0.0,0.0,2.0,0.0,0,0.0,0.0,0.0,0.0,0.0,0.0,0.0,Forward,Midfielder
Luka Romero,ARG,Almería,es La Liga,18 years,4.9,10,2.05,6.0,0.0,2.0,1.0,1.0,0.0,4,0.82,2.0,0.0,1.0,1.0,0.0,0.0,Forward,
Oriol Romeu,ESP,Barcelona,es La Liga,31 years,10.4,17,1.63,13.0,0.0,1.0,3.0,0.0,0.0,2,0.19,2.0,0.0,0.0,0.0,0.0,0.0,Midfielder,
Valentin Rongier,FRA,Marseille,fr Ligue 1,28 years,9.5,28,2.96,25.0,0.0,2.0,0.0,0.0,1.0,1,0.11,1.0,0.0,0.0,0.0,0.0,0.0,Midfielder,
Frank Ronstadt,GER,Darmstadt 98,de Bundesliga,26 years,0.8,3,3.55,2.0,0.0,0.0,0.0,1.0,0.0,0,0.0,0.0,0.0,0.0,0.0,0.0,0.0,Defender,Midfielder
Marten de Roon,NED,Atalanta,it Serie A,32 years,28.9,54,1.87,43.0,5.0,0.0,2.0,2.0,2.0,7,0.24,7.0,0.0,0.0,0.0,0.0,0.0,Midfielder,Defender
Unai Ropero,ESP,Alavés,es La Liga,21 years,0.1,0,0.0,0.0,0.0,0.0,0.0,0.0,0.0,0,0.0,0.0,0.0,0.0,0.0,0.0,0.0,Midfielder,
Vitor Roque,BRA,Barcelona,es La Liga,18 years,3.6,4,1.1,1.0,0.0,1.0,2.0,0.0,0.0,1,0.27,0.0,0.0,0.0,1.0,0.0,0.0,Forward,
Pablo Rosario,NED,Nice,fr Ligue 1,26 years,22.3,39,1.75,34.0,1.0,0.0,1.0,2.0,1.0,5,0.22,2.0,0.0,0.0,1.0,2.0,0.0,Midfielder,Defender
Valentin Rosier,FRA,Nice,fr Ligue 1,26 years,0.6,4,6.92,1.0,1.0,0.0,1.0,1.0,0.0,0,0.0,0.0,0.0,0.0,0.0,0.0,0.0,Defender,Midfielder
Francesco Rossi,ITA,Atalanta,it Serie A,32 years,0.1,0,0.0,0.0,0.0,0.0,0.0,0.0,0.0,0,0.0,0.0,0.0,0.0,0.0,0.0,0.0,Goalkeeper,
Joe Rothwell,ENG,Bournemouth,eng Premier League,28 years,4.3,12,2.8,6.0,3.0,1.0,1.0,1.0,0.0,1,0.23,1.0,0.0,0.0,0.0,0.0,0.0,Midfielder,
Anthony Rouault,FRA,Stuttgart,de Bundesliga,22 years,11.2,18,1.6,18.0,0.0,0.0,0.0,0.0,0.0,4,0.36,4.0,0.0,0.0,0.0,0.0,0.0,Defender,
Jérôme Roussillon,FRA,Union Berlin,de Bundesliga,30 years,8.4,20,2.39,14.0,0.0,2.0,1.0,1.0,2.0,2,0.24,2.0,0.0,0.0,0.0,0.0,0.0,Defender,
Nicolò Rovella,ITA,Lazio,it Serie A,21 years,14.6,22,1.5,16.0,2.0,1.0,0.0,1.0,2.0,4,0.27,4.0,0.0,0.0,0.0,0.0,0.0,Midfielder,
Amir Rrahmani,KVX,Napoli,it Serie A,29 years,28.9,43,1.49,34.0,0.0,1.0,4.0,1.0,3.0,5,0.17,5.0,0.0,0.0,0.0,0.0,0.0,Defender,
Ruan,BRA,Sassuolo,it Serie A,24 years,16.8,9,0.53,7.0,0.0,0.0,0.0,1.0,1.0,2,0.12,1.0,0.0,0.0,0.0,1.0,0.0,Defender,
Pelly Ruddock Mpanzu,COD,Luton Town,eng Premier League,30 years,12.2,19,1.55,12.0,1.0,2.0,1.0,2.0,1.0,0,0.0,0.0,0.0,0.0,0.0,0.0,0.0,Midfielder,
Antonio Rüdiger,GER,Real Madrid,es La Liga,30 years,30.1,21,0.7,16.0,0.0,0.0,5.0,0.0,0.0,5,0.17,4.0,0.0,0.0,1.0,0.0,0.0,Defender,
Fabian Rüdlin,GER,Freiburg,de Bundesliga,26 years,0.1,0,0.0,0.0,0.0,0.0,0.0,0.0,0.0,0,0.0,0.0,0.0,0.0,0.0,0.0,0.0,Midfielder,
Javier Rueda Garcia,ESP,Celta Vigo,es La Liga,21 years,0.2,0,0.0,0.0,0.0,0.0,0.0,0.0,0.0,0,0.0,0.0,0.0,0.0,0.0,0.0,0.0,Midfielder,Defender
Daniele Rugani,ITA,Juventus,it Serie A,29 years,13.2,12,0.91,9.0,0.0,0.0,2.0,0.0,1.0,2,0.15,1.0,0.0,0.0,1.0,0.0,0.0,Defender,
Matteo Ruggeri,ITA,Atalanta,it Serie A,21 years,27.2,64,2.35,56.0,4.0,2.0,1.0,0.0,1.0,11,0.4,9.0,2.0,0.0,0.0,0.0,0.0,Defender,
Mário Rui,POR,Napoli,it Serie A,32 years,13.4,41,3.06,25.0,13.0,0.0,0.0,3.0,0.0,2,0.15,2.0,0.0,0.0,0.0,0.0,0.0,Defender,
Aitor Ruibal,ESP,Betis,es La Liga,27 years,11.3,33,2.92,27.0,1.0,2.0,1.0,1.0,1.0,3,0.27,3.0,0.0,0.0,0.0,0.0,0.0,Defender,Forward
Fabián Ruiz Peña,ESP,Paris S-G,fr Ligue 1,27 years,13.3,40,3.01,32.0,1.0,5.0,2.0,0.0,0.0,6,0.45,4.0,1.0,1.0,0.0,0.0,0.0,Midfielder,
Sergio Ruiz,ESP,Granada,es La Liga,28 years,27.7,47,1.7,33.0,1.0,4.0,4.0,4.0,1.0,7,0.25,6.0,1.0,0.0,0.0,0.0,0.0,Midfielder,
Julian Ryerson,NOR,Dortmund,de Bundesliga,25 years,19.6,29,1.48,22.0,0.0,2.0,2.0,1.0,2.0,4,0.2,2.0,0.0,1.0,0.0,0.0,1.0,Defender,
Frederik Rønnow,DEN,Union Berlin,de Bundesliga,30 years,33.0,4,0.12,1.0,2.0,0.0,1.0,0.0,0.0,0,0.0,0.0,0.0,0.0,0.0,0.0,0.0,Goalkeeper,
José Sá,POR,Wolves,eng Premier League,30 years,33.7,3,0.09,3.0,0.0,0.0,0.0,0.0,0.0,1,0.03,1.0,0.0,0.0,0.0,0.0,0.0,Goalkeeper,
Youssouf Sabaly,SEN,Betis,es La Liga,30 years,11.6,17,1.46,15.0,1.0,1.0,0.0,0.0,0.0,3,0.26,2.0,1.0,0.0,0.0,0.0,0.0,Defender,
Emmanuel Sabbi,USA,Le Havre,fr Ligue 1,25 years,17.6,44,2.5,26.0,1.0,5.0,5.0,7.0,0.0,6,0.34,3.0,0.0,1.0,1.0,1.0,0.0,Forward,Midfielder
Stefano Sabelli,ITA,Genoa,it Serie A,30 years,27.0,59,2.19,44.0,5.0,2.0,2.0,5.0,1.0,2,0.07,2.0,0.0,0.0,0.0,0.0,0.0,Defender,
Marcel Sabitzer,AUT,Dortmund,de Bundesliga,29 years,21.8,70,3.21,53.0,6.0,4.0,5.0,2.0,0.0,9,0.41,8.0,0.0,0.0,0.0,1.0,0.0,Midfielder,
Falaye Sacko,MLI,Montpellier,fr Ligue 1,28 years,15.4,27,1.76,23.0,1.0,0.0,0.0,2.0,1.0,4,0.26,4.0,0.0,0.0,0.0,0.0,0.0,Defender,
Dominic Sadi,ENG,Bournemouth,eng Premier League,19 years,0.0,0,0.0,0.0,0.0,0.0,0.0,0.0,0.0,0,0.0,0.0,0.0,0.0,0.0,0.0,0.0,Forward,
Umar Sadiq,NGA,Real Sociedad,es La Liga,26 years,12.0,23,1.92,10.0,0.0,6.0,4.0,2.0,1.0,2,0.17,1.0,0.0,1.0,0.0,0.0,0.0,Forward,
Alexis Saelemaekers,BEL,Bologna,it Serie A,24 years,21.0,85,4.06,52.0,18.0,6.0,5.0,4.0,0.0,10,0.48,6.0,0.0,1.0,1.0,2.0,0.0,Forward,Midfielder
Pablo Saenz,ESP,Granada,es La Liga,22 years,0.2,0,0.0,0.0,0.0,0.0,0.0,0.0,0.0,0,0.0,0.0,0.0,0.0,0.0,0.0,0.0,Midfielder,
Modibo Sagnan,MLI,Montpellier,fr Ligue 1,24 years,11.7,8,0.68,7.0,0.0,0.0,0.0,0.0,1.0,1,0.09,1.0,0.0,0.0,0.0,0.0,0.0,Defender,
Wesley Saïd,FRA,Lens,fr Ligue 1,28 years,11.3,38,3.35,25.0,0.0,4.0,5.0,2.0,2.0,5,0.44,1.0,0.0,2.0,1.0,1.0,0.0,Forward,Midfielder
Théo Sainte-Luce,FRA,Montpellier,fr Ligue 1,24 years,3.8,3,0.78,0.0,1.0,0.0,0.0,1.0,1.0,0,0.0,0.0,0.0,0.0,0.0,0.0,0.0,Defender,
Bukayo Saka,ENG,Arsenal,eng Premier League,21 years,32.4,188,5.8,137.0,26.0,10.0,9.0,4.0,2.0,21,0.65,16.0,2.0,1.0,1.0,1.0,0.0,Forward,
Mamadou Sakho,FRA,Montpellier,fr Ligue 1,33 years,0.1,1,12.86,1.0,0.0,0.0,0.0,0.0,0.0,0,0.0,0.0,0.0,0.0,0.0,0.0,0.0,Defender,
Ibrahim Salah,MAR,Rennes,fr Ligue 1,21 years,5.8,17,2.93,13.0,0.0,1.0,3.0,0.0,0.0,1,0.17,1.0,0.0,0.0,0.0,0.0,0.0,Forward,Midfielder
Mohamed Salah,EGY,Liverpool,eng Premier League,31 years,28.2,139,4.94,103.0,2.0,7.0,21.0,5.0,1.0,20,0.71,14.0,0.0,2.0,3.0,1.0,0.0,Forward,
Amine Salama,FRA,Reims,fr Ligue 1,23 years,3.5,8,2.3,7.0,0.0,0.0,1.0,0.0,0.0,0,0.0,0.0,0.0,0.0,0.0,0.0,0.0,Forward,
Kike Salas,ESP,Sevilla,es La Liga,21 years,17.8,13,0.73,9.0,1.0,0.0,1.0,1.0,1.0,0,0.0,0.0,0.0,0.0,0.0,0.0,0.0,Defender,
William Saliba,FRA,Arsenal,eng Premier League,22 years,38.0,29,0.76,26.0,0.0,1.0,2.0,0.0,0.0,3,0.08,3.0,0.0,0.0,0.0,0.0,0.0,Defender,
Mohammed Salisu,GHA,Monaco,fr Ligue 1,24 years,11.5,10,0.87,9.0,0.0,0.0,0.0,0.0,1.0,2,0.17,2.0,0.0,0.0,0.0,0.0,0.0,Defender,
Roland Sallai,HUN,Freiburg,de Bundesliga,26 years,20.4,69,3.38,51.0,0.0,2.0,11.0,5.0,0.0,10,0.49,5.0,0.0,0.0,3.0,2.0,0.0,Midfielder,Forward
Yoann Salmier,GUF,Le Havre,fr Ligue 1,30 years,17.4,17,0.98,15.0,1.0,0.0,1.0,0.0,0.0,3,0.17,2.0,0.0,0.0,1.0,0.0,0.0,Defender,
Salvi,ESP,Rayo Vallecano,es La Liga,32 years,0.3,0,0.0,0.0,0.0,0.0,0.0,0.0,0.0,0,0.0,0.0,0.0,0.0,0.0,0.0,0.0,Midfielder,
Lazar Samardzic,SRB,Udinese,it Serie A,21 years,26.4,124,4.7,62.0,38.0,14.0,6.0,2.0,2.0,6,0.23,1.0,1.0,3.0,1.0,0.0,0.0,Midfielder,
Diadie Samassékou,MLI,Cádiz,es La Liga,27 years,1.0,3,2.97,3.0,0.0,0.0,0.0,0.0,0.0,0,0.0,0.0,0.0,0.0,0.0,0.0,0.0,Midfielder,
Diadie Samassékou,MLI,Hoffenheim,de Bundesliga,27 years,0.0,0,0.0,0.0,0.0,0.0,0.0,0.0,0.0,0,0.0,0.0,0.0,0.0,0.0,0.0,0.0,Midfielder,
Mama Samba Baldé,GNB,Lyon,fr Ligue 1,27 years,6.1,21,3.42,13.0,0.0,5.0,2.0,1.0,0.0,7,1.14,3.0,0.0,4.0,0.0,0.0,0.0,Forward,Midfielder
Brice Samba,FRA,Lens,fr Ligue 1,29 years,33.0,8,0.24,7.0,1.0,0.0,0.0,0.0,0.0,1,0.03,1.0,0.0,0.0,0.0,0.0,0.0,Goalkeeper,
Albert Sambi Lokonga,BEL,Luton Town,eng Premier League,23 years,14.5,27,1.86,22.0,0.0,0.0,1.0,3.0,1.0,3,0.21,3.0,0.0,0.0,0.0,0.0,0.0,Midfielder,
Junior Sambia,FRA,Salernitana,it Serie A,26 years,11.5,27,2.36,18.0,4.0,1.0,3.0,1.0,0.0,4,0.35,2.0,2.0,0.0,0.0,0.0,0.0,Defender,Midfielder
Fede San Emeterio,ESP,Cádiz,es La Liga,26 years,1.7,2,1.18,2.0,0.0,0.0,0.0,0.0,0.0,0,0.0,0.0,0.0,0.0,0.0,0.0,0.0,Midfielder,
Antonio Sanabria,PAR,Torino,it Serie A,27 years,23.7,38,1.6,29.0,0.0,1.0,7.0,1.0,0.0,3,0.13,2.0,0.0,0.0,1.0,0.0,0.0,Forward,Midfielder
Oihan Sancet,ESP,Athletic Club,es La Liga,23 years,21.9,84,3.83,68.0,0.0,6.0,6.0,4.0,0.0,9,0.41,8.0,0.0,0.0,1.0,0.0,0.0,Midfielder,
Renato Sanches,POR,Roma,it Serie A,25 years,1.6,6,3.7,6.0,0.0,0.0,0.0,0.0,0.0,1,0.62,1.0,0.0,0.0,0.0,0.0,0.0,Midfielder,
Ricard Sánchez,ESP,Granada,es La Liga,23 years,25.5,42,1.65,40.0,2.0,0.0,0.0,0.0,0.0,1,0.04,1.0,0.0,0.0,0.0,0.0,0.0,Defender,
Alexis Sánchez,CHI,Inter,it Serie A,34 years,8.5,35,4.12,28.0,3.0,1.0,1.0,1.0,1.0,8,0.94,6.0,2.0,0.0,0.0,0.0,0.0,Forward,Midfielder
Antonio Sánchez,ESP,Mallorca,es La Liga,26 years,16.1,33,2.05,24.0,0.0,2.0,2.0,3.0,2.0,2,0.12,2.0,0.0,0.0,0.0,0.0,0.0,Midfielder,
Davinson Sánchez,COL,Tottenham,eng Premier League,27 years,0.9,1,1.17,0.0,0.0,0.0,1.0,0.0,0.0,0,0.0,0.0,0.0,0.0,0.0,0.0,0.0,Defender,
Juanlu Sánchez,ESP,Sevilla,es La Liga,19 years,13.1,35,2.66,31.0,0.0,3.0,0.0,1.0,0.0,3,0.23,3.0,0.0,0.0,0.0,0.0,0.0,Defender,
Manu Sánchez,ESP,Celta Vigo,es La Liga,22 years,19.7,41,2.08,35.0,0.0,4.0,2.0,0.0,0.0,6,0.3,6.0,0.0,0.0,0.0,0.0,0.0,Defender,Midfielder
Robert Sánchez,ESP,Chelsea,eng Premier League,25 years,15.9,2,0.13,1.0,1.0,0.0,0.0,0.0,0.0,0,0.0,0.0,0.0,0.0,0.0,0.0,0.0,Goalkeeper,
Jadon Sancho,ENG,Manchester Utd,eng Premier League,23 years,0.9,4,4.62,1.0,1.0,0.0,0.0,1.0,1.0,1,1.15,0.0,1.0,0.0,0.0,0.0,0.0,Forward,Midfielder
Jadon Sancho,ENG,Dortmund,de Bundesliga,23 years,10.5,51,4.85,36.0,5.0,7.0,1.0,2.0,0.0,6,0.57,2.0,0.0,2.0,0.0,2.0,0.0,Forward,Midfielder
Alex Sandro,BRA,Juventus,it Serie A,32 years,8.0,14,1.75,9.0,0.0,0.0,2.0,1.0,2.0,1,0.12,0.0,0.0,0.0,0.0,1.0,0.0,Defender,
Ibou Sané,SEN,Metz,fr Ligue 1,18 years,1.4,2,1.41,1.0,0.0,1.0,0.0,0.0,0.0,0,0.0,0.0,0.0,0.0,0.0,0.0,0.0,Midfielder,Forward
Leroy Sané,GER,Bayern Munich,de Bundesliga,27 years,23.7,143,6.02,98.0,22.0,10.0,7.0,5.0,1.0,18,0.76,12.0,3.0,1.0,1.0,0.0,1.0,Forward,
Sadibou Sané,SEN,Metz,fr Ligue 1,19 years,9.4,5,0.53,4.0,0.0,0.0,0.0,1.0,0.0,0,0.0,0.0,0.0,0.0,0.0,0.0,0.0,Defender,
Arouna Sangante,SEN,Le Havre,fr Ligue 1,21 years,29.9,39,1.31,28.0,4.0,0.0,0.0,3.0,4.0,4,0.13,2.0,0.0,0.0,0.0,1.0,1.0,Defender,
Ibrahim Sangaré,CIV,Nottingham Forest,eng Premier League,25 years,11.5,18,1.57,15.0,0.0,0.0,1.0,1.0,1.0,2,0.17,2.0,0.0,0.0,0.0,0.0,0.0,Midfielder,
Morgan Sanson,FRA,Nice,fr Ligue 1,28 years,21.8,74,3.39,44.0,21.0,2.0,5.0,1.0,1.0,5,0.23,3.0,1.0,0.0,0.0,0.0,1.0,Midfielder,
Nicola Sansone,ITA,Lecce,it Serie A,31 years,8.5,44,5.16,29.0,5.0,4.0,2.0,2.0,2.0,3,0.35,2.0,0.0,1.0,0.0,0.0,0.0,Forward,Midfielder
Baptiste Santamaria,FRA,Rennes,fr Ligue 1,28 years,21.4,48,2.24,39.0,1.0,1.0,3.0,1.0,3.0,3,0.14,2.0,0.0,0.0,1.0,0.0,0.0,Midfielder,
Jesús Santiago,ESP,Getafe,es La Liga,19 years,7.3,12,1.65,9.0,0.0,0.0,1.0,2.0,0.0,0,0.0,0.0,0.0,0.0,0.0,0.0,0.0,Midfielder,
Andrey Santos,BRA,Nottingham Forest,eng Premier League,19 years,0.1,2,22.5,2.0,0.0,0.0,0.0,0.0,0.0,0,0.0,0.0,0.0,0.0,0.0,0.0,0.0,Midfielder,
Andrey Santos,BRA,Strasbourg,fr Ligue 1,19 years,9.2,19,2.06,14.0,0.0,3.0,1.0,1.0,0.0,0,0.0,0.0,0.0,0.0,0.0,0.0,0.0,Midfielder,
Tiago Santos,POR,Lille,fr Ligue 1,21 years,26.3,68,2.59,46.0,4.0,7.0,0.0,10.0,1.0,6,0.23,4.0,1.0,1.0,0.0,0.0,0.0,Defender,
Paco Sanz,ESP,Almería,es La Liga,18 years,0.3,0,0.0,0.0,0.0,0.0,0.0,0.0,0.0,0,0.0,0.0,0.0,0.0,0.0,0.0,0.0,Defender,
Riccardo Saponara,ITA,Hellas Verona,it Serie A,31 years,3.8,7,1.84,6.0,0.0,0.0,0.0,1.0,0.0,1,0.26,1.0,0.0,0.0,0.0,0.0,0.0,Forward,Midfielder
Pablo Sarabia,ESP,Wolves,eng Premier League,31 years,19.4,87,4.49,49.0,26.0,2.0,4.0,5.0,1.0,11,0.57,7.0,4.0,0.0,0.0,0.0,0.0,Midfielder,Forward
Amin Sarr,SWE,Lyon,fr Ligue 1,22 years,1.1,3,2.73,1.0,0.0,0.0,2.0,0.0,0.0,0,0.0,0.0,0.0,0.0,0.0,0.0,0.0,Forward,Midfielder
Amin Sarr,SWE,Wolfsburg,de Bundesliga,22 years,4.3,5,1.17,4.0,0.0,0.0,1.0,0.0,0.0,0,0.0,0.0,0.0,0.0,0.0,0.0,0.0,Forward,Midfielder
Bouna Sarr,SEN,Bayern Munich,de Bundesliga,31 years,1.2,0,0.0,0.0,0.0,0.0,0.0,0.0,0.0,0,0.0,0.0,0.0,0.0,0.0,0.0,0.0,Defender,
Ismaila Sarr,SEN,Marseille,fr Ligue 1,25 years,16.1,40,2.49,30.0,0.0,2.0,3.0,5.0,0.0,5,0.31,5.0,0.0,0.0,0.0,0.0,0.0,Forward,Midfielder
Mamadou Sarr,FRA,Lyon,fr Ligue 1,17 years,0.1,0,0.0,0.0,0.0,0.0,0.0,0.0,0.0,0,0.0,0.0,0.0,0.0,0.0,0.0,0.0,Defender,
Martin Satriano,URU,Brest,fr Ligue 1,22 years,20.7,57,2.75,39.0,1.0,5.0,7.0,3.0,2.0,6,0.29,5.0,0.0,0.0,1.0,0.0,0.0,Forward,
Téji Savanier,FRA,Montpellier,fr Ligue 1,31 years,30.7,184,5.99,100.0,55.0,6.0,11.0,8.0,4.0,19,0.62,11.0,5.0,1.0,2.0,0.0,0.0,Midfielder,
Stefan Savić,MNE,Atlético Madrid,es La Liga,32 years,18.1,12,0.66,10.0,0.0,0.0,1.0,0.0,1.0,3,0.17,2.0,0.0,0.0,1.0,0.0,0.0,Defender,
Sávio,BRA,Girona,es La Liga,19 years,33.1,118,3.57,85.0,1.0,15.0,7.0,10.0,0.0,25,0.76,19.0,0.0,4.0,0.0,2.0,0.0,Forward,Midfielder
Zanos Savva,CYP,Torino,it Serie A,17 years,0.3,1,3.21,1.0,0.0,0.0,0.0,0.0,0.0,0,0.0,0.0,0.0,0.0,0.0,0.0,0.0,Defender,Midfielder
Saba Sazonov,GEO,Torino,it Serie A,21 years,4.0,2,0.51,2.0,0.0,0.0,0.0,0.0,0.0,0,0.0,0.0,0.0,0.0,0.0,0.0,0.0,Defender,
Joe Scally,USA,Gladbach,de Bundesliga,20 years,24.8,30,1.21,23.0,2.0,0.0,1.0,3.0,1.0,5,0.2,5.0,0.0,0.0,0.0,0.0,0.0,Defender,
Giorgio Scalvini,ITA,Atalanta,it Serie A,19 years,28.3,43,1.52,36.0,0.0,0.0,6.0,0.0,1.0,9,0.32,8.0,0.0,0.0,1.0,0.0,0.0,Defender,
Gianluca Scamacca,ITA,Atalanta,it Serie A,24 years,16.1,62,3.84,55.0,0.0,1.0,3.0,2.0,1.0,12,0.74,11.0,0.0,0.0,0.0,1.0,0.0,Forward,
Dane Scarlett,ENG,Tottenham,eng Premier League,19 years,0.2,1,4.09,0.0,0.0,0.0,0.0,0.0,1.0,0,0.0,0.0,0.0,0.0,0.0,0.0,0.0,Forward,
Kevin Schade,GER,Brentford,eng Premier League,21 years,3.7,12,3.22,8.0,0.0,1.0,1.0,2.0,0.0,3,0.81,2.0,0.0,0.0,0.0,1.0,0.0,Forward,Midfielder
András Schäfer,HUN,Union Berlin,de Bundesliga,24 years,13.5,38,2.82,31.0,3.0,1.0,2.0,0.0,1.0,4,0.3,3.0,0.0,0.0,1.0,0.0,0.0,Midfielder,
Fabian Schär,SUI,Newcastle Utd,eng Premier League,31 years,33.9,47,1.39,33.0,2.0,2.0,4.0,5.0,1.0,12,0.35,8.0,0.0,0.0,0.0,3.0,1.0,Defender,
Patrik Schick,CZE,Leverkusen,de Bundesliga,27 years,11.8,30,2.54,19.0,0.0,3.0,5.0,2.0,1.0,3,0.25,0.0,0.0,0.0,2.0,1.0,0.0,Forward,
Stefan Schimmer,GER,Heidenheim,de Bundesliga,29 years,1.7,4,2.32,2.0,0.0,0.0,1.0,0.0,1.0,1,0.58,1.0,0.0,0.0,0.0,0.0,0.0,Midfielder,Forward
Xaver Schlager,AUT,RB Leipzig,de Bundesliga,25 years,27.5,85,3.09,80.0,0.0,1.0,1.0,3.0,0.0,10,0.36,9.0,0.0,0.0,1.0,0.0,0.0,Midfielder,
Keven Schlotterbeck,GER,Bochum,de Bundesliga,26 years,24.3,27,1.11,15.0,0.0,1.0,6.0,4.0,1.0,3,0.12,1.0,0.0,0.0,0.0,2.0,0.0,Defender,
Nico Schlotterbeck,GER,Dortmund,de Bundesliga,23 years,31.8,46,1.45,35.0,0.0,3.0,5.0,1.0,2.0,6,0.19,5.0,0.0,0.0,0.0,1.0,0.0,Defender,
Jeffrey Schlupp,GHA,Crystal Palace,eng Premier League,30 years,15.0,28,1.86,21.0,0.0,2.0,1.0,2.0,2.0,3,0.2,3.0,0.0,0.0,0.0,0.0,0.0,Forward,Midfielder
Romano Schmid,AUT,Werder Bremen,de Bundesliga,23 years,28.9,118,4.08,101.0,4.0,4.0,2.0,6.0,1.0,16,0.55,15.0,0.0,0.0,1.0,0.0,0.0,Midfielder,Forward
Kenneth Schmidt,GER,Freiburg,de Bundesliga,21 years,0.8,3,3.97,3.0,0.0,0.0,0.0,0.0,0.0,0,0.0,0.0,0.0,0.0,0.0,0.0,0.0,Defender,
Niklas Schmidt,GER,Toulouse,fr Ligue 1,25 years,14.1,48,3.4,34.0,10.0,2.0,1.0,1.0,0.0,3,0.21,2.0,1.0,0.0,0.0,0.0,0.0,Midfielder,
Benno Schmitz,GER,Köln,de Bundesliga,28 years,12.8,27,2.1,21.0,2.0,2.0,1.0,1.0,0.0,3,0.23,2.0,1.0,0.0,0.0,0.0,0.0,Defender,
Fabian Schnellhardt,GER,Darmstadt 98,de Bundesliga,29 years,2.6,8,3.06,4.0,1.0,1.0,2.0,0.0,0.0,0,0.0,0.0,0.0,0.0,0.0,0.0,0.0,Midfielder,
Jan Schöppner,GER,Heidenheim,de Bundesliga,24 years,22.2,32,1.44,29.0,0.0,2.0,1.0,0.0,0.0,2,0.09,2.0,0.0,0.0,0.0,0.0,0.0,Midfielder,
Marcel Schuhen,GER,Darmstadt 98,de Bundesliga,30 years,31.0,11,0.35,8.0,3.0,0.0,0.0,0.0,0.0,0,0.0,0.0,0.0,0.0,0.0,0.0,0.0,Goalkeeper,
Perr Schuurs,NED,Torino,it Serie A,23 years,8.6,2,0.23,2.0,0.0,0.0,0.0,0.0,0.0,0,0.0,0.0,0.0,0.0,0.0,0.0,0.0,Defender,
Marvin Schwäbe,GER,Köln,de Bundesliga,28 years,34.0,8,0.24,7.0,1.0,0.0,0.0,0.0,0.0,0,0.0,0.0,0.0,0.0,0.0,0.0,0.0,Goalkeeper,
Alexander Schwolow,GER,Union Berlin,de Bundesliga,31 years,1.0,0,0.0,0.0,0.0,0.0,0.0,0.0,0.0,0,0.0,0.0,0.0,0.0,0.0,0.0,0.0,Goalkeeper,
Alex Scott,ENG,Bournemouth,eng Premier League,19 years,11.3,44,3.91,32.0,5.0,2.0,2.0,2.0,1.0,3,0.27,2.0,0.0,1.0,0.0,0.0,0.0,Midfielder,
Simone Scuffet,ITA,Cagliari,it Serie A,27 years,31.0,2,0.06,2.0,0.0,0.0,0.0,0.0,0.0,0,0.0,0.0,0.0,0.0,0.0,0.0,0.0,Goalkeeper,
Jérémy Sebas,MTQ,Strasbourg,fr Ligue 1,20 years,4.4,10,2.24,6.0,0.0,2.0,1.0,1.0,0.0,3,0.67,1.0,0.0,1.0,0.0,1.0,0.0,Forward,Midfielder
Demba Seck,SEN,Torino,it Serie A,22 years,4.7,9,1.9,7.0,0.0,0.0,1.0,1.0,0.0,1,0.21,1.0,0.0,0.0,0.0,0.0,0.0,Midfielder,
Demba Seck,SEN,Frosinone,it Serie A,22 years,3.3,12,3.64,11.0,0.0,0.0,1.0,0.0,0.0,1,0.3,1.0,0.0,0.0,0.0,0.0,0.0,Forward,Midfielder
Aleksandar Sedlar,SRB,Alavés,es La Liga,31 years,10.5,9,0.86,6.0,0.0,1.0,0.0,0.0,2.0,0,0.0,0.0,0.0,0.0,0.0,0.0,0.0,Defender,
Alidu Seidu,GHA,Rennes,fr Ligue 1,23 years,6.6,8,1.21,7.0,0.0,0.0,0.0,0.0,1.0,0,0.0,0.0,0.0,0.0,0.0,0.0,0.0,Defender,
Alidu Seidu,GHA,Clermont Foot,fr Ligue 1,23 years,12.6,13,1.03,7.0,2.0,1.0,0.0,3.0,0.0,1,0.08,1.0,0.0,0.0,0.0,0.0,0.0,Defender,
Nicolas Seiwald,AUT,RB Leipzig,de Bundesliga,22 years,8.0,9,1.13,7.0,0.0,1.0,0.0,0.0,1.0,3,0.38,3.0,0.0,0.0,0.0,0.0,0.0,Midfielder,
Nikola Sekulov,ITA,Juventus,it Serie A,21 years,0.1,0,0.0,0.0,0.0,0.0,0.0,0.0,0.0,0,0.0,0.0,0.0,0.0,0.0,0.0,0.0,Forward,
Davie Selke,GER,Köln,de Bundesliga,28 years,14.1,28,1.99,18.0,0.0,2.0,6.0,2.0,0.0,1,0.07,0.0,0.0,0.0,1.0,0.0,0.0,Forward,
Matz Sels,BEL,Nottingham Forest,eng Premier League,31 years,16.0,1,0.06,1.0,0.0,0.0,0.0,0.0,0.0,0,0.0,0.0,0.0,0.0,0.0,0.0,0.0,Goalkeeper,
Matz Sels,BEL,Strasbourg,fr Ligue 1,31 years,19.0,2,0.11,2.0,0.0,0.0,0.0,0.0,0.0,0,0.0,0.0,0.0,0.0,0.0,0.0,0.0,Goalkeeper,
Nélson Semedo,POR,Wolves,eng Premier League,29 years,34.3,60,1.75,46.0,0.0,3.0,2.0,6.0,3.0,3,0.09,2.0,0.0,0.0,0.0,0.0,1.0,Defender,Midfielder
Vivaldo Semedo,POR,Udinese,it Serie A,18 years,0.1,0,0.0,0.0,0.0,0.0,0.0,0.0,0.0,0,0.0,0.0,0.0,0.0,0.0,0.0,0.0,Forward,
Antoine Semenyo,GHA,Bournemouth,eng Premier League,23 years,23.4,72,3.08,50.0,0.0,11.0,9.0,1.0,1.0,7,0.3,4.0,0.0,0.0,1.0,1.0,1.0,Forward,
Marvin Senaya,TOG,Strasbourg,fr Ligue 1,22 years,23.8,42,1.77,27.0,4.0,3.0,2.0,3.0,3.0,3,0.13,1.0,1.0,0.0,0.0,0.0,1.0,Defender,Midfielder
Marcos Senesi,ARG,Bournemouth,eng Premier League,26 years,24.9,49,1.97,44.0,0.0,0.0,2.0,1.0,2.0,8,0.32,8.0,0.0,0.0,0.0,0.0,0.0,Defender,
Stefano Sensi,ITA,Inter,it Serie A,27 years,0.5,4,7.66,2.0,1.0,0.0,1.0,0.0,0.0,1,1.91,1.0,0.0,0.0,0.0,0.0,0.0,Midfielder,
Suat Serdar,GER,Hellas Verona,it Serie A,26 years,18.4,32,1.73,25.0,1.0,3.0,1.0,0.0,2.0,4,0.22,2.0,1.0,1.0,0.0,0.0,0.0,Midfielder,
Benjamin Šeško,SVN,RB Leipzig,de Bundesliga,20 years,17.0,35,2.06,26.0,0.0,6.0,1.0,2.0,0.0,8,0.47,7.0,0.0,1.0,0.0,0.0,0.0,Forward,
Kevin Sessa,GER,Heidenheim,de Bundesliga,23 years,11.2,41,3.64,20.0,8.0,3.0,3.0,7.0,0.0,1,0.09,1.0,0.0,0.0,0.0,0.0,0.0,Midfielder,Forward
Aaron Seydel,GER,Darmstadt 98,de Bundesliga,27 years,6.9,13,1.89,12.0,0.0,0.0,0.0,1.0,0.0,1,0.15,1.0,0.0,0.0,0.0,0.0,0.0,Forward,
Andres Sfait,ROU,Salernitana,it Serie A,18 years,0.3,1,3.91,1.0,0.0,0.0,0.0,0.0,0.0,0,0.0,0.0,0.0,0.0,0.0,0.0,0.0,Defender,Midfielder
Stephan El Shaarawy,ITA,Roma,it Serie A,30 years,19.3,53,2.74,35.0,1.0,3.0,8.0,4.0,2.0,7,0.36,5.0,0.0,1.0,1.0,0.0,0.0,Forward,Defender
Luke Shaw,ENG,Manchester Utd,eng Premier League,28 years,10.7,23,2.16,13.0,9.0,1.0,0.0,0.0,0.0,0,0.0,0.0,0.0,0.0,0.0,0.0,0.0,Defender,
James Shea,ENG,Luton Town,eng Premier League,32 years,0.2,0,0.0,0.0,0.0,0.0,0.0,0.0,0.0,0,0.0,0.0,0.0,0.0,0.0,0.0,0.0,Goalkeeper,
Eldor Shomurodov,UZB,Cagliari,it Serie A,28 years,10.4,24,2.31,16.0,0.0,3.0,4.0,1.0,0.0,8,0.77,4.0,0.0,2.0,2.0,0.0,0.0,Forward,Midfielder
Steven Shpendi,ALB,Empoli,it Serie A,20 years,4.6,10,2.2,8.0,0.0,0.0,1.0,1.0,0.0,1,0.22,0.0,0.0,0.0,1.0,0.0,0.0,Forward,Midfielder
Sofiane Sidi Ali,FRA,Marseille,fr Ligue 1,28 years,0.2,0,0.0,0.0,0.0,0.0,0.0,0.0,0.0,0,0.0,0.0,0.0,0.0,0.0,0.0,0.0,Midfielder,
Vincent Sierro,SUI,Toulouse,fr Ligue 1,27 years,25.1,76,3.03,37.0,23.0,3.0,7.0,4.0,2.0,8,0.32,3.0,3.0,1.0,0.0,1.0,0.0,Midfielder,
Tim Siersleben,GER,Heidenheim,de Bundesliga,23 years,10.1,8,0.79,6.0,0.0,0.0,1.0,0.0,1.0,1,0.1,0.0,0.0,0.0,0.0,0.0,1.0,Defender,
Kiliann Sildillia,FRA,Freiburg,de Bundesliga,21 years,20.1,30,1.5,22.0,7.0,0.0,1.0,0.0,0.0,4,0.2,3.0,1.0,0.0,0.0,0.0,0.0,Defender,
André Silva,POR,Real Sociedad,es La Liga,27 years,8.1,9,1.11,9.0,0.0,0.0,0.0,0.0,0.0,0,0.0,0.0,0.0,0.0,0.0,0.0,0.0,Forward,
Bernardo Silva,POR,Manchester City,eng Premier League,28 years,28.6,130,4.54,117.0,3.0,6.0,1.0,3.0,0.0,13,0.45,11.0,0.0,2.0,0.0,0.0,0.0,Midfielder,Forward
Caio Henrique Oliveira Silva,BRA,Monaco,fr Ligue 1,26 years,6.9,25,3.61,14.0,8.0,2.0,0.0,0.0,1.0,5,0.72,2.0,3.0,0.0,0.0,0.0,0.0,Defender,
Fábio Silva,POR,Wolves,eng Premier League,21 years,2.9,9,3.08,6.0,0.0,1.0,1.0,1.0,0.0,0,0.0,0.0,0.0,0.0,0.0,0.0,0.0,Forward,
Rui Silva,POR,Betis,es La Liga,29 years,27.5,2,0.07,2.0,0.0,0.0,0.0,0.0,0.0,0,0.0,0.0,0.0,0.0,0.0,0.0,0.0,Goalkeeper,
Thiago Silva,BRA,Chelsea,eng Premier League,38 years,28.1,27,0.96,25.0,1.0,0.0,1.0,0.0,0.0,4,0.14,3.0,0.0,0.0,1.0,0.0,0.0,Defender,
Marco Silvestri,ITA,Udinese,it Serie A,32 years,17.0,2,0.12,1.0,1.0,0.0,0.0,0.0,0.0,0,0.0,0.0,0.0,0.0,0.0,0.0,0.0,Goalkeeper,
Mohamed Simakan,FRA,RB Leipzig,de Bundesliga,23 years,23.8,44,1.85,35.0,1.0,1.0,4.0,2.0,1.0,4,0.17,3.0,0.0,0.0,1.0,0.0,0.0,Defender,
Giovanni Simeone,ARG,Napoli,it Serie A,28 years,8.9,28,3.15,17.0,0.0,2.0,4.0,4.0,1.0,1,0.11,0.0,0.0,0.0,0.0,1.0,0.0,Forward,
Giuliano Simeone,ARG,Alavés,es La Liga,20 years,7.0,22,3.14,14.0,0.0,0.0,5.0,2.0,1.0,4,0.57,2.0,0.0,0.0,1.0,1.0,0.0,Forward,
Jan-Carlo Simic,SRB,Milan,it Serie A,18 years,1.6,2,1.23,2.0,0.0,0.0,0.0,0.0,0.0,0,0.0,0.0,0.0,0.0,0.0,0.0,0.0,Defender,
Moses Simon,NGA,Nantes,fr Ligue 1,28 years,19.9,65,3.27,45.0,1.0,12.0,2.0,5.0,0.0,7,0.35,6.0,0.0,0.0,0.0,1.0,0.0,Forward,Midfielder
Unai Simón,ESP,Athletic Club,es La Liga,26 years,35.4,8,0.23,6.0,2.0,0.0,0.0,0.0,0.0,2,0.06,1.0,1.0,0.0,0.0,0.0,0.0,Goalkeeper,
Xavi Simons,NED,RB Leipzig,de Bundesliga,20 years,29.5,176,5.97,112.0,27.0,16.0,9.0,12.0,0.0,22,0.75,17.0,0.0,1.0,2.0,2.0,0.0,Midfielder,
Wilfried Singo,CIV,Monaco,fr Ligue 1,22 years,24.3,36,1.48,31.0,1.0,0.0,2.0,1.0,1.0,2,0.08,2.0,0.0,0.0,0.0,0.0,0.0,Defender,
Luis Sinisterra,COL,Bournemouth,eng Premier League,24 years,7.8,42,5.42,27.0,0.0,9.0,4.0,0.0,2.0,3,0.39,0.0,0.0,0.0,3.0,0.0,0.0,Forward,Midfielder
Daley Sinkgraven,NED,Las Palmas,es La Liga,28 years,4.2,2,0.48,2.0,0.0,0.0,0.0,0.0,0.0,0,0.0,0.0,0.0,0.0,0.0,0.0,0.0,Defender,
Jailson Siqueira,BRA,Celta Vigo,es La Liga,27 years,10.0,8,0.8,8.0,0.0,0.0,0.0,0.0,0.0,1,0.1,1.0,0.0,0.0,0.0,0.0,0.0,Defender,Midfielder
Ayanda Sishuba,BEL,Lens,fr Ligue 1,18 years,0.7,8,11.61,1.0,0.0,4.0,3.0,0.0,0.0,0,0.0,0.0,0.0,0.0,0.0,0.0,0.0,Midfielder,Forward
Ibrahima Sissoko,MLI,Strasbourg,fr Ligue 1,25 years,18.2,35,1.92,26.0,0.0,3.0,2.0,2.0,2.0,3,0.16,1.0,0.0,0.0,2.0,0.0,0.0,Midfielder,
Moussa Sissoko,FRA,Nantes,fr Ligue 1,33 years,20.2,36,1.78,32.0,0.0,1.0,2.0,0.0,1.0,4,0.2,3.0,0.0,0.0,1.0,0.0,0.0,Midfielder,
Antonio Sivera,ESP,Alavés,es La Liga,26 years,34.0,15,0.44,9.0,6.0,0.0,0.0,0.0,0.0,1,0.03,0.0,1.0,0.0,0.0,0.0,0.0,Goalkeeper,
Tim Skarke,GER,Darmstadt 98,de Bundesliga,26 years,26.7,73,2.73,47.0,9.0,5.0,7.0,4.0,1.0,2,0.07,2.0,0.0,0.0,0.0,0.0,0.0,Forward,Defender
Ellyes Skhiri,TUN,Eintracht Frankfurt,de Bundesliga,28 years,24.1,41,1.7,35.0,0.0,1.0,3.0,2.0,0.0,2,0.08,2.0,0.0,0.0,0.0,0.0,0.0,Midfielder,
Oliver Skipp,ENG,Tottenham,eng Premier League,22 years,7.9,14,1.78,13.0,0.0,0.0,1.0,0.0,0.0,2,0.25,2.0,0.0,0.0,0.0,0.0,0.0,Midfielder,Defender
Leo Skiri Østigård,NOR,Napoli,it Serie A,23 years,18.1,11,0.61,10.0,0.0,0.0,0.0,0.0,1.0,0,0.0,0.0,0.0,0.0,0.0,0.0,0.0,Defender,
Łukasz Skorupski,POL,Bologna,it Serie A,32 years,32.0,2,0.06,1.0,1.0,0.0,0.0,0.0,0.0,0,0.0,0.0,0.0,0.0,0.0,0.0,0.0,Goalkeeper,
Robert Skov,DEN,Hoffenheim,de Bundesliga,27 years,14.0,45,3.21,31.0,9.0,0.0,2.0,3.0,0.0,7,0.5,6.0,0.0,0.0,0.0,1.0,0.0,Defender,Forward
Milan Škriniar,SVK,Paris S-G,fr Ligue 1,28 years,18.1,7,0.39,6.0,0.0,0.0,1.0,0.0,0.0,1,0.06,1.0,0.0,0.0,0.0,0.0,0.0,Defender,
Naatan Skyttä,FIN,Toulouse,fr Ligue 1,21 years,1.3,10,7.5,7.0,1.0,1.0,1.0,0.0,0.0,0,0.0,0.0,0.0,0.0,0.0,0.0,0.0,Midfielder,Forward
Chris Smalling,ENG,Roma,it Serie A,33 years,4.3,3,0.69,2.0,0.0,0.0,1.0,0.0,0.0,1,0.23,1.0,0.0,0.0,0.0,0.0,0.0,Defender,
Adam Smith,ENG,Bournemouth,eng Premier League,32 years,23.9,31,1.3,26.0,4.0,0.0,0.0,1.0,0.0,5,0.21,5.0,0.0,0.0,0.0,0.0,0.0,Defender,
Emile Smith Rowe,ENG,Arsenal,eng Premier League,23 years,3.9,13,3.31,10.0,1.0,0.0,1.0,1.0,0.0,2,0.51,1.0,1.0,0.0,0.0,0.0,0.0,Midfielder,
Hrvoje Smolčić,CRO,Eintracht Frankfurt,de Bundesliga,22 years,3.9,2,0.52,2.0,0.0,0.0,0.0,0.0,0.0,0,0.0,0.0,0.0,0.0,0.0,0.0,0.0,Defender,
Cédric Soares,POR,Arsenal,eng Premier League,31 years,0.7,0,0.0,0.0,0.0,0.0,0.0,0.0,0.0,0,0.0,0.0,0.0,0.0,0.0,0.0,0.0,Defender,
Danilo Soares,BRA,Bochum,de Bundesliga,31 years,3.9,6,1.54,5.0,1.0,0.0,0.0,0.0,0.0,0,0.0,0.0,0.0,0.0,0.0,0.0,0.0,Defender,
Eduard Sobol,UKR,Strasbourg,fr Ligue 1,28 years,0.3,1,3.6,1.0,0.0,0.0,0.0,0.0,0.0,0,0.0,0.0,0.0,0.0,0.0,0.0,0.0,Defender,
Rubén Sobrino,ESP,Cádiz,es La Liga,31 years,18.3,39,2.13,31.0,0.0,3.0,3.0,2.0,0.0,1,0.05,1.0,0.0,0.0,0.0,0.0,0.0,Midfielder,Forward
Andrea Sodero,ITA,Empoli,it Serie A,18 years,0.1,0,0.0,0.0,0.0,0.0,0.0,0.0,0.0,0,0.0,0.0,0.0,0.0,0.0,0.0,0.0,Midfielder,
Emran Soglo,ENG,Marseille,fr Ligue 1,18 years,1.2,2,1.62,2.0,0.0,0.0,0.0,0.0,0.0,1,0.81,1.0,0.0,0.0,0.0,0.0,0.0,Midfielder,Defender
Alex Sola,ESP,Alavés,es La Liga,24 years,14.0,69,4.92,32.0,7.0,16.0,6.0,7.0,1.0,4,0.29,2.0,1.0,1.0,0.0,0.0,0.0,Forward,Midfielder
Alex Sola,ESP,Real Sociedad,es La Liga,24 years,0.3,1,3.0,0.0,0.0,0.0,0.0,1.0,0.0,0,0.0,0.0,0.0,0.0,0.0,0.0,0.0,Defender,Midfielder
Dominic Solanke,ENG,Bournemouth,eng Premier League,25 years,36.9,79,2.14,61.0,0.0,6.0,5.0,4.0,3.0,6,0.16,4.0,0.0,2.0,0.0,0.0,0.0,Forward,
Ola Solbakken,NOR,Roma,it Serie A,24 years,0.3,1,3.91,1.0,0.0,0.0,0.0,0.0,0.0,0,0.0,0.0,0.0,0.0,0.0,0.0,0.0,Forward,
Carlos Soler,ESP,Paris S-G,fr Ligue 1,26 years,12.1,37,3.06,30.0,2.0,1.0,2.0,2.0,0.0,2,0.17,2.0,0.0,0.0,0.0,0.0,0.0,Midfielder,Defender
Jhon Solis,COL,Girona,es La Liga,18 years,4.3,14,3.29,13.0,0.0,0.0,1.0,0.0,0.0,0,0.0,0.0,0.0,0.0,0.0,0.0,0.0,Midfielder,
Manor Solomon,ISR,Tottenham,eng Premier League,24 years,2.2,19,8.59,16.0,0.0,1.0,1.0,1.0,0.0,2,0.9,2.0,0.0,0.0,0.0,0.0,0.0,Forward,
Daniele Sommariva,ITA,Genoa,it Serie A,26 years,0.1,0,0.0,0.0,0.0,0.0,0.0,0.0,0.0,0,0.0,0.0,0.0,0.0,0.0,0.0,0.0,Goalkeeper,
Yann Sommer,SUI,Inter,it Serie A,34 years,34.0,6,0.18,6.0,0.0,0.0,0.0,0.0,0.0,2,0.06,2.0,0.0,0.0,0.0,0.0,0.0,Goalkeeper,
Brandon Soppy,FRA,Torino,it Serie A,21 years,2.0,3,1.52,1.0,0.0,0.0,1.0,1.0,0.0,0,0.0,0.0,0.0,0.0,0.0,0.0,0.0,Defender,
David Soria,ESP,Getafe,es La Liga,30 years,37.9,10,0.26,4.0,6.0,0.0,0.0,0.0,0.0,0,0.0,0.0,0.0,0.0,0.0,0.0,0.0,Goalkeeper,
Alberto Soro,ESP,Granada,es La Liga,24 years,0.1,0,0.0,0.0,0.0,0.0,0.0,0.0,0.0,0,0.0,0.0,0.0,0.0,0.0,0.0,0.0,Midfielder,
Alessandro Sorrentino,ITA,Monza,it Serie A,21 years,6.1,1,0.16,1.0,0.0,0.0,0.0,0.0,0.0,0,0.0,0.0,0.0,0.0,0.0,0.0,0.0,Goalkeeper,
Borna Sosa,CRO,Stuttgart,de Bundesliga,25 years,0.5,5,9.78,3.0,2.0,0.0,0.0,0.0,0.0,0,0.0,0.0,0.0,0.0,0.0,0.0,0.0,Forward,Defender
Hugo Sotelo,ESP,Celta Vigo,es La Liga,19 years,8.0,31,3.86,24.0,4.0,2.0,0.0,0.0,1.0,1,0.12,1.0,0.0,0.0,0.0,0.0,0.0,Midfielder,
Florian Sotoca,FRA,Lens,fr Ligue 1,32 years,28.9,109,3.78,90.0,3.0,6.0,4.0,6.0,0.0,13,0.45,11.0,1.0,1.0,0.0,0.0,0.0,Midfielder,Forward
Riccardo Sottil,ITA,Fiorentina,it Serie A,24 years,12.3,45,3.67,35.0,0.0,4.0,2.0,4.0,0.0,5,0.41,4.0,0.0,1.0,0.0,0.0,0.0,Forward,
Tomáš Souček,CZE,West Ham,eng Premier League,28 years,31.9,42,1.32,34.0,1.0,0.0,4.0,0.0,3.0,4,0.13,4.0,0.0,0.0,0.0,0.0,0.0,Midfielder,
Matìas Soulé,ARG,Frosinone,it Serie A,20 years,34.7,188,5.42,121.0,25.0,25.0,10.0,4.0,3.0,11,0.32,7.0,2.0,1.0,0.0,0.0,1.0,Forward,Midfielder
Boubakary Soumaré,FRA,Sevilla,es La Liga,24 years,25.4,29,1.14,28.0,0.0,0.0,0.0,1.0,0.0,2,0.08,2.0,0.0,0.0,0.0,0.0,0.0,Midfielder,
Issa Soumaré,SEN,Le Havre,fr Ligue 1,22 years,2.6,7,2.66,2.0,0.0,2.0,1.0,2.0,0.0,0,0.0,0.0,0.0,0.0,0.0,0.0,0.0,Forward,Midfielder
Vinicius Souza,BRA,Sheffield Utd,eng Premier League,24 years,29.6,26,0.88,22.0,1.0,0.0,1.0,0.0,2.0,3,0.1,2.0,0.0,0.0,1.0,0.0,0.0,Midfielder,
Djibril Sow,SUI,Sevilla,es La Liga,26 years,16.2,43,2.65,34.0,0.0,1.0,4.0,3.0,1.0,3,0.18,3.0,0.0,0.0,0.0,0.0,0.0,Midfielder,
Saidou Sow,GUI,Strasbourg,fr Ligue 1,21 years,8.0,5,0.63,5.0,0.0,0.0,0.0,0.0,0.0,1,0.13,1.0,0.0,0.0,0.0,0.0,0.0,Defender,
Çağlar Söyüncü,TUR,Atlético Madrid,es La Liga,27 years,1.3,2,1.58,2.0,0.0,0.0,0.0,0.0,0.0,1,0.79,1.0,0.0,0.0,0.0,0.0,0.0,Defender,
Djed Spence,ENG,Genoa,it Serie A,22 years,9.5,12,1.26,7.0,2.0,1.0,2.0,0.0,0.0,0,0.0,0.0,0.0,0.0,0.0,0.0,0.0,Defender,
Stijn Spierings,NED,Toulouse,fr Ligue 1,27 years,16.8,41,2.44,34.0,1.0,1.0,3.0,1.0,1.0,3,0.18,3.0,0.0,0.0,0.0,0.0,0.0,Midfielder,
Stijn Spierings,NED,Lens,fr Ligue 1,27 years,1.3,1,0.76,1.0,0.0,0.0,0.0,0.0,0.0,0,0.0,0.0,0.0,0.0,0.0,0.0,0.0,Midfielder,
Leonardo Spinazzola,ITA,Roma,it Serie A,30 years,14.6,44,3.02,39.0,1.0,3.0,1.0,0.0,0.0,4,0.27,3.0,0.0,1.0,0.0,0.0,0.0,Defender,
Marco Sportiello,ITA,Milan,it Serie A,31 years,7.0,2,0.29,2.0,0.0,0.0,0.0,0.0,0.0,1,0.14,1.0,0.0,0.0,0.0,0.0,0.0,Goalkeeper,
Anton Stach,GER,Hoffenheim,de Bundesliga,24 years,25.8,61,2.37,43.0,8.0,1.0,4.0,2.0,3.0,7,0.27,3.0,2.0,0.0,0.0,1.0,1.0,Midfielder,
Anton Stach,GER,Mainz 05,de Bundesliga,24 years,1.9,7,3.71,4.0,0.0,1.0,2.0,0.0,0.0,0,0.0,0.0,0.0,0.0,0.0,0.0,0.0,Midfielder,
Jens Stage,DEN,Werder Bremen,de Bundesliga,26 years,25.9,54,2.09,46.0,2.0,0.0,4.0,1.0,1.0,5,0.19,3.0,0.0,0.0,1.0,1.0,0.0,Midfielder,
Benjamin Stambouli,FRA,Reims,fr Ligue 1,32 years,3.2,3,0.94,3.0,0.0,0.0,0.0,0.0,0.0,0,0.0,0.0,0.0,0.0,0.0,0.0,0.0,Midfielder,
Josip Stanišić,CRO,Leverkusen,de Bundesliga,23 years,14.0,26,1.85,22.0,0.0,0.0,2.0,1.0,1.0,2,0.14,2.0,0.0,0.0,0.0,0.0,0.0,Defender,
Carl Starfelt,SWE,Celta Vigo,es La Liga,28 years,24.6,6,0.24,6.0,0.0,0.0,0.0,0.0,0.0,1,0.04,1.0,0.0,0.0,0.0,0.0,0.0,Defender,
Niklas Stark,GER,Werder Bremen,de Bundesliga,28 years,12.1,9,0.74,8.0,0.0,0.0,0.0,0.0,1.0,1,0.08,1.0,0.0,0.0,0.0,0.0,0.0,Defender,
Jason Steele,ENG,Brighton,eng Premier League,32 years,17.0,0,0.0,0.0,0.0,0.0,0.0,0.0,0.0,0,0.0,0.0,0.0,0.0,0.0,0.0,0.0,Goalkeeper,
Pascal Stenzel,GER,Stuttgart,de Bundesliga,27 years,11.8,38,3.22,31.0,1.0,2.0,1.0,2.0,1.0,10,0.85,9.0,0.0,1.0,0.0,0.0,0.0,Defender,
Leonidas Stergiou,SUI,Stuttgart,de Bundesliga,21 years,6.6,7,1.06,7.0,0.0,0.0,0.0,0.0,0.0,1,0.15,1.0,0.0,0.0,0.0,0.0,0.0,Defender,
Raheem Sterling,ENG,Chelsea,eng Premier League,28 years,22.0,85,3.87,55.0,0.0,15.0,4.0,7.0,4.0,14,0.64,7.0,0.0,4.0,0.0,3.0,0.0,Forward,Midfielder
Trivante Stewart,JAM,Salernitana,it Serie A,23 years,1.1,3,2.7,2.0,0.0,1.0,0.0,0.0,0.0,0,0.0,0.0,0.0,0.0,0.0,0.0,0.0,Forward,Midfielder
Angelo Stiller,GER,Hoffenheim,de Bundesliga,22 years,0.9,5,5.42,3.0,2.0,0.0,0.0,0.0,0.0,0,0.0,0.0,0.0,0.0,0.0,0.0,0.0,Midfielder,
Angelo Stiller,GER,Stuttgart,de Bundesliga,22 years,29.9,114,3.81,86.0,22.0,0.0,2.0,1.0,3.0,10,0.33,8.0,1.0,0.0,0.0,0.0,1.0,Midfielder,
Kevin Stöger,AUT,Bochum,de Bundesliga,29 years,29.6,231,7.79,131.0,77.0,5.0,10.0,7.0,1.0,18,0.61,10.0,6.0,1.0,1.0,0.0,0.0,Midfielder,
Filip Stojilković,SUI,Darmstadt 98,de Bundesliga,23 years,1.7,0,0.0,0.0,0.0,0.0,0.0,0.0,0.0,0,0.0,0.0,0.0,0.0,0.0,0.0,0.0,Forward,Midfielder
John Stones,ENG,Manchester City,eng Premier League,29 years,11.8,23,1.95,21.0,0.0,0.0,0.0,2.0,0.0,0,0.0,0.0,0.0,0.0,0.0,0.0,0.0,Defender,Midfielder
Thomas Strakosha,ALB,Brentford,eng Premier League,28 years,1.5,0,0.0,0.0,0.0,0.0,0.0,0.0,0.0,0,0.0,0.0,0.0,0.0,0.0,0.0,0.0,Goalkeeper,
Jørgen Strand Larsen,NOR,Celta Vigo,es La Liga,23 years,31.8,61,1.92,43.0,0.0,5.0,9.0,4.0,0.0,8,0.25,5.0,0.0,0.0,1.0,2.0,0.0,Forward,
Gabriel Strefezza,BRA,Lecce,it Serie A,26 years,12.4,41,3.32,30.0,4.0,1.0,3.0,1.0,2.0,2,0.16,1.0,1.0,0.0,0.0,0.0,0.0,Forward,
Kevin Strootman,NED,Genoa,it Serie A,33 years,13.4,39,2.91,32.0,5.0,0.0,0.0,1.0,1.0,5,0.37,5.0,0.0,0.0,0.0,0.0,0.0,Midfielder,
Cristhian Stuani,URU,Girona,es La Liga,36 years,8.9,16,1.79,11.0,0.0,1.0,3.0,0.0,1.0,3,0.34,2.0,0.0,0.0,1.0,0.0,0.0,Forward,
Álex Suárez,ESP,Las Palmas,es La Liga,30 years,28.5,18,0.63,13.0,2.0,0.0,2.0,1.0,0.0,2,0.07,1.0,0.0,0.0,1.0,0.0,0.0,Defender,
Damián Suárez,URU,Getafe,es La Liga,35 years,14.4,33,2.28,28.0,5.0,0.0,0.0,0.0,0.0,4,0.28,3.0,1.0,0.0,0.0,0.0,0.0,Defender,
Denis Suárez,ESP,Villarreal,es La Liga,29 years,1.5,8,5.37,7.0,1.0,0.0,0.0,0.0,0.0,0,0.0,0.0,0.0,0.0,0.0,0.0,0.0,Midfielder,Forward
Gabriel Suazo,CHI,Toulouse,fr Ligue 1,25 years,26.2,83,3.17,62.0,11.0,2.0,1.0,2.0,5.0,9,0.34,8.0,0.0,0.0,0.0,0.0,1.0,Defender,
Isaac Success,NGA,Udinese,it Serie A,27 years,9.8,29,2.96,18.0,0.0,3.0,3.0,5.0,0.0,2,0.2,1.0,0.0,0.0,1.0,0.0,0.0,Forward,Midfielder
Niklas Süle,GER,Dortmund,de Bundesliga,27 years,16.8,17,1.01,17.0,0.0,0.0,0.0,0.0,0.0,2,0.12,2.0,0.0,0.0,0.0,0.0,0.0,Defender,
Ibrahim Sulemana,GHA,Cagliari,it Serie A,20 years,14.9,20,1.34,17.0,0.0,1.0,1.0,1.0,0.0,1,0.07,1.0,0.0,0.0,0.0,0.0,0.0,Midfielder,
Tomáš Suslov,SVK,Hellas Verona,it Serie A,21 years,23.2,69,2.97,37.0,13.0,6.0,5.0,5.0,3.0,7,0.3,5.0,1.0,0.0,1.0,0.0,0.0,Midfielder,Forward
Suso,ESP,Sevilla,es La Liga,29 years,16.9,91,5.4,60.0,26.0,2.0,2.0,1.0,0.0,12,0.71,9.0,2.0,1.0,0.0,0.0,0.0,Midfielder,Forward
Mattias Svanberg,SWE,Wolfsburg,de Bundesliga,24 years,19.1,59,3.09,34.0,10.0,4.0,6.0,5.0,0.0,9,0.47,7.0,0.0,0.0,1.0,1.0,0.0,Midfielder,
Max Svensson,ESP,Osasuna,es La Liga,nan years,0.0,0,0.0,0.0,0.0,0.0,0.0,0.0,0.0,0,0.0,0.0,0.0,0.0,0.0,0.0,0.0,Forward,
Mile Svilar,SRB,Roma,it Serie A,23 years,15.0,3,0.2,3.0,0.0,0.0,0.0,0.0,0.0,0,0.0,0.0,0.0,0.0,0.0,0.0,0.0,Goalkeeper,
Williot Swedberg,SWE,Celta Vigo,es La Liga,19 years,4.9,11,2.26,5.0,0.0,3.0,2.0,1.0,0.0,2,0.41,0.0,0.0,1.0,0.0,1.0,0.0,Forward,Midfielder
Karol Świderski,POL,Hellas Verona,it Serie A,26 years,5.6,17,3.04,13.0,0.0,1.0,0.0,3.0,0.0,1,0.18,1.0,0.0,0.0,0.0,0.0,0.0,Forward,Midfielder
Abakar Sylla,CIV,Strasbourg,fr Ligue 1,20 years,19.9,14,0.7,12.0,0.0,0.0,0.0,0.0,2.0,1,0.05,0.0,0.0,0.0,0.0,0.0,1.0,Defender,
Dembo Sylla,GUI,Lorient,fr Ligue 1,20 years,0.5,0,0.0,0.0,0.0,0.0,0.0,0.0,0.0,0,0.0,0.0,0.0,0.0,0.0,0.0,0.0,Defender,
Issiaga Sylla,GUI,Montpellier,fr Ligue 1,29 years,16.2,31,1.92,22.0,5.0,1.0,2.0,0.0,1.0,2,0.12,2.0,0.0,0.0,0.0,0.0,0.0,Defender,Forward
Mamadou Sylla,SEN,Alavés,es La Liga,29 years,0.2,0,0.0,0.0,0.0,0.0,0.0,0.0,0.0,0,0.0,0.0,0.0,0.0,0.0,0.0,0.0,Forward,Midfielder
Attila Szalai,HUN,Hoffenheim,de Bundesliga,25 years,3.2,6,1.87,5.0,0.0,0.0,0.0,0.0,1.0,0,0.0,0.0,0.0,0.0,0.0,0.0,0.0,Defender,
Attila Szalai,HUN,Freiburg,de Bundesliga,25 years,1.1,1,0.87,1.0,0.0,0.0,0.0,0.0,0.0,0,0.0,0.0,0.0,0.0,0.0,0.0,0.0,Defender,
Wojciech Szczęsny,POL,Juventus,it Serie A,33 years,35.0,2,0.06,2.0,0.0,0.0,0.0,0.0,0.0,0,0.0,0.0,0.0,0.0,0.0,0.0,0.0,Goalkeeper,
Dominik Szoboszlai,HUN,Liverpool,eng Premier League,22 years,23.4,115,4.92,84.0,21.0,4.0,3.0,3.0,0.0,7,0.3,5.0,0.0,0.0,1.0,1.0,0.0,Midfielder,
Przemysław Szymiński,POL,Frosinone,it Serie A,29 years,0.1,0,0.0,0.0,0.0,0.0,0.0,0.0,0.0,0,0.0,0.0,0.0,0.0,0.0,0.0,0.0,Midfielder,
Alexander Sørloth,NOR,Villarreal,es La Liga,27 years,27.7,68,2.46,51.0,0.0,6.0,8.0,2.0,1.0,17,0.61,8.0,0.0,2.0,5.0,2.0,0.0,Forward,
Musa Al-Taamari,JOR,Montpellier,fr Ligue 1,26 years,21.4,70,3.27,34.0,2.0,12.0,6.0,14.0,2.0,8,0.37,3.0,0.0,3.0,0.0,2.0,0.0,Forward,
Nicolás Tagliafico,ARG,Lyon,fr Ligue 1,30 years,23.6,42,1.78,28.0,6.0,1.0,3.0,3.0,1.0,2,0.08,1.0,0.0,0.0,0.0,1.0,0.0,Defender,
Jonathan Tah,GER,Leverkusen,de Bundesliga,27 years,29.2,19,0.65,15.0,0.0,0.0,3.0,0.0,1.0,4,0.14,3.0,0.0,0.0,1.0,0.0,0.0,Defender,
Montassar Talbi,TUN,Lorient,fr Ligue 1,25 years,24.5,16,0.65,15.0,0.0,0.0,1.0,0.0,0.0,0,0.0,0.0,0.0,0.0,0.0,0.0,0.0,Defender,
Yassin Tallal,ESP,Getafe,es La Liga,18 years,0.0,0,0.0,0.0,0.0,0.0,0.0,0.0,0.0,0,0.0,0.0,0.0,0.0,0.0,0.0,0.0,Forward,
Adrien Tameze,CMR,Torino,it Serie A,29 years,23.8,32,1.34,29.0,0.0,0.0,1.0,0.0,2.0,4,0.17,2.0,0.0,0.0,0.0,0.0,2.0,Defender,Midfielder
Renato Tapia,PER,Celta Vigo,es La Liga,28 years,14.9,27,1.82,22.0,0.0,1.0,2.0,1.0,1.0,0,0.0,0.0,0.0,0.0,0.0,0.0,0.0,Midfielder,Defender
Edmond Tapsoba,BFA,Leverkusen,de Bundesliga,24 years,23.2,38,1.64,36.0,1.0,0.0,0.0,1.0,0.0,6,0.26,6.0,0.0,0.0,0.0,0.0,0.0,Defender,
Matt Targett,ENG,Newcastle Utd,eng Premier League,27 years,0.9,4,4.62,4.0,0.0,0.0,0.0,0.0,0.0,0,0.0,0.0,0.0,0.0,0.0,0.0,0.0,Defender,
Oussama Targhalline,MAR,Le Havre,fr Ligue 1,21 years,11.4,24,2.11,18.0,0.0,0.0,0.0,3.0,3.0,2,0.18,2.0,0.0,0.0,0.0,0.0,0.0,Midfielder,
James Tarkowski,ENG,Everton,eng Premier League,30 years,38.0,44,1.16,38.0,0.0,1.0,4.0,0.0,1.0,3,0.08,3.0,0.0,0.0,0.0,0.0,0.0,Defender,
César Tárrega,ESP,Valencia,es La Liga,21 years,0.1,0,0.0,0.0,0.0,0.0,0.0,0.0,0.0,0,0.0,0.0,0.0,0.0,0.0,0.0,0.0,Defender,
Jimi Tauriainen,ENG,Chelsea,eng Premier League,19 years,0.0,0,0.0,0.0,0.0,0.0,0.0,0.0,0.0,0,0.0,0.0,0.0,0.0,0.0,0.0,0.0,Forward,
Nuno Tavares,POR,Nottingham Forest,eng Premier League,23 years,5.1,9,1.77,8.0,0.0,1.0,0.0,0.0,0.0,0,0.0,0.0,0.0,0.0,0.0,0.0,0.0,Defender,
Marcus Tavernier,ENG,Bournemouth,eng Premier League,24 years,23.5,101,4.29,72.0,14.0,5.0,5.0,4.0,1.0,9,0.38,6.0,2.0,0.0,0.0,1.0,0.0,Forward,
Elayis Tavsan,NED,Hellas Verona,it Serie A,22 years,0.6,1,1.8,1.0,0.0,0.0,0.0,0.0,0.0,0,0.0,0.0,0.0,0.0,0.0,0.0,0.0,Midfielder,Forward
Charlie Taylor,ENG,Burnley,eng Premier League,29 years,25.9,34,1.31,30.0,0.0,0.0,2.0,1.0,1.0,2,0.08,1.0,0.0,0.0,1.0,0.0,0.0,Defender,
Marciano Tchami,GNB,Almería,es La Liga,19 years,0.5,1,2.14,1.0,0.0,0.0,0.0,0.0,0.0,0,0.0,0.0,0.0,0.0,0.0,0.0,0.0,Forward,Midfielder
Loum Tchaouna,FRA,Salernitana,it Serie A,19 years,23.3,56,2.4,42.0,1.0,5.0,6.0,2.0,0.0,7,0.3,4.0,0.0,2.0,1.0,0.0,0.0,Forward,Midfielder
Jackson Tchatchoua,CMR,Hellas Verona,it Serie A,21 years,19.2,33,1.72,27.0,2.0,2.0,0.0,1.0,1.0,2,0.1,2.0,0.0,0.0,0.0,0.0,0.0,Defender,
Enzo Tchato,CMR,Montpellier,fr Ligue 1,20 years,12.5,18,1.44,13.0,3.0,0.0,0.0,1.0,1.0,0,0.0,0.0,0.0,0.0,0.0,0.0,0.0,Defender,
Aurélien Tchouaméni,FRA,Real Madrid,es La Liga,23 years,22.1,35,1.58,30.0,0.0,1.0,3.0,0.0,1.0,11,0.5,10.0,0.0,0.0,1.0,0.0,0.0,Midfielder,Defender
Mathys Tel,FRA,Bayern Munich,de Bundesliga,18 years,11.7,45,3.86,25.0,0.0,9.0,8.0,3.0,0.0,13,1.11,8.0,0.0,3.0,1.0,1.0,0.0,Forward,Midfielder
Nathan Tella,NGA,Leverkusen,de Bundesliga,24 years,9.1,36,3.96,25.0,1.0,1.0,2.0,7.0,0.0,6,0.66,4.0,0.0,0.0,0.0,2.0,0.0,Defender,Midfielder
Nahuel Tenaglia,ARG,Alavés,es La Liga,27 years,12.7,24,1.89,19.0,2.0,0.0,0.0,1.0,2.0,2,0.16,1.0,0.0,0.0,0.0,1.0,0.0,Defender,
Arnau Tenas,ESP,Paris S-G,fr Ligue 1,22 years,5.9,1,0.17,1.0,0.0,0.0,0.0,0.0,0.0,1,0.17,1.0,0.0,0.0,0.0,0.0,0.0,Goalkeeper,
Marc-André ter Stegen,GER,Barcelona,es La Liga,31 years,28.0,8,0.29,7.0,1.0,0.0,0.0,0.0,0.0,2,0.07,1.0,1.0,0.0,0.0,0.0,0.0,Goalkeeper,
Filippo Terracciano,ITA,Hellas Verona,it Serie A,20 years,14.4,36,2.5,20.0,9.0,3.0,3.0,1.0,0.0,4,0.28,2.0,1.0,0.0,1.0,0.0,0.0,Defender,
Filippo Terracciano,ITA,Milan,it Serie A,20 years,0.8,0,0.0,0.0,0.0,0.0,0.0,0.0,0.0,0,0.0,0.0,0.0,0.0,0.0,0.0,0.0,Defender,Forward
Pietro Terracciano,ITA,Fiorentina,it Serie A,33 years,33.0,4,0.12,3.0,1.0,0.0,0.0,0.0,0.0,0,0.0,0.0,0.0,0.0,0.0,0.0,0.0,Goalkeeper,
Ramón Terrats,ESP,Villarreal,es La Liga,22 years,8.7,22,2.51,13.0,4.0,1.0,1.0,2.0,1.0,3,0.34,2.0,0.0,0.0,0.0,1.0,0.0,Midfielder,Defender
Martin Terrier,FRA,Rennes,fr Ligue 1,26 years,17.0,51,3.01,35.0,0.0,1.0,6.0,7.0,2.0,7,0.41,6.0,0.0,0.0,1.0,0.0,0.0,Forward,Midfielder
Kenny Tete,NED,Fulham,eng Premier League,27 years,9.6,15,1.56,11.0,0.0,2.0,1.0,1.0,0.0,2,0.21,1.0,0.0,0.0,0.0,1.0,0.0,Defender,
Benjamin Tetteh,GHA,Metz,fr Ligue 1,26 years,3.1,6,1.92,5.0,0.0,0.0,0.0,1.0,0.0,0,0.0,0.0,0.0,0.0,0.0,0.0,0.0,Forward,Midfielder
Teddy Teuma,MLT,Reims,fr Ligue 1,29 years,23.5,92,3.92,60.0,22.0,4.0,4.0,1.0,1.0,10,0.43,5.0,3.0,1.0,0.0,0.0,1.0,Midfielder,
Florian Thauvin,FRA,Udinese,it Serie A,30 years,19.0,71,3.74,53.0,6.0,4.0,6.0,2.0,0.0,4,0.21,4.0,0.0,0.0,0.0,0.0,0.0,Forward,
Arthur Theate,BEL,Rennes,fr Ligue 1,23 years,25.5,21,0.82,16.0,1.0,1.0,2.0,1.0,0.0,3,0.12,1.0,0.0,0.0,2.0,0.0,0.0,Defender,
Norman Theuerkauf,GER,Heidenheim,de Bundesliga,36 years,14.0,27,1.93,19.0,4.0,0.0,1.0,2.0,1.0,2,0.14,2.0,0.0,0.0,0.0,0.0,0.0,Midfielder,Defender
Malick Thiaw,GER,Milan,it Serie A,21 years,18.0,19,1.06,16.0,0.0,0.0,3.0,0.0,0.0,2,0.11,2.0,0.0,0.0,0.0,0.0,0.0,Defender,
Jan Thielmann,GER,Köln,de Bundesliga,21 years,17.5,43,2.45,25.0,1.0,5.0,6.0,5.0,1.0,1,0.06,0.0,0.0,0.0,1.0,0.0,0.0,Forward,Defender
Denis Thomalla,GER,Heidenheim,de Bundesliga,30 years,5.0,9,1.82,8.0,0.0,0.0,1.0,0.0,0.0,0,0.0,0.0,0.0,0.0,0.0,0.0,0.0,Midfielder,Forward
Luke Thomas,ENG,Sheffield Utd,eng Premier League,22 years,10.2,10,0.98,8.0,0.0,0.0,1.0,1.0,0.0,0,0.0,0.0,0.0,0.0,0.0,0.0,0.0,Defender,
Adrien Thomasson,FRA,Lens,fr Ligue 1,29 years,13.3,75,5.64,59.0,9.0,0.0,4.0,3.0,0.0,3,0.23,1.0,1.0,0.0,0.0,1.0,0.0,Midfielder,
Morten Thorsby,NOR,Genoa,it Serie A,27 years,12.9,14,1.09,11.0,0.0,1.0,2.0,0.0,0.0,2,0.16,1.0,0.0,0.0,1.0,0.0,0.0,Midfielder,
Kristian Thorstvedt,NOR,Sassuolo,it Serie A,24 years,26.6,80,3.0,66.0,1.0,3.0,4.0,3.0,3.0,4,0.15,1.0,0.0,0.0,1.0,1.0,1.0,Midfielder,
Khéphren Thuram,FRA,Nice,fr Ligue 1,22 years,23.4,79,3.37,59.0,0.0,6.0,7.0,3.0,4.0,5,0.21,5.0,0.0,0.0,0.0,0.0,0.0,Midfielder,
Marcus Thuram,FRA,Inter,it Serie A,25 years,29.9,81,2.71,51.0,0.0,6.0,10.0,13.0,1.0,17,0.57,10.0,0.0,2.0,0.0,5.0,0.0,Forward,
Cheikh Tidiane Sabaly,SEN,Metz,fr Ligue 1,24 years,15.3,39,2.55,28.0,0.0,4.0,2.0,4.0,1.0,4,0.26,3.0,0.0,0.0,1.0,0.0,0.0,Forward,Midfielder
Youri Tielemans,BEL,Aston Villa,eng Premier League,26 years,18.0,49,2.72,40.0,1.0,1.0,3.0,2.0,2.0,16,0.89,14.0,0.0,0.0,1.0,0.0,1.0,Midfielder,Forward
Kieran Tierney,SCO,Real Sociedad,es La Liga,26 years,13.8,16,1.16,14.0,1.0,0.0,0.0,1.0,0.0,3,0.22,2.0,1.0,0.0,0.0,0.0,0.0,Defender,
Phillip Tietz,GER,Augsburg,de Bundesliga,26 years,26.5,55,2.08,45.0,0.0,1.0,7.0,2.0,0.0,8,0.3,6.0,0.0,0.0,2.0,0.0,0.0,Forward,
Steffen Tigges,GER,Köln,de Bundesliga,25 years,8.1,19,2.35,16.0,0.0,0.0,3.0,0.0,0.0,1,0.12,0.0,0.0,0.0,1.0,0.0,0.0,Forward,
Antonio Tikvić,CRO,Udinese,it Serie A,19 years,0.0,0,0.0,0.0,0.0,0.0,0.0,0.0,0.0,0,0.0,0.0,0.0,0.0,0.0,0.0,0.0,Defender,
Jurriën Timber,NED,Arsenal,eng Premier League,22 years,0.8,0,0.0,0.0,0.0,0.0,0.0,0.0,0.0,0,0.0,0.0,0.0,0.0,0.0,0.0,0.0,Defender,
Jean-Clair Todibo,FRA,Nice,fr Ligue 1,23 years,29.5,42,1.43,38.0,0.0,0.0,2.0,0.0,2.0,6,0.2,5.0,0.0,0.0,1.0,0.0,0.0,Defender,
Harry Toffolo,ENG,Nottingham Forest,eng Premier League,27 years,16.2,25,1.54,16.0,7.0,0.0,2.0,0.0,0.0,4,0.25,4.0,0.0,0.0,0.0,0.0,0.0,Defender,
Umut Tohumcu,GER,Hoffenheim,de Bundesliga,18 years,11.2,24,2.14,20.0,0.0,0.0,0.0,2.0,2.0,2,0.18,2.0,0.0,0.0,0.0,0.0,0.0,Midfielder,
Corentin Tolisso,FRA,Lyon,fr Ligue 1,28 years,19.3,52,2.69,40.0,1.0,0.0,9.0,1.0,1.0,3,0.16,1.0,0.0,0.0,2.0,0.0,0.0,Midfielder,
Jeremy Toljan,GER,Sassuolo,it Serie A,28 years,23.1,38,1.64,33.0,3.0,0.0,1.0,1.0,0.0,7,0.3,6.0,0.0,0.0,0.0,1.0,0.0,Defender,
Rafael Tolói,ITA,Atalanta,it Serie A,32 years,10.7,6,0.56,5.0,0.0,0.0,0.0,0.0,1.0,1,0.09,0.0,0.0,0.0,0.0,0.0,1.0,Defender,
Raúl de Tomás,ESP,Rayo Vallecano,es La Liga,28 years,14.1,22,1.56,11.0,0.0,1.0,7.0,3.0,0.0,3,0.21,3.0,0.0,0.0,0.0,0.0,0.0,Forward,
Tiago Tomás,POR,Wolfsburg,de Bundesliga,21 years,11.5,30,2.62,13.0,2.0,7.0,7.0,1.0,0.0,1,0.09,1.0,0.0,0.0,0.0,0.0,0.0,Forward,Midfielder
Takehiro Tomiyasu,JPN,Arsenal,eng Premier League,24 years,12.8,17,1.33,16.0,0.0,0.0,1.0,0.0,0.0,2,0.16,2.0,0.0,0.0,0.0,0.0,0.0,Defender,
James Tomkins,ENG,Crystal Palace,eng Premier League,34 years,0.1,0,0.0,0.0,0.0,0.0,0.0,0.0,0.0,0,0.0,0.0,0.0,0.0,0.0,0.0,0.0,Defender,
Fikayo Tomori,ENG,Milan,it Serie A,25 years,23.6,12,0.51,10.0,0.0,0.0,2.0,0.0,0.0,1,0.04,1.0,0.0,0.0,0.0,0.0,0.0,Defender,
Sandro Tonali,ITA,Newcastle Utd,eng Premier League,23 years,4.9,12,2.47,10.0,1.0,0.0,0.0,1.0,0.0,3,0.62,2.0,0.0,0.0,0.0,1.0,0.0,Midfielder,
Ivan Toney,ENG,Brentford,eng Premier League,27 years,16.1,39,2.42,22.0,5.0,4.0,4.0,4.0,0.0,6,0.37,4.0,0.0,1.0,1.0,0.0,0.0,Forward,
Pablo Torre,ESP,Girona,es La Liga,20 years,7.8,24,3.07,24.0,0.0,0.0,0.0,0.0,0.0,6,0.77,6.0,0.0,0.0,0.0,0.0,0.0,Midfielder,Forward
Raúl Torrente,ESP,Granada,es La Liga,21 years,13.9,7,0.5,7.0,0.0,0.0,0.0,0.0,0.0,0,0.0,0.0,0.0,0.0,0.0,0.0,0.0,Defender,
Ferrán Torres,ESP,Barcelona,es La Liga,23 years,13.5,53,3.94,37.0,4.0,5.0,4.0,3.0,0.0,9,0.67,5.0,0.0,1.0,1.0,2.0,0.0,Forward,
Óliver Torres,ESP,Sevilla,es La Liga,28 years,18.0,58,3.23,47.0,7.0,0.0,0.0,4.0,0.0,2,0.11,2.0,0.0,0.0,0.0,0.0,0.0,Midfielder,
Pau Torres,ESP,Aston Villa,eng Premier League,26 years,27.4,23,0.84,22.0,1.0,0.0,0.0,0.0,0.0,1,0.04,1.0,0.0,0.0,0.0,0.0,0.0,Defender,
Lucas Torró,ESP,Osasuna,es La Liga,29 years,19.9,26,1.31,19.0,1.0,1.0,4.0,1.0,0.0,2,0.1,1.0,0.0,0.0,1.0,0.0,0.0,Midfielder,
Fabio Torsiello,ITA,Darmstadt 98,de Bundesliga,18 years,1.7,2,1.15,1.0,0.0,1.0,0.0,0.0,0.0,0,0.0,0.0,0.0,0.0,0.0,0.0,0.0,Forward,Defender
Ahmed Touba,ALG,Lecce,it Serie A,25 years,3.1,1,0.32,1.0,0.0,0.0,0.0,0.0,0.0,0,0.0,0.0,0.0,0.0,0.0,0.0,0.0,Defender,
Abdoulaye Touré,GUI,Le Havre,fr Ligue 1,29 years,25.4,44,1.73,37.0,0.0,2.0,1.0,3.0,1.0,1,0.04,1.0,0.0,0.0,0.0,0.0,0.0,Midfielder,
Souleymane Touré,FRA,Lorient,fr Ligue 1,20 years,22.8,20,0.88,20.0,0.0,0.0,0.0,0.0,0.0,1,0.04,1.0,0.0,0.0,0.0,0.0,0.0,Defender,
Lucas Tousart,FRA,Union Berlin,de Bundesliga,26 years,17.5,24,1.37,17.0,0.0,1.0,5.0,0.0,1.0,0,0.0,0.0,0.0,0.0,0.0,0.0,0.0,Midfielder,
Andros Townsend,ENG,Luton Town,eng Premier League,32 years,13.4,36,2.68,24.0,5.0,3.0,3.0,1.0,0.0,6,0.45,4.0,0.0,1.0,1.0,0.0,0.0,Midfielder,Forward
James Trafford,ENG,Burnley,eng Premier League,20 years,28.0,7,0.25,3.0,4.0,0.0,0.0,0.0,0.0,1,0.04,0.0,1.0,0.0,0.0,0.0,0.0,Goalkeeper,
Adama Traoré,ESP,Fulham,eng Premier League,27 years,4.2,14,3.34,12.0,0.0,1.0,1.0,0.0,0.0,5,1.19,4.0,0.0,1.0,0.0,0.0,0.0,Forward,Midfielder
Bénie Traoré,CIV,Sheffield Utd,eng Premier League,20 years,4.3,6,1.4,6.0,0.0,0.0,0.0,0.0,0.0,1,0.23,1.0,0.0,0.0,0.0,0.0,0.0,Forward,Midfielder
Bénie Traoré,CIV,Nantes,fr Ligue 1,20 years,5.6,15,2.68,13.0,1.0,0.0,1.0,0.0,0.0,1,0.18,1.0,0.0,0.0,0.0,0.0,0.0,Forward,Midfielder
Bertrand Traoré,BFA,Aston Villa,eng Premier League,27 years,0.1,0,0.0,0.0,0.0,0.0,0.0,0.0,0.0,0,0.0,0.0,0.0,0.0,0.0,0.0,0.0,Defender,Forward
Bertrand Traoré,BFA,Villarreal,es La Liga,27 years,6.3,16,2.54,11.0,1.0,1.0,1.0,2.0,0.0,3,0.48,2.0,0.0,0.0,1.0,0.0,0.0,Midfielder,
Boubacar Traoré,MLI,Wolves,eng Premier League,21 years,9.1,13,1.43,12.0,0.0,1.0,0.0,0.0,0.0,2,0.22,2.0,0.0,0.0,0.0,0.0,0.0,Midfielder,
Chaka Traorè,CIV,Milan,it Serie A,18 years,0.2,0,0.0,0.0,0.0,0.0,0.0,0.0,0.0,0,0.0,0.0,0.0,0.0,0.0,0.0,0.0,Forward,
Daouda Traoré,FRA,Nice,fr Ligue 1,17 years,0.2,1,5.63,1.0,0.0,0.0,0.0,0.0,0.0,0,0.0,0.0,0.0,0.0,0.0,0.0,0.0,Midfielder,
Hamari Traoré,MLI,Real Sociedad,es La Liga,31 years,25.5,58,2.28,47.0,4.0,1.0,1.0,1.0,4.0,3,0.12,2.0,0.0,0.0,0.0,0.0,1.0,Defender,
Ismaël Traoré,CIV,Metz,fr Ligue 1,36 years,24.7,8,0.32,7.0,0.0,0.0,1.0,0.0,0.0,2,0.08,2.0,0.0,0.0,0.0,0.0,0.0,Defender,
Omar Traoré,GER,Heidenheim,de Bundesliga,25 years,27.5,44,1.6,38.0,3.0,1.0,1.0,1.0,0.0,6,0.22,5.0,0.0,0.0,0.0,1.0,0.0,Defender,
Kevin Trapp,GER,Eintracht Frankfurt,de Bundesliga,33 years,32.0,1,0.03,0.0,1.0,0.0,0.0,0.0,0.0,0,0.0,0.0,0.0,0.0,0.0,0.0,0.0,Goalkeeper,
Mark Travers,IRL,Bournemouth,eng Premier League,24 years,4.0,2,0.5,1.0,1.0,0.0,0.0,0.0,0.0,0,0.0,0.0,0.0,0.0,0.0,0.0,0.0,Goalkeeper,
Óscar Trejo,ARG,Rayo Vallecano,es La Liga,35 years,15.3,73,4.77,50.0,4.0,5.0,3.0,10.0,1.0,5,0.33,2.0,0.0,0.0,2.0,1.0,0.0,Forward,Midfielder
Mike Trésor,BEL,Burnley,eng Premier League,24 years,4.7,10,2.14,4.0,5.0,1.0,0.0,0.0,0.0,0,0.0,0.0,0.0,0.0,0.0,0.0,0.0,Forward,Midfielder
Manu Trigueros,ESP,Villarreal,es La Liga,31 years,3.4,8,2.33,6.0,2.0,0.0,0.0,0.0,0.0,1,0.29,1.0,0.0,0.0,0.0,0.0,0.0,Midfielder,
Christopher Trimmel,AUT,Union Berlin,de Bundesliga,36 years,18.3,57,3.11,29.0,27.0,0.0,0.0,1.0,0.0,2,0.11,0.0,2.0,0.0,0.0,0.0,0.0,Defender,
Kieran Trippier,ENG,Newcastle Utd,eng Premier League,32 years,24.8,101,4.07,68.0,28.0,1.0,0.0,2.0,2.0,11,0.44,7.0,3.0,0.0,0.0,0.0,1.0,Defender,
Leandro Trossard,BEL,Arsenal,eng Premier League,28 years,18.3,65,3.55,46.0,3.0,7.0,5.0,4.0,0.0,6,0.33,1.0,1.0,2.0,0.0,2.0,0.0,Forward,Midfielder
Adrien Truffert,FRA,Rennes,fr Ligue 1,21 years,23.8,38,1.59,27.0,0.0,4.0,2.0,5.0,0.0,3,0.13,1.0,0.0,0.0,1.0,1.0,0.0,Defender,
Auston Trusty,USA,Sheffield Utd,eng Premier League,24 years,28.6,16,0.56,11.0,2.0,1.0,0.0,0.0,2.0,0,0.0,0.0,0.0,0.0,0.0,0.0,0.0,Defender,
Kostas Tsimikas,GRE,Liverpool,eng Premier League,27 years,7.5,32,4.24,20.0,9.0,0.0,0.0,2.0,1.0,2,0.27,2.0,0.0,0.0,0.0,0.0,0.0,Defender,
Viktor Tsyhankov,UKR,Girona,es La Liga,25 years,22.8,73,3.21,52.0,10.0,3.0,4.0,1.0,3.0,13,0.57,11.0,2.0,0.0,0.0,0.0,0.0,Midfielder,Forward
Stefano Turati,ITA,Frosinone,it Serie A,21 years,30.5,1,0.03,1.0,0.0,0.0,0.0,0.0,0.0,0,0.0,0.0,0.0,0.0,0.0,0.0,0.0,Goalkeeper,
Matt Turner,USA,Nottingham Forest,eng Premier League,29 years,17.0,4,0.24,4.0,0.0,0.0,0.0,0.0,0.0,0,0.0,0.0,0.0,0.0,0.0,0.0,0.0,Goalkeeper,
Beñat Turrientes,ESP,Real Sociedad,es La Liga,21 years,18.7,29,1.55,22.0,0.0,2.0,3.0,1.0,1.0,2,0.11,1.0,0.0,0.0,1.0,0.0,0.0,Midfielder,
Tuta,BRA,Eintracht Frankfurt,de Bundesliga,24 years,28.9,35,1.21,26.0,2.0,0.0,6.0,1.0,0.0,3,0.1,3.0,0.0,0.0,0.0,0.0,0.0,Defender,
Destiny Udogie,ITA,Tottenham,eng Premier League,20 years,26.6,57,2.15,51.0,0.0,4.0,2.0,0.0,0.0,7,0.26,6.0,0.0,0.0,1.0,0.0,0.0,Defender,
Matthieu Udol,FRA,Metz,fr Ligue 1,27 years,30.0,54,1.8,42.0,2.0,1.0,3.0,5.0,1.0,3,0.1,3.0,0.0,0.0,0.0,0.0,0.0,Defender,
Manuel Ugarte Ribeiro,URU,Paris S-G,fr Ligue 1,22 years,21.5,38,1.77,31.0,0.0,3.0,0.0,3.0,1.0,5,0.23,3.0,0.0,1.0,0.0,1.0,0.0,Midfielder,
Lesley Ugochukwu,FRA,Chelsea,eng Premier League,19 years,3.3,5,1.5,5.0,0.0,0.0,0.0,0.0,0.0,0,0.0,0.0,0.0,0.0,0.0,0.0,0.0,Midfielder,
Lukas Ullrich,GER,Gladbach,de Bundesliga,19 years,0.5,0,0.0,0.0,0.0,0.0,0.0,0.0,0.0,0,0.0,0.0,0.0,0.0,0.0,0.0,0.0,Defender,Forward
Sven Ulreich,GER,Bayern Munich,de Bundesliga,34 years,11.0,1,0.09,1.0,0.0,0.0,0.0,0.0,0.0,0,0.0,0.0,0.0,0.0,0.0,0.0,0.0,Goalkeeper,
Samuel Umtiti,FRA,Lille,fr Ligue 1,29 years,2.1,0,0.0,0.0,0.0,0.0,0.0,0.0,0.0,0,0.0,0.0,0.0,0.0,0.0,0.0,0.0,Defender,
Enes Ünal,TUR,Bournemouth,eng Premier League,26 years,3.6,12,3.28,4.0,0.0,1.0,5.0,1.0,1.0,3,0.82,1.0,0.0,0.0,2.0,0.0,0.0,Forward,Midfielder
Enes Ünal,TUR,Getafe,es La Liga,26 years,1.6,5,3.21,4.0,0.0,0.0,0.0,1.0,0.0,1,0.64,1.0,0.0,0.0,0.0,0.0,0.0,Forward,Midfielder
Deniz Undav,GER,Stuttgart,de Bundesliga,27 years,23.2,103,4.44,79.0,0.0,10.0,6.0,6.0,2.0,17,0.73,15.0,0.0,1.0,1.0,0.0,0.0,Forward,Midfielder
Dayot Upamecano,FRA,Bayern Munich,de Bundesliga,24 years,19.6,27,1.38,26.0,0.0,0.0,0.0,1.0,0.0,3,0.15,3.0,0.0,0.0,0.0,0.0,0.0,Defender,
Kacper Urbanski,POL,Bologna,it Serie A,18 years,10.3,35,3.4,24.0,5.0,3.0,3.0,0.0,0.0,1,0.1,0.0,0.0,0.0,1.0,0.0,0.0,Midfielder,Forward
Mark Uth,GER,Köln,de Bundesliga,31 years,4.1,25,6.05,12.0,5.0,1.0,4.0,2.0,1.0,1,0.24,0.0,0.0,0.0,1.0,0.0,0.0,Midfielder,Forward
Myrto Uzuni,ALB,Granada,es La Liga,28 years,27.2,33,1.21,24.0,0.0,1.0,5.0,2.0,1.0,1,0.04,1.0,0.0,0.0,0.0,0.0,0.0,Forward,
Josha Vagnoman,GER,Stuttgart,de Bundesliga,22 years,13.1,21,1.6,15.0,1.0,0.0,3.0,1.0,1.0,4,0.3,4.0,0.0,0.0,0.0,0.0,0.0,Defender,
Óscar Valentín,ESP,Rayo Vallecano,es La Liga,28 years,29.9,42,1.4,33.0,1.0,2.0,2.0,2.0,2.0,0,0.0,0.0,0.0,0.0,0.0,0.0,0.0,Midfielder,
Emanuele Valeri,ITA,Frosinone,it Serie A,24 years,13.1,37,2.83,28.0,4.0,0.0,1.0,2.0,2.0,2,0.15,1.0,0.0,0.0,0.0,1.0,0.0,Defender,
Martin Valjent,SVK,Mallorca,es La Liga,27 years,26.1,23,0.88,17.0,2.0,1.0,2.0,0.0,1.0,2,0.08,1.0,1.0,0.0,0.0,0.0,0.0,Defender,
Jesús Vallejo,ESP,Granada,es La Liga,26 years,1.2,1,0.83,1.0,0.0,0.0,0.0,0.0,0.0,0,0.0,0.0,0.0,0.0,0.0,0.0,0.0,Defender,
Álvaro Vallés,ESP,Las Palmas,es La Liga,26 years,36.3,6,0.17,6.0,0.0,0.0,0.0,0.0,0.0,1,0.03,1.0,0.0,0.0,0.0,0.0,0.0,Goalkeeper,
Federico Valverde,URU,Real Madrid,es La Liga,25 years,32.3,119,3.69,110.0,0.0,3.0,3.0,1.0,2.0,14,0.43,12.0,0.0,0.0,2.0,0.0,0.0,Midfielder,
Kévin Van Den Kerkhof,ALG,Metz,fr Ligue 1,27 years,21.3,38,1.79,23.0,9.0,1.0,1.0,2.0,2.0,5,0.24,5.0,0.0,0.0,0.0,0.0,0.0,Forward,Midfielder
Siebe Van Der Heyden,BEL,Mallorca,es La Liga,25 years,3.2,3,0.94,2.0,0.0,0.0,1.0,0.0,0.0,0,0.0,0.0,0.0,0.0,0.0,0.0,0.0,Defender,
Virgil van Dijk,NED,Liverpool,eng Premier League,32 years,35.3,59,1.67,54.0,0.0,0.0,5.0,0.0,0.0,4,0.11,4.0,0.0,0.0,0.0,0.0,0.0,Defender,
Vanderson,BRA,Monaco,fr Ligue 1,22 years,18.2,42,2.3,32.0,3.0,2.0,4.0,0.0,1.0,4,0.22,3.0,0.0,0.0,1.0,0.0,0.0,Defender,
Raphaël Varane,FRA,Manchester Utd,eng Premier League,30 years,15.3,16,1.05,13.0,1.0,0.0,2.0,0.0,0.0,2,0.13,2.0,0.0,0.0,0.0,0.0,0.0,Defender,
Ruben Vargas,SUI,Augsburg,de Bundesliga,24 years,21.8,69,3.17,49.0,7.0,4.0,5.0,4.0,0.0,7,0.32,6.0,0.0,0.0,1.0,0.0,0.0,Midfielder,Forward
Johan Vásquez,MEX,Genoa,it Serie A,24 years,31.7,39,1.23,21.0,1.0,4.0,8.0,5.0,0.0,4,0.13,2.0,0.0,0.0,2.0,0.0,0.0,Defender,
José Luis García Vayá,ESP,Valencia,es La Liga,24 years,36.7,124,3.38,79.0,34.0,1.0,5.0,3.0,2.0,8,0.22,8.0,0.0,0.0,0.0,0.0,0.0,Midfielder,
Borja Vázquez,ESP,Cádiz,es La Liga,18 years,0.0,1,22.5,1.0,0.0,0.0,0.0,0.0,0.0,0,0.0,0.0,0.0,0.0,0.0,0.0,0.0,Forward,
Jesus Vazquez,ESP,Valencia,es La Liga,20 years,8.0,10,1.26,5.0,5.0,0.0,0.0,0.0,0.0,0,0.0,0.0,0.0,0.0,0.0,0.0,0.0,Defender,Midfielder
Kevin Vázquez,ESP,Celta Vigo,es La Liga,30 years,7.8,8,1.03,6.0,1.0,0.0,0.0,0.0,1.0,0,0.0,0.0,0.0,0.0,0.0,0.0,0.0,Defender,
Lucas Vázquez,ESP,Real Madrid,es La Liga,32 years,15.8,60,3.81,47.0,1.0,4.0,3.0,4.0,1.0,11,0.7,8.0,0.0,1.0,1.0,1.0,0.0,Defender,
Matías Vecino,URU,Lazio,it Serie A,31 years,12.8,26,2.03,23.0,0.0,0.0,2.0,0.0,1.0,2,0.16,1.0,0.0,0.0,1.0,0.0,0.0,Midfielder,
Gabriel Veiga,ESP,Celta Vigo,es La Liga,21 years,0.2,0,0.0,0.0,0.0,0.0,0.0,0.0,0.0,0,0.0,0.0,0.0,0.0,0.0,0.0,0.0,Forward,
Alejo Véliz,ARG,Tottenham,eng Premier League,19 years,0.6,1,1.84,0.0,0.0,1.0,0.0,0.0,0.0,0,0.0,0.0,0.0,0.0,0.0,0.0,0.0,Forward,
Alejo Véliz,ARG,Sevilla,es La Liga,19 years,0.4,1,2.57,1.0,0.0,0.0,0.0,0.0,0.0,0,0.0,0.0,0.0,0.0,0.0,0.0,0.0,Forward,
Miloš Veljković,SRB,Werder Bremen,de Bundesliga,27 years,21.3,14,0.66,14.0,0.0,0.0,0.0,0.0,0.0,3,0.14,3.0,0.0,0.0,0.0,0.0,0.0,Defender,
Joël Veltman,NED,Brighton,eng Premier League,31 years,17.6,18,1.02,12.0,2.0,0.0,0.0,3.0,1.0,1,0.06,1.0,0.0,0.0,0.0,0.0,0.0,Defender,
Micky van de Ven,NED,Tottenham,eng Premier League,22 years,26.0,11,0.42,9.0,0.0,1.0,0.0,1.0,0.0,1,0.04,0.0,0.0,1.0,0.0,0.0,0.0,Defender,
Lorenzo Venuti,ITA,Lecce,it Serie A,28 years,4.0,8,1.98,7.0,0.0,0.0,1.0,0.0,0.0,0,0.0,0.0,0.0,0.0,0.0,0.0,0.0,Defender,
Bart Verbruggen,NED,Brighton,eng Premier League,20 years,21.0,3,0.14,3.0,0.0,0.0,0.0,0.0,0.0,0,0.0,0.0,0.0,0.0,0.0,0.0,0.0,Goalkeeper,
Simone Verdi,ITA,Torino,it Serie A,31 years,0.0,1,22.5,1.0,0.0,0.0,0.0,0.0,0.0,0,0.0,0.0,0.0,0.0,0.0,0.0,0.0,Forward,
Jordan Veretout,FRA,Marseille,fr Ligue 1,30 years,24.3,94,3.88,69.0,19.0,2.0,3.0,1.0,0.0,12,0.49,10.0,1.0,0.0,1.0,0.0,0.0,Midfielder,
Arthur Vermeeren,BEL,Atlético Madrid,es La Liga,18 years,1.8,4,2.24,4.0,0.0,0.0,0.0,0.0,0.0,0,0.0,0.0,0.0,0.0,0.0,0.0,0.0,Midfielder,
Yorbe Vertessen,BEL,Union Berlin,de Bundesliga,22 years,6.6,19,2.88,16.0,0.0,3.0,0.0,0.0,0.0,3,0.46,2.0,0.0,1.0,0.0,0.0,0.0,Forward,Midfielder
Mikel Vesga,ESP,Athletic Club,es La Liga,30 years,17.0,25,1.46,22.0,0.0,0.0,1.0,0.0,2.0,2,0.12,2.0,0.0,0.0,0.0,0.0,0.0,Midfielder,
Guglielmo Vicario,ITA,Tottenham,eng Premier League,26 years,38.0,2,0.05,2.0,0.0,0.0,0.0,0.0,0.0,0,0.0,0.0,0.0,0.0,0.0,0.0,0.0,Goalkeeper,
Carlos Vicente,ESP,Alavés,es La Liga,24 years,12.4,48,3.87,26.0,13.0,4.0,2.0,3.0,0.0,5,0.4,3.0,1.0,1.0,0.0,0.0,0.0,Forward,
Nacho Vidal,ESP,Osasuna,es La Liga,28 years,1.1,1,0.94,1.0,0.0,0.0,0.0,0.0,0.0,0,0.0,0.0,0.0,0.0,0.0,0.0,0.0,Defender,Forward
Nacho Vidal,ESP,Mallorca,es La Liga,28 years,4.6,9,1.95,6.0,0.0,0.0,3.0,0.0,0.0,0,0.0,0.0,0.0,0.0,0.0,0.0,0.0,Defender,
Fabio Vieira,POR,Arsenal,eng Premier League,23 years,3.3,12,3.64,7.0,1.0,0.0,1.0,3.0,0.0,5,1.52,1.0,1.0,0.0,0.0,3.0,0.0,Midfielder,Forward
Fran Vieites,ESP,Betis,es La Liga,24 years,3.5,0,0.0,0.0,0.0,0.0,0.0,0.0,0.0,0,0.0,0.0,0.0,0.0,0.0,0.0,0.0,Goalkeeper,
Jonathan Viera,ESP,Las Palmas,es La Liga,33 years,6.9,30,4.37,26.0,2.0,1.0,0.0,1.0,0.0,1,0.15,1.0,0.0,0.0,0.0,0.0,0.0,Midfielder,Forward
Jonathan Viera,ESP,Almería,es La Liga,33 years,10.1,47,4.63,41.0,1.0,2.0,0.0,1.0,2.0,6,0.59,6.0,0.0,0.0,0.0,0.0,0.0,Midfielder,
Emanuel Vignato,ITA,Salernitana,it Serie A,22 years,3.5,7,2.03,6.0,0.0,0.0,0.0,0.0,1.0,1,0.29,1.0,0.0,0.0,0.0,0.0,0.0,Midfielder,Forward
Samuele Vignato,ITA,Monza,it Serie A,19 years,3.8,11,2.89,7.0,2.0,1.0,1.0,0.0,0.0,0,0.0,0.0,0.0,0.0,0.0,0.0,0.0,Midfielder,Forward
Oscar Vilhelmsson,SWE,Darmstadt 98,de Bundesliga,19 years,15.3,30,1.97,20.0,0.0,1.0,6.0,2.0,1.0,1,0.07,1.0,0.0,0.0,0.0,0.0,0.0,Forward,Midfielder
Toni Villa,ESP,Girona,es La Liga,28 years,0.1,0,0.0,0.0,0.0,0.0,0.0,0.0,0.0,0,0.0,0.0,0.0,0.0,0.0,0.0,0.0,Forward,
Asier Villalibre,ESP,Athletic Club,es La Liga,25 years,5.7,16,2.81,15.0,0.0,1.0,0.0,0.0,0.0,1,0.18,1.0,0.0,0.0,0.0,0.0,0.0,Forward,
Gonzalo Villar,ESP,Granada,es La Liga,25 years,20.0,50,2.52,30.0,2.0,4.0,3.0,8.0,3.0,8,0.4,6.0,0.0,0.0,0.0,1.0,1.0,Midfielder,
Iván Villar,ESP,Celta Vigo,es La Liga,26 years,11.3,2,0.18,1.0,1.0,0.0,0.0,0.0,0.0,0,0.0,0.0,0.0,0.0,0.0,0.0,0.0,Goalkeeper,
Matías Viña,URU,Sassuolo,it Serie A,25 years,11.3,33,2.93,24.0,2.0,3.0,1.0,2.0,1.0,6,0.53,5.0,0.0,0.0,1.0,0.0,0.0,Defender,
Rúben Vinagre,POR,Hellas Verona,it Serie A,24 years,3.1,9,2.86,8.0,0.0,1.0,0.0,0.0,0.0,0,0.0,0.0,0.0,0.0,0.0,0.0,0.0,Defender,Forward
Carlos Vinícius,BRA,Fulham,eng Premier League,28 years,3.5,9,2.57,8.0,0.0,1.0,0.0,0.0,0.0,1,0.29,1.0,0.0,0.0,0.0,0.0,0.0,Forward,
Nicolas Viola,ITA,Cagliari,it Serie A,33 years,13.4,64,4.78,27.0,27.0,2.0,2.0,5.0,1.0,4,0.3,1.0,2.0,0.0,0.0,0.0,1.0,Midfielder,Forward
Alan Virginius,FRA,Lille,fr Ligue 1,20 years,0.8,2,2.54,1.0,0.0,1.0,0.0,0.0,0.0,0,0.0,0.0,0.0,0.0,0.0,0.0,0.0,Forward,
Alan Virginius,FRA,Clermont Foot,fr Ligue 1,20 years,10.4,21,2.02,15.0,2.0,1.0,2.0,1.0,0.0,3,0.29,2.0,0.0,0.0,0.0,1.0,0.0,Forward,
Ricardo Visus,ESP,Betis,es La Liga,22 years,1.8,0,0.0,0.0,0.0,0.0,0.0,0.0,0.0,0,0.0,0.0,0.0,0.0,0.0,0.0,0.0,Defender,
Mattia Viti,ITA,Sassuolo,it Serie A,21 years,10.9,7,0.64,7.0,0.0,0.0,0.0,0.0,0.0,0,0.0,0.0,0.0,0.0,0.0,0.0,0.0,Defender,
Vitinha,POR,Genoa,it Serie A,23 years,3.2,8,2.53,3.0,1.0,1.0,0.0,3.0,0.0,0,0.0,0.0,0.0,0.0,0.0,0.0,0.0,Forward,Midfielder
Vitinha,POR,Marseille,fr Ligue 1,23 years,10.3,37,3.61,23.0,0.0,5.0,3.0,4.0,2.0,6,0.59,3.0,0.0,1.0,2.0,0.0,0.0,Forward,
Vitinha,POR,Paris S-G,fr Ligue 1,23 years,23.6,79,3.34,68.0,7.0,2.0,0.0,2.0,0.0,14,0.59,12.0,1.0,0.0,0.0,1.0,0.0,Midfielder,
Vitinho,BRA,Burnley,eng Premier League,24 years,25.7,44,1.71,33.0,2.0,4.0,3.0,1.0,1.0,6,0.23,5.0,0.0,0.0,0.0,1.0,0.0,Defender,Midfielder
Daniel Vivian,ESP,Athletic Club,es La Liga,24 years,32.0,24,0.75,20.0,0.0,0.0,3.0,1.0,0.0,2,0.06,1.0,0.0,0.0,0.0,1.0,0.0,Defender,
Odisseas Vlachodimos,GRE,Nottingham Forest,eng Premier League,29 years,5.0,1,0.2,1.0,0.0,0.0,0.0,0.0,0.0,0,0.0,0.0,0.0,0.0,0.0,0.0,0.0,Goalkeeper,
Dušan Vlahović,SRB,Juventus,it Serie A,23 years,25.6,73,2.85,49.0,1.0,5.0,15.0,2.0,1.0,9,0.35,6.0,0.0,0.0,3.0,0.0,0.0,Forward,
Nikola Vlašić,CRO,Torino,it Serie A,25 years,29.0,95,3.28,78.0,0.0,3.0,9.0,1.0,4.0,8,0.28,7.0,0.0,1.0,0.0,0.0,0.0,Midfielder,Forward
Alessandro Vogliacco,ITA,Genoa,it Serie A,24 years,13.0,23,1.77,19.0,3.0,0.0,0.0,1.0,0.0,3,0.23,2.0,0.0,0.0,0.0,1.0,0.0,Defender,
Kevin Vogt,GER,Hoffenheim,de Bundesliga,31 years,14.7,23,1.57,23.0,0.0,0.0,0.0,0.0,0.0,4,0.27,4.0,0.0,0.0,0.0,0.0,0.0,Defender,
Kevin Vogt,GER,Union Berlin,de Bundesliga,31 years,14.7,10,0.68,10.0,0.0,0.0,0.0,0.0,0.0,1,0.07,1.0,0.0,0.0,0.0,0.0,0.0,Defender,
Mërgim Vojvoda,KVX,Torino,it Serie A,28 years,15.3,38,2.48,34.0,3.0,1.0,0.0,0.0,0.0,4,0.26,2.0,2.0,0.0,0.0,0.0,0.0,Defender,
Kevin Volland,GER,Union Berlin,de Bundesliga,31 years,14.9,47,3.15,32.0,7.0,1.0,5.0,1.0,1.0,5,0.33,3.0,1.0,0.0,1.0,0.0,0.0,Forward,Midfielder
Cristian Volpato,ITA,Sassuolo,it Serie A,19 years,7.2,35,4.9,21.0,6.0,6.0,2.0,0.0,0.0,2,0.28,2.0,0.0,0.0,0.0,0.0,0.0,Midfielder,Forward
Aster Vranckx,BEL,Wolfsburg,de Bundesliga,20 years,12.8,11,0.86,9.0,0.0,0.0,1.0,1.0,0.0,2,0.16,2.0,0.0,0.0,0.0,0.0,0.0,Midfielder,
Stefan de Vrij,NED,Inter,it Serie A,31 years,17.6,9,0.51,7.0,0.0,0.0,1.0,0.0,1.0,1,0.06,1.0,0.0,0.0,0.0,0.0,0.0,Defender,
Elye Wahi,FRA,Montpellier,fr Ligue 1,20 years,0.2,1,6.92,1.0,0.0,0.0,0.0,0.0,0.0,0,0.0,0.0,0.0,0.0,0.0,0.0,0.0,Forward,
Elye Wahi,FRA,Lens,fr Ligue 1,20 years,18.8,41,2.18,23.0,1.0,3.0,6.0,5.0,3.0,3,0.16,1.0,1.0,0.0,1.0,0.0,0.0,Forward,
Walace,BRA,Udinese,it Serie A,28 years,36.0,57,1.58,46.0,1.0,0.0,5.0,3.0,2.0,3,0.08,3.0,0.0,0.0,0.0,0.0,0.0,Midfielder,
Luca Waldschmidt,GER,Köln,de Bundesliga,27 years,12.7,42,3.3,25.0,3.0,1.0,9.0,3.0,1.0,3,0.24,0.0,0.0,0.0,2.0,1.0,0.0,Midfielder,Forward
Kyle Walker,ENG,Manchester City,eng Premier League,33 years,30.7,62,2.02,57.0,1.0,1.0,1.0,2.0,0.0,11,0.36,9.0,0.0,1.0,1.0,0.0,0.0,Defender,
Sebastian Walukiewicz,POL,Empoli,it Serie A,23 years,22.8,14,0.61,9.0,0.0,2.0,1.0,1.0,1.0,1,0.04,1.0,0.0,0.0,0.0,0.0,0.0,Defender,
Aaron Wan-Bissaka,ENG,Manchester Utd,eng Premier League,25 years,19.8,26,1.31,24.0,1.0,0.0,0.0,1.0,0.0,3,0.15,3.0,0.0,0.0,0.0,0.0,0.0,Defender,
Joel Ward,ENG,Crystal Palace,eng Premier League,33 years,22.0,16,0.73,13.0,2.0,0.0,1.0,0.0,0.0,3,0.14,2.0,1.0,0.0,0.0,0.0,0.0,Defender,
James Ward-Prowse,ENG,West Ham,eng Premier League,28 years,33.3,116,3.48,57.0,51.0,1.0,4.0,1.0,2.0,16,0.48,7.0,7.0,0.0,2.0,0.0,0.0,Midfielder,
Lewis Warrington,ENG,Everton,eng Premier League,20 years,0.0,0,0.0,0.0,0.0,0.0,0.0,0.0,0.0,0,0.0,0.0,0.0,0.0,0.0,0.0,0.0,Forward,
Deivid Washington,BRA,Chelsea,eng Premier League,18 years,0.1,0,0.0,0.0,0.0,0.0,0.0,0.0,0.0,0,0.0,0.0,0.0,0.0,0.0,0.0,0.0,Defender,Forward
Kjell-Arik Wätjen,GER,Dortmund,de Bundesliga,17 years,1.2,3,2.57,3.0,0.0,0.0,0.0,0.0,0.0,1,0.86,1.0,0.0,0.0,0.0,0.0,0.0,Midfielder,Forward
Ollie Watkins,ENG,Aston Villa,eng Premier League,27 years,35.7,100,2.8,70.0,0.0,7.0,18.0,4.0,1.0,26,0.73,15.0,0.0,2.0,7.0,2.0,0.0,Forward,
Timothy Weah,USA,Juventus,it Serie A,23 years,14.0,30,2.15,25.0,1.0,0.0,2.0,2.0,0.0,2,0.14,2.0,0.0,0.0,0.0,0.0,0.0,Defender,Forward
Adam Webster,ENG,Brighton,eng Premier League,28 years,12.7,14,1.1,13.0,0.0,0.0,1.0,0.0,0.0,0,0.0,0.0,0.0,0.0,0.0,0.0,0.0,Defender,
Wout Weghorst,NED,Hoffenheim,de Bundesliga,30 years,22.0,71,3.23,64.0,0.0,0.0,2.0,5.0,0.0,5,0.23,5.0,0.0,0.0,0.0,0.0,0.0,Forward,
Julian Weigl,GER,Gladbach,de Bundesliga,27 years,30.7,52,1.69,42.0,2.0,3.0,1.0,1.0,3.0,5,0.16,5.0,0.0,0.0,0.0,0.0,0.0,Midfielder,
Nelson Weiper,GER,Mainz 05,de Bundesliga,18 years,1.4,3,2.18,2.0,0.0,1.0,0.0,0.0,0.0,0,0.0,0.0,0.0,0.0,0.0,0.0,0.0,Forward,Midfielder
Mitchell Weiser,GER,Werder Bremen,de Bundesliga,29 years,29.3,89,3.04,61.0,3.0,11.0,6.0,6.0,2.0,16,0.55,13.0,0.0,1.0,2.0,0.0,0.0,Defender,Midfielder
Noah Weißhaupt,GER,Freiburg,de Bundesliga,21 years,8.4,32,3.8,26.0,0.0,0.0,1.0,5.0,0.0,5,0.59,3.0,0.0,0.0,0.0,2.0,0.0,Defender,Forward
Shon Weissman,ISR,Salernitana,it Serie A,27 years,5.5,3,0.55,2.0,0.0,0.0,0.0,1.0,0.0,0,0.0,0.0,0.0,0.0,0.0,0.0,0.0,Forward,Defender
Shon Weissman,ISR,Granada,es La Liga,27 years,0.9,2,2.2,2.0,0.0,0.0,0.0,0.0,0.0,0,0.0,0.0,0.0,0.0,0.0,0.0,0.0,Forward,
Danny Welbeck,ENG,Brighton,eng Premier League,32 years,18.8,71,3.77,52.0,0.0,3.0,11.0,5.0,0.0,7,0.37,3.0,0.0,0.0,2.0,2.0,0.0,Forward,Midfielder
Timo Werner,GER,Tottenham,eng Premier League,27 years,9.0,34,3.78,25.0,0.0,4.0,4.0,1.0,0.0,7,0.78,7.0,0.0,0.0,0.0,0.0,0.0,Forward,
Timo Werner,GER,RB Leipzig,de Bundesliga,27 years,2.3,8,3.46,7.0,0.0,1.0,0.0,0.0,0.0,1,0.43,0.0,0.0,1.0,0.0,0.0,0.0,Forward,Midfielder
Adam Wharton,ENG,Crystal Palace,eng Premier League,19 years,14.4,37,2.57,30.0,7.0,0.0,0.0,0.0,0.0,5,0.35,5.0,0.0,0.0,0.0,0.0,0.0,Midfielder,
Ethan Wheatley,ENG,Manchester Utd,eng Premier League,17 years,0.2,0,0.0,0.0,0.0,0.0,0.0,0.0,0.0,0,0.0,0.0,0.0,0.0,0.0,0.0,0.0,Forward,
Ben White,ENG,Arsenal,eng Premier League,25 years,33.2,86,2.59,76.0,5.0,1.0,2.0,0.0,2.0,7,0.21,6.0,0.0,0.0,1.0,0.0,0.0,Defender,
Joe White,ENG,Newcastle Utd,eng Premier League,20 years,0.1,0,0.0,0.0,0.0,0.0,0.0,0.0,0.0,0,0.0,0.0,0.0,0.0,0.0,0.0,0.0,Midfielder,
Silvan Widmer,SUI,Mainz 05,de Bundesliga,30 years,13.8,30,2.17,24.0,3.0,0.0,3.0,0.0,0.0,3,0.22,3.0,0.0,0.0,0.0,0.0,0.0,Defender,
Mateusz Wieteska,POL,Cagliari,it Serie A,26 years,10.7,9,0.84,8.0,0.0,0.0,0.0,0.0,1.0,1,0.09,1.0,0.0,0.0,0.0,0.0,0.0,Defender,
Mateusz Wieteska,POL,Clermont Foot,fr Ligue 1,26 years,1.9,1,0.51,1.0,0.0,0.0,0.0,0.0,0.0,0,0.0,0.0,0.0,0.0,0.0,0.0,0.0,Defender,
Iñaki Williams,GHA,Athletic Club,es La Liga,29 years,31.6,104,3.29,77.0,0.0,12.0,5.0,8.0,2.0,9,0.28,7.0,0.0,1.0,0.0,1.0,0.0,Forward,
Neco Williams,WAL,Nottingham Forest,eng Premier League,22 years,18.2,31,1.7,23.0,1.0,1.0,4.0,1.0,1.0,4,0.22,3.0,0.0,1.0,0.0,0.0,0.0,Defender,
Nico Williams,ESP,Athletic Club,es La Liga,21 years,25.1,121,4.81,72.0,18.0,19.0,6.0,6.0,0.0,24,0.95,15.0,2.0,4.0,1.0,2.0,0.0,Forward,
Willian,BRA,Fulham,eng Premier League,34 years,22.8,111,4.87,81.0,15.0,4.0,9.0,2.0,0.0,10,0.44,10.0,0.0,0.0,0.0,0.0,0.0,Forward,
Joe Willock,ENG,Newcastle Utd,eng Premier League,23 years,4.7,13,2.8,11.0,0.0,0.0,2.0,0.0,0.0,1,0.22,1.0,0.0,0.0,0.0,0.0,0.0,Midfielder,
Callum Wilson,ENG,Newcastle Utd,eng Premier League,31 years,11.0,22,2.0,12.0,0.0,4.0,5.0,1.0,0.0,4,0.36,2.0,0.0,1.0,1.0,0.0,0.0,Forward,
Harry Wilson,WAL,Fulham,eng Premier League,26 years,18.0,65,3.61,42.0,4.0,5.0,4.0,8.0,2.0,10,0.56,9.0,0.0,0.0,0.0,1.0,0.0,Forward,
Josh Wilson-Esbrand,ENG,Reims,fr Ligue 1,20 years,5.1,9,1.76,9.0,0.0,0.0,0.0,0.0,0.0,2,0.39,2.0,0.0,0.0,0.0,0.0,0.0,Defender,Midfielder
Patrick Wimmer,AUT,Wolfsburg,de Bundesliga,22 years,6.5,16,2.44,7.0,0.0,2.0,2.0,5.0,0.0,1,0.15,0.0,0.0,0.0,0.0,1.0,0.0,Forward,Midfielder
Jonas Wind,DEN,Wolfsburg,de Bundesliga,24 years,29.5,76,2.58,60.0,1.0,1.0,9.0,4.0,1.0,14,0.48,10.0,0.0,1.0,3.0,0.0,0.0,Forward,
Florian Wirtz,GER,Leverkusen,de Bundesliga,20 years,26.4,166,6.3,128.0,8.0,15.0,4.0,9.0,2.0,24,0.91,18.0,2.0,4.0,0.0,0.0,0.0,Midfielder,
Yoane Wissa,COD,Brentford,eng Premier League,26 years,27.7,64,2.31,43.0,1.0,4.0,7.0,7.0,2.0,10,0.36,6.0,0.0,1.0,1.0,2.0,0.0,Forward,
Axel Witsel,BEL,Atlético Madrid,es La Liga,34 years,30.9,16,0.52,12.0,1.0,0.0,2.0,0.0,1.0,1,0.03,1.0,0.0,0.0,0.0,0.0,0.0,Defender,
Maximilian Wittek,GER,Bochum,de Bundesliga,27 years,11.9,48,4.04,23.0,12.0,3.0,4.0,4.0,2.0,7,0.59,1.0,0.0,2.0,1.0,2.0,1.0,Defender,Forward
Maximilian Wöber,AUT,Gladbach,de Bundesliga,25 years,23.0,32,1.4,23.0,2.0,0.0,5.0,0.0,2.0,7,0.31,4.0,1.0,0.0,2.0,0.0,0.0,Defender,
Marius Wolf,GER,Dortmund,de Bundesliga,28 years,13.0,36,2.78,31.0,1.0,3.0,1.0,0.0,0.0,3,0.23,3.0,0.0,0.0,0.0,0.0,0.0,Defender,
Nick Woltemade,GER,Werder Bremen,de Bundesliga,21 years,13.2,53,4.03,44.0,0.0,2.0,2.0,4.0,1.0,2,0.15,2.0,0.0,0.0,0.0,0.0,0.0,Forward,Midfielder
Jeong Woo-yeong,KOR,Stuttgart,de Bundesliga,23 years,7.0,20,2.83,18.0,1.0,0.0,1.0,0.0,0.0,3,0.43,2.0,0.0,0.0,1.0,0.0,0.0,Midfielder,Forward
Chris Wood,NZL,Nottingham Forest,eng Premier League,31 years,20.1,44,2.19,33.0,0.0,4.0,7.0,0.0,0.0,4,0.2,1.0,0.0,3.0,0.0,0.0,0.0,Forward,
Cauley Woodrow,ENG,Luton Town,eng Premier League,28 years,4.7,17,3.57,13.0,0.0,1.0,2.0,1.0,0.0,2,0.42,2.0,0.0,0.0,0.0,0.0,0.0,Forward,Midfielder
Christopher Wooh,CMR,Rennes,fr Ligue 1,21 years,15.4,14,0.91,10.0,1.0,0.0,2.0,0.0,1.0,0,0.0,0.0,0.0,0.0,0.0,0.0,0.0,Defender,
Joe Worrall,ENG,Nottingham Forest,eng Premier League,26 years,4.9,3,0.62,2.0,0.0,0.0,1.0,0.0,0.0,1,0.21,1.0,0.0,0.0,0.0,0.0,0.0,Defender,
Xeber,ESP,Alavés,es La Liga,26 years,3.4,11,3.28,10.0,0.0,1.0,0.0,0.0,0.0,1,0.3,1.0,0.0,0.0,0.0,0.0,0.0,Forward,Midfielder
Granit Xhaka,SUI,Leverkusen,de Bundesliga,30 years,31.3,121,3.86,110.0,1.0,2.0,6.0,2.0,0.0,11,0.35,11.0,0.0,0.0,0.0,0.0,0.0,Midfielder,
Antal Yaakobishvili,HUN,Girona,es La Liga,19 years,0.7,1,1.48,1.0,0.0,0.0,0.0,0.0,0.0,0,0.0,0.0,0.0,0.0,0.0,0.0,0.0,Defender,
Lamine Yamal,ESP,Barcelona,es La Liga,16 years,24.5,108,4.41,64.0,5.0,17.0,9.0,8.0,5.0,18,0.74,12.0,0.0,2.0,1.0,2.0,1.0,Forward,
Roman Yaremchuk,UKR,Valencia,es La Liga,27 years,10.3,11,1.07,7.0,1.0,1.0,1.0,1.0,0.0,1,0.1,0.0,0.0,1.0,0.0,0.0,0.0,Forward,
Yehor Yarmoliuk,UKR,Brentford,eng Premier League,19 years,7.6,17,2.22,12.0,0.0,1.0,2.0,2.0,0.0,1,0.13,1.0,0.0,0.0,0.0,0.0,0.0,Midfielder,
Ryan Yates,ENG,Nottingham Forest,eng Premier League,25 years,22.1,30,1.36,22.0,0.0,0.0,5.0,3.0,0.0,4,0.18,3.0,0.0,0.0,1.0,0.0,0.0,Midfielder,
Yusuf Yazıcı,TUR,Lille,fr Ligue 1,26 years,14.6,40,2.74,26.0,7.0,1.0,5.0,0.0,1.0,5,0.34,4.0,1.0,0.0,0.0,0.0,0.0,Midfielder,Forward
Kelvin Yeboah,ITA,Montpellier,fr Ligue 1,23 years,3.1,9,2.93,7.0,0.0,1.0,0.0,1.0,0.0,0,0.0,0.0,0.0,0.0,0.0,0.0,0.0,Forward,
Bertuğ Yıldırım,TUR,Rennes,fr Ligue 1,21 years,5.2,14,2.68,6.0,0.0,2.0,2.0,3.0,1.0,4,0.76,1.0,0.0,0.0,1.0,1.0,1.0,Forward,
Kenan Yıldız,TUR,Juventus,it Serie A,18 years,10.6,39,3.69,26.0,2.0,5.0,2.0,3.0,1.0,4,0.38,0.0,0.0,1.0,1.0,1.0,1.0,Forward,Midfielder
Darlin Yongwa,CMR,Lorient,fr Ligue 1,22 years,12.9,27,2.09,16.0,2.0,4.0,1.0,4.0,0.0,2,0.16,2.0,0.0,0.0,0.0,0.0,0.0,Defender,
Leny Yoro,FRA,Lille,fr Ligue 1,17 years,29.7,15,0.51,9.0,1.0,0.0,3.0,0.0,2.0,3,0.1,1.0,0.0,0.0,2.0,0.0,0.0,Defender,
Ashley Young,ENG,Everton,eng Premier League,38 years,25.3,58,2.29,38.0,10.0,1.0,4.0,3.0,2.0,1,0.04,0.0,0.0,0.0,0.0,1.0,0.0,Defender,Midfielder
Etienne Youte Kinkoue,FRA,Le Havre,fr Ligue 1,21 years,21.6,12,0.56,9.0,2.0,0.0,0.0,0.0,1.0,1,0.05,1.0,0.0,0.0,0.0,0.0,0.0,Defender,
Illia Zabarnyi,UKR,Bournemouth,eng Premier League,20 years,37.0,27,0.73,26.0,0.0,0.0,1.0,0.0,0.0,1,0.03,1.0,0.0,0.0,0.0,0.0,0.0,Defender,
Mattia Zaccagni,ITA,Lazio,it Serie A,28 years,21.7,74,3.4,43.0,13.0,8.0,7.0,3.0,0.0,8,0.37,2.0,1.0,0.0,3.0,2.0,0.0,Forward,Midfielder
Dan-Axel Zagadou,FRA,Stuttgart,de Bundesliga,24 years,16.1,10,0.62,8.0,0.0,1.0,1.0,0.0,0.0,1,0.06,0.0,0.0,0.0,1.0,0.0,0.0,Defender,
Yoram Zague,FRA,Paris S-G,fr Ligue 1,17 years,4.1,7,1.69,7.0,0.0,0.0,0.0,0.0,0.0,0,0.0,0.0,0.0,0.0,0.0,0.0,0.0,Defender,
Warren Zaïre-Emery,FRA,Paris S-G,fr Ligue 1,17 years,21.8,60,2.75,54.0,0.0,5.0,0.0,0.0,1.0,10,0.46,9.0,0.0,1.0,0.0,0.0,0.0,Midfielder,Defender
Denis Zakaria,SUI,Monaco,fr Ligue 1,26 years,23.7,36,1.52,26.0,0.0,3.0,4.0,0.0,3.0,3,0.13,2.0,0.0,1.0,0.0,0.0,0.0,Midfielder,Defender
Arsen Zakharyan,RUS,Real Sociedad,es La Liga,20 years,13.6,58,4.25,27.0,19.0,5.0,5.0,2.0,0.0,4,0.29,2.0,1.0,0.0,1.0,0.0,0.0,Midfielder,Forward
Joseba Zaldúa,ESP,Cádiz,es La Liga,31 years,7.8,11,1.41,9.0,1.0,0.0,0.0,1.0,0.0,1,0.13,1.0,0.0,0.0,0.0,0.0,0.0,Defender,
Nicola Zalewski,POL,Roma,it Serie A,21 years,10.8,37,3.44,23.0,2.0,5.0,3.0,4.0,0.0,3,0.28,2.0,0.0,0.0,1.0,0.0,0.0,Defender,Forward
Andre-Frank Zambo Anguissa,CMR,Napoli,it Serie A,27 years,31.0,89,2.88,84.0,1.0,1.0,2.0,1.0,0.0,4,0.13,4.0,0.0,0.0,0.0,0.0,0.0,Midfielder,
Nicolò Zaniolo,ITA,Aston Villa,eng Premier League,24 years,9.3,30,3.23,20.0,0.0,2.0,6.0,1.0,1.0,3,0.32,3.0,0.0,0.0,0.0,0.0,0.0,Forward,Midfielder
Alessandro Zanoli,ITA,Salernitana,it Serie A,22 years,10.2,24,2.34,20.0,2.0,0.0,1.0,1.0,0.0,2,0.2,2.0,0.0,0.0,0.0,0.0,0.0,Defender,
Alessandro Zanoli,ITA,Napoli,it Serie A,22 years,0.6,0,0.0,0.0,0.0,0.0,0.0,0.0,0.0,0,0.0,0.0,0.0,0.0,0.0,0.0,0.0,Defender,Forward
Duván Zapata,COL,Torino,it Serie A,32 years,32.0,75,2.34,53.0,0.0,8.0,5.0,9.0,0.0,6,0.19,4.0,0.0,1.0,1.0,0.0,0.0,Forward,
Duván Zapata,COL,Atalanta,it Serie A,32 years,1.2,4,3.21,3.0,0.0,1.0,0.0,0.0,0.0,0,0.0,0.0,0.0,0.0,0.0,0.0,0.0,Forward,
Gabriele Zappa,ITA,Cagliari,it Serie A,23 years,28.5,60,2.11,47.0,3.0,1.0,5.0,2.0,2.0,6,0.21,3.0,1.0,0.0,1.0,1.0,0.0,Defender,
Davide Zappacosta,ITA,Atalanta,it Serie A,31 years,20.7,49,2.36,30.0,4.0,4.0,11.0,0.0,0.0,6,0.29,3.0,1.0,0.0,2.0,0.0,0.0,Defender,
Bryan Zaragoza,ESP,Granada,es La Liga,22 years,18.2,69,3.79,33.0,8.0,16.0,4.0,7.0,1.0,5,0.27,2.0,1.0,1.0,0.0,1.0,0.0,Midfielder,Forward
Bryan Zaragoza,ESP,Bayern Munich,de Bundesliga,22 years,2.0,7,3.44,5.0,0.0,2.0,0.0,0.0,0.0,0,0.0,0.0,0.0,0.0,0.0,0.0,0.0,Forward,Midfielder
Anass Zaroury,MAR,Burnley,eng Premier League,22 years,1.7,2,1.18,1.0,1.0,0.0,0.0,0.0,0.0,0,0.0,0.0,0.0,0.0,0.0,0.0,0.0,Forward,Midfielder
Oier Zarraga,ESP,Udinese,it Serie A,24 years,4.5,6,1.34,5.0,1.0,0.0,0.0,0.0,0.0,0,0.0,0.0,0.0,0.0,0.0,0.0,0.0,Midfielder,
Mehdi Zeffane,ALG,Clermont Foot,fr Ligue 1,31 years,13.7,24,1.76,18.0,2.0,0.0,3.0,1.0,0.0,3,0.22,1.0,1.0,0.0,0.0,1.0,0.0,Defender,Midfielder
Jordan Zemura,ZIM,Udinese,it Serie A,23 years,11.5,19,1.65,11.0,3.0,1.0,1.0,2.0,1.0,1,0.09,1.0,0.0,0.0,0.0,0.0,0.0,Defender,
Robin Zentner,GER,Mainz 05,de Bundesliga,28 years,30.0,10,0.33,8.0,1.0,1.0,0.0,0.0,0.0,0,0.0,0.0,0.0,0.0,0.0,0.0,0.0,Goalkeeper,
Alessio Zerbin,ITA,Monza,it Serie A,24 years,7.6,29,3.82,19.0,1.0,2.0,4.0,3.0,0.0,2,0.26,2.0,0.0,0.0,0.0,0.0,0.0,Defender,Forward
Alessio Zerbin,ITA,Napoli,it Serie A,24 years,1.7,5,3.0,4.0,0.0,0.0,0.0,1.0,0.0,1,0.6,0.0,0.0,0.0,0.0,1.0,0.0,Forward,Defender
Kevin Zeroli,ITA,Milan,it Serie A,18 years,0.3,0,0.0,0.0,0.0,0.0,0.0,0.0,0.0,0,0.0,0.0,0.0,0.0,0.0,0.0,0.0,Midfielder,
Cedric Zesiger,SUI,Wolfsburg,de Bundesliga,25 years,18.2,14,0.77,11.0,1.0,0.0,2.0,0.0,0.0,2,0.11,2.0,0.0,0.0,0.0,0.0,0.0,Defender,
Michael Zetterer,GER,Werder Bremen,de Bundesliga,28 years,27.0,6,0.22,6.0,0.0,0.0,0.0,0.0,0.0,0,0.0,0.0,0.0,0.0,0.0,0.0,0.0,Goalkeeper,
Nathan Zeze,FRA,Nantes,fr Ligue 1,18 years,11.4,1,0.09,0.0,0.0,0.0,1.0,0.0,0.0,0,0.0,0.0,0.0,0.0,0.0,0.0,0.0,Defender,
Edon Zhegrova,KVX,Lille,fr Ligue 1,24 years,25.4,123,4.84,63.0,20.0,25.0,10.0,5.0,0.0,15,0.59,9.0,1.0,5.0,0.0,0.0,0.0,Forward,
Piotr Zieliński,POL,Napoli,it Serie A,29 years,21.4,91,4.26,60.0,21.0,4.0,5.0,1.0,0.0,8,0.37,4.0,1.0,0.0,2.0,1.0,0.0,Midfielder,
David Zima,CZE,Torino,it Serie A,22 years,1.0,1,0.99,0.0,0.0,0.0,0.0,1.0,0.0,0,0.0,0.0,0.0,0.0,0.0,0.0,0.0,Defender,
Christoph Zimmermann,GER,Darmstadt 98,de Bundesliga,30 years,13.6,9,0.67,8.0,0.0,0.0,0.0,1.0,0.0,0,0.0,0.0,0.0,0.0,0.0,0.0,0.0,Defender,
Oleksandr Zinchenko,UKR,Arsenal,eng Premier League,26 years,19.1,67,3.5,64.0,1.0,1.0,1.0,0.0,0.0,6,0.31,5.0,1.0,0.0,0.0,0.0,0.0,Defender,
Joshua Zirkzee,NED,Bologna,it Serie A,22 years,30.7,97,3.17,70.0,0.0,16.0,9.0,2.0,0.0,10,0.33,6.0,0.0,2.0,2.0,0.0,0.0,Forward,
Luc Zogbé,CIV,Brest,fr Ligue 1,18 years,0.1,0,0.0,0.0,0.0,0.0,0.0,0.0,0.0,0,0.0,0.0,0.0,0.0,0.0,0.0,0.0,Defender,
Simon Zoller,GER,Bochum,de Bundesliga,32 years,0.5,0,0.0,0.0,0.0,0.0,0.0,0.0,0.0,0,0.0,0.0,0.0,0.0,0.0,0.0,0.0,Forward,Midfielder
Nadir Zortea,ITA,Frosinone,it Serie A,24 years,14.0,41,2.93,31.0,5.0,2.0,2.0,0.0,1.0,7,0.5,6.0,0.0,1.0,0.0,0.0,0.0,Defender,
Nadir Zortea,ITA,Atalanta,it Serie A,24 years,1.7,10,6.04,6.0,1.0,1.0,1.0,1.0,0.0,2,1.21,2.0,0.0,0.0,0.0,0.0,0.0,Defender,
Kurt Zouma,FRA,West Ham,eng Premier League,28 years,31.5,13,0.41,11.0,0.0,0.0,1.0,1.0,0.0,2,0.06,2.0,0.0,0.0,0.0,0.0,0.0,Defender,
Igor Zubeldia,ESP,Real Sociedad,es La Liga,26 years,28.0,18,0.64,16.0,0.0,0.0,1.0,0.0,1.0,3,0.11,3.0,0.0,0.0,0.0,0.0,0.0,Defender,
Martín Zubimendi,ESP,Real Sociedad,es La Liga,24 years,29.5,55,1.87,47.0,0.0,3.0,4.0,0.0,1.0,4,0.14,4.0,0.0,0.0,0.0,0.0,0.0,Midfielder,
Szymon Żurkowski,POL,Empoli,it Serie A,25 years,9.6,17,1.76,10.0,0.0,1.0,1.0,4.0,1.0,1,0.1,1.0,0.0,0.0,0.0,0.0,0.0,Midfielder,
Lovro Zvonarek,CRO,Bayern Munich,de Bundesliga,18 years,1.8,3,1.66,3.0,0.0,0.0,0.0,0.0,0.0,1,0.55,1.0,0.0,0.0,0.0,0.0,0.0,Forward,Midfielder
Martin Ødegaard,NOR,Arsenal,eng Premier League,24 years,34.3,220,6.41,178.0,17.0,8.0,10.0,6.0,1.0,23,0.67,18.0,2.0,0.0,2.0,1.0,0.0,Midfielder,
Milan Đurić,BIH,Hellas Verona,it Serie A,33 years,13.4,33,2.47,25.0,0.0,0.0,5.0,2.0,1.0,4,0.3,1.0,0.0,0.0,0.0,2.0,1.0,Forward,
Milan Đurić,BIH,Monza,it Serie A,33 years,14.0,13,0.93,8.0,0.0,0.0,5.0,0.0,0.0,1,0.07,1.0,0.0,0.0,0.0,0.0,0.0,Forward,
Mateusz Łęgowski,POL,Salernitana,it Serie A,20 years,12.7,18,1.41,15.0,0.0,0.0,1.0,1.0,1.0,0,0.0,0.0,0.0,0.0,0.0,0.0,0.0,Midfielder,
